STATBL_ID,DTACYCLE_CD,WRTTIME_IDTFR_ID,GRP_ID,GRP_NM,CLS_ID,CLS_NM,ITM_ID,ITM_NM,DTA_VAL,UI_NM,GRP_FULLNM,CLS_FULLNM,ITM_FULLNM,WRTTIME_DESC,YEAR,MONTH,DATE
A_2024_00080,MM,201801,,,500005,5대광역시,100001,지수,104.668343787937,지수,,5대광역시,지수,2018년 1월,2018,1,2018-01-01
A_2024_00080,MM,201801,,,500004,6대광역시,100001,지수,103.382543769286,지수,,6대광역시,지수,2018년 1월,2018,1,2018-01-01
A_2024_00080,MM,201801,,,500007,8개도,100001,지수,111.138933260322,지수,,8개도,지수,2018년 1월,2018,1,2018-01-01
A_2024_00080,MM,201801,,,500006,9개도,100001,지수,102.47593557079,지수,,9개도,지수,2018년 1월,2018,1,2018-01-01
A_2024_00080,MM,201801,,,510010,강남지역,100001,지수,90.1746990477321,지수,,서울>강남지역,지수,2018년 1월,2018,1,2018-01-01
A_2024_00080,MM,201801,,,510009,강북지역,100001,지수,88.7912005562366,지수,,서울>강북지역,지수,2018년 1월,2018,1,2018-01-01
A_2024_00080,MM,201801,,,500017,강원,100001,지수,104.206372064173,지수,,강원,지수,2018년 1월,2018,1,2018-01-01
A_2024_00080,MM,201801,,,500009,경기,100001,지수,98.3253511853927,지수,,경기,지수,2018년 1월,2018,1,2018-01-01
A_2024_00080,MM,201801,,,500023,경남,100001,지수,120.091800882242,지수,,경남,지수,2018년 1월,2018,1,2018-01-01
A_2024_00080,MM,201801,,,510012,경부1권,100001,지수,90.5336285879143,지수,,경기>경부1권,지수,2018년 1월,2018,1,2018-01-01
A_2024_00080,MM,201801,,,510013,경부2권,100001,지수,98.7991941497706,지수,,경기>경부2권,지수,2018년 1월,2018,1,2018-01-01
A_2024_00080,MM,201801,,,500022,경북,100001,지수,108.961552860687,지수,,경북,지수,2018년 1월,2018,1,2018-01-01
A_2024_00080,MM,201801,,,510018,경원권,100001,지수,108.539767532662,지수,,경기>경원권,지수,2018년 1월,2018,1,2018-01-01
A_2024_00080,MM,201801,,,510017,경의권,100001,지수,104.068225404575,지수,,경기>경의권,지수,2018년 1월,2018,1,2018-01-01
A_2024_00080,MM,201801,,,500013,광주,100001,지수,100.990352059859,지수,,전남광주>광주,지수,2018년 1월,2018,1,2018-01-01
A_2024_00080,MM,201801,,,500012,대구,100001,지수,105.141068025769,지수,,대구,지수,2018년 1월,2018,1,2018-01-01
A_2024_00080,MM,201801,,,500014,대전,100001,지수,91.5170234461344,지수,,대전,지수,2018년 1월,2018,1,2018-01-01
A_2024_00080,MM,201801,,,520010,도심권,100001,지수,85.8231948281792,지수,,서울>강북지역>도심권,지수,2018년 1월,2018,1,2018-01-01
A_2024_00080,MM,201801,,,520015,동남권,100001,지수,84.9528048277656,지수,,서울>강남지역>동남권,지수,2018년 1월,2018,1,2018-01-01
A_2024_00080,MM,201801,,,510015,동부1권,100001,지수,98.1216694344258,지수,,경기>동부1권,지수,2018년 1월,2018,1,2018-01-01
A_2024_00080,MM,201801,,,510016,동부2권,100001,지수,107.566022569851,지수,,경기>동부2권,지수,2018년 1월,2018,1,2018-01-01
A_2024_00080,MM,201801,,,510022,동부산권,100001,지수,107.639097898726,지수,,부산>동부산권,지수,2018년 1월,2018,1,2018-01-01
A_2024_00080,MM,201801,,,520011,동북권,100001,지수,90.9021352409904,지수,,서울>강북지역>동북권,지수,2018년 1월,2018,1,2018-01-01
A_2024_00080,MM,201801,,,500011,부산,100001,지수,106.598672943236,지수,,부산,지수,2018년 1월,2018,1,2018-01-01
A_2024_00080,MM,201801,,,520014,서남권,100001,지수,93.7143655193243,지수,,서울>강남지역>서남권,지수,2018년 1월,2018,1,2018-01-01
A_2024_00080,MM,201801,,,510023,서부산권,100001,지수,107.635718111722,지수,,부산>서부산권,지수,2018년 1월,2018,1,2018-01-01
A_2024_00080,MM,201801,,,520012,서북권,100001,지수,86.5098189529816,지수,,서울>강북지역>서북권,지수,2018년 1월,2018,1,2018-01-01
A_2024_00080,MM,201801,,,500008,서울,100001,지수,89.4962368530683,지수,,서울,지수,2018년 1월,2018,1,2018-01-01
A_2024_00080,MM,201801,,,510014,서해안권,100001,지수,96.9535651280208,지수,,경기>서해안권,지수,2018년 1월,2018,1,2018-01-01
A_2024_00080,MM,201801,,,500016,세종,100001,지수,103.539385486641,지수,,세종,지수,2018년 1월,2018,1,2018-01-01
A_2024_00080,MM,201801,,,500002,수도권,100001,지수,94.5850157014927,지수,,수도권,지수,2018년 1월,2018,1,2018-01-01
A_2024_00080,MM,201801,,,500015,울산,100001,지수,114.056535470403,지수,,울산,지수,2018년 1월,2018,1,2018-01-01
A_2024_00080,MM,201801,,,500010,인천,100001,지수,101.667290473437,지수,,인천,지수,2018년 1월,2018,1,2018-01-01
A_2024_00080,MM,201801,,,500001,전국,100001,지수,98.1737497515679,지수,,전국,지수,2018년 1월,2018,1,2018-01-01
A_2024_00080,MM,201801,,,500021,전남,100001,지수,102.713666099443,지수,,전남광주>전남,지수,2018년 1월,2018,1,2018-01-01
A_2024_00080,MM,201801,,,500020,전북,100001,지수,109.696940618658,지수,,전북,지수,2018년 1월,2018,1,2018-01-01
A_2024_00080,MM,201801,,,500024,제주,100001,지수,111.738372885261,지수,,제주,지수,2018년 1월,2018,1,2018-01-01
A_2024_00080,MM,201801,,,510021,중부산권,100001,지수,105.678732082784,지수,,부산>중부산권,지수,2018년 1월,2018,1,2018-01-01
A_2024_00080,MM,201801,,,500003,지방권,100001,지수,107.928319139223,지수,,지방권,지수,2018년 1월,2018,1,2018-01-01
A_2024_00080,MM,201801,,,500019,충남,100001,지수,115.217681721237,지수,,충남,지수,2018년 1월,2018,1,2018-01-01
A_2024_00080,MM,201801,,,500018,충북,100001,지수,105.943027660454,지수,,충북,지수,2018년 1월,2018,1,2018-01-01
A_2024_00080,MM,201802,,,500005,5대광역시,100001,지수,104.659706604907,지수,,5대광역시,지수,2018년 2월,2018,2,2018-02-01
A_2024_00080,MM,201802,,,500004,6대광역시,100001,지수,103.393759277837,지수,,6대광역시,지수,2018년 2월,2018,2,2018-02-01
A_2024_00080,MM,201802,,,500007,8개도,100001,지수,111.02033751835,지수,,8개도,지수,2018년 2월,2018,2,2018-02-01
A_2024_00080,MM,201802,,,500006,9개도,100001,지수,102.51608479034,지수,,9개도,지수,2018년 2월,2018,2,2018-02-01
A_2024_00080,MM,201802,,,510010,강남지역,100001,지수,90.5548656291218,지수,,서울>강남지역,지수,2018년 2월,2018,2,2018-02-01
A_2024_00080,MM,201802,,,510009,강북지역,100001,지수,89.1077955463574,지수,,서울>강북지역,지수,2018년 2월,2018,2,2018-02-01
A_2024_00080,MM,201802,,,500017,강원,100001,지수,104.32526667213,지수,,강원,지수,2018년 2월,2018,2,2018-02-01
A_2024_00080,MM,201802,,,500009,경기,100001,지수,98.438955465963,지수,,경기,지수,2018년 2월,2018,2,2018-02-01
A_2024_00080,MM,201802,,,500023,경남,100001,지수,119.728031801308,지수,,경남,지수,2018년 2월,2018,2,2018-02-01
A_2024_00080,MM,201802,,,510012,경부1권,100001,지수,90.8402361114143,지수,,경기>경부1권,지수,2018년 2월,2018,2,2018-02-01
A_2024_00080,MM,201802,,,510013,경부2권,100001,지수,98.8080435040286,지수,,경기>경부2권,지수,2018년 2월,2018,2,2018-02-01
A_2024_00080,MM,201802,,,500022,경북,100001,지수,108.826311636562,지수,,경북,지수,2018년 2월,2018,2,2018-02-01
A_2024_00080,MM,201802,,,510018,경원권,100001,지수,108.598872623753,지수,,경기>경원권,지수,2018년 2월,2018,2,2018-02-01
A_2024_00080,MM,201802,,,510017,경의권,100001,지수,104.145817812006,지수,,경기>경의권,지수,2018년 2월,2018,2,2018-02-01
A_2024_00080,MM,201802,,,500013,광주,100001,지수,101.135917033875,지수,,전남광주>광주,지수,2018년 2월,2018,2,2018-02-01
A_2024_00080,MM,201802,,,500012,대구,100001,지수,105.187612193095,지수,,대구,지수,2018년 2월,2018,2,2018-02-01
A_2024_00080,MM,201802,,,500014,대전,100001,지수,91.5700849982658,지수,,대전,지수,2018년 2월,2018,2,2018-02-01
A_2024_00080,MM,201802,,,520010,도심권,100001,지수,86.3084143543318,지수,,서울>강북지역>도심권,지수,2018년 2월,2018,2,2018-02-01
A_2024_00080,MM,201802,,,520015,동남권,100001,지수,85.506877649512,지수,,서울>강남지역>동남권,지수,2018년 2월,2018,2,2018-02-01
A_2024_00080,MM,201802,,,510015,동부1권,100001,지수,98.1114308162873,지수,,경기>동부1권,지수,2018년 2월,2018,2,2018-02-01
A_2024_00080,MM,201802,,,510016,동부2권,100001,지수,107.594589263826,지수,,경기>동부2권,지수,2018년 2월,2018,2,2018-02-01
A_2024_00080,MM,201802,,,510022,동부산권,100001,지수,107.60239951931,지수,,부산>동부산권,지수,2018년 2월,2018,2,2018-02-01
A_2024_00080,MM,201802,,,520011,동북권,100001,지수,91.0503665395603,지수,,서울>강북지역>동북권,지수,2018년 2월,2018,2,2018-02-01
A_2024_00080,MM,201802,,,500011,부산,100001,지수,106.558086146092,지수,,부산,지수,2018년 2월,2018,2,2018-02-01
A_2024_00080,MM,201802,,,520014,서남권,100001,지수,93.9694712613715,지수,,서울>강남지역>서남권,지수,2018년 2월,2018,2,2018-02-01
A_2024_00080,MM,201802,,,510023,서부산권,100001,지수,107.604727879311,지수,,부산>서부산권,지수,2018년 2월,2018,2,2018-02-01
A_2024_00080,MM,201802,,,520012,서북권,100001,지수,87.0129621072731,지수,,서울>강북지역>서북권,지수,2018년 2월,2018,2,2018-02-01
A_2024_00080,MM,201802,,,500008,서울,100001,지수,89.8450606414756,지수,,서울,지수,2018년 2월,2018,2,2018-02-01
A_2024_00080,MM,201802,,,510014,서해안권,100001,지수,97.0891515109254,지수,,경기>서해안권,지수,2018년 2월,2018,2,2018-02-01
A_2024_00080,MM,201802,,,500016,세종,100001,지수,103.503676074668,지수,,세종,지수,2018년 2월,2018,2,2018-02-01
A_2024_00080,MM,201802,,,500002,수도권,100001,지수,94.8023343401244,지수,,수도권,지수,2018년 2월,2018,2,2018-02-01
A_2024_00080,MM,201802,,,500015,울산,100001,지수,113.935135343945,지수,,울산,지수,2018년 2월,2018,2,2018-02-01
A_2024_00080,MM,201802,,,500010,인천,100001,지수,101.704619655969,지수,,인천,지수,2018년 2월,2018,2,2018-02-01
A_2024_00080,MM,201802,,,500001,전국,100001,지수,98.3175632539094,지수,,전국,지수,2018년 2월,2018,2,2018-02-01
A_2024_00080,MM,201802,,,500021,전남,100001,지수,102.767848890293,지수,,전남광주>전남,지수,2018년 2월,2018,2,2018-02-01
A_2024_00080,MM,201802,,,500020,전북,100001,지수,109.676044244734,지수,,전북,지수,2018년 2월,2018,2,2018-02-01
A_2024_00080,MM,201802,,,500024,제주,100001,지수,111.727323439882,지수,,제주,지수,2018년 2월,2018,2,2018-02-01
A_2024_00080,MM,201802,,,510021,중부산권,100001,지수,105.632425689269,지수,,부산>중부산권,지수,2018년 2월,2018,2,2018-02-01
A_2024_00080,MM,201802,,,500003,지방권,100001,지수,107.865164454402,지수,,지방권,지수,2018년 2월,2018,2,2018-02-01
A_2024_00080,MM,201802,,,500019,충남,100001,지수,115.030630567408,지수,,충남,지수,2018년 2월,2018,2,2018-02-01
A_2024_00080,MM,201802,,,500018,충북,100001,지수,105.787114572942,지수,,충북,지수,2018년 2월,2018,2,2018-02-01
A_2024_00080,MM,201803,,,500005,5대광역시,100001,지수,104.634992043657,지수,,5대광역시,지수,2018년 3월,2018,3,2018-03-01
A_2024_00080,MM,201803,,,500004,6대광역시,100001,지수,103.410028013496,지수,,6대광역시,지수,2018년 3월,2018,3,2018-03-01
A_2024_00080,MM,201803,,,500007,8개도,100001,지수,110.785267023192,지수,,8개도,지수,2018년 3월,2018,3,2018-03-01
A_2024_00080,MM,201803,,,500006,9개도,100001,지수,102.488522673266,지수,,9개도,지수,2018년 3월,2018,3,2018-03-01
A_2024_00080,MM,201803,,,510010,강남지역,100001,지수,90.7428767043942,지수,,서울>강남지역,지수,2018년 3월,2018,3,2018-03-01
A_2024_00080,MM,201803,,,510009,강북지역,100001,지수,89.3590488438762,지수,,서울>강북지역,지수,2018년 3월,2018,3,2018-03-01
A_2024_00080,MM,201803,,,500017,강원,100001,지수,104.400882385475,지수,,강원,지수,2018년 3월,2018,3,2018-03-01
A_2024_00080,MM,201803,,,500009,경기,100001,지수,98.5077608142965,지수,,경기,지수,2018년 3월,2018,3,2018-03-01
A_2024_00080,MM,201803,,,500023,경남,100001,지수,119.06913470813,지수,,경남,지수,2018년 3월,2018,3,2018-03-01
A_2024_00080,MM,201803,,,510012,경부1권,100001,지수,91.0883215143945,지수,,경기>경부1권,지수,2018년 3월,2018,3,2018-03-01
A_2024_00080,MM,201803,,,510013,경부2권,100001,지수,98.7783155548346,지수,,경기>경부2권,지수,2018년 3월,2018,3,2018-03-01
A_2024_00080,MM,201803,,,500022,경북,100001,지수,108.699250087794,지수,,경북,지수,2018년 3월,2018,3,2018-03-01
A_2024_00080,MM,201803,,,510018,경원권,100001,지수,108.402247890295,지수,,경기>경원권,지수,2018년 3월,2018,3,2018-03-01
A_2024_00080,MM,201803,,,510017,경의권,100001,지수,104.204404436882,지수,,경기>경의권,지수,2018년 3월,2018,3,2018-03-01
A_2024_00080,MM,201803,,,500013,광주,100001,지수,101.329172221355,지수,,전남광주>광주,지수,2018년 3월,2018,3,2018-03-01
A_2024_00080,MM,201803,,,500012,대구,100001,지수,105.258301943917,지수,,대구,지수,2018년 3월,2018,3,2018-03-01
A_2024_00080,MM,201803,,,500014,대전,100001,지수,91.5738219016735,지수,,대전,지수,2018년 3월,2018,3,2018-03-01
A_2024_00080,MM,201803,,,520010,도심권,100001,지수,86.6820895222597,지수,,서울>강북지역>도심권,지수,2018년 3월,2018,3,2018-03-01
A_2024_00080,MM,201803,,,520015,동남권,100001,지수,85.7816287076296,지수,,서울>강남지역>동남권,지수,2018년 3월,2018,3,2018-03-01
A_2024_00080,MM,201803,,,510015,동부1권,100001,지수,98.0775098571116,지수,,경기>동부1권,지수,2018년 3월,2018,3,2018-03-01
A_2024_00080,MM,201803,,,510016,동부2권,100001,지수,107.552302985077,지수,,경기>동부2권,지수,2018년 3월,2018,3,2018-03-01
A_2024_00080,MM,201803,,,510022,동부산권,100001,지수,107.546709070788,지수,,부산>동부산권,지수,2018년 3월,2018,3,2018-03-01
A_2024_00080,MM,201803,,,520011,동북권,100001,지수,91.1678293234213,지수,,서울>강북지역>동북권,지수,2018년 3월,2018,3,2018-03-01
A_2024_00080,MM,201803,,,500011,부산,100001,지수,106.498214216138,지수,,부산,지수,2018년 3월,2018,3,2018-03-01
A_2024_00080,MM,201803,,,520014,서남권,100001,지수,94.0953046291886,지수,,서울>강남지역>서남권,지수,2018년 3월,2018,3,2018-03-01
A_2024_00080,MM,201803,,,510023,서부산권,100001,지수,107.563765948056,지수,,부산>서부산권,지수,2018년 3월,2018,3,2018-03-01
A_2024_00080,MM,201803,,,520012,서북권,100001,지수,87.4168767709863,지수,,서울>강북지역>서북권,지수,2018년 3월,2018,3,2018-03-01
A_2024_00080,MM,201803,,,500008,서울,100001,지수,90.0642765433336,지수,,서울,지수,2018년 3월,2018,3,2018-03-01
A_2024_00080,MM,201803,,,510014,서해안권,100001,지수,97.2062722996142,지수,,경기>서해안권,지수,2018년 3월,2018,3,2018-03-01
A_2024_00080,MM,201803,,,500016,세종,100001,지수,103.556955176018,지수,,세종,지수,2018년 3월,2018,3,2018-03-01
A_2024_00080,MM,201803,,,500002,수도권,100001,지수,94.9441785243745,지수,,수도권,지수,2018년 3월,2018,3,2018-03-01
A_2024_00080,MM,201803,,,500015,울산,100001,지수,113.751099743763,지수,,울산,지수,2018년 3월,2018,3,2018-03-01
A_2024_00080,MM,201803,,,500010,인천,100001,지수,101.774835539547,지수,,인천,지수,2018년 3월,2018,3,2018-03-01
A_2024_00080,MM,201803,,,500001,전국,100001,지수,98.3883164390028,지수,,전국,지수,2018년 3월,2018,3,2018-03-01
A_2024_00080,MM,201803,,,500021,전남,100001,지수,102.693340867887,지수,,전남광주>전남,지수,2018년 3월,2018,3,2018-03-01
A_2024_00080,MM,201803,,,500020,전북,100001,지수,109.591684767441,지수,,전북,지수,2018년 3월,2018,3,2018-03-01
A_2024_00080,MM,201803,,,500024,제주,100001,지수,111.548274618691,지수,,제주,지수,2018년 3월,2018,3,2018-03-01
A_2024_00080,MM,201803,,,510021,중부산권,100001,지수,105.563261490867,지수,,부산>중부산권,지수,2018년 3월,2018,3,2018-03-01
A_2024_00080,MM,201803,,,500003,지방권,100001,지수,107.736549461171,지수,,지방권,지수,2018년 3월,2018,3,2018-03-01
A_2024_00080,MM,201803,,,500019,충남,100001,지수,114.713474827935,지수,,충남,지수,2018년 3월,2018,3,2018-03-01
A_2024_00080,MM,201803,,,500018,충북,100001,지수,105.525306357751,지수,,충북,지수,2018년 3월,2018,3,2018-03-01
A_2024_00080,MM,201804,,,500005,5대광역시,100001,지수,104.547772069992,지수,,5대광역시,지수,2018년 4월,2018,4,2018-04-01
A_2024_00080,MM,201804,,,500004,6대광역시,100001,지수,103.391381476041,지수,,6대광역시,지수,2018년 4월,2018,4,2018-04-01
A_2024_00080,MM,201804,,,500007,8개도,100001,지수,110.597699311717,지수,,8개도,지수,2018년 4월,2018,4,2018-04-01
A_2024_00080,MM,201804,,,500006,9개도,100001,지수,102.463349873899,지수,,9개도,지수,2018년 4월,2018,4,2018-04-01
A_2024_00080,MM,201804,,,510010,강남지역,100001,지수,90.8859120912742,지수,,서울>강남지역,지수,2018년 4월,2018,4,2018-04-01
A_2024_00080,MM,201804,,,510009,강북지역,100001,지수,89.5429431633565,지수,,서울>강북지역,지수,2018년 4월,2018,4,2018-04-01
A_2024_00080,MM,201804,,,500017,강원,100001,지수,104.351592554101,지수,,강원,지수,2018년 4월,2018,4,2018-04-01
A_2024_00080,MM,201804,,,500009,경기,100001,지수,98.5581964671102,지수,,경기,지수,2018년 4월,2018,4,2018-04-01
A_2024_00080,MM,201804,,,500023,경남,100001,지수,118.514876709528,지수,,경남,지수,2018년 4월,2018,4,2018-04-01
A_2024_00080,MM,201804,,,510012,경부1권,100001,지수,91.1985976298511,지수,,경기>경부1권,지수,2018년 4월,2018,4,2018-04-01
A_2024_00080,MM,201804,,,510013,경부2권,100001,지수,98.8395137713693,지수,,경기>경부2권,지수,2018년 4월,2018,4,2018-04-01
A_2024_00080,MM,201804,,,500022,경북,100001,지수,108.587556150537,지수,,경북,지수,2018년 4월,2018,4,2018-04-01
A_2024_00080,MM,201804,,,510018,경원권,100001,지수,108.281531291063,지수,,경기>경원권,지수,2018년 4월,2018,4,2018-04-01
A_2024_00080,MM,201804,,,510017,경의권,100001,지수,104.230349361027,지수,,경기>경의권,지수,2018년 4월,2018,4,2018-04-01
A_2024_00080,MM,201804,,,500013,광주,100001,지수,101.451746453041,지수,,전남광주>광주,지수,2018년 4월,2018,4,2018-04-01
A_2024_00080,MM,201804,,,500012,대구,100001,지수,105.321564067599,지수,,대구,지수,2018년 4월,2018,4,2018-04-01
A_2024_00080,MM,201804,,,500014,대전,100001,지수,91.6059868887108,지수,,대전,지수,2018년 4월,2018,4,2018-04-01
A_2024_00080,MM,201804,,,520010,도심권,100001,지수,86.9009638369309,지수,,서울>강북지역>도심권,지수,2018년 4월,2018,4,2018-04-01
A_2024_00080,MM,201804,,,520015,동남권,100001,지수,85.9429137009202,지수,,서울>강남지역>동남권,지수,2018년 4월,2018,4,2018-04-01
A_2024_00080,MM,201804,,,510015,동부1권,100001,지수,98.0885901734932,지수,,경기>동부1권,지수,2018년 4월,2018,4,2018-04-01
A_2024_00080,MM,201804,,,510016,동부2권,100001,지수,107.51123271244,지수,,경기>동부2권,지수,2018년 4월,2018,4,2018-04-01
A_2024_00080,MM,201804,,,510022,동부산권,100001,지수,107.474043044406,지수,,부산>동부산권,지수,2018년 4월,2018,4,2018-04-01
A_2024_00080,MM,201804,,,520011,동북권,100001,지수,91.2655772918801,지수,,서울>강북지역>동북권,지수,2018년 4월,2018,4,2018-04-01
A_2024_00080,MM,201804,,,500011,부산,100001,지수,106.333620247379,지수,,부산,지수,2018년 4월,2018,4,2018-04-01
A_2024_00080,MM,201804,,,520014,서남권,100001,지수,94.2250722524411,지수,,서울>강남지역>서남권,지수,2018년 4월,2018,4,2018-04-01
A_2024_00080,MM,201804,,,510023,서부산권,100001,지수,107.526679375884,지수,,부산>서부산권,지수,2018년 4월,2018,4,2018-04-01
A_2024_00080,MM,201804,,,520012,서북권,100001,지수,87.7133188666492,지수,,서울>강북지역>서북권,지수,2018년 4월,2018,4,2018-04-01
A_2024_00080,MM,201804,,,500008,서울,100001,지수,90.2274667779133,지수,,서울,지수,2018년 4월,2018,4,2018-04-01
A_2024_00080,MM,201804,,,510014,서해안권,100001,지수,97.2803968705826,지수,,경기>서해안권,지수,2018년 4월,2018,4,2018-04-01
A_2024_00080,MM,201804,,,500016,세종,100001,지수,103.591616694993,지수,,세종,지수,2018년 4월,2018,4,2018-04-01
A_2024_00080,MM,201804,,,500002,수도권,100001,지수,95.05207691966,지수,,수도권,지수,2018년 4월,2018,4,2018-04-01
A_2024_00080,MM,201804,,,500015,울산,100001,지수,113.502452280455,지수,,울산,지수,2018년 4월,2018,4,2018-04-01
A_2024_00080,MM,201804,,,500010,인천,100001,지수,101.846574617602,지수,,인천,지수,2018년 4월,2018,4,2018-04-01
A_2024_00080,MM,201804,,,500001,전국,100001,지수,98.4318202688378,지수,,전국,지수,2018년 4월,2018,4,2018-04-01
A_2024_00080,MM,201804,,,500021,전남,100001,지수,102.660732398314,지수,,전남광주>전남,지수,2018년 4월,2018,4,2018-04-01
A_2024_00080,MM,201804,,,500020,전북,100001,지수,109.495232305556,지수,,전북,지수,2018년 4월,2018,4,2018-04-01
A_2024_00080,MM,201804,,,500024,제주,100001,지수,111.404686037587,지수,,제주,지수,2018년 4월,2018,4,2018-04-01
A_2024_00080,MM,201804,,,510021,중부산권,100001,지수,105.300202134489,지수,,부산>중부산권,지수,2018년 4월,2018,4,2018-04-01
A_2024_00080,MM,201804,,,500003,지방권,100001,지수,107.599996999901,지수,,지방권,지수,2018년 4월,2018,4,2018-04-01
A_2024_00080,MM,201804,,,500019,충남,100001,지수,114.542365840452,지수,,충남,지수,2018년 4월,2018,4,2018-04-01
A_2024_00080,MM,201804,,,500018,충북,100001,지수,105.364502824581,지수,,충북,지수,2018년 4월,2018,4,2018-04-01
A_2024_00080,MM,201805,,,500005,5대광역시,100001,지수,104.442913967054,지수,,5대광역시,지수,2018년 5월,2018,5,2018-05-01
A_2024_00080,MM,201805,,,500004,6대광역시,100001,지수,103.316326921465,지수,,6대광역시,지수,2018년 5월,2018,5,2018-05-01
A_2024_00080,MM,201805,,,500007,8개도,100001,지수,110.311050469126,지수,,8개도,지수,2018년 5월,2018,5,2018-05-01
A_2024_00080,MM,201805,,,500006,9개도,100001,지수,102.372216578183,지수,,9개도,지수,2018년 5월,2018,5,2018-05-01
A_2024_00080,MM,201805,,,510010,강남지역,100001,지수,90.9608045921841,지수,,서울>강남지역,지수,2018년 5월,2018,5,2018-05-01
A_2024_00080,MM,201805,,,510009,강북지역,100001,지수,89.6927601490758,지수,,서울>강북지역,지수,2018년 5월,2018,5,2018-05-01
A_2024_00080,MM,201805,,,500017,강원,100001,지수,104.143645898378,지수,,강원,지수,2018년 5월,2018,5,2018-05-01
A_2024_00080,MM,201805,,,500009,경기,100001,지수,98.5583736393619,지수,,경기,지수,2018년 5월,2018,5,2018-05-01
A_2024_00080,MM,201805,,,500023,경남,100001,지수,117.902100137837,지수,,경남,지수,2018년 5월,2018,5,2018-05-01
A_2024_00080,MM,201805,,,510012,경부1권,100001,지수,91.3023334912917,지수,,경기>경부1권,지수,2018년 5월,2018,5,2018-05-01
A_2024_00080,MM,201805,,,510013,경부2권,100001,지수,98.7913557127573,지수,,경기>경부2권,지수,2018년 5월,2018,5,2018-05-01
A_2024_00080,MM,201805,,,500022,경북,100001,지수,108.450354935863,지수,,경북,지수,2018년 5월,2018,5,2018-05-01
A_2024_00080,MM,201805,,,510018,경원권,100001,지수,108.185010833942,지수,,경기>경원권,지수,2018년 5월,2018,5,2018-05-01
A_2024_00080,MM,201805,,,510017,경의권,100001,지수,104.182570930203,지수,,경기>경의권,지수,2018년 5월,2018,5,2018-05-01
A_2024_00080,MM,201805,,,500013,광주,100001,지수,101.459342712422,지수,,전남광주>광주,지수,2018년 5월,2018,5,2018-05-01
A_2024_00080,MM,201805,,,500012,대구,100001,지수,105.451863967619,지수,,대구,지수,2018년 5월,2018,5,2018-05-01
A_2024_00080,MM,201805,,,500014,대전,100001,지수,91.578290812045,지수,,대전,지수,2018년 5월,2018,5,2018-05-01
A_2024_00080,MM,201805,,,520010,도심권,100001,지수,87.0757032098882,지수,,서울>강북지역>도심권,지수,2018년 5월,2018,5,2018-05-01
A_2024_00080,MM,201805,,,520015,동남권,100001,지수,85.911752583143,지수,,서울>강남지역>동남권,지수,2018년 5월,2018,5,2018-05-01
A_2024_00080,MM,201805,,,510015,동부1권,100001,지수,98.1177469255354,지수,,경기>동부1권,지수,2018년 5월,2018,5,2018-05-01
A_2024_00080,MM,201805,,,510016,동부2권,100001,지수,107.467340727726,지수,,경기>동부2권,지수,2018년 5월,2018,5,2018-05-01
A_2024_00080,MM,201805,,,510022,동부산권,100001,지수,107.357242389737,지수,,부산>동부산권,지수,2018년 5월,2018,5,2018-05-01
A_2024_00080,MM,201805,,,520011,동북권,100001,지수,91.3174622080742,지수,,서울>강북지역>동북권,지수,2018년 5월,2018,5,2018-05-01
A_2024_00080,MM,201805,,,500011,부산,100001,지수,106.143915734406,지수,,부산,지수,2018년 5월,2018,5,2018-05-01
A_2024_00080,MM,201805,,,520014,서남권,100001,지수,94.3753414748104,지수,,서울>강남지역>서남권,지수,2018년 5월,2018,5,2018-05-01
A_2024_00080,MM,201805,,,510023,서부산권,100001,지수,107.408307188511,지수,,부산>서부산권,지수,2018년 5월,2018,5,2018-05-01
A_2024_00080,MM,201805,,,520012,서북권,100001,지수,87.9962801063112,지수,,서울>강북지역>서북권,지수,2018년 5월,2018,5,2018-05-01
A_2024_00080,MM,201805,,,500008,서울,100001,지수,90.3392973564113,지수,,서울,지수,2018년 5월,2018,5,2018-05-01
A_2024_00080,MM,201805,,,510014,서해안권,100001,지수,97.2756123397791,지수,,경기>서해안권,지수,2018년 5월,2018,5,2018-05-01
A_2024_00080,MM,201805,,,500016,세종,100001,지수,103.68111625119,지수,,세종,지수,2018년 5월,2018,5,2018-05-01
A_2024_00080,MM,201805,,,500002,수도권,100001,지수,95.1013188610081,지수,,수도권,지수,2018년 5월,2018,5,2018-05-01
A_2024_00080,MM,201805,,,500015,울산,100001,지수,113.230419230662,지수,,울산,지수,2018년 5월,2018,5,2018-05-01
A_2024_00080,MM,201805,,,500010,인천,100001,지수,101.810858891966,지수,,인천,지수,2018년 5월,2018,5,2018-05-01
A_2024_00080,MM,201805,,,500001,전국,100001,지수,98.4167397379223,지수,,전국,지수,2018년 5월,2018,5,2018-05-01
A_2024_00080,MM,201805,,,500021,전남,100001,지수,102.576906938112,지수,,전남광주>전남,지수,2018년 5월,2018,5,2018-05-01
A_2024_00080,MM,201805,,,500020,전북,100001,지수,109.288719296801,지수,,전북,지수,2018년 5월,2018,5,2018-05-01
A_2024_00080,MM,201805,,,500024,제주,100001,지수,111.254175885792,지수,,제주,지수,2018년 5월,2018,5,2018-05-01
A_2024_00080,MM,201805,,,510021,중부산권,100001,지수,105.043357911476,지수,,부산>중부산권,지수,2018년 5월,2018,5,2018-05-01
A_2024_00080,MM,201805,,,500003,지방권,100001,지수,107.405646831344,지수,,지방권,지수,2018년 5월,2018,5,2018-05-01
A_2024_00080,MM,201805,,,500019,충남,100001,지수,114.233087535848,지수,,충남,지수,2018년 5월,2018,5,2018-05-01
A_2024_00080,MM,201805,,,500018,충북,100001,지수,104.858977514902,지수,,충북,지수,2018년 5월,2018,5,2018-05-01
A_2024_00080,MM,201806,,,500005,5대광역시,100001,지수,104.378571925661,지수,,5대광역시,지수,2018년 6월,2018,6,2018-06-01
A_2024_00080,MM,201806,,,500004,6대광역시,100001,지수,103.284365171917,지수,,6대광역시,지수,2018년 6월,2018,6,2018-06-01
A_2024_00080,MM,201806,,,500007,8개도,100001,지수,110.065453870738,지수,,8개도,지수,2018년 6월,2018,6,2018-06-01
A_2024_00080,MM,201806,,,500006,9개도,100001,지수,102.279575793189,지수,,9개도,지수,2018년 6월,2018,6,2018-06-01
A_2024_00080,MM,201806,,,510010,강남지역,100001,지수,91.0545301933139,지수,,서울>강남지역,지수,2018년 6월,2018,6,2018-06-01
A_2024_00080,MM,201806,,,510009,강북지역,100001,지수,89.9246880531069,지수,,서울>강북지역,지수,2018년 6월,2018,6,2018-06-01
A_2024_00080,MM,201806,,,500017,강원,100001,지수,103.98160257398,지수,,강원,지수,2018년 6월,2018,6,2018-06-01
A_2024_00080,MM,201806,,,500009,경기,100001,지수,98.5373469008968,지수,,경기,지수,2018년 6월,2018,6,2018-06-01
A_2024_00080,MM,201806,,,500023,경남,100001,지수,117.482406571852,지수,,경남,지수,2018년 6월,2018,6,2018-06-01
A_2024_00080,MM,201806,,,510012,경부1권,100001,지수,91.4113801554218,지수,,경기>경부1권,지수,2018년 6월,2018,6,2018-06-01
A_2024_00080,MM,201806,,,510013,경부2권,100001,지수,98.5678049534099,지수,,경기>경부2권,지수,2018년 6월,2018,6,2018-06-01
A_2024_00080,MM,201806,,,500022,경북,100001,지수,108.254350620497,지수,,경북,지수,2018년 6월,2018,6,2018-06-01
A_2024_00080,MM,201806,,,510018,경원권,100001,지수,108.135766959258,지수,,경기>경원권,지수,2018년 6월,2018,6,2018-06-01
A_2024_00080,MM,201806,,,510017,경의권,100001,지수,104.303323465094,지수,,경기>경의권,지수,2018년 6월,2018,6,2018-06-01
A_2024_00080,MM,201806,,,500013,광주,100001,지수,101.558309130004,지수,,전남광주>광주,지수,2018년 6월,2018,6,2018-06-01
A_2024_00080,MM,201806,,,500012,대구,100001,지수,105.577498440041,지수,,대구,지수,2018년 6월,2018,6,2018-06-01
A_2024_00080,MM,201806,,,500014,대전,100001,지수,91.6239851467801,지수,,대전,지수,2018년 6월,2018,6,2018-06-01
A_2024_00080,MM,201806,,,520010,도심권,100001,지수,87.2768577683744,지수,,서울>강북지역>도심권,지수,2018년 6월,2018,6,2018-06-01
A_2024_00080,MM,201806,,,520015,동남권,100001,지수,85.9273509318183,지수,,서울>강남지역>동남권,지수,2018년 6월,2018,6,2018-06-01
A_2024_00080,MM,201806,,,510015,동부1권,100001,지수,98.065507583505,지수,,경기>동부1권,지수,2018년 6월,2018,6,2018-06-01
A_2024_00080,MM,201806,,,510016,동부2권,100001,지수,107.38722993992,지수,,경기>동부2권,지수,2018년 6월,2018,6,2018-06-01
A_2024_00080,MM,201806,,,510022,동부산권,100001,지수,107.281990658654,지수,,부산>동부산권,지수,2018년 6월,2018,6,2018-06-01
A_2024_00080,MM,201806,,,520011,동북권,100001,지수,91.4498280649042,지수,,서울>강북지역>동북권,지수,2018년 6월,2018,6,2018-06-01
A_2024_00080,MM,201806,,,500011,부산,100001,지수,105.999424106505,지수,,부산,지수,2018년 6월,2018,6,2018-06-01
A_2024_00080,MM,201806,,,520014,서남권,100001,지수,94.5246057830855,지수,,서울>강남지역>서남권,지수,2018년 6월,2018,6,2018-06-01
A_2024_00080,MM,201806,,,510023,서부산권,100001,지수,107.29422290054,지수,,부산>서부산권,지수,2018년 6월,2018,6,2018-06-01
A_2024_00080,MM,201806,,,520012,서북권,100001,지수,88.3817051336397,지수,,서울>강북지역>서북권,지수,2018년 6월,2018,6,2018-06-01
A_2024_00080,MM,201806,,,500008,서울,100001,지수,90.5011133570809,지수,,서울,지수,2018년 6월,2018,6,2018-06-01
A_2024_00080,MM,201806,,,510014,서해안권,100001,지수,97.2648867918824,지수,,경기>서해안권,지수,2018년 6월,2018,6,2018-06-01
A_2024_00080,MM,201806,,,500016,세종,100001,지수,103.548450326085,지수,,세종,지수,2018년 6월,2018,6,2018-06-01
A_2024_00080,MM,201806,,,500002,수도권,100001,지수,95.1728936604116,지수,,수도권,지수,2018년 6월,2018,6,2018-06-01
A_2024_00080,MM,201806,,,500015,울산,100001,지수,112.983258960382,지수,,울산,지수,2018년 6월,2018,6,2018-06-01
A_2024_00080,MM,201806,,,500010,인천,100001,지수,101.821657079303,지수,,인천,지수,2018년 6월,2018,6,2018-06-01
A_2024_00080,MM,201806,,,500001,전국,100001,지수,98.4285176058355,지수,,전국,지수,2018년 6월,2018,6,2018-06-01
A_2024_00080,MM,201806,,,500021,전남,100001,지수,102.506547793028,지수,,전남광주>전남,지수,2018년 6월,2018,6,2018-06-01
A_2024_00080,MM,201806,,,500020,전북,100001,지수,109.080419913546,지수,,전북,지수,2018년 6월,2018,6,2018-06-01
A_2024_00080,MM,201806,,,500024,제주,100001,지수,111.179941909719,지수,,제주,지수,2018년 6월,2018,6,2018-06-01
A_2024_00080,MM,201806,,,510021,중부산권,100001,지수,104.848767873852,지수,,부산>중부산권,지수,2018년 6월,2018,6,2018-06-01
A_2024_00080,MM,201806,,,500003,지방권,100001,지수,107.251080198555,지수,,지방권,지수,2018년 6월,2018,6,2018-06-01
A_2024_00080,MM,201806,,,500019,충남,100001,지수,113.840195388991,지수,,충남,지수,2018년 6월,2018,6,2018-06-01
A_2024_00080,MM,201806,,,500018,충북,100001,지수,104.560347106892,지수,,충북,지수,2018년 6월,2018,6,2018-06-01
A_2024_00080,MM,201807,,,500005,5대광역시,100001,지수,104.289006466999,지수,,5대광역시,지수,2018년 7월,2018,7,2018-07-01
A_2024_00080,MM,201807,,,500004,6대광역시,100001,지수,103.216527430496,지수,,6대광역시,지수,2018년 7월,2018,7,2018-07-01
A_2024_00080,MM,201807,,,500007,8개도,100001,지수,109.771805443367,지수,,8개도,지수,2018년 7월,2018,7,2018-07-01
A_2024_00080,MM,201807,,,500006,9개도,100001,지수,102.20372927112,지수,,9개도,지수,2018년 7월,2018,7,2018-07-01
A_2024_00080,MM,201807,,,510010,강남지역,100001,지수,91.238977313777,지수,,서울>강남지역,지수,2018년 7월,2018,7,2018-07-01
A_2024_00080,MM,201807,,,510009,강북지역,100001,지수,90.1634177848183,지수,,서울>강북지역,지수,2018년 7월,2018,7,2018-07-01
A_2024_00080,MM,201807,,,500017,강원,100001,지수,103.807932289147,지수,,강원,지수,2018년 7월,2018,7,2018-07-01
A_2024_00080,MM,201807,,,500009,경기,100001,지수,98.5636656326551,지수,,경기,지수,2018년 7월,2018,7,2018-07-01
A_2024_00080,MM,201807,,,500023,경남,100001,지수,116.629210837986,지수,,경남,지수,2018년 7월,2018,7,2018-07-01
A_2024_00080,MM,201807,,,510012,경부1권,100001,지수,91.5167126994571,지수,,경기>경부1권,지수,2018년 7월,2018,7,2018-07-01
A_2024_00080,MM,201807,,,510013,경부2권,100001,지수,98.512456736039,지수,,경기>경부2권,지수,2018년 7월,2018,7,2018-07-01
A_2024_00080,MM,201807,,,500022,경북,100001,지수,108.020767813766,지수,,경북,지수,2018년 7월,2018,7,2018-07-01
A_2024_00080,MM,201807,,,510018,경원권,100001,지수,108.089705038761,지수,,경기>경원권,지수,2018년 7월,2018,7,2018-07-01
A_2024_00080,MM,201807,,,510017,경의권,100001,지수,104.306521201807,지수,,경기>경의권,지수,2018년 7월,2018,7,2018-07-01
A_2024_00080,MM,201807,,,500013,광주,100001,지수,101.603654122874,지수,,전남광주>광주,지수,2018년 7월,2018,7,2018-07-01
A_2024_00080,MM,201807,,,500012,대구,100001,지수,105.678694982225,지수,,대구,지수,2018년 7월,2018,7,2018-07-01
A_2024_00080,MM,201807,,,500014,대전,100001,지수,91.5876835911846,지수,,대전,지수,2018년 7월,2018,7,2018-07-01
A_2024_00080,MM,201807,,,520010,도심권,100001,지수,87.5117552813525,지수,,서울>강북지역>도심권,지수,2018년 7월,2018,7,2018-07-01
A_2024_00080,MM,201807,,,520015,동남권,100001,지수,86.0689064553705,지수,,서울>강남지역>동남권,지수,2018년 7월,2018,7,2018-07-01
A_2024_00080,MM,201807,,,510015,동부1권,100001,지수,98.0438030297264,지수,,경기>동부1권,지수,2018년 7월,2018,7,2018-07-01
A_2024_00080,MM,201807,,,510016,동부2권,100001,지수,107.346489755733,지수,,경기>동부2권,지수,2018년 7월,2018,7,2018-07-01
A_2024_00080,MM,201807,,,510022,동부산권,100001,지수,107.228085027938,지수,,부산>동부산권,지수,2018년 7월,2018,7,2018-07-01
A_2024_00080,MM,201807,,,520011,동북권,100001,지수,91.5980536622553,지수,,서울>강북지역>동북권,지수,2018년 7월,2018,7,2018-07-01
A_2024_00080,MM,201807,,,500011,부산,100001,지수,105.877269432636,지수,,부산,지수,2018년 7월,2018,7,2018-07-01
A_2024_00080,MM,201807,,,520014,서남권,100001,지수,94.7392932539265,지수,,서울>강남지역>서남권,지수,2018년 7월,2018,7,2018-07-01
A_2024_00080,MM,201807,,,510023,서부산권,100001,지수,107.137006585533,지수,,부산>서부산권,지수,2018년 7월,2018,7,2018-07-01
A_2024_00080,MM,201807,,,520012,서북권,100001,지수,88.7525849216774,지수,,서울>강북지역>서북권,지수,2018년 7월,2018,7,2018-07-01
A_2024_00080,MM,201807,,,500008,서울,100001,지수,90.7122944856258,지수,,서울,지수,2018년 7월,2018,7,2018-07-01
A_2024_00080,MM,201807,,,510014,서해안권,100001,지수,97.3254761096775,지수,,경기>서해안권,지수,2018년 7월,2018,7,2018-07-01
A_2024_00080,MM,201807,,,500016,세종,100001,지수,103.553900476735,지수,,세종,지수,2018년 7월,2018,7,2018-07-01
A_2024_00080,MM,201807,,,500002,수도권,100001,지수,95.2794504244252,지수,,수도권,지수,2018년 7월,2018,7,2018-07-01
A_2024_00080,MM,201807,,,500015,울산,100001,지수,112.530787011225,지수,,울산,지수,2018년 7월,2018,7,2018-07-01
A_2024_00080,MM,201807,,,500010,인천,100001,지수,101.782536626519,지수,,인천,지수,2018년 7월,2018,7,2018-07-01
A_2024_00080,MM,201807,,,500001,전국,100001,지수,98.4563517854832,지수,,전국,지수,2018년 7월,2018,7,2018-07-01
A_2024_00080,MM,201807,,,500021,전남,100001,지수,102.509826103933,지수,,전남광주>전남,지수,2018년 7월,2018,7,2018-07-01
A_2024_00080,MM,201807,,,500020,전북,100001,지수,108.879484804169,지수,,전북,지수,2018년 7월,2018,7,2018-07-01
A_2024_00080,MM,201807,,,500024,제주,100001,지수,111.009175107699,지수,,제주,지수,2018년 7월,2018,7,2018-07-01
A_2024_00080,MM,201807,,,510021,중부산권,100001,지수,104.700919468018,지수,,부산>중부산권,지수,2018년 7월,2018,7,2018-07-01
A_2024_00080,MM,201807,,,500003,지방권,100001,지수,107.060456005175,지수,,지방권,지수,2018년 7월,2018,7,2018-07-01
A_2024_00080,MM,201807,,,500019,충남,100001,지수,113.583458296404,지수,,충남,지수,2018년 7월,2018,7,2018-07-01
A_2024_00080,MM,201807,,,500018,충북,100001,지수,104.418773902229,지수,,충북,지수,2018년 7월,2018,7,2018-07-01
A_2024_00080,MM,201808,,,500005,5대광역시,100001,지수,104.192426865591,지수,,5대광역시,지수,2018년 8월,2018,8,2018-08-01
A_2024_00080,MM,201808,,,500004,6대광역시,100001,지수,103.133389203754,지수,,6대광역시,지수,2018년 8월,2018,8,2018-08-01
A_2024_00080,MM,201808,,,500007,8개도,100001,지수,109.413010403052,지수,,8개도,지수,2018년 8월,2018,8,2018-08-01
A_2024_00080,MM,201808,,,500006,9개도,100001,지수,102.114837692538,지수,,9개도,지수,2018년 8월,2018,8,2018-08-01
A_2024_00080,MM,201808,,,510010,강남지역,100001,지수,91.4655337771959,지수,,서울>강남지역,지수,2018년 8월,2018,8,2018-08-01
A_2024_00080,MM,201808,,,510009,강북지역,100001,지수,90.541273642638,지수,,서울>강북지역,지수,2018년 8월,2018,8,2018-08-01
A_2024_00080,MM,201808,,,500017,강원,100001,지수,103.644132313264,지수,,강원,지수,2018년 8월,2018,8,2018-08-01
A_2024_00080,MM,201808,,,500009,경기,100001,지수,98.6017821346415,지수,,경기,지수,2018년 8월,2018,8,2018-08-01
A_2024_00080,MM,201808,,,500023,경남,100001,지수,115.959255060783,지수,,경남,지수,2018년 8월,2018,8,2018-08-01
A_2024_00080,MM,201808,,,510012,경부1권,100001,지수,91.6996128554158,지수,,경기>경부1권,지수,2018년 8월,2018,8,2018-08-01
A_2024_00080,MM,201808,,,510013,경부2권,100001,지수,98.3262252967958,지수,,경기>경부2권,지수,2018년 8월,2018,8,2018-08-01
A_2024_00080,MM,201808,,,500022,경북,100001,지수,107.641035172464,지수,,경북,지수,2018년 8월,2018,8,2018-08-01
A_2024_00080,MM,201808,,,510018,경원권,100001,지수,107.94704232073,지수,,경기>경원권,지수,2018년 8월,2018,8,2018-08-01
A_2024_00080,MM,201808,,,510017,경의권,100001,지수,103.901270175237,지수,,경기>경의권,지수,2018년 8월,2018,8,2018-08-01
A_2024_00080,MM,201808,,,500013,광주,100001,지수,101.857849457949,지수,,전남광주>광주,지수,2018년 8월,2018,8,2018-08-01
A_2024_00080,MM,201808,,,500012,대구,100001,지수,105.798691709741,지수,,대구,지수,2018년 8월,2018,8,2018-08-01
A_2024_00080,MM,201808,,,500014,대전,100001,지수,91.596076413526,지수,,대전,지수,2018년 8월,2018,8,2018-08-01
A_2024_00080,MM,201808,,,520010,도심권,100001,지수,87.9099911497031,지수,,서울>강북지역>도심권,지수,2018년 8월,2018,8,2018-08-01
A_2024_00080,MM,201808,,,520015,동남권,100001,지수,86.2886295181509,지수,,서울>강남지역>동남권,지수,2018년 8월,2018,8,2018-08-01
A_2024_00080,MM,201808,,,510015,동부1권,100001,지수,98.0370940238508,지수,,경기>동부1권,지수,2018년 8월,2018,8,2018-08-01
A_2024_00080,MM,201808,,,510016,동부2권,100001,지수,107.241556683426,지수,,경기>동부2권,지수,2018년 8월,2018,8,2018-08-01
A_2024_00080,MM,201808,,,510022,동부산권,100001,지수,107.082867735315,지수,,부산>동부산권,지수,2018년 8월,2018,8,2018-08-01
A_2024_00080,MM,201808,,,520011,동북권,100001,지수,91.845442519401,지수,,서울>강북지역>동북권,지수,2018년 8월,2018,8,2018-08-01
A_2024_00080,MM,201808,,,500011,부산,100001,지수,105.696505359982,지수,,부산,지수,2018년 8월,2018,8,2018-08-01
A_2024_00080,MM,201808,,,520014,서남권,100001,지수,94.9702527281735,지수,,서울>강남지역>서남권,지수,2018년 8월,2018,8,2018-08-01
A_2024_00080,MM,201808,,,510023,서부산권,100001,지수,106.88713400032,지수,,부산>서부산권,지수,2018년 8월,2018,8,2018-08-01
A_2024_00080,MM,201808,,,520012,서북권,100001,지수,89.3131946354618,지수,,서울>강북지역>서북권,지수,2018년 8월,2018,8,2018-08-01
A_2024_00080,MM,201808,,,500008,서울,100001,지수,91.0133111444418,지수,,서울,지수,2018년 8월,2018,8,2018-08-01
A_2024_00080,MM,201808,,,510014,서해안권,100001,지수,97.530087600107,지수,,경기>서해안권,지수,2018년 8월,2018,8,2018-08-01
A_2024_00080,MM,201808,,,500016,세종,100001,지수,103.539616661197,지수,,세종,지수,2018년 8월,2018,8,2018-08-01
A_2024_00080,MM,201808,,,500002,수도권,100001,지수,95.4300405868568,지수,,수도권,지수,2018년 8월,2018,8,2018-08-01
A_2024_00080,MM,201808,,,500015,울산,100001,지수,112.126865490442,지수,,울산,지수,2018년 8월,2018,8,2018-08-01
A_2024_00080,MM,201808,,,500010,인천,100001,지수,101.717176826026,지수,,인천,지수,2018년 8월,2018,8,2018-08-01
A_2024_00080,MM,201808,,,500001,전국,100001,지수,98.5067631929556,지수,,전국,지수,2018년 8월,2018,8,2018-08-01
A_2024_00080,MM,201808,,,500021,전남,100001,지수,102.574804744341,지수,,전남광주>전남,지수,2018년 8월,2018,8,2018-08-01
A_2024_00080,MM,201808,,,500020,전북,100001,지수,108.604658930038,지수,,전북,지수,2018년 8월,2018,8,2018-08-01
A_2024_00080,MM,201808,,,500024,제주,100001,지수,110.60365538604,지수,,제주,지수,2018년 8월,2018,8,2018-08-01
A_2024_00080,MM,201808,,,510021,중부산권,100001,지수,104.525228350543,지수,,부산>중부산권,지수,2018년 8월,2018,8,2018-08-01
A_2024_00080,MM,201808,,,500003,지방권,100001,지수,106.833765427265,지수,,지방권,지수,2018년 8월,2018,8,2018-08-01
A_2024_00080,MM,201808,,,500019,충남,100001,지수,113.185795710949,지수,,충남,지수,2018년 8월,2018,8,2018-08-01
A_2024_00080,MM,201808,,,500018,충북,100001,지수,104.183466017058,지수,,충북,지수,2018년 8월,2018,8,2018-08-01
A_2024_00080,MM,201809,,,500005,5대광역시,100001,지수,104.119156425468,지수,,5대광역시,지수,2018년 9월,2018,9,2018-09-01
A_2024_00080,MM,201809,,,500004,6대광역시,100001,지수,103.107311018623,지수,,6대광역시,지수,2018년 9월,2018,9,2018-09-01
A_2024_00080,MM,201809,,,500007,8개도,100001,지수,109.058226385746,지수,,8개도,지수,2018년 9월,2018,9,2018-09-01
A_2024_00080,MM,201809,,,500006,9개도,100001,지수,102.110022341104,지수,,9개도,지수,2018년 9월,2018,9,2018-09-01
A_2024_00080,MM,201809,,,510010,강남지역,100001,지수,91.7399635751187,지수,,서울>강남지역,지수,2018년 9월,2018,9,2018-09-01
A_2024_00080,MM,201809,,,510009,강북지역,100001,지수,90.9893528297154,지수,,서울>강북지역,지수,2018년 9월,2018,9,2018-09-01
A_2024_00080,MM,201809,,,500017,강원,100001,지수,103.267213339739,지수,,강원,지수,2018년 9월,2018,9,2018-09-01
A_2024_00080,MM,201809,,,500009,경기,100001,지수,98.762266950881,지수,,경기,지수,2018년 9월,2018,9,2018-09-01
A_2024_00080,MM,201809,,,500023,경남,100001,지수,115.235472621076,지수,,경남,지수,2018년 9월,2018,9,2018-09-01
A_2024_00080,MM,201809,,,510012,경부1권,100001,지수,92.2553007410528,지수,,경기>경부1권,지수,2018년 9월,2018,9,2018-09-01
A_2024_00080,MM,201809,,,510013,경부2권,100001,지수,98.4184924971047,지수,,경기>경부2권,지수,2018년 9월,2018,9,2018-09-01
A_2024_00080,MM,201809,,,500022,경북,100001,지수,107.325525187879,지수,,경북,지수,2018년 9월,2018,9,2018-09-01
A_2024_00080,MM,201809,,,510018,경원권,100001,지수,107.653379218114,지수,,경기>경원권,지수,2018년 9월,2018,9,2018-09-01
A_2024_00080,MM,201809,,,510017,경의권,100001,지수,103.820771387221,지수,,경기>경의권,지수,2018년 9월,2018,9,2018-09-01
A_2024_00080,MM,201809,,,500013,광주,100001,지수,102.585749456837,지수,,전남광주>광주,지수,2018년 9월,2018,9,2018-09-01
A_2024_00080,MM,201809,,,500012,대구,100001,지수,105.881679575061,지수,,대구,지수,2018년 9월,2018,9,2018-09-01
A_2024_00080,MM,201809,,,500014,대전,100001,지수,91.6876221302809,지수,,대전,지수,2018년 9월,2018,9,2018-09-01
A_2024_00080,MM,201809,,,520010,도심권,100001,지수,88.2446669467282,지수,,서울>강북지역>도심권,지수,2018년 9월,2018,9,2018-09-01
A_2024_00080,MM,201809,,,520015,동남권,100001,지수,86.6094805763391,지수,,서울>강남지역>동남권,지수,2018년 9월,2018,9,2018-09-01
A_2024_00080,MM,201809,,,510015,동부1권,100001,지수,98.0973974971832,지수,,경기>동부1권,지수,2018년 9월,2018,9,2018-09-01
A_2024_00080,MM,201809,,,510016,동부2권,100001,지수,107.234067875765,지수,,경기>동부2권,지수,2018년 9월,2018,9,2018-09-01
A_2024_00080,MM,201809,,,510022,동부산권,100001,지수,106.936474520228,지수,,부산>동부산권,지수,2018년 9월,2018,9,2018-09-01
A_2024_00080,MM,201809,,,520011,동북권,100001,지수,92.2648352868813,지수,,서울>강북지역>동북권,지수,2018년 9월,2018,9,2018-09-01
A_2024_00080,MM,201809,,,500011,부산,100001,지수,105.516454591801,지수,,부산,지수,2018년 9월,2018,9,2018-09-01
A_2024_00080,MM,201809,,,520014,서남권,100001,지수,95.2109762865039,지수,,서울>강남지역>서남권,지수,2018년 9월,2018,9,2018-09-01
A_2024_00080,MM,201809,,,510023,서부산권,100001,지수,106.711968710342,지수,,부산>서부산권,지수,2018년 9월,2018,9,2018-09-01
A_2024_00080,MM,201809,,,520012,서북권,100001,지수,89.838687265027,지수,,서울>강북지역>서북권,지수,2018년 9월,2018,9,2018-09-01
A_2024_00080,MM,201809,,,500008,서울,100001,지수,91.3731201149756,지수,,서울,지수,2018년 9월,2018,9,2018-09-01
A_2024_00080,MM,201809,,,510014,서해안권,100001,지수,97.7250695445819,지수,,경기>서해안권,지수,2018년 9월,2018,9,2018-09-01
A_2024_00080,MM,201809,,,500016,세종,100001,지수,103.544412837526,지수,,세종,지수,2018년 9월,2018,9,2018-09-01
A_2024_00080,MM,201809,,,500002,수도권,100001,지수,95.6694278514163,지수,,수도권,지수,2018년 9월,2018,9,2018-09-01
A_2024_00080,MM,201809,,,500015,울산,100001,지수,111.661634143507,지수,,울산,지수,2018년 9월,2018,9,2018-09-01
A_2024_00080,MM,201809,,,500010,인천,100001,지수,101.753517315584,지수,,인천,지수,2018년 9월,2018,9,2018-09-01
A_2024_00080,MM,201809,,,500001,전국,100001,지수,98.6256449104576,지수,,전국,지수,2018년 9월,2018,9,2018-09-01
A_2024_00080,MM,201809,,,500021,전남,100001,지수,102.666644512372,지수,,전남광주>전남,지수,2018년 9월,2018,9,2018-09-01
A_2024_00080,MM,201809,,,500020,전북,100001,지수,108.453817679019,지수,,전북,지수,2018년 9월,2018,9,2018-09-01
A_2024_00080,MM,201809,,,500024,제주,100001,지수,110.31659804019,지수,,제주,지수,2018년 9월,2018,9,2018-09-01
A_2024_00080,MM,201809,,,510021,중부산권,100001,지수,104.324420305916,지수,,부산>중부산권,지수,2018년 9월,2018,9,2018-09-01
A_2024_00080,MM,201809,,,500003,지방권,100001,지수,106.620618538443,지수,,지방권,지수,2018년 9월,2018,9,2018-09-01
A_2024_00080,MM,201809,,,500019,충남,100001,지수,112.74648478051,지수,,충남,지수,2018년 9월,2018,9,2018-09-01
A_2024_00080,MM,201809,,,500018,충북,100001,지수,103.928333464543,지수,,충북,지수,2018년 9월,2018,9,2018-09-01
A_2024_00080,MM,201810,,,500005,5대광역시,100001,지수,104.010768602082,지수,,5대광역시,지수,2018년 10월,2018,10,2018-10-01
A_2024_00080,MM,201810,,,500004,6대광역시,100001,지수,103.120689701634,지수,,6대광역시,지수,2018년 10월,2018,10,2018-10-01
A_2024_00080,MM,201810,,,500007,8개도,100001,지수,108.743972342398,지수,,8개도,지수,2018년 10월,2018,10,2018-10-01
A_2024_00080,MM,201810,,,500006,9개도,100001,지수,102.117376362761,지수,,9개도,지수,2018년 10월,2018,10,2018-10-01
A_2024_00080,MM,201810,,,510010,강남지역,100001,지수,91.9295950223298,지수,,서울>강남지역,지수,2018년 10월,2018,10,2018-10-01
A_2024_00080,MM,201810,,,510009,강북지역,100001,지수,91.3415354644906,지수,,서울>강북지역,지수,2018년 10월,2018,10,2018-10-01
A_2024_00080,MM,201810,,,500017,강원,100001,지수,102.857289525271,지수,,강원,지수,2018년 10월,2018,10,2018-10-01
A_2024_00080,MM,201810,,,500009,경기,100001,지수,98.9222330858934,지수,,경기,지수,2018년 10월,2018,10,2018-10-01
A_2024_00080,MM,201810,,,500023,경남,100001,지수,114.514396857508,지수,,경남,지수,2018년 10월,2018,10,2018-10-01
A_2024_00080,MM,201810,,,510012,경부1권,100001,지수,92.5172524974943,지수,,경기>경부1권,지수,2018년 10월,2018,10,2018-10-01
A_2024_00080,MM,201810,,,510013,경부2권,100001,지수,98.4140375803543,지수,,경기>경부2권,지수,2018년 10월,2018,10,2018-10-01
A_2024_00080,MM,201810,,,500022,경북,100001,지수,106.956172191676,지수,,경북,지수,2018년 10월,2018,10,2018-10-01
A_2024_00080,MM,201810,,,510018,경원권,100001,지수,107.560359035726,지수,,경기>경원권,지수,2018년 10월,2018,10,2018-10-01
A_2024_00080,MM,201810,,,510017,경의권,100001,지수,104.059313141992,지수,,경기>경의권,지수,2018년 10월,2018,10,2018-10-01
A_2024_00080,MM,201810,,,500013,광주,100001,지수,102.714332271748,지수,,전남광주>광주,지수,2018년 10월,2018,10,2018-10-01
A_2024_00080,MM,201810,,,500012,대구,100001,지수,105.928882412137,지수,,대구,지수,2018년 10월,2018,10,2018-10-01
A_2024_00080,MM,201810,,,500014,대전,100001,지수,92.0418541382596,지수,,대전,지수,2018년 10월,2018,10,2018-10-01
A_2024_00080,MM,201810,,,520010,도심권,100001,지수,88.6609961305277,지수,,서울>강북지역>도심권,지수,2018년 10월,2018,10,2018-10-01
A_2024_00080,MM,201810,,,520015,동남권,100001,지수,86.8349525088256,지수,,서울>강남지역>동남권,지수,2018년 10월,2018,10,2018-10-01
A_2024_00080,MM,201810,,,510015,동부1권,100001,지수,98.1522153780101,지수,,경기>동부1권,지수,2018년 10월,2018,10,2018-10-01
A_2024_00080,MM,201810,,,510016,동부2권,100001,지수,107.184701856896,지수,,경기>동부2권,지수,2018년 10월,2018,10,2018-10-01
A_2024_00080,MM,201810,,,510022,동부산권,100001,지수,106.761528337541,지수,,부산>동부산권,지수,2018년 10월,2018,10,2018-10-01
A_2024_00080,MM,201810,,,520011,동북권,100001,지수,92.5346663656186,지수,,서울>강북지역>동북권,지수,2018년 10월,2018,10,2018-10-01
A_2024_00080,MM,201810,,,500011,부산,100001,지수,105.336122301298,지수,,부산,지수,2018년 10월,2018,10,2018-10-01
A_2024_00080,MM,201810,,,520014,서남권,100001,지수,95.374664634489,지수,,서울>강남지역>서남권,지수,2018년 10월,2018,10,2018-10-01
A_2024_00080,MM,201810,,,510023,서부산권,100001,지수,106.479554562577,지수,,부산>서부산권,지수,2018년 10월,2018,10,2018-10-01
A_2024_00080,MM,201810,,,520012,서북권,100001,지수,90.2900514375208,지수,,서울>강북지역>서북권,지수,2018년 10월,2018,10,2018-10-01
A_2024_00080,MM,201810,,,500008,서울,100001,지수,91.6425954310722,지수,,서울,지수,2018년 10월,2018,10,2018-10-01
A_2024_00080,MM,201810,,,510014,서해안권,100001,지수,97.9763549796818,지수,,경기>서해안권,지수,2018년 10월,2018,10,2018-10-01
A_2024_00080,MM,201810,,,500016,세종,100001,지수,103.653221405517,지수,,세종,지수,2018년 10월,2018,10,2018-10-01
A_2024_00080,MM,201810,,,500002,수도권,100001,지수,95.8840877211854,지수,,수도권,지수,2018년 10월,2018,10,2018-10-01
A_2024_00080,MM,201810,,,500015,울산,100001,지수,110.79199563408,지수,,울산,지수,2018년 10월,2018,10,2018-10-01
A_2024_00080,MM,201810,,,500010,인천,100001,지수,101.928245933386,지수,,인천,지수,2018년 10월,2018,10,2018-10-01
A_2024_00080,MM,201810,,,500001,전국,100001,지수,98.7267832966973,지수,,전국,지수,2018년 10월,2018,10,2018-10-01
A_2024_00080,MM,201810,,,500021,전남,100001,지수,102.915145105339,지수,,전남광주>전남,지수,2018년 10월,2018,10,2018-10-01
A_2024_00080,MM,201810,,,500020,전북,100001,지수,108.413440345093,지수,,전북,지수,2018년 10월,2018,10,2018-10-01
A_2024_00080,MM,201810,,,500024,제주,100001,지수,110.073500340036,지수,,제주,지수,2018년 10월,2018,10,2018-10-01
A_2024_00080,MM,201810,,,510021,중부산권,100001,지수,104.159934500509,지수,,부산>중부산권,지수,2018년 10월,2018,10,2018-10-01
A_2024_00080,MM,201810,,,500003,지방권,100001,지수,106.41038354061,지수,,지방권,지수,2018년 10월,2018,10,2018-10-01
A_2024_00080,MM,201810,,,500019,충남,100001,지수,112.414384894514,지수,,충남,지수,2018년 10월,2018,10,2018-10-01
A_2024_00080,MM,201810,,,500018,충북,100001,지수,103.798061890403,지수,,충북,지수,2018년 10월,2018,10,2018-10-01
A_2024_00080,MM,201811,,,500005,5대광역시,100001,지수,103.846713804389,지수,,5대광역시,지수,2018년 11월,2018,11,2018-11-01
A_2024_00080,MM,201811,,,500004,6대광역시,100001,지수,103.177464693971,지수,,6대광역시,지수,2018년 11월,2018,11,2018-11-01
A_2024_00080,MM,201811,,,500007,8개도,100001,지수,108.342454889783,지수,,8개도,지수,2018년 11월,2018,11,2018-11-01
A_2024_00080,MM,201811,,,500006,9개도,100001,지수,102.065148684113,지수,,9개도,지수,2018년 11월,2018,11,2018-11-01
A_2024_00080,MM,201811,,,510010,강남지역,100001,지수,92.0059959429764,지수,,서울>강남지역,지수,2018년 11월,2018,11,2018-11-01
A_2024_00080,MM,201811,,,510009,강북지역,100001,지수,91.5856793450178,지수,,서울>강북지역,지수,2018년 11월,2018,11,2018-11-01
A_2024_00080,MM,201811,,,500017,강원,100001,지수,102.38972368201,지수,,강원,지수,2018년 11월,2018,11,2018-11-01
A_2024_00080,MM,201811,,,500009,경기,100001,지수,99.0365529261145,지수,,경기,지수,2018년 11월,2018,11,2018-11-01
A_2024_00080,MM,201811,,,500023,경남,100001,지수,113.436929610057,지수,,경남,지수,2018년 11월,2018,11,2018-11-01
A_2024_00080,MM,201811,,,510012,경부1권,100001,지수,92.682036952833,지수,,경기>경부1권,지수,2018년 11월,2018,11,2018-11-01
A_2024_00080,MM,201811,,,510013,경부2권,100001,지수,98.3850565260792,지수,,경기>경부2권,지수,2018년 11월,2018,11,2018-11-01
A_2024_00080,MM,201811,,,500022,경북,100001,지수,106.495854314275,지수,,경북,지수,2018년 11월,2018,11,2018-11-01
A_2024_00080,MM,201811,,,510018,경원권,100001,지수,107.301358622584,지수,,경기>경원권,지수,2018년 11월,2018,11,2018-11-01
A_2024_00080,MM,201811,,,510017,경의권,100001,지수,104.110856244352,지수,,경기>경의권,지수,2018년 11월,2018,11,2018-11-01
A_2024_00080,MM,201811,,,500013,광주,100001,지수,102.680719673168,지수,,전남광주>광주,지수,2018년 11월,2018,11,2018-11-01
A_2024_00080,MM,201811,,,500012,대구,100001,지수,106.202585264711,지수,,대구,지수,2018년 11월,2018,11,2018-11-01
A_2024_00080,MM,201811,,,500014,대전,100001,지수,92.0855553596062,지수,,대전,지수,2018년 11월,2018,11,2018-11-01
A_2024_00080,MM,201811,,,520010,도심권,100001,지수,88.7486113601017,지수,,서울>강북지역>도심권,지수,2018년 11월,2018,11,2018-11-01
A_2024_00080,MM,201811,,,520015,동남권,100001,지수,86.8716342201005,지수,,서울>강남지역>동남권,지수,2018년 11월,2018,11,2018-11-01
A_2024_00080,MM,201811,,,510015,동부1권,100001,지수,98.1898397313426,지수,,경기>동부1권,지수,2018년 11월,2018,11,2018-11-01
A_2024_00080,MM,201811,,,510016,동부2권,100001,지수,107.112034788173,지수,,경기>동부2권,지수,2018년 11월,2018,11,2018-11-01
A_2024_00080,MM,201811,,,510022,동부산권,100001,지수,106.55949294102,지수,,부산>동부산권,지수,2018년 11월,2018,11,2018-11-01
A_2024_00080,MM,201811,,,520011,동북권,100001,지수,92.8315708459504,지수,,서울>강북지역>동북권,지수,2018년 11월,2018,11,2018-11-01
A_2024_00080,MM,201811,,,500011,부산,100001,지수,105.047834929562,지수,,부산,지수,2018년 11월,2018,11,2018-11-01
A_2024_00080,MM,201811,,,520014,서남권,100001,지수,95.4792286755161,지수,,서울>강남지역>서남권,지수,2018년 11월,2018,11,2018-11-01
A_2024_00080,MM,201811,,,510023,서부산권,100001,지수,106.258169122106,지수,,부산>서부산권,지수,2018년 11월,2018,11,2018-11-01
A_2024_00080,MM,201811,,,520012,서북권,100001,지수,90.5068481460341,지수,,서울>강북지역>서북권,지수,2018년 11월,2018,11,2018-11-01
A_2024_00080,MM,201811,,,500008,서울,100001,지수,91.8013113003202,지수,,서울,지수,2018년 11월,2018,11,2018-11-01
A_2024_00080,MM,201811,,,510014,서해안권,100001,지수,98.2323637806389,지수,,경기>서해안권,지수,2018년 11월,2018,11,2018-11-01
A_2024_00080,MM,201811,,,500016,세종,100001,지수,103.630943744421,지수,,세종,지수,2018년 11월,2018,11,2018-11-01
A_2024_00080,MM,201811,,,500002,수도권,100001,지수,96.0521662596893,지수,,수도권,지수,2018년 11월,2018,11,2018-11-01
A_2024_00080,MM,201811,,,500015,울산,100001,지수,110.079995103099,지수,,울산,지수,2018년 11월,2018,11,2018-11-01
A_2024_00080,MM,201811,,,500010,인천,100001,지수,102.278774615416,지수,,인천,지수,2018년 11월,2018,11,2018-11-01
A_2024_00080,MM,201811,,,500001,전국,100001,지수,98.7741951878961,지수,,전국,지수,2018년 11월,2018,11,2018-11-01
A_2024_00080,MM,201811,,,500021,전남,100001,지수,103.060162474427,지수,,전남광주>전남,지수,2018년 11월,2018,11,2018-11-01
A_2024_00080,MM,201811,,,500020,전북,100001,지수,108.639766967468,지수,,전북,지수,2018년 11월,2018,11,2018-11-01
A_2024_00080,MM,201811,,,500024,제주,100001,지수,109.773633913589,지수,,제주,지수,2018년 11월,2018,11,2018-11-01
A_2024_00080,MM,201811,,,510021,중부산권,100001,지수,103.798802722077,지수,,부산>중부산권,지수,2018년 11월,2018,11,2018-11-01
A_2024_00080,MM,201811,,,500003,지방권,100001,지수,106.128330314706,지수,,지방권,지수,2018년 11월,2018,11,2018-11-01
A_2024_00080,MM,201811,,,500019,충남,100001,지수,112.130888464347,지수,,충남,지수,2018년 11월,2018,11,2018-11-01
A_2024_00080,MM,201811,,,500018,충북,100001,지수,103.48039644388,지수,,충북,지수,2018년 11월,2018,11,2018-11-01
A_2024_00080,MM,201812,,,500005,5대광역시,100001,지수,103.716848343486,지수,,5대광역시,지수,2018년 12월,2018,12,2018-12-01
A_2024_00080,MM,201812,,,500004,6대광역시,100001,지수,103.292494226402,지수,,6대광역시,지수,2018년 12월,2018,12,2018-12-01
A_2024_00080,MM,201812,,,500007,8개도,100001,지수,107.844701486089,지수,,8개도,지수,2018년 12월,2018,12,2018-12-01
A_2024_00080,MM,201812,,,500006,9개도,100001,지수,101.837098655632,지수,,9개도,지수,2018년 12월,2018,12,2018-12-01
A_2024_00080,MM,201812,,,510010,강남지역,100001,지수,91.9988265923606,지수,,서울>강남지역,지수,2018년 12월,2018,12,2018-12-01
A_2024_00080,MM,201812,,,510009,강북지역,100001,지수,91.7312895578045,지수,,서울>강북지역,지수,2018년 12월,2018,12,2018-12-01
A_2024_00080,MM,201812,,,500017,강원,100001,지수,101.753693474761,지수,,강원,지수,2018년 12월,2018,12,2018-12-01
A_2024_00080,MM,201812,,,500009,경기,100001,지수,98.937684804175,지수,,경기,지수,2018년 12월,2018,12,2018-12-01
A_2024_00080,MM,201812,,,500023,경남,100001,지수,112.105831003851,지수,,경남,지수,2018년 12월,2018,12,2018-12-01
A_2024_00080,MM,201812,,,510012,경부1권,100001,지수,92.6383475074709,지수,,경기>경부1권,지수,2018년 12월,2018,12,2018-12-01
A_2024_00080,MM,201812,,,510013,경부2권,100001,지수,98.3535488166216,지수,,경기>경부2권,지수,2018년 12월,2018,12,2018-12-01
A_2024_00080,MM,201812,,,500022,경북,100001,지수,106.070225291559,지수,,경북,지수,2018년 12월,2018,12,2018-12-01
A_2024_00080,MM,201812,,,510018,경원권,100001,지수,106.919523588481,지수,,경기>경원권,지수,2018년 12월,2018,12,2018-12-01
A_2024_00080,MM,201812,,,510017,경의권,100001,지수,104.029994501024,지수,,경기>경의권,지수,2018년 12월,2018,12,2018-12-01
A_2024_00080,MM,201812,,,500013,광주,100001,지수,102.678198675241,지수,,전남광주>광주,지수,2018년 12월,2018,12,2018-12-01
A_2024_00080,MM,201812,,,500012,대구,100001,지수,106.583791219779,지수,,대구,지수,2018년 12월,2018,12,2018-12-01
A_2024_00080,MM,201812,,,500014,대전,100001,지수,92.257667700938,지수,,대전,지수,2018년 12월,2018,12,2018-12-01
A_2024_00080,MM,201812,,,520010,도심권,100001,지수,88.9965459195967,지수,,서울>강북지역>도심권,지수,2018년 12월,2018,12,2018-12-01
A_2024_00080,MM,201812,,,520015,동남권,100001,지수,86.8341183512934,지수,,서울>강남지역>동남권,지수,2018년 12월,2018,12,2018-12-01
A_2024_00080,MM,201812,,,510015,동부1권,100001,지수,98.1724867953303,지수,,경기>동부1권,지수,2018년 12월,2018,12,2018-12-01
A_2024_00080,MM,201812,,,510016,동부2권,100001,지수,106.928984781704,지수,,경기>동부2권,지수,2018년 12월,2018,12,2018-12-01
A_2024_00080,MM,201812,,,510022,동부산권,100001,지수,106.420114510077,지수,,부산>동부산권,지수,2018년 12월,2018,12,2018-12-01
A_2024_00080,MM,201812,,,520011,동북권,100001,지수,92.9471915051249,지수,,서울>강북지역>동북권,지수,2018년 12월,2018,12,2018-12-01
A_2024_00080,MM,201812,,,500011,부산,100001,지수,104.786105475598,지수,,부산,지수,2018년 12월,2018,12,2018-12-01
A_2024_00080,MM,201812,,,520014,서남권,100001,지수,95.4937239924686,지수,,서울>강남지역>서남권,지수,2018년 12월,2018,12,2018-12-01
A_2024_00080,MM,201812,,,510023,서부산권,100001,지수,106.151057914586,지수,,부산>서부산권,지수,2018년 12월,2018,12,2018-12-01
A_2024_00080,MM,201812,,,520012,서북권,100001,지수,90.6631783410833,지수,,서울>강북지역>서북권,지수,2018년 12월,2018,12,2018-12-01
A_2024_00080,MM,201812,,,500008,서울,100001,지수,91.8690456881465,지수,,서울,지수,2018년 12월,2018,12,2018-12-01
A_2024_00080,MM,201812,,,510014,서해안권,100001,지수,98.1098126843225,지수,,경기>서해안권,지수,2018년 12월,2018,12,2018-12-01
A_2024_00080,MM,201812,,,500016,세종,100001,지수,103.604284896404,지수,,세종,지수,2018년 12월,2018,12,2018-12-01
A_2024_00080,MM,201812,,,500002,수도권,100001,지수,96.107276136901,지수,,수도권,지수,2018년 12월,2018,12,2018-12-01
A_2024_00080,MM,201812,,,500015,울산,100001,지수,109.161073134149,지수,,울산,지수,2018년 12월,2018,12,2018-12-01
A_2024_00080,MM,201812,,,500010,인천,100001,지수,102.72129897703,지수,,인천,지수,2018년 12월,2018,12,2018-12-01
A_2024_00080,MM,201812,,,500001,전국,100001,지수,98.7302480672776,지수,,전국,지수,2018년 12월,2018,12,2018-12-01
A_2024_00080,MM,201812,,,500021,전남,100001,지수,103.165321570123,지수,,전남광주>전남,지수,2018년 12월,2018,12,2018-12-01
A_2024_00080,MM,201812,,,500020,전북,100001,지수,108.864150067232,지수,,전북,지수,2018년 12월,2018,12,2018-12-01
A_2024_00080,MM,201812,,,500024,제주,100001,지수,109.477596374319,지수,,제주,지수,2018년 12월,2018,12,2018-12-01
A_2024_00080,MM,201812,,,510021,중부산권,100001,지수,103.412346837574,지수,,부산>중부산권,지수,2018년 12월,2018,12,2018-12-01
A_2024_00080,MM,201812,,,500003,지방권,100001,지수,105.81504308185,지수,,지방권,지수,2018년 12월,2018,12,2018-12-01
A_2024_00080,MM,201812,,,500019,충남,100001,지수,111.709639889118,지수,,충남,지수,2018년 12월,2018,12,2018-12-01
A_2024_00080,MM,201812,,,500018,충북,100001,지수,102.946414078996,지수,,충북,지수,2018년 12월,2018,12,2018-12-01
A_2024_00080,MM,201901,,,500005,5대광역시,100001,지수,103.596203693797,지수,,5대광역시,지수,2019년 1월,2019,1,2019-01-01
A_2024_00080,MM,201901,,,500004,6대광역시,100001,지수,103.187367772508,지수,,6대광역시,지수,2019년 1월,2019,1,2019-01-01
A_2024_00080,MM,201901,,,500007,8개도,100001,지수,107.631028134015,지수,,8개도,지수,2019년 1월,2019,1,2019-01-01
A_2024_00080,MM,201901,,,500006,9개도,100001,지수,101.69458945507,지수,,9개도,지수,2019년 1월,2019,1,2019-01-01
A_2024_00080,MM,201901,,,510010,강남지역,100001,지수,91.8788832829671,지수,,서울>강남지역,지수,2019년 1월,2019,1,2019-01-01
A_2024_00080,MM,201901,,,510009,강북지역,100001,지수,91.7099994814197,지수,,서울>강북지역,지수,2019년 1월,2019,1,2019-01-01
A_2024_00080,MM,201901,,,500017,강원,100001,지수,101.684542377612,지수,,강원,지수,2019년 1월,2019,1,2019-01-01
A_2024_00080,MM,201901,,,500009,경기,100001,지수,98.8287638409001,지수,,경기,지수,2019년 1월,2019,1,2019-01-01
A_2024_00080,MM,201901,,,500023,경남,100001,지수,111.786368592931,지수,,경남,지수,2019년 1월,2019,1,2019-01-01
A_2024_00080,MM,201901,,,510012,경부1권,100001,지수,92.5867825749272,지수,,경기>경부1권,지수,2019년 1월,2019,1,2019-01-01
A_2024_00080,MM,201901,,,510013,경부2권,100001,지수,98.3484165642273,지수,,경기>경부2권,지수,2019년 1월,2019,1,2019-01-01
A_2024_00080,MM,201901,,,500022,경북,100001,지수,105.817999557277,지수,,경북,지수,2019년 1월,2019,1,2019-01-01
A_2024_00080,MM,201901,,,510018,경원권,100001,지수,106.694207183965,지수,,경기>경원권,지수,2019년 1월,2019,1,2019-01-01
A_2024_00080,MM,201901,,,510017,경의권,100001,지수,104.00820299527,지수,,경기>경의권,지수,2019년 1월,2019,1,2019-01-01
A_2024_00080,MM,201901,,,500013,광주,100001,지수,102.698478432682,지수,,전남광주>광주,지수,2019년 1월,2019,1,2019-01-01
A_2024_00080,MM,201901,,,500012,대구,100001,지수,106.62966996203,지수,,대구,지수,2019년 1월,2019,1,2019-01-01
A_2024_00080,MM,201901,,,500014,대전,100001,지수,92.2469776633825,지수,,대전,지수,2019년 1월,2019,1,2019-01-01
A_2024_00080,MM,201901,,,520010,도심권,100001,지수,88.8989601172353,지수,,서울>강북지역>도심권,지수,2019년 1월,2019,1,2019-01-01
A_2024_00080,MM,201901,,,520015,동남권,100001,지수,86.6541859638436,지수,,서울>강남지역>동남권,지수,2019년 1월,2019,1,2019-01-01
A_2024_00080,MM,201901,,,510015,동부1권,100001,지수,98.1779335112183,지수,,경기>동부1권,지수,2019년 1월,2019,1,2019-01-01
A_2024_00080,MM,201901,,,510016,동부2권,100001,지수,106.803243226334,지수,,경기>동부2권,지수,2019년 1월,2019,1,2019-01-01
A_2024_00080,MM,201901,,,510022,동부산권,100001,지수,106.272754769341,지수,,부산>동부산권,지수,2019년 1월,2019,1,2019-01-01
A_2024_00080,MM,201901,,,520011,동북권,100001,지수,92.9357662836184,지수,,서울>강북지역>동북권,지수,2019년 1월,2019,1,2019-01-01
A_2024_00080,MM,201901,,,500011,부산,100001,지수,104.617562467485,지수,,부산,지수,2019년 1월,2019,1,2019-01-01
A_2024_00080,MM,201901,,,520014,서남권,100001,지수,95.4171151887601,지수,,서울>강남지역>서남권,지수,2019년 1월,2019,1,2019-01-01
A_2024_00080,MM,201901,,,510023,서부산권,100001,지수,105.992004360493,지수,,부산>서부산권,지수,2019년 1월,2019,1,2019-01-01
A_2024_00080,MM,201901,,,520012,서북권,100001,지수,90.6521189017009,지수,,서울>강북지역>서북권,지수,2019년 1월,2019,1,2019-01-01
A_2024_00080,MM,201901,,,500008,서울,100001,지수,91.7971167704741,지수,,서울,지수,2019년 1월,2019,1,2019-01-01
A_2024_00080,MM,201901,,,510014,서해안권,100001,지수,97.9024940762707,지수,,경기>서해안권,지수,2019년 1월,2019,1,2019-01-01
A_2024_00080,MM,201901,,,500016,세종,100001,지수,103.57388933159,지수,,세종,지수,2019년 1월,2019,1,2019-01-01
A_2024_00080,MM,201901,,,500002,수도권,100001,지수,96.0192334778331,지수,,수도권,지수,2019년 1월,2019,1,2019-01-01
A_2024_00080,MM,201901,,,500015,울산,100001,지수,108.754782393226,지수,,울산,지수,2019년 1월,2019,1,2019-01-01
A_2024_00080,MM,201901,,,500010,인천,100001,지수,102.636931821032,지수,,인천,지수,2019년 1월,2019,1,2019-01-01
A_2024_00080,MM,201901,,,500001,전국,100001,지수,98.6210331104389,지수,,전국,지수,2019년 1월,2019,1,2019-01-01
A_2024_00080,MM,201901,,,500021,전남,100001,지수,103.181645683887,지수,,전남광주>전남,지수,2019년 1월,2019,1,2019-01-01
A_2024_00080,MM,201901,,,500020,전북,100001,지수,108.816168040478,지수,,전북,지수,2019년 1월,2019,1,2019-01-01
A_2024_00080,MM,201901,,,500024,제주,100001,지수,109.351552830911,지수,,제주,지수,2019년 1월,2019,1,2019-01-01
A_2024_00080,MM,201901,,,510021,중부산권,100001,지수,103.22884050916,지수,,부산>중부산권,지수,2019년 1월,2019,1,2019-01-01
A_2024_00080,MM,201901,,,500003,지방권,100001,지수,105.647724983976,지수,,지방권,지수,2019년 1월,2019,1,2019-01-01
A_2024_00080,MM,201901,,,500019,충남,100001,지수,111.284862103273,지수,,충남,지수,2019년 1월,2019,1,2019-01-01
A_2024_00080,MM,201901,,,500018,충북,100001,지수,102.767471550846,지수,,충북,지수,2019년 1월,2019,1,2019-01-01
A_2024_00080,MM,201902,,,500005,5대광역시,100001,지수,103.511046724703,지수,,5대광역시,지수,2019년 2월,2019,2,2019-02-01
A_2024_00080,MM,201902,,,500004,6대광역시,100001,지수,103.121389165877,지수,,6대광역시,지수,2019년 2월,2019,2,2019-02-01
A_2024_00080,MM,201902,,,500007,8개도,100001,지수,107.45280681898,지수,,8개도,지수,2019년 2월,2019,2,2019-02-01
A_2024_00080,MM,201902,,,500006,9개도,100001,지수,101.58584728814,지수,,9개도,지수,2019년 2월,2019,2,2019-02-01
A_2024_00080,MM,201902,,,510010,강남지역,100001,지수,91.7793162070656,지수,,서울>강남지역,지수,2019년 2월,2019,2,2019-02-01
A_2024_00080,MM,201902,,,510009,강북지역,100001,지수,91.6817389132279,지수,,서울>강북지역,지수,2019년 2월,2019,2,2019-02-01
A_2024_00080,MM,201902,,,500017,강원,100001,지수,101.530459790802,지수,,강원,지수,2019년 2월,2019,2,2019-02-01
A_2024_00080,MM,201902,,,500009,경기,100001,지수,98.7528192894075,지수,,경기,지수,2019년 2월,2019,2,2019-02-01
A_2024_00080,MM,201902,,,500023,경남,100001,지수,111.52417511528,지수,,경남,지수,2019년 2월,2019,2,2019-02-01
A_2024_00080,MM,201902,,,510012,경부1권,100001,지수,92.4341029323101,지수,,경기>경부1권,지수,2019년 2월,2019,2,2019-02-01
A_2024_00080,MM,201902,,,510013,경부2권,100001,지수,98.3779660956235,지수,,경기>경부2권,지수,2019년 2월,2019,2,2019-02-01
A_2024_00080,MM,201902,,,500022,경북,100001,지수,105.59935050998,지수,,경북,지수,2019년 2월,2019,2,2019-02-01
A_2024_00080,MM,201902,,,510018,경원권,100001,지수,106.444956474425,지수,,경기>경원권,지수,2019년 2월,2019,2,2019-02-01
A_2024_00080,MM,201902,,,510017,경의권,100001,지수,103.92719588293,지수,,경기>경의권,지수,2019년 2월,2019,2,2019-02-01
A_2024_00080,MM,201902,,,500013,광주,100001,지수,102.675680844705,지수,,전남광주>광주,지수,2019년 2월,2019,2,2019-02-01
A_2024_00080,MM,201902,,,500012,대구,100001,지수,106.722867945204,지수,,대구,지수,2019년 2월,2019,2,2019-02-01
A_2024_00080,MM,201902,,,500014,대전,100001,지수,92.2885534161211,지수,,대전,지수,2019년 2월,2019,2,2019-02-01
A_2024_00080,MM,201902,,,520010,도심권,100001,지수,88.8176367072697,지수,,서울>강북지역>도심권,지수,2019년 2월,2019,2,2019-02-01
A_2024_00080,MM,201902,,,520015,동남권,100001,지수,86.4889712653437,지수,,서울>강남지역>동남권,지수,2019년 2월,2019,2,2019-02-01
A_2024_00080,MM,201902,,,510015,동부1권,100001,지수,98.2408401656143,지수,,경기>동부1권,지수,2019년 2월,2019,2,2019-02-01
A_2024_00080,MM,201902,,,510016,동부2권,100001,지수,106.662991168456,지수,,경기>동부2권,지수,2019년 2월,2019,2,2019-02-01
A_2024_00080,MM,201902,,,510022,동부산권,100001,지수,106.217699390052,지수,,부산>동부산권,지수,2019년 2월,2019,2,2019-02-01
A_2024_00080,MM,201902,,,520011,동북권,100001,지수,92.926733302574,지수,,서울>강북지역>동북권,지수,2019년 2월,2019,2,2019-02-01
A_2024_00080,MM,201902,,,500011,부산,100001,지수,104.466311715253,지수,,부산,지수,2019년 2월,2019,2,2019-02-01
A_2024_00080,MM,201902,,,520014,서남권,100001,지수,95.3649645648162,지수,,서울>강남지역>서남권,지수,2019년 2월,2019,2,2019-02-01
A_2024_00080,MM,201902,,,510023,서부산권,100001,지수,105.771506356566,지수,,부산>서부산권,지수,2019년 2월,2019,2,2019-02-01
A_2024_00080,MM,201902,,,520012,서북권,100001,지수,90.6123489647678,지수,,서울>강북지역>서북권,지수,2019년 2월,2019,2,2019-02-01
A_2024_00080,MM,201902,,,500008,서울,100001,지수,91.732237975451,지수,,서울,지수,2019년 2월,2019,2,2019-02-01
A_2024_00080,MM,201902,,,510014,서해안권,100001,지수,97.8045372610568,지수,,경기>서해안권,지수,2019년 2월,2019,2,2019-02-01
A_2024_00080,MM,201902,,,500016,세종,100001,지수,103.533220182404,지수,,세종,지수,2019년 2월,2019,2,2019-02-01
A_2024_00080,MM,201902,,,500002,수도권,100001,지수,95.9532986973136,지수,,수도권,지수,2019년 2월,2019,2,2019-02-01
A_2024_00080,MM,201902,,,500015,울산,100001,지수,108.486254071379,지수,,울산,지수,2019년 2월,2019,2,2019-02-01
A_2024_00080,MM,201902,,,500010,인천,100001,지수,102.596616383477,지수,,인천,지수,2019년 2월,2019,2,2019-02-01
A_2024_00080,MM,201902,,,500001,전국,100001,지수,98.5374442936746,지수,,전국,지수,2019년 2월,2019,2,2019-02-01
A_2024_00080,MM,201902,,,500021,전남,100001,지수,103.234250693121,지수,,전남광주>전남,지수,2019년 2월,2019,2,2019-02-01
A_2024_00080,MM,201902,,,500020,전북,100001,지수,108.723212362216,지수,,전북,지수,2019년 2월,2019,2,2019-02-01
A_2024_00080,MM,201902,,,500024,제주,100001,지수,109.186975542475,지수,,제주,지수,2019년 2월,2019,2,2019-02-01
A_2024_00080,MM,201902,,,510021,중부산권,100001,지수,103.049989000024,지수,,부산>중부산권,지수,2019년 2월,2019,2,2019-02-01
A_2024_00080,MM,201902,,,500003,지방권,100001,지수,105.515704356713,지수,,지방권,지수,2019년 2월,2019,2,2019-02-01
A_2024_00080,MM,201902,,,500019,충남,100001,지수,111.053258497128,지수,,충남,지수,2019년 2월,2019,2,2019-02-01
A_2024_00080,MM,201902,,,500018,충북,100001,지수,102.626885374633,지수,,충북,지수,2019년 2월,2019,2,2019-02-01
A_2024_00080,MM,201903,,,500005,5대광역시,100001,지수,103.404502183061,지수,,5대광역시,지수,2019년 3월,2019,3,2019-03-01
A_2024_00080,MM,201903,,,500004,6대광역시,100001,지수,103.019213761864,지수,,6대광역시,지수,2019년 3월,2019,3,2019-03-01
A_2024_00080,MM,201903,,,500007,8개도,100001,지수,107.217357678547,지수,,8개도,지수,2019년 3월,2019,3,2019-03-01
A_2024_00080,MM,201903,,,500006,9개도,100001,지수,101.438657054192,지수,,9개도,지수,2019년 3월,2019,3,2019-03-01
A_2024_00080,MM,201903,,,510010,강남지역,100001,지수,91.6570510379853,지수,,서울>강남지역,지수,2019년 3월,2019,3,2019-03-01
A_2024_00080,MM,201903,,,510009,강북지역,100001,지수,91.6258316786395,지수,,서울>강북지역,지수,2019년 3월,2019,3,2019-03-01
A_2024_00080,MM,201903,,,500017,강원,100001,지수,101.396818544705,지수,,강원,지수,2019년 3월,2019,3,2019-03-01
A_2024_00080,MM,201903,,,500009,경기,100001,지수,98.6473357110908,지수,,경기,지수,2019년 3월,2019,3,2019-03-01
A_2024_00080,MM,201903,,,500023,경남,100001,지수,111.151214680466,지수,,경남,지수,2019년 3월,2019,3,2019-03-01
A_2024_00080,MM,201903,,,510012,경부1권,100001,지수,92.2109631147393,지수,,경기>경부1권,지수,2019년 3월,2019,3,2019-03-01
A_2024_00080,MM,201903,,,510013,경부2권,100001,지수,98.3314724201,지수,,경기>경부2권,지수,2019년 3월,2019,3,2019-03-01
A_2024_00080,MM,201903,,,500022,경북,100001,지수,105.263229431396,지수,,경북,지수,2019년 3월,2019,3,2019-03-01
A_2024_00080,MM,201903,,,510018,경원권,100001,지수,106.252311271689,지수,,경기>경원권,지수,2019년 3월,2019,3,2019-03-01
A_2024_00080,MM,201903,,,510017,경의권,100001,지수,103.86408433922,지수,,경기>경의권,지수,2019년 3월,2019,3,2019-03-01
A_2024_00080,MM,201903,,,500013,광주,100001,지수,102.702121742223,지수,,전남광주>광주,지수,2019년 3월,2019,3,2019-03-01
A_2024_00080,MM,201903,,,500012,대구,100001,지수,106.705607978852,지수,,대구,지수,2019년 3월,2019,3,2019-03-01
A_2024_00080,MM,201903,,,500014,대전,100001,지수,92.5410541420994,지수,,대전,지수,2019년 3월,2019,3,2019-03-01
A_2024_00080,MM,201903,,,520010,도심권,100001,지수,88.7720857499532,지수,,서울>강북지역>도심권,지수,2019년 3월,2019,3,2019-03-01
A_2024_00080,MM,201903,,,520015,동남권,100001,지수,86.3101320644581,지수,,서울>강남지역>동남권,지수,2019년 3월,2019,3,2019-03-01
A_2024_00080,MM,201903,,,510015,동부1권,100001,지수,98.2092063128341,지수,,경기>동부1권,지수,2019년 3월,2019,3,2019-03-01
A_2024_00080,MM,201903,,,510016,동부2권,100001,지수,106.461685294236,지수,,경기>동부2권,지수,2019년 3월,2019,3,2019-03-01
A_2024_00080,MM,201903,,,510022,동부산권,100001,지수,106.041201301958,지수,,부산>동부산권,지수,2019년 3월,2019,3,2019-03-01
A_2024_00080,MM,201903,,,520011,동북권,100001,지수,92.8602069910703,지수,,서울>강북지역>동북권,지수,2019년 3월,2019,3,2019-03-01
A_2024_00080,MM,201903,,,500011,부산,100001,지수,104.265477185341,지수,,부산,지수,2019년 3월,2019,3,2019-03-01
A_2024_00080,MM,201903,,,520014,서남권,100001,지수,95.2837071456614,지수,,서울>강남지역>서남권,지수,2019년 3월,2019,3,2019-03-01
A_2024_00080,MM,201903,,,510023,서부산권,100001,지수,105.399426357555,지수,,부산>서부산권,지수,2019년 3월,2019,3,2019-03-01
A_2024_00080,MM,201903,,,520012,서북권,100001,지수,90.569135921224,지수,,서울>강북지역>서북권,지수,2019년 3월,2019,3,2019-03-01
A_2024_00080,MM,201903,,,500008,서울,100001,지수,91.6422412346136,지수,,서울,지수,2019년 3월,2019,3,2019-03-01
A_2024_00080,MM,201903,,,510014,서해안권,100001,지수,97.7109205175567,지수,,경기>서해안권,지수,2019년 3월,2019,3,2019-03-01
A_2024_00080,MM,201903,,,500016,세종,100001,지수,103.510267231646,지수,,세종,지수,2019년 3월,2019,3,2019-03-01
A_2024_00080,MM,201903,,,500002,수도권,100001,지수,95.8563849779148,지수,,수도권,지수,2019년 3월,2019,3,2019-03-01
A_2024_00080,MM,201903,,,500015,울산,100001,지수,108.144578444125,지수,,울산,지수,2019년 3월,2019,3,2019-03-01
A_2024_00080,MM,201903,,,500010,인천,100001,지수,102.500291722171,지수,,인천,지수,2019년 3월,2019,3,2019-03-01
A_2024_00080,MM,201903,,,500001,전국,100001,지수,98.4206149044338,지수,,전국,지수,2019년 3월,2019,3,2019-03-01
A_2024_00080,MM,201903,,,500021,전남,100001,지수,103.23661197797,지수,,전남광주>전남,지수,2019년 3월,2019,3,2019-03-01
A_2024_00080,MM,201903,,,500020,전북,100001,지수,108.594796853677,지수,,전북,지수,2019년 3월,2019,3,2019-03-01
A_2024_00080,MM,201903,,,500024,제주,100001,지수,109.08332723101,지수,,제주,지수,2019년 3월,2019,3,2019-03-01
A_2024_00080,MM,201903,,,510021,중부산권,100001,지수,102.897346331148,지수,,부산>중부산권,지수,2019년 3월,2019,3,2019-03-01
A_2024_00080,MM,201903,,,500003,지방권,100001,지수,105.34429491912,지수,,지방권,지수,2019년 3월,2019,3,2019-03-01
A_2024_00080,MM,201903,,,500019,충남,100001,지수,110.764833477023,지수,,충남,지수,2019년 3월,2019,3,2019-03-01
A_2024_00080,MM,201903,,,500018,충북,100001,지수,102.376575619849,지수,,충북,지수,2019년 3월,2019,3,2019-03-01
A_2024_00080,MM,201904,,,500005,5대광역시,100001,지수,103.27445402031,지수,,5대광역시,지수,2019년 4월,2019,4,2019-04-01
A_2024_00080,MM,201904,,,500004,6대광역시,100001,지수,102.877855528966,지수,,6대광역시,지수,2019년 4월,2019,4,2019-04-01
A_2024_00080,MM,201904,,,500007,8개도,100001,지수,106.941224341248,지수,,8개도,지수,2019년 4월,2019,4,2019-04-01
A_2024_00080,MM,201904,,,500006,9개도,100001,지수,101.26587216301,지수,,9개도,지수,2019년 4월,2019,4,2019-04-01
A_2024_00080,MM,201904,,,510010,강남지역,100001,지수,91.5605994388872,지수,,서울>강남지역,지수,2019년 4월,2019,4,2019-04-01
A_2024_00080,MM,201904,,,510009,강북지역,100001,지수,91.5905366877344,지수,,서울>강북지역,지수,2019년 4월,2019,4,2019-04-01
A_2024_00080,MM,201904,,,500017,강원,100001,지수,101.241238640019,지수,,강원,지수,2019년 4월,2019,4,2019-04-01
A_2024_00080,MM,201904,,,500009,경기,100001,지수,98.5234422721749,지수,,경기,지수,2019년 4월,2019,4,2019-04-01
A_2024_00080,MM,201904,,,500023,경남,100001,지수,110.601029440137,지수,,경남,지수,2019년 4월,2019,4,2019-04-01
A_2024_00080,MM,201904,,,510012,경부1권,100001,지수,92.1327344075631,지수,,경기>경부1권,지수,2019년 4월,2019,4,2019-04-01
A_2024_00080,MM,201904,,,510013,경부2권,100001,지수,98.2606630624543,지수,,경기>경부2권,지수,2019년 4월,2019,4,2019-04-01
A_2024_00080,MM,201904,,,500022,경북,100001,지수,104.932393016847,지수,,경북,지수,2019년 4월,2019,4,2019-04-01
A_2024_00080,MM,201904,,,510018,경원권,100001,지수,106.02355072513,지수,,경기>경원권,지수,2019년 4월,2019,4,2019-04-01
A_2024_00080,MM,201904,,,510017,경의권,100001,지수,103.761918379423,지수,,경기>경의권,지수,2019년 4월,2019,4,2019-04-01
A_2024_00080,MM,201904,,,500013,광주,100001,지수,102.685503135721,지수,,전남광주>광주,지수,2019년 4월,2019,4,2019-04-01
A_2024_00080,MM,201904,,,500012,대구,100001,지수,106.787865368399,지수,,대구,지수,2019년 4월,2019,4,2019-04-01
A_2024_00080,MM,201904,,,500014,대전,100001,지수,92.5341183287805,지수,,대전,지수,2019년 4월,2019,4,2019-04-01
A_2024_00080,MM,201904,,,520010,도심권,100001,지수,88.7071212361757,지수,,서울>강북지역>도심권,지수,2019년 4월,2019,4,2019-04-01
A_2024_00080,MM,201904,,,520015,동남권,100001,지수,86.2205593716743,지수,,서울>강남지역>동남권,지수,2019년 4월,2019,4,2019-04-01
A_2024_00080,MM,201904,,,510015,동부1권,100001,지수,98.1828025643071,지수,,경기>동부1권,지수,2019년 4월,2019,4,2019-04-01
A_2024_00080,MM,201904,,,510016,동부2권,100001,지수,106.221945566799,지수,,경기>동부2권,지수,2019년 4월,2019,4,2019-04-01
A_2024_00080,MM,201904,,,510022,동부산권,100001,지수,105.888224586389,지수,,부산>동부산권,지수,2019년 4월,2019,4,2019-04-01
A_2024_00080,MM,201904,,,520011,동북권,100001,지수,92.8104440329934,지수,,서울>강북지역>동북권,지수,2019년 4월,2019,4,2019-04-01
A_2024_00080,MM,201904,,,500011,부산,100001,지수,104.071070396588,지수,,부산,지수,2019년 4월,2019,4,2019-04-01
A_2024_00080,MM,201904,,,520014,서남권,100001,지수,95.1825374490785,지수,,서울>강남지역>서남권,지수,2019년 4월,2019,4,2019-04-01
A_2024_00080,MM,201904,,,510023,서부산권,100001,지수,105.043677563106,지수,,부산>서부산권,지수,2019년 4월,2019,4,2019-04-01
A_2024_00080,MM,201904,,,520012,서북권,100001,지수,90.5654970609065,지수,,서울>강북지역>서북권,지수,2019년 4월,2019,4,2019-04-01
A_2024_00080,MM,201904,,,500008,서울,100001,지수,91.5755182181718,지수,,서울,지수,2019년 4월,2019,4,2019-04-01
A_2024_00080,MM,201904,,,510014,서해안권,100001,지수,97.5396251985094,지수,,경기>서해안권,지수,2019년 4월,2019,4,2019-04-01
A_2024_00080,MM,201904,,,500016,세종,100001,지수,103.10865501045,지수,,세종,지수,2019년 4월,2019,4,2019-04-01
A_2024_00080,MM,201904,,,500002,수도권,100001,지수,95.7553408277621,지수,,수도권,지수,2019년 4월,2019,4,2019-04-01
A_2024_00080,MM,201904,,,500015,울산,100001,지수,107.737137610758,지수,,울산,지수,2019년 4월,2019,4,2019-04-01
A_2024_00080,MM,201904,,,500010,인천,100001,지수,102.343802376167,지수,,인천,지수,2019년 4월,2019,4,2019-04-01
A_2024_00080,MM,201904,,,500001,전국,100001,지수,98.2918117768855,지수,,전국,지수,2019년 4월,2019,4,2019-04-01
A_2024_00080,MM,201904,,,500021,전남,100001,지수,103.222826279167,지수,,전남광주>전남,지수,2019년 4월,2019,4,2019-04-01
A_2024_00080,MM,201904,,,500020,전북,100001,지수,108.487215154618,지수,,전북,지수,2019년 4월,2019,4,2019-04-01
A_2024_00080,MM,201904,,,500024,제주,100001,지수,108.935269975215,지수,,제주,지수,2019년 4월,2019,4,2019-04-01
A_2024_00080,MM,201904,,,510021,중부산권,100001,지수,102.73837851449,지수,,부산>중부산권,지수,2019년 4월,2019,4,2019-04-01
A_2024_00080,MM,201904,,,500003,지방권,100001,지수,105.139424871609,지수,,지방권,지수,2019년 4월,2019,4,2019-04-01
A_2024_00080,MM,201904,,,500019,충남,100001,지수,110.531509330064,지수,,충남,지수,2019년 4월,2019,4,2019-04-01
A_2024_00080,MM,201904,,,500018,충북,100001,지수,101.987406517607,지수,,충북,지수,2019년 4월,2019,4,2019-04-01
A_2024_00080,MM,201905,,,500005,5대광역시,100001,지수,103.188246746089,지수,,5대광역시,지수,2019년 5월,2019,5,2019-05-01
A_2024_00080,MM,201905,,,500004,6대광역시,100001,지수,102.793165438587,지수,,6대광역시,지수,2019년 5월,2019,5,2019-05-01
A_2024_00080,MM,201905,,,500007,8개도,100001,지수,106.597539135514,지수,,8개도,지수,2019년 5월,2019,5,2019-05-01
A_2024_00080,MM,201905,,,500006,9개도,100001,지수,101.037525328762,지수,,9개도,지수,2019년 5월,2019,5,2019-05-01
A_2024_00080,MM,201905,,,510010,강남지역,100001,지수,91.4751139995518,지수,,서울>강남지역,지수,2019년 5월,2019,5,2019-05-01
A_2024_00080,MM,201905,,,510009,강북지역,100001,지수,91.4924649656068,지수,,서울>강북지역,지수,2019년 5월,2019,5,2019-05-01
A_2024_00080,MM,201905,,,500017,강원,100001,지수,101.000280445111,지수,,강원,지수,2019년 5월,2019,5,2019-05-01
A_2024_00080,MM,201905,,,500009,경기,100001,지수,98.3497485292767,지수,,경기,지수,2019년 5월,2019,5,2019-05-01
A_2024_00080,MM,201905,,,500023,경남,100001,지수,110.090067969075,지수,,경남,지수,2019년 5월,2019,5,2019-05-01
A_2024_00080,MM,201905,,,510012,경부1권,100001,지수,91.9998600774472,지수,,경기>경부1권,지수,2019년 5월,2019,5,2019-05-01
A_2024_00080,MM,201905,,,510013,경부2권,100001,지수,98.0860749445063,지수,,경기>경부2권,지수,2019년 5월,2019,5,2019-05-01
A_2024_00080,MM,201905,,,500022,경북,100001,지수,104.426936495441,지수,,경북,지수,2019년 5월,2019,5,2019-05-01
A_2024_00080,MM,201905,,,510018,경원권,100001,지수,105.859351165916,지수,,경기>경원권,지수,2019년 5월,2019,5,2019-05-01
A_2024_00080,MM,201905,,,510017,경의권,100001,지수,103.5192060153,지수,,경기>경의권,지수,2019년 5월,2019,5,2019-05-01
A_2024_00080,MM,201905,,,500013,광주,100001,지수,102.646194835617,지수,,전남광주>광주,지수,2019년 5월,2019,5,2019-05-01
A_2024_00080,MM,201905,,,500012,대구,100001,지수,106.852012466256,지수,,대구,지수,2019년 5월,2019,5,2019-05-01
A_2024_00080,MM,201905,,,500014,대전,100001,지수,92.8295838105655,지수,,대전,지수,2019년 5월,2019,5,2019-05-01
A_2024_00080,MM,201905,,,520010,도심권,100001,지수,88.5629364321585,지수,,서울>강북지역>도심권,지수,2019년 5월,2019,5,2019-05-01
A_2024_00080,MM,201905,,,520015,동남권,100001,지수,86.1394441588605,지수,,서울>강남지역>동남권,지수,2019년 5월,2019,5,2019-05-01
A_2024_00080,MM,201905,,,510015,동부1권,100001,지수,98.1367431325967,지수,,경기>동부1권,지수,2019년 5월,2019,5,2019-05-01
A_2024_00080,MM,201905,,,510016,동부2권,100001,지수,105.937675177753,지수,,경기>동부2권,지수,2019년 5월,2019,5,2019-05-01
A_2024_00080,MM,201905,,,510022,동부산권,100001,지수,105.686777423301,지수,,부산>동부산권,지수,2019년 5월,2019,5,2019-05-01
A_2024_00080,MM,201905,,,520011,동북권,100001,지수,92.7152512814112,지수,,서울>강북지역>동북권,지수,2019년 5월,2019,5,2019-05-01
A_2024_00080,MM,201905,,,500011,부산,100001,지수,103.889835726645,지수,,부산,지수,2019년 5월,2019,5,2019-05-01
A_2024_00080,MM,201905,,,520014,서남권,100001,지수,95.0941135860556,지수,,서울>강남지역>서남권,지수,2019년 5월,2019,5,2019-05-01
A_2024_00080,MM,201905,,,510023,서부산권,100001,지수,104.868011033396,지수,,부산>서부산권,지수,2019년 5월,2019,5,2019-05-01
A_2024_00080,MM,201905,,,520012,서북권,100001,지수,90.4784147399548,지수,,서울>강북지역>서북권,지수,2019년 5월,2019,5,2019-05-01
A_2024_00080,MM,201905,,,500008,서울,100001,지수,91.4839149243862,지수,,서울,지수,2019년 5월,2019,5,2019-05-01
A_2024_00080,MM,201905,,,510014,서해안권,100001,지수,97.3316030605792,지수,,경기>서해안권,지수,2019년 5월,2019,5,2019-05-01
A_2024_00080,MM,201905,,,500016,세종,100001,지수,102.522638939483,지수,,세종,지수,2019년 5월,2019,5,2019-05-01
A_2024_00080,MM,201905,,,500002,수도권,100001,지수,95.6328661634849,지수,,수도권,지수,2019년 5월,2019,5,2019-05-01
A_2024_00080,MM,201905,,,500015,울산,100001,지수,107.318858743921,지수,,울산,지수,2019년 5월,2019,5,2019-05-01
A_2024_00080,MM,201905,,,500010,인천,100001,지수,102.261145180211,지수,,인천,지수,2019년 5월,2019,5,2019-05-01
A_2024_00080,MM,201905,,,500001,전국,100001,지수,98.1437054303476,지수,,전국,지수,2019년 5월,2019,5,2019-05-01
A_2024_00080,MM,201905,,,500021,전남,100001,지수,103.256000532745,지수,,전남광주>전남,지수,2019년 5월,2019,5,2019-05-01
A_2024_00080,MM,201905,,,500020,전북,100001,지수,108.309194159009,지수,,전북,지수,2019년 5월,2019,5,2019-05-01
A_2024_00080,MM,201905,,,500024,제주,100001,지수,108.787594588797,지수,,제주,지수,2019년 5월,2019,5,2019-05-01
A_2024_00080,MM,201905,,,510021,중부산권,100001,지수,102.566136173769,지수,,부산>중부산권,지수,2019년 5월,2019,5,2019-05-01
A_2024_00080,MM,201905,,,500003,지방권,100001,지수,104.921166267171,지수,,지방권,지수,2019년 5월,2019,5,2019-05-01
A_2024_00080,MM,201905,,,500019,충남,100001,지수,110.016841741215,지수,,충남,지수,2019년 5월,2019,5,2019-05-01
A_2024_00080,MM,201905,,,500018,충북,100001,지수,101.758217478354,지수,,충북,지수,2019년 5월,2019,5,2019-05-01
A_2024_00080,MM,201906,,,500005,5대광역시,100001,지수,103.091513402629,지수,,5대광역시,지수,2019년 6월,2019,6,2019-06-01
A_2024_00080,MM,201906,,,500004,6대광역시,100001,지수,102.705136506166,지수,,6대광역시,지수,2019년 6월,2019,6,2019-06-01
A_2024_00080,MM,201906,,,500007,8개도,100001,지수,106.26461853195,지수,,8개도,지수,2019년 6월,2019,6,2019-06-01
A_2024_00080,MM,201906,,,500006,9개도,100001,지수,100.812483576159,지수,,9개도,지수,2019년 6월,2019,6,2019-06-01
A_2024_00080,MM,201906,,,510010,강남지역,100001,지수,91.3835857322138,지수,,서울>강남지역,지수,2019년 6월,2019,6,2019-06-01
A_2024_00080,MM,201906,,,510009,강북지역,100001,지수,91.4111462152181,지수,,서울>강북지역,지수,2019년 6월,2019,6,2019-06-01
A_2024_00080,MM,201906,,,500017,강원,100001,지수,100.791817767842,지수,,강원,지수,2019년 6월,2019,6,2019-06-01
A_2024_00080,MM,201906,,,500009,경기,100001,지수,98.1758954801539,지수,,경기,지수,2019년 6월,2019,6,2019-06-01
A_2024_00080,MM,201906,,,500023,경남,100001,지수,109.665138804303,지수,,경남,지수,2019년 6월,2019,6,2019-06-01
A_2024_00080,MM,201906,,,510012,경부1권,100001,지수,91.8277997618177,지수,,경기>경부1권,지수,2019년 6월,2019,6,2019-06-01
A_2024_00080,MM,201906,,,510013,경부2권,100001,지수,97.9480017785919,지수,,경기>경부2권,지수,2019년 6월,2019,6,2019-06-01
A_2024_00080,MM,201906,,,500022,경북,100001,지수,103.90656547094,지수,,경북,지수,2019년 6월,2019,6,2019-06-01
A_2024_00080,MM,201906,,,510018,경원권,100001,지수,105.662936254755,지수,,경기>경원권,지수,2019년 6월,2019,6,2019-06-01
A_2024_00080,MM,201906,,,510017,경의권,100001,지수,103.363174704061,지수,,경기>경의권,지수,2019년 6월,2019,6,2019-06-01
A_2024_00080,MM,201906,,,500013,광주,100001,지수,102.613025910503,지수,,전남광주>광주,지수,2019년 6월,2019,6,2019-06-01
A_2024_00080,MM,201906,,,500012,대구,100001,지수,106.944226671936,지수,,대구,지수,2019년 6월,2019,6,2019-06-01
A_2024_00080,MM,201906,,,500014,대전,100001,지수,93.1962648955482,지수,,대전,지수,2019년 6월,2019,6,2019-06-01
A_2024_00080,MM,201906,,,520010,도심권,100001,지수,88.4166704468584,지수,,서울>강북지역>도심권,지수,2019년 6월,2019,6,2019-06-01
A_2024_00080,MM,201906,,,520015,동남권,100001,지수,86.0805351665192,지수,,서울>강남지역>동남권,지수,2019년 6월,2019,6,2019-06-01
A_2024_00080,MM,201906,,,510015,동부1권,100001,지수,98.1255597597877,지수,,경기>동부1권,지수,2019년 6월,2019,6,2019-06-01
A_2024_00080,MM,201906,,,510016,동부2권,100001,지수,105.697465520959,지수,,경기>동부2권,지수,2019년 6월,2019,6,2019-06-01
A_2024_00080,MM,201906,,,510022,동부산권,100001,지수,105.516855048801,지수,,부산>동부산권,지수,2019년 6월,2019,6,2019-06-01
A_2024_00080,MM,201906,,,520011,동북권,100001,지수,92.6224989755902,지수,,서울>강북지역>동북권,지수,2019년 6월,2019,6,2019-06-01
A_2024_00080,MM,201906,,,500011,부산,100001,지수,103.690447979595,지수,,부산,지수,2019년 6월,2019,6,2019-06-01
A_2024_00080,MM,201906,,,520014,서남권,100001,지수,94.9793256110936,지수,,서울>강남지역>서남권,지수,2019년 6월,2019,6,2019-06-01
A_2024_00080,MM,201906,,,510023,서부산권,100001,지수,104.688642563189,지수,,부산>서부산권,지수,2019년 6월,2019,6,2019-06-01
A_2024_00080,MM,201906,,,520012,서북권,100001,지수,90.4358991285385,지수,,서울>강북지역>서북권,지수,2019년 6월,2019,6,2019-06-01
A_2024_00080,MM,201906,,,500008,서울,100001,지수,91.3973486153767,지수,,서울,지수,2019년 6월,2019,6,2019-06-01
A_2024_00080,MM,201906,,,510014,서해안권,100001,지수,97.0948504189388,지수,,경기>서해안권,지수,2019년 6월,2019,6,2019-06-01
A_2024_00080,MM,201906,,,500016,세종,100001,지수,102.46049873299,지수,,세종,지수,2019년 6월,2019,6,2019-06-01
A_2024_00080,MM,201906,,,500002,수도권,100001,지수,95.5135510066082,지수,,수도권,지수,2019년 6월,2019,6,2019-06-01
A_2024_00080,MM,201906,,,500015,울산,100001,지수,106.733982510923,지수,,울산,지수,2019년 6월,2019,6,2019-06-01
A_2024_00080,MM,201906,,,500010,인천,100001,지수,102.184767584187,지수,,인천,지수,2019년 6월,2019,6,2019-06-01
A_2024_00080,MM,201906,,,500001,전국,100001,지수,97.9984293127414,지수,,전국,지수,2019년 6월,2019,6,2019-06-01
A_2024_00080,MM,201906,,,500021,전남,100001,지수,103.345825573513,지수,,전남광주>전남,지수,2019년 6월,2019,6,2019-06-01
A_2024_00080,MM,201906,,,500020,전북,100001,지수,108.053671665379,지수,,전북,지수,2019년 6월,2019,6,2019-06-01
A_2024_00080,MM,201906,,,500024,제주,100001,지수,108.57451474344,지수,,제주,지수,2019년 6월,2019,6,2019-06-01
A_2024_00080,MM,201906,,,510021,중부산권,100001,지수,102.343486570892,지수,,부산>중부산권,지수,2019년 6월,2019,6,2019-06-01
A_2024_00080,MM,201906,,,500003,지방권,100001,지수,104.704880535433,지수,,지방권,지수,2019년 6월,2019,6,2019-06-01
A_2024_00080,MM,201906,,,500019,충남,100001,지수,109.569688480933,지수,,충남,지수,2019년 6월,2019,6,2019-06-01
A_2024_00080,MM,201906,,,500018,충북,100001,지수,101.513481914014,지수,,충북,지수,2019년 6월,2019,6,2019-06-01
A_2024_00080,MM,201907,,,500005,5대광역시,100001,지수,102.982684156115,지수,,5대광역시,지수,2019년 7월,2019,7,2019-07-01
A_2024_00080,MM,201907,,,500004,6대광역시,100001,지수,102.593983482951,지수,,6대광역시,지수,2019년 7월,2019,7,2019-07-01
A_2024_00080,MM,201907,,,500007,8개도,100001,지수,105.928005747332,지수,,8개도,지수,2019년 7월,2019,7,2019-07-01
A_2024_00080,MM,201907,,,500006,9개도,100001,지수,100.63041877326,지수,,9개도,지수,2019년 7월,2019,7,2019-07-01
A_2024_00080,MM,201907,,,510010,강남지역,100001,지수,91.3286533208917,지수,,서울>강남지역,지수,2019년 7월,2019,7,2019-07-01
A_2024_00080,MM,201907,,,510009,강북지역,100001,지수,91.3837666061993,지수,,서울>강북지역,지수,2019년 7월,2019,7,2019-07-01
A_2024_00080,MM,201907,,,500017,강원,100001,지수,100.522765426151,지수,,강원,지수,2019년 7월,2019,7,2019-07-01
A_2024_00080,MM,201907,,,500009,경기,100001,지수,98.0672035864907,지수,,경기,지수,2019년 7월,2019,7,2019-07-01
A_2024_00080,MM,201907,,,500023,경남,100001,지수,109.220397963724,지수,,경남,지수,2019년 7월,2019,7,2019-07-01
A_2024_00080,MM,201907,,,510012,경부1권,100001,지수,91.7507237879227,지수,,경기>경부1권,지수,2019년 7월,2019,7,2019-07-01
A_2024_00080,MM,201907,,,510013,경부2권,100001,지수,97.8863709132217,지수,,경기>경부2권,지수,2019년 7월,2019,7,2019-07-01
A_2024_00080,MM,201907,,,500022,경북,100001,지수,103.46056834153,지수,,경북,지수,2019년 7월,2019,7,2019-07-01
A_2024_00080,MM,201907,,,510018,경원권,100001,지수,105.508531674397,지수,,경기>경원권,지수,2019년 7월,2019,7,2019-07-01
A_2024_00080,MM,201907,,,510017,경의권,100001,지수,103.031075764734,지수,,경기>경의권,지수,2019년 7월,2019,7,2019-07-01
A_2024_00080,MM,201907,,,500013,광주,100001,지수,102.624186513773,지수,,전남광주>광주,지수,2019년 7월,2019,7,2019-07-01
A_2024_00080,MM,201907,,,500012,대구,100001,지수,106.966210752041,지수,,대구,지수,2019년 7월,2019,7,2019-07-01
A_2024_00080,MM,201907,,,500014,대전,100001,지수,93.4341004947099,지수,,대전,지수,2019년 7월,2019,7,2019-07-01
A_2024_00080,MM,201907,,,520010,도심권,100001,지수,88.4177525383356,지수,,서울>강북지역>도심권,지수,2019년 7월,2019,7,2019-07-01
A_2024_00080,MM,201907,,,520015,동남권,100001,지수,86.0413712867443,지수,,서울>강남지역>동남권,지수,2019년 7월,2019,7,2019-07-01
A_2024_00080,MM,201907,,,510015,동부1권,100001,지수,98.0651240769937,지수,,경기>동부1권,지수,2019년 7월,2019,7,2019-07-01
A_2024_00080,MM,201907,,,510016,동부2권,100001,지수,105.523858852501,지수,,경기>동부2권,지수,2019년 7월,2019,7,2019-07-01
A_2024_00080,MM,201907,,,510022,동부산권,100001,지수,105.290900320279,지수,,부산>동부산권,지수,2019년 7월,2019,7,2019-07-01
A_2024_00080,MM,201907,,,520011,동북권,100001,지수,92.5605083768041,지수,,서울>강북지역>동북권,지수,2019년 7월,2019,7,2019-07-01
A_2024_00080,MM,201907,,,500011,부산,100001,지수,103.491836579176,지수,,부산,지수,2019년 7월,2019,7,2019-07-01
A_2024_00080,MM,201907,,,520014,서남권,100001,지수,94.9131785935502,지수,,서울>강남지역>서남권,지수,2019년 7월,2019,7,2019-07-01
A_2024_00080,MM,201907,,,510023,서부산권,100001,지수,104.563015997544,지수,,부산>서부산권,지수,2019년 7월,2019,7,2019-07-01
A_2024_00080,MM,201907,,,520012,서북권,100001,지수,90.4514705399836,지수,,서울>강북지역>서북권,지수,2019년 7월,2019,7,2019-07-01
A_2024_00080,MM,201907,,,500008,서울,100001,지수,91.3558065727535,지수,,서울,지수,2019년 7월,2019,7,2019-07-01
A_2024_00080,MM,201907,,,510014,서해안권,100001,지수,97.0039538492424,지수,,경기>서해안권,지수,2019년 7월,2019,7,2019-07-01
A_2024_00080,MM,201907,,,500016,세종,100001,지수,101.965590495173,지수,,세종,지수,2019년 7월,2019,7,2019-07-01
A_2024_00080,MM,201907,,,500002,수도권,100001,지수,95.4360548841643,지수,,수도권,지수,2019년 7월,2019,7,2019-07-01
A_2024_00080,MM,201907,,,500015,울산,100001,지수,106.322940295253,지수,,울산,지수,2019년 7월,2019,7,2019-07-01
A_2024_00080,MM,201907,,,500010,인천,100001,지수,102.0705081589,지수,,인천,지수,2019년 7월,2019,7,2019-07-01
A_2024_00080,MM,201907,,,500001,전국,100001,지수,97.8812556179011,지수,,전국,지수,2019년 7월,2019,7,2019-07-01
A_2024_00080,MM,201907,,,500021,전남,100001,지수,103.343912200276,지수,,전남광주>전남,지수,2019년 7월,2019,7,2019-07-01
A_2024_00080,MM,201907,,,500020,전북,100001,지수,107.84833366891,지수,,전북,지수,2019년 7월,2019,7,2019-07-01
A_2024_00080,MM,201907,,,500024,제주,100001,지수,108.202797706644,지수,,제주,지수,2019년 7월,2019,7,2019-07-01
A_2024_00080,MM,201907,,,510021,중부산권,100001,지수,102.133505165989,지수,,부산>중부산권,지수,2019년 7월,2019,7,2019-07-01
A_2024_00080,MM,201907,,,500003,지방권,100001,지수,104.479174997855,지수,,지방권,지수,2019년 7월,2019,7,2019-07-01
A_2024_00080,MM,201907,,,500019,충남,100001,지수,109.233887435271,지수,,충남,지수,2019년 7월,2019,7,2019-07-01
A_2024_00080,MM,201907,,,500018,충북,100001,지수,101.246007435413,지수,,충북,지수,2019년 7월,2019,7,2019-07-01
A_2024_00080,MM,201908,,,500005,5대광역시,100001,지수,102.879685437787,지수,,5대광역시,지수,2019년 8월,2019,8,2019-08-01
A_2024_00080,MM,201908,,,500004,6대광역시,100001,지수,102.521787925438,지수,,6대광역시,지수,2019년 8월,2019,8,2019-08-01
A_2024_00080,MM,201908,,,500007,8개도,100001,지수,105.627306799519,지수,,8개도,지수,2019년 8월,2019,8,2019-08-01
A_2024_00080,MM,201908,,,500006,9개도,100001,지수,100.441955161281,지수,,9개도,지수,2019년 8월,2019,8,2019-08-01
A_2024_00080,MM,201908,,,510010,강남지역,100001,지수,91.3478235615629,지수,,서울>강남지역,지수,2019년 8월,2019,8,2019-08-01
A_2024_00080,MM,201908,,,510009,강북지역,100001,지수,91.3873865357836,지수,,서울>강북지역,지수,2019년 8월,2019,8,2019-08-01
A_2024_00080,MM,201908,,,500017,강원,100001,지수,100.296189406364,지수,,강원,지수,2019년 8월,2019,8,2019-08-01
A_2024_00080,MM,201908,,,500009,경기,100001,지수,97.9321389894182,지수,,경기,지수,2019년 8월,2019,8,2019-08-01
A_2024_00080,MM,201908,,,500023,경남,100001,지수,108.74865505792,지수,,경남,지수,2019년 8월,2019,8,2019-08-01
A_2024_00080,MM,201908,,,510012,경부1권,100001,지수,91.756860539124,지수,,경기>경부1권,지수,2019년 8월,2019,8,2019-08-01
A_2024_00080,MM,201908,,,510013,경부2권,100001,지수,97.8844423792672,지수,,경기>경부2권,지수,2019년 8월,2019,8,2019-08-01
A_2024_00080,MM,201908,,,500022,경북,100001,지수,103.245434069292,지수,,경북,지수,2019년 8월,2019,8,2019-08-01
A_2024_00080,MM,201908,,,510018,경원권,100001,지수,105.337030517568,지수,,경기>경원권,지수,2019년 8월,2019,8,2019-08-01
A_2024_00080,MM,201908,,,510017,경의권,100001,지수,102.849396227264,지수,,경기>경의권,지수,2019년 8월,2019,8,2019-08-01
A_2024_00080,MM,201908,,,500013,광주,100001,지수,102.64301108605,지수,,전남광주>광주,지수,2019년 8월,2019,8,2019-08-01
A_2024_00080,MM,201908,,,500012,대구,100001,지수,107.001394478513,지수,,대구,지수,2019년 8월,2019,8,2019-08-01
A_2024_00080,MM,201908,,,500014,대전,100001,지수,93.7026269038105,지수,,대전,지수,2019년 8월,2019,8,2019-08-01
A_2024_00080,MM,201908,,,520010,도심권,100001,지수,88.3975151300245,지수,,서울>강북지역>도심권,지수,2019년 8월,2019,8,2019-08-01
A_2024_00080,MM,201908,,,520015,동남권,100001,지수,86.1117744907948,지수,,서울>강남지역>동남권,지수,2019년 8월,2019,8,2019-08-01
A_2024_00080,MM,201908,,,510015,동부1권,100001,지수,98.0048099348007,지수,,경기>동부1권,지수,2019년 8월,2019,8,2019-08-01
A_2024_00080,MM,201908,,,510016,동부2권,100001,지수,105.364161168892,지수,,경기>동부2권,지수,2019년 8월,2019,8,2019-08-01
A_2024_00080,MM,201908,,,510022,동부산권,100001,지수,105.122144154562,지수,,부산>동부산권,지수,2019년 8월,2019,8,2019-08-01
A_2024_00080,MM,201908,,,520011,동북권,100001,지수,92.5513372793903,지수,,서울>강북지역>동북권,지수,2019년 8월,2019,8,2019-08-01
A_2024_00080,MM,201908,,,500011,부산,100001,지수,103.305332573162,지수,,부산,지수,2019년 8월,2019,8,2019-08-01
A_2024_00080,MM,201908,,,520014,서남권,100001,지수,94.8954587579612,지수,,서울>강남지역>서남권,지수,2019년 8월,2019,8,2019-08-01
A_2024_00080,MM,201908,,,510023,서부산권,100001,지수,104.411004474061,지수,,부산>서부산권,지수,2019년 8월,2019,8,2019-08-01
A_2024_00080,MM,201908,,,520012,서북권,100001,지수,90.4823029686445,지수,,서울>강북지역>서북권,지수,2019년 8월,2019,8,2019-08-01
A_2024_00080,MM,201908,,,500008,서울,100001,지수,91.3674197354541,지수,,서울,지수,2019년 8월,2019,8,2019-08-01
A_2024_00080,MM,201908,,,510014,서해안권,100001,지수,96.7597549379491,지수,,경기>서해안권,지수,2019년 8월,2019,8,2019-08-01
A_2024_00080,MM,201908,,,500016,세종,100001,지수,101.399853055016,지수,,세종,지수,2019년 8월,2019,8,2019-08-01
A_2024_00080,MM,201908,,,500002,수도권,100001,지수,95.3846576978567,지수,,수도권,지수,2019년 8월,2019,8,2019-08-01
A_2024_00080,MM,201908,,,500015,울산,100001,지수,105.832769576197,지수,,울산,지수,2019년 8월,2019,8,2019-08-01
A_2024_00080,MM,201908,,,500010,인천,100001,지수,102.039552218204,지수,,인천,지수,2019년 8월,2019,8,2019-08-01
A_2024_00080,MM,201908,,,500001,전국,100001,지수,97.7887100789441,지수,,전국,지수,2019년 8월,2019,8,2019-08-01
A_2024_00080,MM,201908,,,500021,전남,100001,지수,103.339817615044,지수,,전남광주>전남,지수,2019년 8월,2019,8,2019-08-01
A_2024_00080,MM,201908,,,500020,전북,100001,지수,107.690864910314,지수,,전북,지수,2019년 8월,2019,8,2019-08-01
A_2024_00080,MM,201908,,,500024,제주,100001,지수,107.725906530564,지수,,제주,지수,2019년 8월,2019,8,2019-08-01
A_2024_00080,MM,201908,,,510021,중부산권,100001,지수,101.924935925734,지수,,부산>중부산권,지수,2019년 8월,2019,8,2019-08-01
A_2024_00080,MM,201908,,,500003,지방권,100001,지수,104.2741928523,지수,,지방권,지수,2019년 8월,2019,8,2019-08-01
A_2024_00080,MM,201908,,,500019,충남,100001,지수,108.925977640633,지수,,충남,지수,2019년 8월,2019,8,2019-08-01
A_2024_00080,MM,201908,,,500018,충북,100001,지수,100.938398308068,지수,,충북,지수,2019년 8월,2019,8,2019-08-01
A_2024_00080,MM,201909,,,500005,5대광역시,100001,지수,102.809635531478,지수,,5대광역시,지수,2019년 9월,2019,9,2019-09-01
A_2024_00080,MM,201909,,,500004,6대광역시,100001,지수,102.514233696119,지수,,6대광역시,지수,2019년 9월,2019,9,2019-09-01
A_2024_00080,MM,201909,,,500007,8개도,100001,지수,105.31476700493,지수,,8개도,지수,2019년 9월,2019,9,2019-09-01
A_2024_00080,MM,201909,,,500006,9개도,100001,지수,100.326448252899,지수,,9개도,지수,2019년 9월,2019,9,2019-09-01
A_2024_00080,MM,201909,,,510010,강남지역,100001,지수,91.3845916480549,지수,,서울>강남지역,지수,2019년 9월,2019,9,2019-09-01
A_2024_00080,MM,201909,,,510009,강북지역,100001,지수,91.4150659876526,지수,,서울>강북지역,지수,2019년 9월,2019,9,2019-09-01
A_2024_00080,MM,201909,,,500017,강원,100001,지수,100.055590934348,지수,,강원,지수,2019년 9월,2019,9,2019-09-01
A_2024_00080,MM,201909,,,500009,경기,100001,지수,97.9104665749623,지수,,경기,지수,2019년 9월,2019,9,2019-09-01
A_2024_00080,MM,201909,,,500023,경남,100001,지수,108.164801535683,지수,,경남,지수,2019년 9월,2019,9,2019-09-01
A_2024_00080,MM,201909,,,510012,경부1권,100001,지수,91.8036996629937,지수,,경기>경부1권,지수,2019년 9월,2019,9,2019-09-01
A_2024_00080,MM,201909,,,510013,경부2권,100001,지수,97.9497343127267,지수,,경기>경부2권,지수,2019년 9월,2019,9,2019-09-01
A_2024_00080,MM,201909,,,500022,경북,100001,지수,103.013909031903,지수,,경북,지수,2019년 9월,2019,9,2019-09-01
A_2024_00080,MM,201909,,,510018,경원권,100001,지수,105.15980082458,지수,,경기>경원권,지수,2019년 9월,2019,9,2019-09-01
A_2024_00080,MM,201909,,,510017,경의권,100001,지수,102.689318378327,지수,,경기>경의권,지수,2019년 9월,2019,9,2019-09-01
A_2024_00080,MM,201909,,,500013,광주,100001,지수,102.812536805165,지수,,전남광주>광주,지수,2019년 9월,2019,9,2019-09-01
A_2024_00080,MM,201909,,,500012,대구,100001,지수,107.115442217574,지수,,대구,지수,2019년 9월,2019,9,2019-09-01
A_2024_00080,MM,201909,,,500014,대전,100001,지수,93.8914958059214,지수,,대전,지수,2019년 9월,2019,9,2019-09-01
A_2024_00080,MM,201909,,,520010,도심권,100001,지수,88.4202734654756,지수,,서울>강북지역>도심권,지수,2019년 9월,2019,9,2019-09-01
A_2024_00080,MM,201909,,,520015,동남권,100001,지수,86.2140731887831,지수,,서울>강남지역>동남권,지수,2019년 9월,2019,9,2019-09-01
A_2024_00080,MM,201909,,,510015,동부1권,100001,지수,97.9957025232969,지수,,경기>동부1권,지수,2019년 9월,2019,9,2019-09-01
A_2024_00080,MM,201909,,,510016,동부2권,100001,지수,105.130094334992,지수,,경기>동부2권,지수,2019년 9월,2019,9,2019-09-01
A_2024_00080,MM,201909,,,510022,동부산권,100001,지수,104.853725265325,지수,,부산>동부산권,지수,2019년 9월,2019,9,2019-09-01
A_2024_00080,MM,201909,,,520011,동북권,100001,지수,92.5744726836814,지수,,서울>강북지역>동북권,지수,2019년 9월,2019,9,2019-09-01
A_2024_00080,MM,201909,,,500011,부산,100001,지수,103.104768705093,지수,,부산,지수,2019년 9월,2019,9,2019-09-01
A_2024_00080,MM,201909,,,520014,서남권,100001,지수,94.8850685339591,지수,,서울>강남지역>서남권,지수,2019년 9월,2019,9,2019-09-01
A_2024_00080,MM,201909,,,510023,서부산권,100001,지수,104.317924061274,지수,,부산>서부산권,지수,2019년 9월,2019,9,2019-09-01
A_2024_00080,MM,201909,,,520012,서북권,100001,지수,90.5184409285535,지수,,서울>강북지역>서북권,지수,2019년 9월,2019,9,2019-09-01
A_2024_00080,MM,201909,,,500008,서울,100001,지수,91.3997707601905,지수,,서울,지수,2019년 9월,2019,9,2019-09-01
A_2024_00080,MM,201909,,,510014,서해안권,100001,지수,96.7509545991288,지수,,경기>서해안권,지수,2019년 9월,2019,9,2019-09-01
A_2024_00080,MM,201909,,,500016,세종,100001,지수,101.108220172897,지수,,세종,지수,2019년 9월,2019,9,2019-09-01
A_2024_00080,MM,201909,,,500002,수도권,100001,지수,95.4017433552716,지수,,수도권,지수,2019년 9월,2019,9,2019-09-01
A_2024_00080,MM,201909,,,500015,울산,100001,지수,105.672202353302,지수,,울산,지수,2019년 9월,2019,9,2019-09-01
A_2024_00080,MM,201909,,,500010,인천,100001,지수,102.115752598429,지수,,인천,지수,2019년 9월,2019,9,2019-09-01
A_2024_00080,MM,201909,,,500001,전국,100001,지수,97.7491787203158,지수,,전국,지수,2019년 9월,2019,9,2019-09-01
A_2024_00080,MM,201909,,,500021,전남,100001,지수,103.205981196192,지수,,전남광주>전남,지수,2019년 9월,2019,9,2019-09-01
A_2024_00080,MM,201909,,,500020,전북,100001,지수,107.487152907098,지수,,전북,지수,2019년 9월,2019,9,2019-09-01
A_2024_00080,MM,201909,,,500024,제주,100001,지수,107.376610585458,지수,,제주,지수,2019년 9월,2019,9,2019-09-01
A_2024_00080,MM,201909,,,510021,중부산권,100001,지수,101.722709954983,지수,,부산>중부산권,지수,2019년 9월,2019,9,2019-09-01
A_2024_00080,MM,201909,,,500003,지방권,100001,지수,104.080141399948,지수,,지방권,지수,2019년 9월,2019,9,2019-09-01
A_2024_00080,MM,201909,,,500019,충남,100001,지수,108.654230160597,지수,,충남,지수,2019년 9월,2019,9,2019-09-01
A_2024_00080,MM,201909,,,500018,충북,100001,지수,100.624117709951,지수,,충북,지수,2019년 9월,2019,9,2019-09-01
A_2024_00080,MM,201910,,,500005,5대광역시,100001,지수,102.741335161218,지수,,5대광역시,지수,2019년 10월,2019,10,2019-10-01
A_2024_00080,MM,201910,,,500004,6대광역시,100001,지수,102.539239399684,지수,,6대광역시,지수,2019년 10월,2019,10,2019-10-01
A_2024_00080,MM,201910,,,500007,8개도,100001,지수,104.983551121135,지수,,8개도,지수,2019년 10월,2019,10,2019-10-01
A_2024_00080,MM,201910,,,500006,9개도,100001,지수,100.236920072526,지수,,9개도,지수,2019년 10월,2019,10,2019-10-01
A_2024_00080,MM,201910,,,510010,강남지역,100001,지수,91.5478875526918,지수,,서울>강남지역,지수,2019년 10월,2019,10,2019-10-01
A_2024_00080,MM,201910,,,510009,강북지역,100001,지수,91.5157185238487,지수,,서울>강북지역,지수,2019년 10월,2019,10,2019-10-01
A_2024_00080,MM,201910,,,500017,강원,100001,지수,99.5392077597099,지수,,강원,지수,2019년 10월,2019,10,2019-10-01
A_2024_00080,MM,201910,,,500009,경기,100001,지수,97.9363657170322,지수,,경기,지수,2019년 10월,2019,10,2019-10-01
A_2024_00080,MM,201910,,,500023,경남,100001,지수,107.614066061673,지수,,경남,지수,2019년 10월,2019,10,2019-10-01
A_2024_00080,MM,201910,,,510012,경부1권,100001,지수,92.004165572791,지수,,경기>경부1권,지수,2019년 10월,2019,10,2019-10-01
A_2024_00080,MM,201910,,,510013,경부2권,100001,지수,98.0138742323247,지수,,경기>경부2권,지수,2019년 10월,2019,10,2019-10-01
A_2024_00080,MM,201910,,,500022,경북,100001,지수,102.557885237312,지수,,경북,지수,2019년 10월,2019,10,2019-10-01
A_2024_00080,MM,201910,,,510018,경원권,100001,지수,105.133897779654,지수,,경기>경원권,지수,2019년 10월,2019,10,2019-10-01
A_2024_00080,MM,201910,,,510017,경의권,100001,지수,102.701267264398,지수,,경기>경의권,지수,2019년 10월,2019,10,2019-10-01
A_2024_00080,MM,201910,,,500013,광주,100001,지수,102.817705827165,지수,,전남광주>광주,지수,2019년 10월,2019,10,2019-10-01
A_2024_00080,MM,201910,,,500012,대구,100001,지수,107.157349639083,지수,,대구,지수,2019년 10월,2019,10,2019-10-01
A_2024_00080,MM,201910,,,500014,대전,100001,지수,94.2456431817828,지수,,대전,지수,2019년 10월,2019,10,2019-10-01
A_2024_00080,MM,201910,,,520010,도심권,100001,지수,88.5328036639077,지수,,서울>강북지역>도심권,지수,2019년 10월,2019,10,2019-10-01
A_2024_00080,MM,201910,,,520015,동남권,100001,지수,86.4266913818419,지수,,서울>강남지역>동남권,지수,2019년 10월,2019,10,2019-10-01
A_2024_00080,MM,201910,,,510015,동부1권,100001,지수,98.0025445642333,지수,,경기>동부1권,지수,2019년 10월,2019,10,2019-10-01
A_2024_00080,MM,201910,,,510016,동부2권,100001,지수,104.87197619172,지수,,경기>동부2권,지수,2019년 10월,2019,10,2019-10-01
A_2024_00080,MM,201910,,,510022,동부산권,100001,지수,104.577370178997,지수,,부산>동부산권,지수,2019년 10월,2019,10,2019-10-01
A_2024_00080,MM,201910,,,520011,동북권,100001,지수,92.6705816688275,지수,,서울>강북지역>동북권,지수,2019년 10월,2019,10,2019-10-01
A_2024_00080,MM,201910,,,500011,부산,100001,지수,102.918355575847,지수,,부산,지수,2019년 10월,2019,10,2019-10-01
A_2024_00080,MM,201910,,,520014,서남권,100001,지수,95.0126039897391,지수,,서울>강남지역>서남권,지수,2019년 10월,2019,10,2019-10-01
A_2024_00080,MM,201910,,,510023,서부산권,100001,지수,104.143669356999,지수,,부산>서부산권,지수,2019년 10월,2019,10,2019-10-01
A_2024_00080,MM,201910,,,520012,서북권,100001,지수,90.6218994546597,지수,,서울>강북지역>서북권,지수,2019년 10월,2019,10,2019-10-01
A_2024_00080,MM,201910,,,500008,서울,100001,지수,91.5326155835724,지수,,서울,지수,2019년 10월,2019,10,2019-10-01
A_2024_00080,MM,201910,,,510014,서해안권,100001,지수,96.739581351563,지수,,경기>서해안권,지수,2019년 10월,2019,10,2019-10-01
A_2024_00080,MM,201910,,,500016,세종,100001,지수,100.930283477928,지수,,세종,지수,2019년 10월,2019,10,2019-10-01
A_2024_00080,MM,201910,,,500002,수도권,100001,지수,95.4951005970473,지수,,수도권,지수,2019년 10월,2019,10,2019-10-01
A_2024_00080,MM,201910,,,500015,울산,100001,지수,105.429320070818,지수,,울산,지수,2019년 10월,2019,10,2019-10-01
A_2024_00080,MM,201910,,,500010,인천,100001,지수,102.266026175365,지수,,인천,지수,2019년 10월,2019,10,2019-10-01
A_2024_00080,MM,201910,,,500001,전국,100001,지수,97.7630860218586,지수,,전국,지수,2019년 10월,2019,10,2019-10-01
A_2024_00080,MM,201910,,,500021,전남,100001,지수,103.301589783836,지수,,전남광주>전남,지수,2019년 10월,2019,10,2019-10-01
A_2024_00080,MM,201910,,,500020,전북,100001,지수,107.40678539868,지수,,전북,지수,2019년 10월,2019,10,2019-10-01
A_2024_00080,MM,201910,,,500024,제주,100001,지수,106.9802670444,지수,,제주,지수,2019년 10월,2019,10,2019-10-01
A_2024_00080,MM,201910,,,510021,중부산권,100001,지수,101.580927728063,지수,,부산>중부산권,지수,2019년 10월,2019,10,2019-10-01
A_2024_00080,MM,201910,,,500003,지방권,100001,지수,103.877698152727,지수,,지방권,지수,2019년 10월,2019,10,2019-10-01
A_2024_00080,MM,201910,,,500019,충남,100001,지수,108.486880322816,지수,,충남,지수,2019년 10월,2019,10,2019-10-01
A_2024_00080,MM,201910,,,500018,충북,100001,지수,100.442988824755,지수,,충북,지수,2019년 10월,2019,10,2019-10-01
A_2024_00080,MM,201911,,,500005,5대광역시,100001,지수,102.730574686817,지수,,5대광역시,지수,2019년 11월,2019,11,2019-11-01
A_2024_00080,MM,201911,,,500004,6대광역시,100001,지수,102.564465013385,지수,,6대광역시,지수,2019년 11월,2019,11,2019-11-01
A_2024_00080,MM,201911,,,500007,8개도,100001,지수,104.718177676911,지수,,8개도,지수,2019년 11월,2019,11,2019-11-01
A_2024_00080,MM,201911,,,500006,9개도,100001,지수,100.184288560619,지수,,9개도,지수,2019년 11월,2019,11,2019-11-01
A_2024_00080,MM,201911,,,510010,강남지역,100001,지수,91.7136827787131,지수,,서울>강남지역,지수,2019년 11월,2019,11,2019-11-01
A_2024_00080,MM,201911,,,510009,강북지역,100001,지수,91.7162473280914,지수,,서울>강북지역,지수,2019년 11월,2019,11,2019-11-01
A_2024_00080,MM,201911,,,500017,강원,100001,지수,99.3518566667338,지수,,강원,지수,2019년 11월,2019,11,2019-11-01
A_2024_00080,MM,201911,,,500009,경기,100001,지수,97.9856526167069,지수,,경기,지수,2019년 11월,2019,11,2019-11-01
A_2024_00080,MM,201911,,,500023,경남,100001,지수,107.30395245802,지수,,경남,지수,2019년 11월,2019,11,2019-11-01
A_2024_00080,MM,201911,,,510012,경부1권,100001,지수,92.244769996035,지수,,경기>경부1권,지수,2019년 11월,2019,11,2019-11-01
A_2024_00080,MM,201911,,,510013,경부2권,100001,지수,98.0384959769168,지수,,경기>경부2권,지수,2019년 11월,2019,11,2019-11-01
A_2024_00080,MM,201911,,,500022,경북,100001,지수,102.35410908686,지수,,경북,지수,2019년 11월,2019,11,2019-11-01
A_2024_00080,MM,201911,,,510018,경원권,100001,지수,105.039770419726,지수,,경기>경원권,지수,2019년 11월,2019,11,2019-11-01
A_2024_00080,MM,201911,,,510017,경의권,100001,지수,102.6164216115,지수,,경기>경의권,지수,2019년 11월,2019,11,2019-11-01
A_2024_00080,MM,201911,,,500013,광주,100001,지수,102.822702932112,지수,,전남광주>광주,지수,2019년 11월,2019,11,2019-11-01
A_2024_00080,MM,201911,,,500012,대구,100001,지수,107.274160915376,지수,,대구,지수,2019년 11월,2019,11,2019-11-01
A_2024_00080,MM,201911,,,500014,대전,100001,지수,94.7867755213306,지수,,대전,지수,2019년 11월,2019,11,2019-11-01
A_2024_00080,MM,201911,,,520010,도심권,100001,지수,88.7061202034017,지수,,서울>강북지역>도심권,지수,2019년 11월,2019,11,2019-11-01
A_2024_00080,MM,201911,,,520015,동남권,100001,지수,86.660289727643,지수,,서울>강남지역>동남권,지수,2019년 11월,2019,11,2019-11-01
A_2024_00080,MM,201911,,,510015,동부1권,100001,지수,98.1508882327456,지수,,경기>동부1권,지수,2019년 11월,2019,11,2019-11-01
A_2024_00080,MM,201911,,,510016,동부2권,100001,지수,104.578193548347,지수,,경기>동부2권,지수,2019년 11월,2019,11,2019-11-01
A_2024_00080,MM,201911,,,510022,동부산권,100001,지수,104.418551535013,지수,,부산>동부산권,지수,2019년 11월,2019,11,2019-11-01
A_2024_00080,MM,201911,,,520011,동북권,100001,지수,92.8747045854809,지수,,서울>강북지역>동북권,지수,2019년 11월,2019,11,2019-11-01
A_2024_00080,MM,201911,,,500011,부산,100001,지수,102.765315684239,지수,,부산,지수,2019년 11월,2019,11,2019-11-01
A_2024_00080,MM,201911,,,520014,서남권,100001,지수,95.1294453848196,지수,,서울>강남지역>서남권,지수,2019년 11월,2019,11,2019-11-01
A_2024_00080,MM,201911,,,510023,서부산권,100001,지수,103.996419074262,지수,,부산>서부산권,지수,2019년 11월,2019,11,2019-11-01
A_2024_00080,MM,201911,,,520012,서북권,100001,지수,90.8256892240627,지수,,서울>강북지역>서북권,지수,2019년 11월,2019,11,2019-11-01
A_2024_00080,MM,201911,,,500008,서울,100001,지수,91.715297231406,지수,,서울,지수,2019년 11월,2019,11,2019-11-01
A_2024_00080,MM,201911,,,510014,서해안권,100001,지수,96.775014225405,지수,,경기>서해안권,지수,2019년 11월,2019,11,2019-11-01
A_2024_00080,MM,201911,,,500016,세종,100001,지수,100.901024930255,지수,,세종,지수,2019년 11월,2019,11,2019-11-01
A_2024_00080,MM,201911,,,500002,수도권,100001,지수,95.6110391753991,지수,,수도권,지수,2019년 11월,2019,11,2019-11-01
A_2024_00080,MM,201911,,,500015,울산,100001,지수,105.198230470487,지수,,울산,지수,2019년 11월,2019,11,2019-11-01
A_2024_00080,MM,201911,,,500010,인천,100001,지수,102.339636187389,지수,,인천,지수,2019년 11월,2019,11,2019-11-01
A_2024_00080,MM,201911,,,500001,전국,100001,지수,97.810008562167,지수,,전국,지수,2019년 11월,2019,11,2019-11-01
A_2024_00080,MM,201911,,,500021,전남,100001,지수,103.50311787859,지수,,전남광주>전남,지수,2019년 11월,2019,11,2019-11-01
A_2024_00080,MM,201911,,,500020,전북,100001,지수,107.236556056976,지수,,전북,지수,2019년 11월,2019,11,2019-11-01
A_2024_00080,MM,201911,,,500024,제주,100001,지수,106.499046111097,지수,,제주,지수,2019년 11월,2019,11,2019-11-01
A_2024_00080,MM,201911,,,510021,중부산권,100001,지수,101.428950282594,지수,,부산>중부산권,지수,2019년 11월,2019,11,2019-11-01
A_2024_00080,MM,201911,,,500003,지방권,100001,지수,103.737184465414,지수,,지방권,지수,2019년 11월,2019,11,2019-11-01
A_2024_00080,MM,201911,,,500019,충남,100001,지수,108.046383328316,지수,,충남,지수,2019년 11월,2019,11,2019-11-01
A_2024_00080,MM,201911,,,500018,충북,100001,지수,100.256837321279,지수,,충북,지수,2019년 11월,2019,11,2019-11-01
A_2024_00080,MM,201912,,,500005,5대광역시,100001,지수,102.722342863731,지수,,5대광역시,지수,2019년 12월,2019,12,2019-12-01
A_2024_00080,MM,201912,,,500004,6대광역시,100001,지수,102.649738703311,지수,,6대광역시,지수,2019년 12월,2019,12,2019-12-01
A_2024_00080,MM,201912,,,500007,8개도,100001,지수,104.413174021536,지수,,8개도,지수,2019년 12월,2019,12,2019-12-01
A_2024_00080,MM,201912,,,500006,9개도,100001,지수,100.056610444257,지수,,9개도,지수,2019년 12월,2019,12,2019-12-01
A_2024_00080,MM,201912,,,510010,강남지역,100001,지수,92.0932558715581,지수,,서울>강남지역,지수,2019년 12월,2019,12,2019-12-01
A_2024_00080,MM,201912,,,510009,강북지역,100001,지수,91.9958639030849,지수,,서울>강북지역,지수,2019년 12월,2019,12,2019-12-01
A_2024_00080,MM,201912,,,500017,강원,100001,지수,99.0928033689051,지수,,강원,지수,2019년 12월,2019,12,2019-12-01
A_2024_00080,MM,201912,,,500009,경기,100001,지수,97.9431754497853,지수,,경기,지수,2019년 12월,2019,12,2019-12-01
A_2024_00080,MM,201912,,,500023,경남,100001,지수,106.943969718572,지수,,경남,지수,2019년 12월,2019,12,2019-12-01
A_2024_00080,MM,201912,,,510012,경부1권,100001,지수,92.7158136605119,지수,,경기>경부1권,지수,2019년 12월,2019,12,2019-12-01
A_2024_00080,MM,201912,,,510013,경부2권,100001,지수,98.0920102465919,지수,,경기>경부2권,지수,2019년 12월,2019,12,2019-12-01
A_2024_00080,MM,201912,,,500022,경북,100001,지수,102.160840939197,지수,,경북,지수,2019년 12월,2019,12,2019-12-01
A_2024_00080,MM,201912,,,510018,경원권,100001,지수,104.987898805141,지수,,경기>경원권,지수,2019년 12월,2019,12,2019-12-01
A_2024_00080,MM,201912,,,510017,경의권,100001,지수,102.654348947444,지수,,경기>경의권,지수,2019년 12월,2019,12,2019-12-01
A_2024_00080,MM,201912,,,500013,광주,100001,지수,102.85167479673,지수,,전남광주>광주,지수,2019년 12월,2019,12,2019-12-01
A_2024_00080,MM,201912,,,500012,대구,100001,지수,107.344257369884,지수,,대구,지수,2019년 12월,2019,12,2019-12-01
A_2024_00080,MM,201912,,,500014,대전,100001,지수,95.3769188256708,지수,,대전,지수,2019년 12월,2019,12,2019-12-01
A_2024_00080,MM,201912,,,520010,도심권,100001,지수,89.0022719533942,지수,,서울>강북지역>도심권,지수,2019년 12월,2019,12,2019-12-01
A_2024_00080,MM,201912,,,520015,동남권,100001,지수,86.9761960735119,지수,,서울>강남지역>동남권,지수,2019년 12월,2019,12,2019-12-01
A_2024_00080,MM,201912,,,510015,동부1권,100001,지수,98.1809440611179,지수,,경기>동부1권,지수,2019년 12월,2019,12,2019-12-01
A_2024_00080,MM,201912,,,510016,동부2권,100001,지수,104.318934894304,지수,,경기>동부2권,지수,2019년 12월,2019,12,2019-12-01
A_2024_00080,MM,201912,,,510022,동부산권,100001,지수,104.30073245978,지수,,부산>동부산권,지수,2019년 12월,2019,12,2019-12-01
A_2024_00080,MM,201912,,,520011,동북권,100001,지수,93.1442283719666,지수,,서울>강북지역>동북권,지수,2019년 12월,2019,12,2019-12-01
A_2024_00080,MM,201912,,,500011,부산,100001,지수,102.606418667273,지수,,부산,지수,2019년 12월,2019,12,2019-12-01
A_2024_00080,MM,201912,,,520014,서남권,100001,지수,95.5537785087366,지수,,서울>강남지역>서남권,지수,2019년 12월,2019,12,2019-12-01
A_2024_00080,MM,201912,,,510023,서부산권,100001,지수,103.770664978664,지수,,부산>서부산권,지수,2019년 12월,2019,12,2019-12-01
A_2024_00080,MM,201912,,,520012,서북권,100001,지수,91.1147143863728,지수,,서울>강북지역>서북권,지수,2019년 12월,2019,12,2019-12-01
A_2024_00080,MM,201912,,,500008,서울,100001,지수,92.046269080816,지수,,서울,지수,2019년 12월,2019,12,2019-12-01
A_2024_00080,MM,201912,,,510014,서해안권,100001,지수,96.4815376195778,지수,,경기>서해안권,지수,2019년 12월,2019,12,2019-12-01
A_2024_00080,MM,201912,,,500016,세종,100001,지수,100.993666994851,지수,,세종,지수,2019년 12월,2019,12,2019-12-01
A_2024_00080,MM,201912,,,500002,수도권,100001,지수,95.7796452505808,지수,,수도권,지수,2019년 12월,2019,12,2019-12-01
A_2024_00080,MM,201912,,,500015,울산,100001,지수,105.039445104627,지수,,울산,지수,2019년 12월,2019,12,2019-12-01
A_2024_00080,MM,201912,,,500010,인천,100001,지수,102.550817469811,지수,,인천,지수,2019년 12월,2019,12,2019-12-01
A_2024_00080,MM,201912,,,500001,전국,100001,지수,97.8901957593038,지수,,전국,지수,2019년 12월,2019,12,2019-12-01
A_2024_00080,MM,201912,,,500021,전남,100001,지수,103.527037519567,지수,,전남광주>전남,지수,2019년 12월,2019,12,2019-12-01
A_2024_00080,MM,201912,,,500020,전북,100001,지수,107.090124597284,지수,,전북,지수,2019년 12월,2019,12,2019-12-01
A_2024_00080,MM,201912,,,500024,제주,100001,지수,105.860251713047,지수,,제주,지수,2019년 12월,2019,12,2019-12-01
A_2024_00080,MM,201912,,,510021,중부산권,100001,지수,101.271653707497,지수,,부산>중부산권,지수,2019년 12월,2019,12,2019-12-01
A_2024_00080,MM,201912,,,500003,지방권,100001,지수,103.57794883061,지수,,지방권,지수,2019년 12월,2019,12,2019-12-01
A_2024_00080,MM,201912,,,500019,충남,100001,지수,107.68164970289,지수,,충남,지수,2019년 12월,2019,12,2019-12-01
A_2024_00080,MM,201912,,,500018,충북,100001,지수,100.011648837893,지수,,충북,지수,2019년 12월,2019,12,2019-12-01
A_2024_00080,MM,202001,,,500005,5대광역시,100001,지수,102.790737584311,지수,,5대광역시,지수,2020년 1월,2020,1,2020-01-01
A_2024_00080,MM,202001,,,500004,6대광역시,100001,지수,102.725302169229,지수,,6대광역시,지수,2020년 1월,2020,1,2020-01-01
A_2024_00080,MM,202001,,,500007,8개도,100001,지수,104.218343240264,지수,,8개도,지수,2020년 1월,2020,1,2020-01-01
A_2024_00080,MM,202001,,,500006,9개도,100001,지수,100.005050386381,지수,,9개도,지수,2020년 1월,2020,1,2020-01-01
A_2024_00080,MM,202001,,,510010,강남지역,100001,지수,92.1734505124338,지수,,서울>강남지역,지수,2020년 1월,2020,1,2020-01-01
A_2024_00080,MM,202001,,,510009,강북지역,100001,지수,92.1572512008712,지수,,서울>강북지역,지수,2020년 1월,2020,1,2020-01-01
A_2024_00080,MM,202001,,,500017,강원,100001,지수,98.9329991225372,지수,,강원,지수,2020년 1월,2020,1,2020-01-01
A_2024_00080,MM,202001,,,500009,경기,100001,지수,97.959316237564,지수,,경기,지수,2020년 1월,2020,1,2020-01-01
A_2024_00080,MM,202001,,,500023,경남,100001,지수,106.713991175827,지수,,경남,지수,2020년 1월,2020,1,2020-01-01
A_2024_00080,MM,202001,,,510012,경부1권,100001,지수,92.8430325689442,지수,,경기>경부1권,지수,2020년 1월,2020,1,2020-01-01
A_2024_00080,MM,202001,,,510013,경부2권,100001,지수,98.1762639664468,지수,,경기>경부2권,지수,2020년 1월,2020,1,2020-01-01
A_2024_00080,MM,202001,,,500022,경북,100001,지수,101.931346823516,지수,,경북,지수,2020년 1월,2020,1,2020-01-01
A_2024_00080,MM,202001,,,510018,경원권,100001,지수,104.791979886194,지수,,경기>경원권,지수,2020년 1월,2020,1,2020-01-01
A_2024_00080,MM,202001,,,510017,경의권,100001,지수,102.763902091526,지수,,경기>경의권,지수,2020년 1월,2020,1,2020-01-01
A_2024_00080,MM,202001,,,500013,광주,100001,지수,102.925030430439,지수,,전남광주>광주,지수,2020년 1월,2020,1,2020-01-01
A_2024_00080,MM,202001,,,500012,대구,100001,지수,107.602264490925,지수,,대구,지수,2020년 1월,2020,1,2020-01-01
A_2024_00080,MM,202001,,,500014,대전,100001,지수,95.9601712180938,지수,,대전,지수,2020년 1월,2020,1,2020-01-01
A_2024_00080,MM,202001,,,520010,도심권,100001,지수,89.1000612953874,지수,,서울>강북지역>도심권,지수,2020년 1월,2020,1,2020-01-01
A_2024_00080,MM,202001,,,520015,동남권,100001,지수,87.1012272779325,지수,,서울>강남지역>동남권,지수,2020년 1월,2020,1,2020-01-01
A_2024_00080,MM,202001,,,510015,동부1권,100001,지수,98.1555326848767,지수,,경기>동부1권,지수,2020년 1월,2020,1,2020-01-01
A_2024_00080,MM,202001,,,510016,동부2권,100001,지수,104.093803713711,지수,,경기>동부2권,지수,2020년 1월,2020,1,2020-01-01
A_2024_00080,MM,202001,,,510022,동부산권,100001,지수,104.188605067257,지수,,부산>동부산권,지수,2020년 1월,2020,1,2020-01-01
A_2024_00080,MM,202001,,,520011,동북권,100001,지수,93.2767732315437,지수,,서울>강북지역>동북권,지수,2020년 1월,2020,1,2020-01-01
A_2024_00080,MM,202001,,,500011,부산,100001,지수,102.512921516473,지수,,부산,지수,2020년 1월,2020,1,2020-01-01
A_2024_00080,MM,202001,,,520014,서남권,100001,지수,95.6015150832356,지수,,서울>강남지역>서남권,지수,2020년 1월,2020,1,2020-01-01
A_2024_00080,MM,202001,,,510023,서부산권,100001,지수,103.692121215212,지수,,부산>서부산권,지수,2020년 1월,2020,1,2020-01-01
A_2024_00080,MM,202001,,,520012,서북권,100001,지수,91.3416574001314,지수,,서울>강북지역>서북권,지수,2020년 1월,2020,1,2020-01-01
A_2024_00080,MM,202001,,,500008,서울,100001,지수,92.1657549239934,지수,,서울,지수,2020년 1월,2020,1,2020-01-01
A_2024_00080,MM,202001,,,510014,서해안권,100001,지수,96.4812285893261,지수,,경기>서해안권,지수,2020년 1월,2020,1,2020-01-01
A_2024_00080,MM,202001,,,500016,세종,100001,지수,100.928973015974,지수,,세종,지수,2020년 1월,2020,1,2020-01-01
A_2024_00080,MM,202001,,,500002,수도권,100001,지수,95.8536069861397,지수,,수도권,지수,2020년 1월,2020,1,2020-01-01
A_2024_00080,MM,202001,,,500015,울산,100001,지수,104.968672478784,지수,,울산,지수,2020년 1월,2020,1,2020-01-01
A_2024_00080,MM,202001,,,500010,인천,100001,지수,102.636061886872,지수,,인천,지수,2020년 1월,2020,1,2020-01-01
A_2024_00080,MM,202001,,,500001,전국,100001,지수,97.9263409569167,지수,,전국,지수,2020년 1월,2020,1,2020-01-01
A_2024_00080,MM,202001,,,500021,전남,100001,지수,103.551026938488,지수,,전남광주>전남,지수,2020년 1월,2020,1,2020-01-01
A_2024_00080,MM,202001,,,500020,전북,100001,지수,106.972208032754,지수,,전북,지수,2020년 1월,2020,1,2020-01-01
A_2024_00080,MM,202001,,,500024,제주,100001,지수,105.535512387465,지수,,제주,지수,2020년 1월,2020,1,2020-01-01
A_2024_00080,MM,202001,,,510021,중부산권,100001,지수,101.18302161859,지수,,부산>중부산권,지수,2020년 1월,2020,1,2020-01-01
A_2024_00080,MM,202001,,,500003,지방권,100001,지수,103.51048370302,지수,,지방권,지수,2020년 1월,2020,1,2020-01-01
A_2024_00080,MM,202001,,,500019,충남,100001,지수,107.515976225365,지수,,충남,지수,2020년 1월,2020,1,2020-01-01
A_2024_00080,MM,202001,,,500018,충북,100001,지수,99.8697215520655,지수,,충북,지수,2020년 1월,2020,1,2020-01-01
A_2024_00080,MM,202002,,,500005,5대광역시,100001,지수,102.85317498971,지수,,5대광역시,지수,2020년 2월,2020,2,2020-02-01
A_2024_00080,MM,202002,,,500004,6대광역시,100001,지수,102.832479977202,지수,,6대광역시,지수,2020년 2월,2020,2,2020-02-01
A_2024_00080,MM,202002,,,500007,8개도,100001,지수,104.02323934824,지수,,8개도,지수,2020년 2월,2020,2,2020-02-01
A_2024_00080,MM,202002,,,500006,9개도,100001,지수,99.9632802272793,지수,,9개도,지수,2020년 2월,2020,2,2020-02-01
A_2024_00080,MM,202002,,,510010,강남지역,100001,지수,92.2372290468288,지수,,서울>강남지역,지수,2020년 2월,2020,2,2020-02-01
A_2024_00080,MM,202002,,,510009,강북지역,100001,지수,92.3124436286717,지수,,서울>강북지역,지수,2020년 2월,2020,2,2020-02-01
A_2024_00080,MM,202002,,,500017,강원,100001,지수,98.7484182946756,지수,,강원,지수,2020년 2월,2020,2,2020-02-01
A_2024_00080,MM,202002,,,500009,경기,100001,지수,97.9901458735569,지수,,경기,지수,2020년 2월,2020,2,2020-02-01
A_2024_00080,MM,202002,,,500023,경남,100001,지수,106.502166770086,지수,,경남,지수,2020년 2월,2020,2,2020-02-01
A_2024_00080,MM,202002,,,510012,경부1권,100001,지수,93.0291836265154,지수,,경기>경부1권,지수,2020년 2월,2020,2,2020-02-01
A_2024_00080,MM,202002,,,510013,경부2권,100001,지수,98.240685757012,지수,,경기>경부2권,지수,2020년 2월,2020,2,2020-02-01
A_2024_00080,MM,202002,,,500022,경북,100001,지수,101.819114614219,지수,,경북,지수,2020년 2월,2020,2,2020-02-01
A_2024_00080,MM,202002,,,510018,경원권,100001,지수,104.711791320014,지수,,경기>경원권,지수,2020년 2월,2020,2,2020-02-01
A_2024_00080,MM,202002,,,510017,경의권,100001,지수,102.79377948717,지수,,경기>경의권,지수,2020년 2월,2020,2,2020-02-01
A_2024_00080,MM,202002,,,500013,광주,100001,지수,102.962396641195,지수,,전남광주>광주,지수,2020년 2월,2020,2,2020-02-01
A_2024_00080,MM,202002,,,500012,대구,100001,지수,107.743436198238,지수,,대구,지수,2020년 2월,2020,2,2020-02-01
A_2024_00080,MM,202002,,,500014,대전,100001,지수,96.3793806609243,지수,,대전,지수,2020년 2월,2020,2,2020-02-01
A_2024_00080,MM,202002,,,520010,도심권,100001,지수,89.196643592798,지수,,서울>강북지역>도심권,지수,2020년 2월,2020,2,2020-02-01
A_2024_00080,MM,202002,,,520015,동남권,100001,지수,87.1951197956941,지수,,서울>강남지역>동남권,지수,2020년 2월,2020,2,2020-02-01
A_2024_00080,MM,202002,,,510015,동부1권,100001,지수,98.1778422202891,지수,,경기>동부1권,지수,2020년 2월,2020,2,2020-02-01
A_2024_00080,MM,202002,,,510016,동부2권,100001,지수,103.830805023645,지수,,경기>동부2권,지수,2020년 2월,2020,2,2020-02-01
A_2024_00080,MM,202002,,,510022,동부산권,100001,지수,104.29859663926,지수,,부산>동부산권,지수,2020년 2월,2020,2,2020-02-01
A_2024_00080,MM,202002,,,520011,동북권,100001,지수,93.4206110990034,지수,,서울>강북지역>동북권,지수,2020년 2월,2020,2,2020-02-01
A_2024_00080,MM,202002,,,500011,부산,100001,지수,102.477870816443,지수,,부산,지수,2020년 2월,2020,2,2020-02-01
A_2024_00080,MM,202002,,,520014,서남권,100001,지수,95.6434886868675,지수,,서울>강남지역>서남권,지수,2020년 2월,2020,2,2020-02-01
A_2024_00080,MM,202002,,,510023,서부산권,100001,지수,103.552269455282,지수,,부산>서부산권,지수,2020년 2월,2020,2,2020-02-01
A_2024_00080,MM,202002,,,520012,서북권,100001,지수,91.5337534386473,지수,,서울>강북지역>서북권,지수,2020년 2월,2020,2,2020-02-01
A_2024_00080,MM,202002,,,500008,서울,100001,지수,92.273749550297,지수,,서울,지수,2020년 2월,2020,2,2020-02-01
A_2024_00080,MM,202002,,,510014,서해안권,100001,지수,96.4916988756711,지수,,경기>서해안권,지수,2020년 2월,2020,2,2020-02-01
A_2024_00080,MM,202002,,,500016,세종,100001,지수,100.931862233066,지수,,세종,지수,2020년 2월,2020,2,2020-02-01
A_2024_00080,MM,202002,,,500002,수도권,100001,지수,95.9386967330626,지수,,수도권,지수,2020년 2월,2020,2,2020-02-01
A_2024_00080,MM,202002,,,500015,울산,100001,지수,104.96434256596,지수,,울산,지수,2020년 2월,2020,2,2020-02-01
A_2024_00080,MM,202002,,,500010,인천,100001,지수,102.803697963661,지수,,인천,지수,2020년 2월,2020,2,2020-02-01
A_2024_00080,MM,202002,,,500001,전국,100001,지수,97.9698081709537,지수,,전국,지수,2020년 2월,2020,2,2020-02-01
A_2024_00080,MM,202002,,,500021,전남,100001,지수,103.604885974461,지수,,전남광주>전남,지수,2020년 2월,2020,2,2020-02-01
A_2024_00080,MM,202002,,,500020,전북,100001,지수,106.903532707,지수,,전북,지수,2020년 2월,2020,2,2020-02-01
A_2024_00080,MM,202002,,,500024,제주,100001,지수,105.238881963004,지수,,제주,지수,2020년 2월,2020,2,2020-02-01
A_2024_00080,MM,202002,,,510021,중부산권,100001,지수,101.106012573457,지수,,부산>중부산권,지수,2020년 2월,2020,2,2020-02-01
A_2024_00080,MM,202002,,,500003,지방권,100001,지수,103.440083507291,지수,,지방권,지수,2020년 2월,2020,2,2020-02-01
A_2024_00080,MM,202002,,,500019,충남,100001,지수,107.190452141303,지수,,충남,지수,2020년 2월,2020,2,2020-02-01
A_2024_00080,MM,202002,,,500018,충북,100001,지수,99.6241468448854,지수,,충북,지수,2020년 2월,2020,2,2020-02-01
A_2024_00080,MM,202003,,,500005,5대광역시,100001,지수,102.87544264005,지수,,5대광역시,지수,2020년 3월,2020,3,2020-03-01
A_2024_00080,MM,202003,,,500004,6대광역시,100001,지수,102.93404030382,지수,,6대광역시,지수,2020년 3월,2020,3,2020-03-01
A_2024_00080,MM,202003,,,500007,8개도,100001,지수,103.85713548747,지수,,8개도,지수,2020년 3월,2020,3,2020-03-01
A_2024_00080,MM,202003,,,500006,9개도,100001,지수,100.013925674098,지수,,9개도,지수,2020년 3월,2020,3,2020-03-01
A_2024_00080,MM,202003,,,510010,강남지역,100001,지수,92.2982409316291,지수,,서울>강남지역,지수,2020년 3월,2020,3,2020-03-01
A_2024_00080,MM,202003,,,510009,강북지역,100001,지수,92.443276557119,지수,,서울>강북지역,지수,2020년 3월,2020,3,2020-03-01
A_2024_00080,MM,202003,,,500017,강원,100001,지수,98.7379937318463,지수,,강원,지수,2020년 3월,2020,3,2020-03-01
A_2024_00080,MM,202003,,,500009,경기,100001,지수,98.1436379347198,지수,,경기,지수,2020년 3월,2020,3,2020-03-01
A_2024_00080,MM,202003,,,500023,경남,100001,지수,106.331146427716,지수,,경남,지수,2020년 3월,2020,3,2020-03-01
A_2024_00080,MM,202003,,,510012,경부1권,100001,지수,93.2229570694189,지수,,경기>경부1권,지수,2020년 3월,2020,3,2020-03-01
A_2024_00080,MM,202003,,,510013,경부2권,100001,지수,98.5735534212441,지수,,경기>경부2권,지수,2020년 3월,2020,3,2020-03-01
A_2024_00080,MM,202003,,,500022,경북,100001,지수,101.550770127555,지수,,경북,지수,2020년 3월,2020,3,2020-03-01
A_2024_00080,MM,202003,,,510018,경원권,100001,지수,104.627713881886,지수,,경기>경원권,지수,2020년 3월,2020,3,2020-03-01
A_2024_00080,MM,202003,,,510017,경의권,100001,지수,102.907489882474,지수,,경기>경의권,지수,2020년 3월,2020,3,2020-03-01
A_2024_00080,MM,202003,,,500013,광주,100001,지수,103.000092682272,지수,,전남광주>광주,지수,2020년 3월,2020,3,2020-03-01
A_2024_00080,MM,202003,,,500012,대구,100001,지수,107.711174607289,지수,,대구,지수,2020년 3월,2020,3,2020-03-01
A_2024_00080,MM,202003,,,500014,대전,100001,지수,96.7630339133658,지수,,대전,지수,2020년 3월,2020,3,2020-03-01
A_2024_00080,MM,202003,,,520010,도심권,100001,지수,89.3180382201459,지수,,서울>강북지역>도심권,지수,2020년 3월,2020,3,2020-03-01
A_2024_00080,MM,202003,,,520015,동남권,100001,지수,87.27797015666,지수,,서울>강남지역>동남권,지수,2020년 3월,2020,3,2020-03-01
A_2024_00080,MM,202003,,,510015,동부1권,100001,지수,98.1883462895176,지수,,경기>동부1권,지수,2020년 3월,2020,3,2020-03-01
A_2024_00080,MM,202003,,,510016,동부2권,100001,지수,103.591344835042,지수,,경기>동부2권,지수,2020년 3월,2020,3,2020-03-01
A_2024_00080,MM,202003,,,510022,동부산권,100001,지수,104.240312026276,지수,,부산>동부산권,지수,2020년 3월,2020,3,2020-03-01
A_2024_00080,MM,202003,,,520011,동북권,100001,지수,93.5089608441666,지수,,서울>강북지역>동북권,지수,2020년 3월,2020,3,2020-03-01
A_2024_00080,MM,202003,,,500011,부산,100001,지수,102.424131442755,지수,,부산,지수,2020년 3월,2020,3,2020-03-01
A_2024_00080,MM,202003,,,520014,서남권,100001,지수,95.6886627820095,지수,,서울>강남지역>서남권,지수,2020년 3월,2020,3,2020-03-01
A_2024_00080,MM,202003,,,510023,서부산권,100001,지수,103.451428548626,지수,,부산>서부산권,지수,2020년 3월,2020,3,2020-03-01
A_2024_00080,MM,202003,,,520012,서북권,100001,지수,91.73338656683,지수,,서울>강북지역>서북권,지수,2020년 3월,2020,3,2020-03-01
A_2024_00080,MM,202003,,,500008,서울,100001,지수,92.3685180707734,지수,,서울,지수,2020년 3월,2020,3,2020-03-01
A_2024_00080,MM,202003,,,510014,서해안권,100001,지수,96.6988441548376,지수,,경기>서해안권,지수,2020년 3월,2020,3,2020-03-01
A_2024_00080,MM,202003,,,500016,세종,100001,지수,100.971376663271,지수,,세종,지수,2020년 3월,2020,3,2020-03-01
A_2024_00080,MM,202003,,,500002,수도권,100001,지수,96.07170387581,지수,,수도권,지수,2020년 3월,2020,3,2020-03-01
A_2024_00080,MM,202003,,,500015,울산,100001,지수,105.015160457309,지수,,울산,지수,2020년 3월,2020,3,2020-03-01
A_2024_00080,MM,202003,,,500010,인천,100001,지수,103.012560370777,지수,,인천,지수,2020년 3월,2020,3,2020-03-01
A_2024_00080,MM,202003,,,500001,전국,100001,지수,98.0471215110919,지수,,전국,지수,2020년 3월,2020,3,2020-03-01
A_2024_00080,MM,202003,,,500021,전남,100001,지수,103.645593183944,지수,,전남광주>전남,지수,2020년 3월,2020,3,2020-03-01
A_2024_00080,MM,202003,,,500020,전북,100001,지수,106.83163878407,지수,,전북,지수,2020년 3월,2020,3,2020-03-01
A_2024_00080,MM,202003,,,500024,제주,100001,지수,104.941302655711,지수,,제주,지수,2020년 3월,2020,3,2020-03-01
A_2024_00080,MM,202003,,,510021,중부산권,100001,지수,101.071487667627,지수,,부산>중부산권,지수,2020년 3월,2020,3,2020-03-01
A_2024_00080,MM,202003,,,500003,지방권,100001,지수,103.365305696947,지수,,지방권,지수,2020년 3월,2020,3,2020-03-01
A_2024_00080,MM,202003,,,500019,충남,100001,지수,106.947393322748,지수,,충남,지수,2020년 3월,2020,3,2020-03-01
A_2024_00080,MM,202003,,,500018,충북,100001,지수,99.6626280654479,지수,,충북,지수,2020년 3월,2020,3,2020-03-01
A_2024_00080,MM,202004,,,500005,5대광역시,100001,지수,102.828808223561,지수,,5대광역시,지수,2020년 4월,2020,4,2020-04-01
A_2024_00080,MM,202004,,,500004,6대광역시,100001,지수,103.029440543999,지수,,6대광역시,지수,2020년 4월,2020,4,2020-04-01
A_2024_00080,MM,202004,,,500007,8개도,100001,지수,103.686152239144,지수,,8개도,지수,2020년 4월,2020,4,2020-04-01
A_2024_00080,MM,202004,,,500006,9개도,100001,지수,100.051963389562,지수,,9개도,지수,2020년 4월,2020,4,2020-04-01
A_2024_00080,MM,202004,,,510010,강남지역,100001,지수,92.32003582265,지수,,서울>강남지역,지수,2020년 4월,2020,4,2020-04-01
A_2024_00080,MM,202004,,,510009,강북지역,100001,지수,92.4403105929886,지수,,서울>강북지역,지수,2020년 4월,2020,4,2020-04-01
A_2024_00080,MM,202004,,,500017,강원,100001,지수,98.5766835173154,지수,,강원,지수,2020년 4월,2020,4,2020-04-01
A_2024_00080,MM,202004,,,500009,경기,100001,지수,98.2811709225175,지수,,경기,지수,2020년 4월,2020,4,2020-04-01
A_2024_00080,MM,202004,,,500023,경남,100001,지수,106.143867483525,지수,,경남,지수,2020년 4월,2020,4,2020-04-01
A_2024_00080,MM,202004,,,510012,경부1권,100001,지수,93.4706587904628,지수,,경기>경부1권,지수,2020년 4월,2020,4,2020-04-01
A_2024_00080,MM,202004,,,510013,경부2권,100001,지수,98.5744565323829,지수,,경기>경부2권,지수,2020년 4월,2020,4,2020-04-01
A_2024_00080,MM,202004,,,500022,경북,100001,지수,101.457960691932,지수,,경북,지수,2020년 4월,2020,4,2020-04-01
A_2024_00080,MM,202004,,,510018,경원권,100001,지수,104.320497119843,지수,,경기>경원권,지수,2020년 4월,2020,4,2020-04-01
A_2024_00080,MM,202004,,,510017,경의권,100001,지수,103.238368427288,지수,,경기>경의권,지수,2020년 4월,2020,4,2020-04-01
A_2024_00080,MM,202004,,,500013,광주,100001,지수,103.004610271602,지수,,전남광주>광주,지수,2020년 4월,2020,4,2020-04-01
A_2024_00080,MM,202004,,,500012,대구,100001,지수,107.49662163674,지수,,대구,지수,2020년 4월,2020,4,2020-04-01
A_2024_00080,MM,202004,,,500014,대전,100001,지수,97.1739715207799,지수,,대전,지수,2020년 4월,2020,4,2020-04-01
A_2024_00080,MM,202004,,,520010,도심권,100001,지수,89.265852330647,지수,,서울>강북지역>도심권,지수,2020년 4월,2020,4,2020-04-01
A_2024_00080,MM,202004,,,520015,동남권,100001,지수,87.289472864792,지수,,서울>강남지역>동남권,지수,2020년 4월,2020,4,2020-04-01
A_2024_00080,MM,202004,,,510015,동부1권,100001,지수,98.0802096101847,지수,,경기>동부1권,지수,2020년 4월,2020,4,2020-04-01
A_2024_00080,MM,202004,,,510016,동부2권,100001,지수,103.397203953368,지수,,경기>동부2권,지수,2020년 4월,2020,4,2020-04-01
A_2024_00080,MM,202004,,,510022,동부산권,100001,지수,104.164313983708,지수,,부산>동부산권,지수,2020년 4월,2020,4,2020-04-01
A_2024_00080,MM,202004,,,520011,동북권,100001,지수,93.5129118174547,지수,,서울>강북지역>동북권,지수,2020년 4월,2020,4,2020-04-01
A_2024_00080,MM,202004,,,500011,부산,100001,지수,102.316283942651,지수,,부산,지수,2020년 4월,2020,4,2020-04-01
A_2024_00080,MM,202004,,,520014,서남권,100001,지수,95.7178017686885,지수,,서울>강남지역>서남권,지수,2020년 4월,2020,4,2020-04-01
A_2024_00080,MM,202004,,,510023,서부산권,100001,지수,103.364976063264,지수,,부산>서부산권,지수,2020년 4월,2020,4,2020-04-01
A_2024_00080,MM,202004,,,520012,서북권,100001,지수,91.7361089183275,지수,,서울>강북지역>서북권,지수,2020년 4월,2020,4,2020-04-01
A_2024_00080,MM,202004,,,500008,서울,100001,지수,92.3783433201961,지수,,서울,지수,2020년 4월,2020,4,2020-04-01
A_2024_00080,MM,202004,,,510014,서해안권,100001,지수,96.9921464991803,지수,,경기>서해안권,지수,2020년 4월,2020,4,2020-04-01
A_2024_00080,MM,202004,,,500016,세종,100001,지수,100.864759198716,지수,,세종,지수,2020년 4월,2020,4,2020-04-01
A_2024_00080,MM,202004,,,500002,수도권,100001,지수,96.1685121695148,지수,,수도권,지수,2020년 4월,2020,4,2020-04-01
A_2024_00080,MM,202004,,,500015,울산,100001,지수,104.968226225892,지수,,울산,지수,2020년 4월,2020,4,2020-04-01
A_2024_00080,MM,202004,,,500010,인천,100001,지수,103.300655010148,지수,,인천,지수,2020년 4월,2020,4,2020-04-01
A_2024_00080,MM,202004,,,500001,전국,100001,지수,98.0881390103013,지수,,전국,지수,2020년 4월,2020,4,2020-04-01
A_2024_00080,MM,202004,,,500021,전남,100001,지수,103.668673730978,지수,,전남광주>전남,지수,2020년 4월,2020,4,2020-04-01
A_2024_00080,MM,202004,,,500020,전북,100001,지수,106.740490308654,지수,,전북,지수,2020년 4월,2020,4,2020-04-01
A_2024_00080,MM,202004,,,500024,제주,100001,지수,104.626469370624,지수,,제주,지수,2020년 4월,2020,4,2020-04-01
A_2024_00080,MM,202004,,,510021,중부산권,100001,지수,100.938665605896,지수,,부산>중부산권,지수,2020년 4월,2020,4,2020-04-01
A_2024_00080,MM,202004,,,500003,지방권,100001,지수,103.254318237243,지수,,지방권,지수,2020년 4월,2020,4,2020-04-01
A_2024_00080,MM,202004,,,500019,충남,100001,지수,106.742353210439,지수,,충남,지수,2020년 4월,2020,4,2020-04-01
A_2024_00080,MM,202004,,,500018,충북,100001,지수,99.438202077788,지수,,충북,지수,2020년 4월,2020,4,2020-04-01
A_2024_00080,MM,202005,,,500005,5대광역시,100001,지수,102.773176489051,지수,,5대광역시,지수,2020년 5월,2020,5,2020-05-01
A_2024_00080,MM,202005,,,500004,6대광역시,100001,지수,103.062336621344,지수,,6대광역시,지수,2020년 5월,2020,5,2020-05-01
A_2024_00080,MM,202005,,,500007,8개도,100001,지수,103.505532605077,지수,,8개도,지수,2020년 5월,2020,5,2020-05-01
A_2024_00080,MM,202005,,,500006,9개도,100001,지수,100.079323797132,지수,,9개도,지수,2020년 5월,2020,5,2020-05-01
A_2024_00080,MM,202005,,,510010,강남지역,100001,지수,92.3192227253213,지수,,서울>강남지역,지수,2020년 5월,2020,5,2020-05-01
A_2024_00080,MM,202005,,,510009,강북지역,100001,지수,92.4016231748796,지수,,서울>강북지역,지수,2020년 5월,2020,5,2020-05-01
A_2024_00080,MM,202005,,,500017,강원,100001,지수,98.4304165966134,지수,,강원,지수,2020년 5월,2020,5,2020-05-01
A_2024_00080,MM,202005,,,500009,경기,100001,지수,98.4078382580712,지수,,경기,지수,2020년 5월,2020,5,2020-05-01
A_2024_00080,MM,202005,,,500023,경남,100001,지수,105.90218372805,지수,,경남,지수,2020년 5월,2020,5,2020-05-01
A_2024_00080,MM,202005,,,510012,경부1권,100001,지수,93.7825270623787,지수,,경기>경부1권,지수,2020년 5월,2020,5,2020-05-01
A_2024_00080,MM,202005,,,510013,경부2권,100001,지수,98.6599643096309,지수,,경기>경부2권,지수,2020년 5월,2020,5,2020-05-01
A_2024_00080,MM,202005,,,500022,경북,100001,지수,101.365614359753,지수,,경북,지수,2020년 5월,2020,5,2020-05-01
A_2024_00080,MM,202005,,,510018,경원권,100001,지수,104.203845131482,지수,,경기>경원권,지수,2020년 5월,2020,5,2020-05-01
A_2024_00080,MM,202005,,,510017,경의권,100001,지수,103.478267263697,지수,,경기>경의권,지수,2020년 5월,2020,5,2020-05-01
A_2024_00080,MM,202005,,,500013,광주,100001,지수,103.030398142115,지수,,전남광주>광주,지수,2020년 5월,2020,5,2020-05-01
A_2024_00080,MM,202005,,,500012,대구,100001,지수,107.385839163271,지수,,대구,지수,2020년 5월,2020,5,2020-05-01
A_2024_00080,MM,202005,,,500014,대전,100001,지수,97.4371429916832,지수,,대전,지수,2020년 5월,2020,5,2020-05-01
A_2024_00080,MM,202005,,,520010,도심권,100001,지수,89.1974434166727,지수,,서울>강북지역>도심권,지수,2020년 5월,2020,5,2020-05-01
A_2024_00080,MM,202005,,,520015,동남권,100001,지수,87.2970269744522,지수,,서울>강남지역>동남권,지수,2020년 5월,2020,5,2020-05-01
A_2024_00080,MM,202005,,,510015,동부1권,100001,지수,98.0871582433393,지수,,경기>동부1권,지수,2020년 5월,2020,5,2020-05-01
A_2024_00080,MM,202005,,,510016,동부2권,100001,지수,103.039543719718,지수,,경기>동부2권,지수,2020년 5월,2020,5,2020-05-01
A_2024_00080,MM,202005,,,510022,동부산권,100001,지수,104.137141058808,지수,,부산>동부산권,지수,2020년 5월,2020,5,2020-05-01
A_2024_00080,MM,202005,,,520011,동북권,100001,지수,93.4688563019194,지수,,서울>강북지역>동북권,지수,2020년 5월,2020,5,2020-05-01
A_2024_00080,MM,202005,,,500011,부산,100001,지수,102.218099234101,지수,,부산,지수,2020년 5월,2020,5,2020-05-01
A_2024_00080,MM,202005,,,520014,서남권,100001,지수,95.7109784053986,지수,,서울>강남지역>서남권,지수,2020년 5월,2020,5,2020-05-01
A_2024_00080,MM,202005,,,510023,서부산권,100001,지수,103.245282953756,지수,,부산>서부산권,지수,2020년 5월,2020,5,2020-05-01
A_2024_00080,MM,202005,,,520012,서북권,100001,지수,91.7156954833819,지수,,서울>강북지역>서북권,지수,2020년 5월,2020,5,2020-05-01
A_2024_00080,MM,202005,,,500008,서울,100001,지수,92.3592181373406,지수,,서울,지수,2020년 5월,2020,5,2020-05-01
A_2024_00080,MM,202005,,,510014,서해안권,100001,지수,97.1679118361169,지수,,경기>서해안권,지수,2020년 5월,2020,5,2020-05-01
A_2024_00080,MM,202005,,,500016,세종,100001,지수,101.011922787569,지수,,세종,지수,2020년 5월,2020,5,2020-05-01
A_2024_00080,MM,202005,,,500002,수도권,100001,지수,96.2297361021522,지수,,수도권,지수,2020년 5월,2020,5,2020-05-01
A_2024_00080,MM,202005,,,500015,울산,100001,지수,104.774826432407,지수,,울산,지수,2020년 5월,2020,5,2020-05-01
A_2024_00080,MM,202005,,,500010,인천,100001,지수,103.453971199786,지수,,인천,지수,2020년 5월,2020,5,2020-05-01
A_2024_00080,MM,202005,,,500001,전국,100001,지수,98.1007862113821,지수,,전국,지수,2020년 5월,2020,5,2020-05-01
A_2024_00080,MM,202005,,,500021,전남,100001,지수,103.657164106285,지수,,전남광주>전남,지수,2020년 5월,2020,5,2020-05-01
A_2024_00080,MM,202005,,,500020,전북,100001,지수,106.608597504309,지수,,전북,지수,2020년 5월,2020,5,2020-05-01
A_2024_00080,MM,202005,,,500024,제주,100001,지수,104.296124689441,지수,,제주,지수,2020년 5월,2020,5,2020-05-01
A_2024_00080,MM,202005,,,510021,중부산권,100001,지수,100.809426129303,지수,,부산>중부산권,지수,2020년 5월,2020,5,2020-05-01
A_2024_00080,MM,202005,,,500003,지방권,100001,지수,103.134887856793,지수,,지방권,지수,2020년 5월,2020,5,2020-05-01
A_2024_00080,MM,202005,,,500019,충남,100001,지수,106.480723837691,지수,,충남,지수,2020년 5월,2020,5,2020-05-01
A_2024_00080,MM,202005,,,500018,충북,100001,지수,99.3617388220533,지수,,충북,지수,2020년 5월,2020,5,2020-05-01
A_2024_00080,MM,202006,,,500005,5대광역시,100001,지수,102.837252221138,지수,,5대광역시,지수,2020년 6월,2020,6,2020-06-01
A_2024_00080,MM,202006,,,500004,6대광역시,100001,지수,103.200473378588,지수,,6대광역시,지수,2020년 6월,2020,6,2020-06-01
A_2024_00080,MM,202006,,,500007,8개도,100001,지수,103.414548724934,지수,,8개도,지수,2020년 6월,2020,6,2020-06-01
A_2024_00080,MM,202006,,,500006,9개도,100001,지수,100.189698869957,지수,,9개도,지수,2020년 6월,2020,6,2020-06-01
A_2024_00080,MM,202006,,,510010,강남지역,100001,지수,92.3724202408895,지수,,서울>강남지역,지수,2020년 6월,2020,6,2020-06-01
A_2024_00080,MM,202006,,,510009,강북지역,100001,지수,92.451411206009,지수,,서울>강북지역,지수,2020년 6월,2020,6,2020-06-01
A_2024_00080,MM,202006,,,500017,강원,100001,지수,98.3622303926475,지수,,강원,지수,2020년 6월,2020,6,2020-06-01
A_2024_00080,MM,202006,,,500009,경기,100001,지수,98.6146239667318,지수,,경기,지수,2020년 6월,2020,6,2020-06-01
A_2024_00080,MM,202006,,,500023,경남,100001,지수,105.925242297037,지수,,경남,지수,2020년 6월,2020,6,2020-06-01
A_2024_00080,MM,202006,,,510012,경부1권,100001,지수,93.9916494390913,지수,,경기>경부1권,지수,2020년 6월,2020,6,2020-06-01
A_2024_00080,MM,202006,,,510013,경부2권,100001,지수,98.838090209149,지수,,경기>경부2권,지수,2020년 6월,2020,6,2020-06-01
A_2024_00080,MM,202006,,,500022,경북,100001,지수,101.368154964068,지수,,경북,지수,2020년 6월,2020,6,2020-06-01
A_2024_00080,MM,202006,,,510018,경원권,100001,지수,104.040372596599,지수,,경기>경원권,지수,2020년 6월,2020,6,2020-06-01
A_2024_00080,MM,202006,,,510017,경의권,100001,지수,103.543182044165,지수,,경기>경의권,지수,2020년 6월,2020,6,2020-06-01
A_2024_00080,MM,202006,,,500013,광주,100001,지수,103.020106225128,지수,,전남광주>광주,지수,2020년 6월,2020,6,2020-06-01
A_2024_00080,MM,202006,,,500012,대구,100001,지수,107.43854504208,지수,,대구,지수,2020년 6월,2020,6,2020-06-01
A_2024_00080,MM,202006,,,500014,대전,100001,지수,98.1123073530029,지수,,대전,지수,2020년 6월,2020,6,2020-06-01
A_2024_00080,MM,202006,,,520010,도심권,100001,지수,89.1999274073533,지수,,서울>강북지역>도심권,지수,2020년 6월,2020,6,2020-06-01
A_2024_00080,MM,202006,,,520015,동남권,100001,지수,87.341713777099,지수,,서울>강남지역>동남권,지수,2020년 6월,2020,6,2020-06-01
A_2024_00080,MM,202006,,,510015,동부1권,100001,지수,98.1967464922011,지수,,경기>동부1권,지수,2020년 6월,2020,6,2020-06-01
A_2024_00080,MM,202006,,,510016,동부2권,100001,지수,102.894898390577,지수,,경기>동부2권,지수,2020년 6월,2020,6,2020-06-01
A_2024_00080,MM,202006,,,510022,동부산권,100001,지수,104.217609310706,지수,,부산>동부산권,지수,2020년 6월,2020,6,2020-06-01
A_2024_00080,MM,202006,,,520011,동북권,100001,지수,93.4978181457092,지수,,서울>강북지역>동북권,지수,2020년 6월,2020,6,2020-06-01
A_2024_00080,MM,202006,,,500011,부산,100001,지수,102.189719858838,지수,,부산,지수,2020년 6월,2020,6,2020-06-01
A_2024_00080,MM,202006,,,520014,서남권,100001,지수,95.7701661260627,지수,,서울>강남지역>서남권,지수,2020년 6월,2020,6,2020-06-01
A_2024_00080,MM,202006,,,510023,서부산권,100001,지수,103.174426648689,지수,,부산>서부산권,지수,2020년 6월,2020,6,2020-06-01
A_2024_00080,MM,202006,,,520012,서북권,100001,지수,91.8135128370893,지수,,서울>강북지역>서북권,지수,2020년 6월,2020,6,2020-06-01
A_2024_00080,MM,202006,,,500008,서울,100001,지수,92.4107670771211,지수,,서울,지수,2020년 6월,2020,6,2020-06-01
A_2024_00080,MM,202006,,,510014,서해안권,100001,지수,97.5478299311484,지수,,경기>서해안권,지수,2020년 6월,2020,6,2020-06-01
A_2024_00080,MM,202006,,,500016,세종,100001,지수,101.201620921504,지수,,세종,지수,2020년 6월,2020,6,2020-06-01
A_2024_00080,MM,202006,,,500002,수도권,100001,지수,96.3673050565862,지수,,수도권,지수,2020년 6월,2020,6,2020-06-01
A_2024_00080,MM,202006,,,500015,울산,100001,지수,104.589575114526,지수,,울산,지수,2020년 6월,2020,6,2020-06-01
A_2024_00080,MM,202006,,,500010,인천,100001,지수,103.69303380047,지수,,인천,지수,2020년 6월,2020,6,2020-06-01
A_2024_00080,MM,202006,,,500001,전국,100001,지수,98.1971336194661,지수,,전국,지수,2020년 6월,2020,6,2020-06-01
A_2024_00080,MM,202006,,,500021,전남,100001,지수,103.688931675521,지수,,전남광주>전남,지수,2020년 6월,2020,6,2020-06-01
A_2024_00080,MM,202006,,,500020,전북,100001,지수,106.516631301943,지수,,전북,지수,2020년 6월,2020,6,2020-06-01
A_2024_00080,MM,202006,,,500024,제주,100001,지수,104.024565772671,지수,,제주,지수,2020년 6월,2020,6,2020-06-01
A_2024_00080,MM,202006,,,510021,중부산권,100001,지수,100.73689962834,지수,,부산>중부산권,지수,2020년 6월,2020,6,2020-06-01
A_2024_00080,MM,202006,,,500003,지방권,100001,지수,103.119307155624,지수,,지방권,지수,2020년 6월,2020,6,2020-06-01
A_2024_00080,MM,202006,,,500019,충남,100001,지수,106.247531908999,지수,,충남,지수,2020년 6월,2020,6,2020-06-01
A_2024_00080,MM,202006,,,500018,충북,100001,지수,99.3021170281656,지수,,충북,지수,2020년 6월,2020,6,2020-06-01
A_2024_00080,MM,202007,,,500005,5대광역시,100001,지수,102.965885286357,지수,,5대광역시,지수,2020년 7월,2020,7,2020-07-01
A_2024_00080,MM,202007,,,500004,6대광역시,100001,지수,103.357138185173,지수,,6대광역시,지수,2020년 7월,2020,7,2020-07-01
A_2024_00080,MM,202007,,,500007,8개도,100001,지수,103.266777364794,지수,,8개도,지수,2020년 7월,2020,7,2020-07-01
A_2024_00080,MM,202007,,,500006,9개도,100001,지수,100.301575792402,지수,,9개도,지수,2020년 7월,2020,7,2020-07-01
A_2024_00080,MM,202007,,,510010,강남지역,100001,지수,92.4773216100481,지수,,서울>강남지역,지수,2020년 7월,2020,7,2020-07-01
A_2024_00080,MM,202007,,,510009,강북지역,100001,지수,92.6187217254198,지수,,서울>강북지역,지수,2020년 7월,2020,7,2020-07-01
A_2024_00080,MM,202007,,,500017,강원,100001,지수,98.2343198238068,지수,,강원,지수,2020년 7월,2020,7,2020-07-01
A_2024_00080,MM,202007,,,500009,경기,100001,지수,98.8512594560558,지수,,경기,지수,2020년 7월,2020,7,2020-07-01
A_2024_00080,MM,202007,,,500023,경남,100001,지수,105.816924126816,지수,,경남,지수,2020년 7월,2020,7,2020-07-01
A_2024_00080,MM,202007,,,510012,경부1권,100001,지수,94.2807061169992,지수,,경기>경부1권,지수,2020년 7월,2020,7,2020-07-01
A_2024_00080,MM,202007,,,510013,경부2권,100001,지수,99.1337147422738,지수,,경기>경부2권,지수,2020년 7월,2020,7,2020-07-01
A_2024_00080,MM,202007,,,500022,경북,100001,지수,101.264738746718,지수,,경북,지수,2020년 7월,2020,7,2020-07-01
A_2024_00080,MM,202007,,,510018,경원권,100001,지수,103.934049448207,지수,,경기>경원권,지수,2020년 7월,2020,7,2020-07-01
A_2024_00080,MM,202007,,,510017,경의권,100001,지수,103.635431602043,지수,,경기>경의권,지수,2020년 7월,2020,7,2020-07-01
A_2024_00080,MM,202007,,,500013,광주,100001,지수,102.976874733334,지수,,전남광주>광주,지수,2020년 7월,2020,7,2020-07-01
A_2024_00080,MM,202007,,,500012,대구,100001,지수,107.570479697412,지수,,대구,지수,2020년 7월,2020,7,2020-07-01
A_2024_00080,MM,202007,,,500014,대전,100001,지수,98.6605827385184,지수,,대전,지수,2020년 7월,2020,7,2020-07-01
A_2024_00080,MM,202007,,,520010,도심권,100001,지수,89.2907388024166,지수,,서울>강북지역>도심권,지수,2020년 7월,2020,7,2020-07-01
A_2024_00080,MM,202007,,,520015,동남권,100001,지수,87.4425662613492,지수,,서울>강남지역>동남권,지수,2020년 7월,2020,7,2020-07-01
A_2024_00080,MM,202007,,,510015,동부1권,100001,지수,98.4685718286278,지수,,경기>동부1권,지수,2020년 7월,2020,7,2020-07-01
A_2024_00080,MM,202007,,,510016,동부2권,100001,지수,102.663718617306,지수,,경기>동부2권,지수,2020년 7월,2020,7,2020-07-01
A_2024_00080,MM,202007,,,510022,동부산권,100001,지수,104.228618367388,지수,,부산>동부산권,지수,2020년 7월,2020,7,2020-07-01
A_2024_00080,MM,202007,,,520011,동북권,100001,지수,93.6861608534913,지수,,서울>강북지역>동북권,지수,2020년 7월,2020,7,2020-07-01
A_2024_00080,MM,202007,,,500011,부산,100001,지수,102.259529986909,지수,,부산,지수,2020년 7월,2020,7,2020-07-01
A_2024_00080,MM,202007,,,520014,서남권,100001,지수,95.8777303130274,지수,,서울>강남지역>서남권,지수,2020년 7월,2020,7,2020-07-01
A_2024_00080,MM,202007,,,510023,서부산권,100001,지수,103.149491966372,지수,,부산>서부산권,지수,2020년 7월,2020,7,2020-07-01
A_2024_00080,MM,202007,,,520012,서북권,100001,지수,91.9735718131886,지수,,서울>강북지역>서북권,지수,2020년 7월,2020,7,2020-07-01
A_2024_00080,MM,202007,,,500008,서울,100001,지수,92.5458417330552,지수,,서울,지수,2020년 7월,2020,7,2020-07-01
A_2024_00080,MM,202007,,,510014,서해안권,100001,지수,97.8672085613528,지수,,경기>서해안권,지수,2020년 7월,2020,7,2020-07-01
A_2024_00080,MM,202007,,,500016,세종,100001,지수,101.30078860624,지수,,세종,지수,2020년 7월,2020,7,2020-07-01
A_2024_00080,MM,202007,,,500002,수도권,100001,지수,96.5505097182794,지수,,수도권,지수,2020년 7월,2020,7,2020-07-01
A_2024_00080,MM,202007,,,500015,울산,100001,지수,104.56593990619,지수,,울산,지수,2020년 7월,2020,7,2020-07-01
A_2024_00080,MM,202007,,,500010,인천,100001,지수,103.887939423094,지수,,인천,지수,2020년 7월,2020,7,2020-07-01
A_2024_00080,MM,202007,,,500001,전국,100001,지수,98.3270808197396,지수,,전국,지수,2020년 7월,2020,7,2020-07-01
A_2024_00080,MM,202007,,,500021,전남,100001,지수,103.784657212256,지수,,전남광주>전남,지수,2020년 7월,2020,7,2020-07-01
A_2024_00080,MM,202007,,,500020,전북,100001,지수,106.294542176006,지수,,전북,지수,2020년 7월,2020,7,2020-07-01
A_2024_00080,MM,202007,,,500024,제주,100001,지수,103.883629021693,지수,,제주,지수,2020년 7월,2020,7,2020-07-01
A_2024_00080,MM,202007,,,510021,중부산권,100001,지수,100.872388669103,지수,,부산>중부산권,지수,2020년 7월,2020,7,2020-07-01
A_2024_00080,MM,202007,,,500003,지방권,100001,지수,103.10491604805,지수,,지방권,지수,2020년 7월,2020,7,2020-07-01
A_2024_00080,MM,202007,,,500019,충남,100001,지수,105.897761207159,지수,,충남,지수,2020년 7월,2020,7,2020-07-01
A_2024_00080,MM,202007,,,500018,충북,100001,지수,99.1879779076328,지수,,충북,지수,2020년 7월,2020,7,2020-07-01
A_2024_00080,MM,202008,,,500005,5대광역시,100001,지수,103.053328523451,지수,,5대광역시,지수,2020년 8월,2020,8,2020-08-01
A_2024_00080,MM,202008,,,500004,6대광역시,100001,지수,103.455571439993,지수,,6대광역시,지수,2020년 8월,2020,8,2020-08-01
A_2024_00080,MM,202008,,,500007,8개도,100001,지수,103.182673546836,지수,,8개도,지수,2020년 8월,2020,8,2020-08-01
A_2024_00080,MM,202008,,,500006,9개도,100001,지수,100.39342094206,지수,,9개도,지수,2020년 8월,2020,8,2020-08-01
A_2024_00080,MM,202008,,,510010,강남지역,100001,지수,92.6618354324619,지수,,서울>강남지역,지수,2020년 8월,2020,8,2020-08-01
A_2024_00080,MM,202008,,,510009,강북지역,100001,지수,92.8613094187584,지수,,서울>강북지역,지수,2020년 8월,2020,8,2020-08-01
A_2024_00080,MM,202008,,,500017,강원,100001,지수,98.0475278190073,지수,,강원,지수,2020년 8월,2020,8,2020-08-01
A_2024_00080,MM,202008,,,500009,경기,100001,지수,99.0279187823904,지수,,경기,지수,2020년 8월,2020,8,2020-08-01
A_2024_00080,MM,202008,,,500023,경남,100001,지수,105.861417739589,지수,,경남,지수,2020년 8월,2020,8,2020-08-01
A_2024_00080,MM,202008,,,510012,경부1권,100001,지수,94.5711160468263,지수,,경기>경부1권,지수,2020년 8월,2020,8,2020-08-01
A_2024_00080,MM,202008,,,510013,경부2권,100001,지수,99.4188792865928,지수,,경기>경부2권,지수,2020년 8월,2020,8,2020-08-01
A_2024_00080,MM,202008,,,500022,경북,100001,지수,101.145666127243,지수,,경북,지수,2020년 8월,2020,8,2020-08-01
A_2024_00080,MM,202008,,,510018,경원권,100001,지수,103.812571657566,지수,,경기>경원권,지수,2020년 8월,2020,8,2020-08-01
A_2024_00080,MM,202008,,,510017,경의권,100001,지수,103.920101284517,지수,,경기>경의권,지수,2020년 8월,2020,8,2020-08-01
A_2024_00080,MM,202008,,,500013,광주,100001,지수,102.993196168239,지수,,전남광주>광주,지수,2020년 8월,2020,8,2020-08-01
A_2024_00080,MM,202008,,,500012,대구,100001,지수,107.782810691215,지수,,대구,지수,2020년 8월,2020,8,2020-08-01
A_2024_00080,MM,202008,,,500014,대전,100001,지수,98.9582331260001,지수,,대전,지수,2020년 8월,2020,8,2020-08-01
A_2024_00080,MM,202008,,,520010,도심권,100001,지수,89.4361599460382,지수,,서울>강북지역>도심권,지수,2020년 8월,2020,8,2020-08-01
A_2024_00080,MM,202008,,,520015,동남권,100001,지수,87.6190651851873,지수,,서울>강남지역>동남권,지수,2020년 8월,2020,8,2020-08-01
A_2024_00080,MM,202008,,,510015,동부1권,100001,지수,98.7252608220973,지수,,경기>동부1권,지수,2020년 8월,2020,8,2020-08-01
A_2024_00080,MM,202008,,,510016,동부2권,100001,지수,102.488948128009,지수,,경기>동부2권,지수,2020년 8월,2020,8,2020-08-01
A_2024_00080,MM,202008,,,510022,동부산권,100001,지수,104.307558807173,지수,,부산>동부산권,지수,2020년 8월,2020,8,2020-08-01
A_2024_00080,MM,202008,,,520011,동북권,100001,지수,93.9538069127283,지수,,서울>강북지역>동북권,지수,2020년 8월,2020,8,2020-08-01
A_2024_00080,MM,202008,,,500011,부산,100001,지수,102.301047681044,지수,,부산,지수,2020년 8월,2020,8,2020-08-01
A_2024_00080,MM,202008,,,520014,서남권,100001,지수,96.0675697004775,지수,,서울>강남지역>서남권,지수,2020년 8월,2020,8,2020-08-01
A_2024_00080,MM,202008,,,510023,서부산권,100001,지수,103.203754817239,지수,,부산>서부산권,지수,2020년 8월,2020,8,2020-08-01
A_2024_00080,MM,202008,,,520012,서북권,100001,지수,92.2095188209201,지수,,서울>강북지역>서북권,지수,2020년 8월,2020,8,2020-08-01
A_2024_00080,MM,202008,,,500008,서울,100001,지수,92.7584236467282,지수,,서울,지수,2020년 8월,2020,8,2020-08-01
A_2024_00080,MM,202008,,,510014,서해안권,100001,지수,97.9910113220191,지수,,경기>서해안권,지수,2020년 8월,2020,8,2020-08-01
A_2024_00080,MM,202008,,,500016,세종,100001,지수,101.543395415425,지수,,세종,지수,2020년 8월,2020,8,2020-08-01
A_2024_00080,MM,202008,,,500002,수도권,100001,지수,96.7360350802779,지수,,수도권,지수,2020년 8월,2020,8,2020-08-01
A_2024_00080,MM,202008,,,500015,울산,100001,지수,104.439444029511,지수,,울산,지수,2020년 8월,2020,8,2020-08-01
A_2024_00080,MM,202008,,,500010,인천,100001,지수,104.001370453409,지수,,인천,지수,2020년 8월,2020,8,2020-08-01
A_2024_00080,MM,202008,,,500001,전국,100001,지수,98.462307828703,지수,,전국,지수,2020년 8월,2020,8,2020-08-01
A_2024_00080,MM,202008,,,500021,전남,100001,지수,103.763394589888,지수,,전남광주>전남,지수,2020년 8월,2020,8,2020-08-01
A_2024_00080,MM,202008,,,500020,전북,100001,지수,106.230823139457,지수,,전북,지수,2020년 8월,2020,8,2020-08-01
A_2024_00080,MM,202008,,,500024,제주,100001,지수,103.758583419195,지수,,제주,지수,2020년 8월,2020,8,2020-08-01
A_2024_00080,MM,202008,,,510021,중부산권,100001,지수,100.889003266158,지수,,부산>중부산권,지수,2020년 8월,2020,8,2020-08-01
A_2024_00080,MM,202008,,,500003,지방권,100001,지수,103.10410312389,지수,,지방권,지수,2020년 8월,2020,8,2020-08-01
A_2024_00080,MM,202008,,,500019,충남,100001,지수,105.778042193549,지수,,충남,지수,2020년 8월,2020,8,2020-08-01
A_2024_00080,MM,202008,,,500018,충북,100001,지수,99.1244752728966,지수,,충북,지수,2020년 8월,2020,8,2020-08-01
A_2024_00080,MM,202009,,,500005,5대광역시,100001,지수,103.108282726642,지수,,5대광역시,지수,2020년 9월,2020,9,2020-09-01
A_2024_00080,MM,202009,,,500004,6대광역시,100001,지수,103.50749999539,지수,,6대광역시,지수,2020년 9월,2020,9,2020-09-01
A_2024_00080,MM,202009,,,500007,8개도,100001,지수,103.12813573894,지수,,8개도,지수,2020년 9월,2020,9,2020-09-01
A_2024_00080,MM,202009,,,500006,9개도,100001,지수,100.50225415569,지수,,9개도,지수,2020년 9월,2020,9,2020-09-01
A_2024_00080,MM,202009,,,510010,강남지역,100001,지수,92.784813300867,지수,,서울>강남지역,지수,2020년 9월,2020,9,2020-09-01
A_2024_00080,MM,202009,,,510009,강북지역,100001,지수,93.0875299486854,지수,,서울>강북지역,지수,2020년 9월,2020,9,2020-09-01
A_2024_00080,MM,202009,,,500017,강원,100001,지수,97.9878646643842,지수,,강원,지수,2020년 9월,2020,9,2020-09-01
A_2024_00080,MM,202009,,,500009,경기,100001,지수,99.2157000285599,지수,,경기,지수,2020년 9월,2020,9,2020-09-01
A_2024_00080,MM,202009,,,500023,경남,100001,지수,105.885942125201,지수,,경남,지수,2020년 9월,2020,9,2020-09-01
A_2024_00080,MM,202009,,,510012,경부1권,100001,지수,94.8463244773299,지수,,경기>경부1권,지수,2020년 9월,2020,9,2020-09-01
A_2024_00080,MM,202009,,,510013,경부2권,100001,지수,99.491528273003,지수,,경기>경부2권,지수,2020년 9월,2020,9,2020-09-01
A_2024_00080,MM,202009,,,500022,경북,100001,지수,101.103970379014,지수,,경북,지수,2020년 9월,2020,9,2020-09-01
A_2024_00080,MM,202009,,,510018,경원권,100001,지수,103.774037501967,지수,,경기>경원권,지수,2020년 9월,2020,9,2020-09-01
A_2024_00080,MM,202009,,,510017,경의권,100001,지수,104.037132597715,지수,,경기>경의권,지수,2020년 9월,2020,9,2020-09-01
A_2024_00080,MM,202009,,,500013,광주,100001,지수,102.816355108536,지수,,전남광주>광주,지수,2020년 9월,2020,9,2020-09-01
A_2024_00080,MM,202009,,,500012,대구,100001,지수,108.01969802336,지수,,대구,지수,2020년 9월,2020,9,2020-09-01
A_2024_00080,MM,202009,,,500014,대전,100001,지수,99.1964070283093,지수,,대전,지수,2020년 9월,2020,9,2020-09-01
A_2024_00080,MM,202009,,,520010,도심권,100001,지수,89.5497581560719,지수,,서울>강북지역>도심권,지수,2020년 9월,2020,9,2020-09-01
A_2024_00080,MM,202009,,,520015,동남권,100001,지수,87.7608736443778,지수,,서울>강남지역>동남권,지수,2020년 9월,2020,9,2020-09-01
A_2024_00080,MM,202009,,,510015,동부1권,100001,지수,98.9870342735883,지수,,경기>동부1권,지수,2020년 9월,2020,9,2020-09-01
A_2024_00080,MM,202009,,,510016,동부2권,100001,지수,102.389390127086,지수,,경기>동부2권,지수,2020년 9월,2020,9,2020-09-01
A_2024_00080,MM,202009,,,510022,동부산권,100001,지수,104.303971445545,지수,,부산>동부산권,지수,2020년 9월,2020,9,2020-09-01
A_2024_00080,MM,202009,,,520011,동북권,100001,지수,94.2111999276741,지수,,서울>강북지역>동북권,지수,2020년 9월,2020,9,2020-09-01
A_2024_00080,MM,202009,,,500011,부산,100001,지수,102.287750691071,지수,,부산,지수,2020년 9월,2020,9,2020-09-01
A_2024_00080,MM,202009,,,520014,서남권,100001,지수,96.176733294952,지수,,서울>강남지역>서남권,지수,2020년 9월,2020,9,2020-09-01
A_2024_00080,MM,202009,,,510023,서부산권,100001,지수,103.194265451175,지수,,부산>서부산권,지수,2020년 9월,2020,9,2020-09-01
A_2024_00080,MM,202009,,,520012,서북권,100001,지수,92.424853235649,지수,,서울>강북지역>서북권,지수,2020년 9월,2020,9,2020-09-01
A_2024_00080,MM,202009,,,500008,서울,100001,지수,92.9312778404562,지수,,서울,지수,2020년 9월,2020,9,2020-09-01
A_2024_00080,MM,202009,,,510014,서해안권,100001,지수,98.2464484826121,지수,,경기>서해안권,지수,2020년 9월,2020,9,2020-09-01
A_2024_00080,MM,202009,,,500016,세종,100001,지수,101.719914855658,지수,,세종,지수,2020년 9월,2020,9,2020-09-01
A_2024_00080,MM,202009,,,500002,수도권,100001,지수,96.8986265403182,지수,,수도권,지수,2020년 9월,2020,9,2020-09-01
A_2024_00080,MM,202009,,,500015,울산,100001,지수,104.429389210265,지수,,울산,지수,2020년 9월,2020,9,2020-09-01
A_2024_00080,MM,202009,,,500010,인천,100001,지수,104.049167140734,지수,,인천,지수,2020년 9월,2020,9,2020-09-01
A_2024_00080,MM,202009,,,500001,전국,100001,지수,98.5805889539514,지수,,전국,지수,2020년 9월,2020,9,2020-09-01
A_2024_00080,MM,202009,,,500021,전남,100001,지수,103.705222727634,지수,,전남광주>전남,지수,2020년 9월,2020,9,2020-09-01
A_2024_00080,MM,202009,,,500020,전북,100001,지수,106.056684060262,지수,,전북,지수,2020년 9월,2020,9,2020-09-01
A_2024_00080,MM,202009,,,500024,제주,100001,지수,103.673340530253,지수,,제주,지수,2020년 9월,2020,9,2020-09-01
A_2024_00080,MM,202009,,,510021,중부산권,100001,지수,100.86906890872,지수,,부산>중부산권,지수,2020년 9월,2020,9,2020-09-01
A_2024_00080,MM,202009,,,500003,지방권,100001,지수,103.102766892667,지수,,지방권,지수,2020년 9월,2020,9,2020-09-01
A_2024_00080,MM,202009,,,500019,충남,100001,지수,105.764570561118,지수,,충남,지수,2020년 9월,2020,9,2020-09-01
A_2024_00080,MM,202009,,,500018,충북,100001,지수,98.9951751688415,지수,,충북,지수,2020년 9월,2020,9,2020-09-01
A_2024_00080,MM,202010,,,500005,5대광역시,100001,지수,103.232932291369,지수,,5대광역시,지수,2020년 10월,2020,10,2020-10-01
A_2024_00080,MM,202010,,,500004,6대광역시,100001,지수,103.620013928,지수,,6대광역시,지수,2020년 10월,2020,10,2020-10-01
A_2024_00080,MM,202010,,,500007,8개도,100001,지수,103.041844270271,지수,,8개도,지수,2020년 10월,2020,10,2020-10-01
A_2024_00080,MM,202010,,,500006,9개도,100001,지수,100.591044796691,지수,,9개도,지수,2020년 10월,2020,10,2020-10-01
A_2024_00080,MM,202010,,,510010,강남지역,100001,지수,92.8810674881106,지수,,서울>강남지역,지수,2020년 10월,2020,10,2020-10-01
A_2024_00080,MM,202010,,,510009,강북지역,100001,지수,93.2736404455039,지수,,서울>강북지역,지수,2020년 10월,2020,10,2020-10-01
A_2024_00080,MM,202010,,,500017,강원,100001,지수,97.8513038632379,지수,,강원,지수,2020년 10월,2020,10,2020-10-01
A_2024_00080,MM,202010,,,500009,경기,100001,지수,99.3893178182187,지수,,경기,지수,2020년 10월,2020,10,2020-10-01
A_2024_00080,MM,202010,,,500023,경남,100001,지수,105.745479809988,지수,,경남,지수,2020년 10월,2020,10,2020-10-01
A_2024_00080,MM,202010,,,510012,경부1권,100001,지수,95.1128772979821,지수,,경기>경부1권,지수,2020년 10월,2020,10,2020-10-01
A_2024_00080,MM,202010,,,510013,경부2권,100001,지수,99.7582193210191,지수,,경기>경부2권,지수,2020년 10월,2020,10,2020-10-01
A_2024_00080,MM,202010,,,500022,경북,100001,지수,101.040636886203,지수,,경북,지수,2020년 10월,2020,10,2020-10-01
A_2024_00080,MM,202010,,,510018,경원권,100001,지수,103.799301857952,지수,,경기>경원권,지수,2020년 10월,2020,10,2020-10-01
A_2024_00080,MM,202010,,,510017,경의권,100001,지수,104.118193450773,지수,,경기>경의권,지수,2020년 10월,2020,10,2020-10-01
A_2024_00080,MM,202010,,,500013,광주,100001,지수,102.679497941774,지수,,전남광주>광주,지수,2020년 10월,2020,10,2020-10-01
A_2024_00080,MM,202010,,,500012,대구,100001,지수,108.256985757958,지수,,대구,지수,2020년 10월,2020,10,2020-10-01
A_2024_00080,MM,202010,,,500014,대전,100001,지수,99.3756075634588,지수,,대전,지수,2020년 10월,2020,10,2020-10-01
A_2024_00080,MM,202010,,,520010,도심권,100001,지수,89.6131043314879,지수,,서울>강북지역>도심권,지수,2020년 10월,2020,10,2020-10-01
A_2024_00080,MM,202010,,,520015,동남권,100001,지수,87.8723700568064,지수,,서울>강남지역>동남권,지수,2020년 10월,2020,10,2020-10-01
A_2024_00080,MM,202010,,,510015,동부1권,100001,지수,99.1540196573506,지수,,경기>동부1권,지수,2020년 10월,2020,10,2020-10-01
A_2024_00080,MM,202010,,,510016,동부2권,100001,지수,102.331883966438,지수,,경기>동부2권,지수,2020년 10월,2020,10,2020-10-01
A_2024_00080,MM,202010,,,510022,동부산권,100001,지수,104.567289475075,지수,,부산>동부산권,지수,2020년 10월,2020,10,2020-10-01
A_2024_00080,MM,202010,,,520011,동북권,100001,지수,94.4343917093249,지수,,서울>강북지역>동북권,지수,2020년 10월,2020,10,2020-10-01
A_2024_00080,MM,202010,,,500011,부산,100001,지수,102.393596223652,지수,,부산,지수,2020년 10월,2020,10,2020-10-01
A_2024_00080,MM,202010,,,520014,서남권,100001,지수,96.2618197197963,지수,,서울>강남지역>서남권,지수,2020년 10월,2020,10,2020-10-01
A_2024_00080,MM,202010,,,510023,서부산권,100001,지수,103.279563211619,지수,,부산>서부산권,지수,2020년 10월,2020,10,2020-10-01
A_2024_00080,MM,202010,,,520012,서북권,100001,지수,92.5944251539035,지수,,서울>강북지역>서북권,지수,2020년 10월,2020,10,2020-10-01
A_2024_00080,MM,202010,,,500008,서울,100001,지수,93.0709183310609,지수,,서울,지수,2020년 10월,2020,10,2020-10-01
A_2024_00080,MM,202010,,,510014,서해안권,100001,지수,98.422971273125,지수,,경기>서해안권,지수,2020년 10월,2020,10,2020-10-01
A_2024_00080,MM,202010,,,500016,세종,100001,지수,102.300023207997,지수,,세종,지수,2020년 10월,2020,10,2020-10-01
A_2024_00080,MM,202010,,,500002,수도권,100001,지수,97.0461145511516,지수,,수도권,지수,2020년 10월,2020,10,2020-10-01
A_2024_00080,MM,202010,,,500015,울산,100001,지수,104.519495695655,지수,,울산,지수,2020년 10월,2020,10,2020-10-01
A_2024_00080,MM,202010,,,500010,인천,100001,지수,104.145114614778,지수,,인천,지수,2020년 10월,2020,10,2020-10-01
A_2024_00080,MM,202010,,,500001,전국,100001,지수,98.6927330122162,지수,,전국,지수,2020년 10월,2020,10,2020-10-01
A_2024_00080,MM,202010,,,500021,전남,100001,지수,103.779920545147,지수,,전남광주>전남,지수,2020년 10월,2020,10,2020-10-01
A_2024_00080,MM,202010,,,500020,전북,100001,지수,105.988366770795,지수,,전북,지수,2020년 10월,2020,10,2020-10-01
A_2024_00080,MM,202010,,,500024,제주,100001,지수,103.556337644239,지수,,제주,지수,2020년 10월,2020,10,2020-10-01
A_2024_00080,MM,202010,,,510021,중부산권,100001,지수,100.896639558625,지수,,부산>중부산권,지수,2020년 10월,2020,10,2020-10-01
A_2024_00080,MM,202010,,,500003,지방권,100001,지수,103.119648716641,지수,,지방권,지수,2020년 10월,2020,10,2020-10-01
A_2024_00080,MM,202010,,,500019,충남,100001,지수,105.693025621872,지수,,충남,지수,2020년 10월,2020,10,2020-10-01
A_2024_00080,MM,202010,,,500018,충북,100001,지수,98.9003003906439,지수,,충북,지수,2020년 10월,2020,10,2020-10-01
A_2024_00080,MM,202011,,,500005,5대광역시,100001,지수,103.568222949379,지수,,5대광역시,지수,2020년 11월,2020,11,2020-11-01
A_2024_00080,MM,202011,,,500004,6대광역시,100001,지수,103.931496978601,지수,,6대광역시,지수,2020년 11월,2020,11,2020-11-01
A_2024_00080,MM,202011,,,500007,8개도,100001,지수,102.977149298242,지수,,8개도,지수,2020년 11월,2020,11,2020-11-01
A_2024_00080,MM,202011,,,500006,9개도,100001,지수,100.650403040611,지수,,9개도,지수,2020년 11월,2020,11,2020-11-01
A_2024_00080,MM,202011,,,510010,강남지역,100001,지수,93.0161171528749,지수,,서울>강남지역,지수,2020년 11월,2020,11,2020-11-01
A_2024_00080,MM,202011,,,510009,강북지역,100001,지수,93.4681099373723,지수,,서울>강북지역,지수,2020년 11월,2020,11,2020-11-01
A_2024_00080,MM,202011,,,500017,강원,100001,지수,97.8292248449141,지수,,강원,지수,2020년 11월,2020,11,2020-11-01
A_2024_00080,MM,202011,,,500009,경기,100001,지수,99.5089146804904,지수,,경기,지수,2020년 11월,2020,11,2020-11-01
A_2024_00080,MM,202011,,,500023,경남,100001,지수,105.574982251158,지수,,경남,지수,2020년 11월,2020,11,2020-11-01
A_2024_00080,MM,202011,,,510012,경부1권,100001,지수,95.2859735698244,지수,,경기>경부1권,지수,2020년 11월,2020,11,2020-11-01
A_2024_00080,MM,202011,,,510013,경부2권,100001,지수,99.7665863245,지수,,경기>경부2권,지수,2020년 11월,2020,11,2020-11-01
A_2024_00080,MM,202011,,,500022,경북,100001,지수,100.975489907772,지수,,경북,지수,2020년 11월,2020,11,2020-11-01
A_2024_00080,MM,202011,,,510018,경원권,100001,지수,103.882980026342,지수,,경기>경원권,지수,2020년 11월,2020,11,2020-11-01
A_2024_00080,MM,202011,,,510017,경의권,100001,지수,104.345558515065,지수,,경기>경의권,지수,2020년 11월,2020,11,2020-11-01
A_2024_00080,MM,202011,,,500013,광주,100001,지수,102.845608272227,지수,,전남광주>광주,지수,2020년 11월,2020,11,2020-11-01
A_2024_00080,MM,202011,,,500012,대구,100001,지수,108.597262411241,지수,,대구,지수,2020년 11월,2020,11,2020-11-01
A_2024_00080,MM,202011,,,500014,대전,100001,지수,99.753216824441,지수,,대전,지수,2020년 11월,2020,11,2020-11-01
A_2024_00080,MM,202011,,,520010,도심권,100001,지수,89.6995396866492,지수,,서울>강북지역>도심권,지수,2020년 11월,2020,11,2020-11-01
A_2024_00080,MM,202011,,,520015,동남권,100001,지수,88.0377663468994,지수,,서울>강남지역>동남권,지수,2020년 11월,2020,11,2020-11-01
A_2024_00080,MM,202011,,,510015,동부1권,100001,지수,99.3279539278824,지수,,경기>동부1권,지수,2020년 11월,2020,11,2020-11-01
A_2024_00080,MM,202011,,,510016,동부2권,100001,지수,102.240234454583,지수,,경기>동부2권,지수,2020년 11월,2020,11,2020-11-01
A_2024_00080,MM,202011,,,510022,동부산권,100001,지수,105.144488743802,지수,,부산>동부산권,지수,2020년 11월,2020,11,2020-11-01
A_2024_00080,MM,202011,,,520011,동북권,100001,지수,94.6518768476746,지수,,서울>강북지역>동북권,지수,2020년 11월,2020,11,2020-11-01
A_2024_00080,MM,202011,,,500011,부산,100001,지수,102.792609643538,지수,,부산,지수,2020년 11월,2020,11,2020-11-01
A_2024_00080,MM,202011,,,520014,서남권,100001,지수,96.3747809731054,지수,,서울>강남지역>서남권,지수,2020년 11월,2020,11,2020-11-01
A_2024_00080,MM,202011,,,510023,서부산권,100001,지수,103.390074908093,지수,,부산>서부산권,지수,2020년 11월,2020,11,2020-11-01
A_2024_00080,MM,202011,,,520012,서북권,100001,지수,92.7892545778893,지수,,서울>강북지역>서북권,지수,2020년 11월,2020,11,2020-11-01
A_2024_00080,MM,202011,,,500008,서울,100001,지수,93.2346468914878,지수,,서울,지수,2020년 11월,2020,11,2020-11-01
A_2024_00080,MM,202011,,,510014,서해안권,100001,지수,98.5458917258237,지수,,경기>서해안권,지수,2020년 11월,2020,11,2020-11-01
A_2024_00080,MM,202011,,,500016,세종,100001,지수,102.797272831165,지수,,세종,지수,2020년 11월,2020,11,2020-11-01
A_2024_00080,MM,202011,,,500002,수도권,100001,지수,97.2073551369262,지수,,수도권,지수,2020년 11월,2020,11,2020-11-01
A_2024_00080,MM,202011,,,500015,울산,100001,지수,104.502143283754,지수,,울산,지수,2020년 11월,2020,11,2020-11-01
A_2024_00080,MM,202011,,,500010,인천,100001,지수,104.424109436163,지수,,인천,지수,2020년 11월,2020,11,2020-11-01
A_2024_00080,MM,202011,,,500001,전국,100001,지수,98.845029071831,지수,,전국,지수,2020년 11월,2020,11,2020-11-01
A_2024_00080,MM,202011,,,500021,전남,100001,지수,103.825854125308,지수,,전남광주>전남,지수,2020년 11월,2020,11,2020-11-01
A_2024_00080,MM,202011,,,500020,전북,100001,지수,105.885817866428,지수,,전북,지수,2020년 11월,2020,11,2020-11-01
A_2024_00080,MM,202011,,,500024,제주,100001,지수,103.469250230719,지수,,제주,지수,2020년 11월,2020,11,2020-11-01
A_2024_00080,MM,202011,,,510021,중부산권,100001,지수,101.301679630289,지수,,부산>중부산권,지수,2020년 11월,2020,11,2020-11-01
A_2024_00080,MM,202011,,,500003,지방권,100001,지수,103.247850777632,지수,,지방권,지수,2020년 11월,2020,11,2020-11-01
A_2024_00080,MM,202011,,,500019,충남,100001,지수,105.663920042642,지수,,충남,지수,2020년 11월,2020,11,2020-11-01
A_2024_00080,MM,202011,,,500018,충북,100001,지수,98.9072338231369,지수,,충북,지수,2020년 11월,2020,11,2020-11-01
A_2024_00080,MM,202012,,,500005,5대광역시,100001,지수,103.957847735795,지수,,5대광역시,지수,2020년 12월,2020,12,2020-12-01
A_2024_00080,MM,202012,,,500004,6대광역시,100001,지수,104.199568748301,지수,,6대광역시,지수,2020년 12월,2020,12,2020-12-01
A_2024_00080,MM,202012,,,500007,8개도,100001,지수,102.919455246375,지수,,8개도,지수,2020년 12월,2020,12,2020-12-01
A_2024_00080,MM,202012,,,500006,9개도,100001,지수,100.776758146848,지수,,9개도,지수,2020년 12월,2020,12,2020-12-01
A_2024_00080,MM,202012,,,510010,강남지역,100001,지수,93.1721327870576,지수,,서울>강남지역,지수,2020년 12월,2020,12,2020-12-01
A_2024_00080,MM,202012,,,510009,강북지역,100001,지수,93.6772561193559,지수,,서울>강북지역,지수,2020년 12월,2020,12,2020-12-01
A_2024_00080,MM,202012,,,500017,강원,100001,지수,98.0241754233757,지수,,강원,지수,2020년 12월,2020,12,2020-12-01
A_2024_00080,MM,202012,,,500009,경기,100001,지수,99.7248444611376,지수,,경기,지수,2020년 12월,2020,12,2020-12-01
A_2024_00080,MM,202012,,,500023,경남,100001,지수,105.53581942899,지수,,경남,지수,2020년 12월,2020,12,2020-12-01
A_2024_00080,MM,202012,,,510012,경부1권,100001,지수,95.6141655458561,지수,,경기>경부1권,지수,2020년 12월,2020,12,2020-12-01
A_2024_00080,MM,202012,,,510013,경부2권,100001,지수,99.8583917102484,지수,,경기>경부2권,지수,2020년 12월,2020,12,2020-12-01
A_2024_00080,MM,202012,,,500022,경북,100001,지수,100.853780990859,지수,,경북,지수,2020년 12월,2020,12,2020-12-01
A_2024_00080,MM,202012,,,510018,경원권,100001,지수,104.076410258541,지수,,경기>경원권,지수,2020년 12월,2020,12,2020-12-01
A_2024_00080,MM,202012,,,510017,경의권,100001,지수,104.599898750467,지수,,경기>경의권,지수,2020년 12월,2020,12,2020-12-01
A_2024_00080,MM,202012,,,500013,광주,100001,지수,103.110094149528,지수,,전남광주>광주,지수,2020년 12월,2020,12,2020-12-01
A_2024_00080,MM,202012,,,500012,대구,100001,지수,108.979891868225,지수,,대구,지수,2020년 12월,2020,12,2020-12-01
A_2024_00080,MM,202012,,,500014,대전,100001,지수,100.06238186028,지수,,대전,지수,2020년 12월,2020,12,2020-12-01
A_2024_00080,MM,202012,,,520010,도심권,100001,지수,89.7925410856122,지수,,서울>강북지역>도심권,지수,2020년 12월,2020,12,2020-12-01
A_2024_00080,MM,202012,,,520015,동남권,100001,지수,88.2315741766979,지수,,서울>강남지역>동남권,지수,2020년 12월,2020,12,2020-12-01
A_2024_00080,MM,202012,,,510015,동부1권,100001,지수,99.6342942530234,지수,,경기>동부1권,지수,2020년 12월,2020,12,2020-12-01
A_2024_00080,MM,202012,,,510016,동부2권,100001,지수,102.201612360951,지수,,경기>동부2권,지수,2020년 12월,2020,12,2020-12-01
A_2024_00080,MM,202012,,,510022,동부산권,100001,지수,105.579154016514,지수,,부산>동부산권,지수,2020년 12월,2020,12,2020-12-01
A_2024_00080,MM,202012,,,520011,동북권,100001,지수,94.8800150861523,지수,,서울>강북지역>동북권,지수,2020년 12월,2020,12,2020-12-01
A_2024_00080,MM,202012,,,500011,부산,100001,지수,103.22597551945,지수,,부산,지수,2020년 12월,2020,12,2020-12-01
A_2024_00080,MM,202012,,,520014,서남권,100001,지수,96.503342820071,지수,,서울>강남지역>서남권,지수,2020년 12월,2020,12,2020-12-01
A_2024_00080,MM,202012,,,510023,서부산권,100001,지수,103.61724198681,지수,,부산>서부산권,지수,2020년 12월,2020,12,2020-12-01
A_2024_00080,MM,202012,,,520012,서북권,100001,지수,93.0077432728486,지수,,서울>강북지역>서북권,지수,2020년 12월,2020,12,2020-12-01
A_2024_00080,MM,202012,,,500008,서울,100001,지수,93.4162982971893,지수,,서울,지수,2020년 12월,2020,12,2020-12-01
A_2024_00080,MM,202012,,,510014,서해안권,100001,지수,98.7543573810475,지수,,경기>서해안권,지수,2020년 12월,2020,12,2020-12-01
A_2024_00080,MM,202012,,,500016,세종,100001,지수,103.31852246004,지수,,세종,지수,2020년 12월,2020,12,2020-12-01
A_2024_00080,MM,202012,,,500002,수도권,100001,지수,97.3923840267383,지수,,수도권,지수,2020년 12월,2020,12,2020-12-01
A_2024_00080,MM,202012,,,500015,울산,100001,지수,104.824275388122,지수,,울산,지수,2020년 12월,2020,12,2020-12-01
A_2024_00080,MM,202012,,,500010,인천,100001,지수,104.526624911719,지수,,인천,지수,2020년 12월,2020,12,2020-12-01
A_2024_00080,MM,202012,,,500001,전국,100001,지수,99.0225755886037,지수,,전국,지수,2020년 12월,2020,12,2020-12-01
A_2024_00080,MM,202012,,,500021,전남,100001,지수,103.859938387009,지수,,전남광주>전남,지수,2020년 12월,2020,12,2020-12-01
A_2024_00080,MM,202012,,,500020,전북,100001,지수,105.608436730782,지수,,전북,지수,2020년 12월,2020,12,2020-12-01
A_2024_00080,MM,202012,,,500024,제주,100001,지수,103.433800226494,지수,,제주,지수,2020년 12월,2020,12,2020-12-01
A_2024_00080,MM,202012,,,510021,중부산권,100001,지수,101.807937526676,지수,,부산>중부산권,지수,2020년 12월,2020,12,2020-12-01
A_2024_00080,MM,202012,,,500003,지방권,100001,지수,103.40524968205,지수,,지방권,지수,2020년 12월,2020,12,2020-12-01
A_2024_00080,MM,202012,,,500019,충남,100001,지수,105.556723327139,지수,,충남,지수,2020년 12월,2020,12,2020-12-01
A_2024_00080,MM,202012,,,500018,충북,100001,지수,98.87754106847,지수,,충북,지수,2020년 12월,2020,12,2020-12-01
A_2024_00080,MM,202101,,,500005,5대광역시,100001,지수,104.280765357809,지수,,5대광역시,지수,2021년 1월,2021,1,2021-01-01
A_2024_00080,MM,202101,,,500004,6대광역시,100001,지수,104.443988028112,지수,,6대광역시,지수,2021년 1월,2021,1,2021-01-01
A_2024_00080,MM,202101,,,500007,8개도,100001,지수,102.914803371124,지수,,8개도,지수,2021년 1월,2021,1,2021-01-01
A_2024_00080,MM,202101,,,500006,9개도,100001,지수,100.945509702708,지수,,9개도,지수,2021년 1월,2021,1,2021-01-01
A_2024_00080,MM,202101,,,510010,강남지역,100001,지수,93.6631287007932,지수,,서울>강남지역,지수,2021년 1월,2021,1,2021-01-01
A_2024_00080,MM,202101,,,510009,강북지역,100001,지수,93.942780732946,지수,,서울>강북지역,지수,2021년 1월,2021,1,2021-01-01
A_2024_00080,MM,202101,,,500017,강원,100001,지수,98.1832808289984,지수,,강원,지수,2021년 1월,2021,1,2021-01-01
A_2024_00080,MM,202101,,,500009,경기,100001,지수,99.9782141815347,지수,,경기,지수,2021년 1월,2021,1,2021-01-01
A_2024_00080,MM,202101,,,500023,경남,100001,지수,105.554771974102,지수,,경남,지수,2021년 1월,2021,1,2021-01-01
A_2024_00080,MM,202101,,,510012,경부1권,100001,지수,95.9516617393035,지수,,경기>경부1권,지수,2021년 1월,2021,1,2021-01-01
A_2024_00080,MM,202101,,,510013,경부2권,100001,지수,100.106098480429,지수,,경기>경부2권,지수,2021년 1월,2021,1,2021-01-01
A_2024_00080,MM,202101,,,500022,경북,100001,지수,100.827557125966,지수,,경북,지수,2021년 1월,2021,1,2021-01-01
A_2024_00080,MM,202101,,,510018,경원권,100001,지수,104.280990270201,지수,,경기>경원권,지수,2021년 1월,2021,1,2021-01-01
A_2024_00080,MM,202101,,,510017,경의권,100001,지수,104.756505243289,지수,,경기>경의권,지수,2021년 1월,2021,1,2021-01-01
A_2024_00080,MM,202101,,,500013,광주,100001,지수,103.271224690841,지수,,전남광주>광주,지수,2021년 1월,2021,1,2021-01-01
A_2024_00080,MM,202101,,,500012,대구,100001,지수,109.260479301719,지수,,대구,지수,2021년 1월,2021,1,2021-01-01
A_2024_00080,MM,202101,,,500014,대전,100001,지수,100.518731449722,지수,,대전,지수,2021년 1월,2021,1,2021-01-01
A_2024_00080,MM,202101,,,520010,도심권,100001,지수,89.9243333205042,지수,,서울>강북지역>도심권,지수,2021년 1월,2021,1,2021-01-01
A_2024_00080,MM,202101,,,520015,동남권,100001,지수,89.0262322981401,지수,,서울>강남지역>동남권,지수,2021년 1월,2021,1,2021-01-01
A_2024_00080,MM,202101,,,510015,동부1권,100001,지수,100.035932994585,지수,,경기>동부1권,지수,2021년 1월,2021,1,2021-01-01
A_2024_00080,MM,202101,,,510016,동부2권,100001,지수,102.234440943157,지수,,경기>동부2권,지수,2021년 1월,2021,1,2021-01-01
A_2024_00080,MM,202101,,,510022,동부산권,100001,지수,105.898104523948,지수,,부산>동부산권,지수,2021년 1월,2021,1,2021-01-01
A_2024_00080,MM,202101,,,520011,동북권,100001,지수,95.1915521109796,지수,,서울>강북지역>동북권,지수,2021년 1월,2021,1,2021-01-01
A_2024_00080,MM,202101,,,500011,부산,100001,지수,103.555884062658,지수,,부산,지수,2021년 1월,2021,1,2021-01-01
A_2024_00080,MM,202101,,,520014,서남권,100001,지수,96.776304324548,지수,,서울>강남지역>서남권,지수,2021년 1월,2021,1,2021-01-01
A_2024_00080,MM,202101,,,510023,서부산권,100001,지수,103.768772296885,지수,,부산>서부산권,지수,2021년 1월,2021,1,2021-01-01
A_2024_00080,MM,202101,,,520012,서북권,100001,지수,93.2466799212703,지수,,서울>강북지역>서북권,지수,2021년 1월,2021,1,2021-01-01
A_2024_00080,MM,202101,,,500008,서울,100001,지수,93.7984556387939,지수,,서울,지수,2021년 1월,2021,1,2021-01-01
A_2024_00080,MM,202101,,,510014,서해안권,100001,지수,98.9792653826025,지수,,경기>서해안권,지수,2021년 1월,2021,1,2021-01-01
A_2024_00080,MM,202101,,,500016,세종,100001,지수,103.527164238323,지수,,세종,지수,2021년 1월,2021,1,2021-01-01
A_2024_00080,MM,202101,,,500002,수도권,100001,지수,97.6917074754891,지수,,수도권,지수,2021년 1월,2021,1,2021-01-01
A_2024_00080,MM,202101,,,500015,울산,100001,지수,105.086345875178,지수,,울산,지수,2021년 1월,2021,1,2021-01-01
A_2024_00080,MM,202101,,,500010,인천,100001,지수,104.664372416447,지수,,인천,지수,2021년 1월,2021,1,2021-01-01
A_2024_00080,MM,202101,,,500001,전국,100001,지수,99.2819155250264,지수,,전국,지수,2021년 1월,2021,1,2021-01-01
A_2024_00080,MM,202101,,,500021,전남,100001,지수,103.913278860831,지수,,전남광주>전남,지수,2021년 1월,2021,1,2021-01-01
A_2024_00080,MM,202101,,,500020,전북,100001,지수,105.521768458854,지수,,전북,지수,2021년 1월,2021,1,2021-01-01
A_2024_00080,MM,202101,,,500024,제주,100001,지수,103.419032285621,지수,,제주,지수,2021년 1월,2021,1,2021-01-01
A_2024_00080,MM,202101,,,510021,중부산권,100001,지수,102.207633436915,지수,,부산>중부산권,지수,2021년 1월,2021,1,2021-01-01
A_2024_00080,MM,202101,,,500003,지방권,100001,지수,103.557079348947,지수,,지방권,지수,2021년 1월,2021,1,2021-01-01
A_2024_00080,MM,202101,,,500019,충남,100001,지수,105.487576881382,지수,,충남,지수,2021년 1월,2021,1,2021-01-01
A_2024_00080,MM,202101,,,500018,충북,100001,지수,98.8760670254421,지수,,충북,지수,2021년 1월,2021,1,2021-01-01
A_2024_00080,MM,202102,,,500005,5대광역시,100001,지수,104.572434949406,지수,,5대광역시,지수,2021년 2월,2021,2,2021-02-01
A_2024_00080,MM,202102,,,500004,6대광역시,100001,지수,104.693814256589,지수,,6대광역시,지수,2021년 2월,2021,2,2021-02-01
A_2024_00080,MM,202102,,,500007,8개도,100001,지수,102.859910519659,지수,,8개도,지수,2021년 2월,2021,2,2021-02-01
A_2024_00080,MM,202102,,,500006,9개도,100001,지수,101.141086015064,지수,,9개도,지수,2021년 2월,2021,2,2021-02-01
A_2024_00080,MM,202102,,,510010,강남지역,100001,지수,93.8952948216152,지수,,서울>강남지역,지수,2021년 2월,2021,2,2021-02-01
A_2024_00080,MM,202102,,,510009,강북지역,100001,지수,94.2568386985509,지수,,서울>강북지역,지수,2021년 2월,2021,2,2021-02-01
A_2024_00080,MM,202102,,,500017,강원,100001,지수,98.2480659679224,지수,,강원,지수,2021년 2월,2021,2,2021-02-01
A_2024_00080,MM,202102,,,500009,경기,100001,지수,100.29640962606,지수,,경기,지수,2021년 2월,2021,2,2021-02-01
A_2024_00080,MM,202102,,,500023,경남,100001,지수,105.413139367363,지수,,경남,지수,2021년 2월,2021,2,2021-02-01
A_2024_00080,MM,202102,,,510012,경부1권,100001,지수,96.3740416270794,지수,,경기>경부1권,지수,2021년 2월,2021,2,2021-02-01
A_2024_00080,MM,202102,,,510013,경부2권,100001,지수,100.49684581217,지수,,경기>경부2권,지수,2021년 2월,2021,2,2021-02-01
A_2024_00080,MM,202102,,,500022,경북,100001,지수,100.759720096244,지수,,경북,지수,2021년 2월,2021,2,2021-02-01
A_2024_00080,MM,202102,,,510018,경원권,100001,지수,104.577177914948,지수,,경기>경원권,지수,2021년 2월,2021,2,2021-02-01
A_2024_00080,MM,202102,,,510017,경의권,100001,지수,105.069115374845,지수,,경기>경의권,지수,2021년 2월,2021,2,2021-02-01
A_2024_00080,MM,202102,,,500013,광주,100001,지수,103.500042049828,지수,,전남광주>광주,지수,2021년 2월,2021,2,2021-02-01
A_2024_00080,MM,202102,,,500012,대구,100001,지수,109.558501623647,지수,,대구,지수,2021년 2월,2021,2,2021-02-01
A_2024_00080,MM,202102,,,500014,대전,100001,지수,100.836739033981,지수,,대전,지수,2021년 2월,2021,2,2021-02-01
A_2024_00080,MM,202102,,,520010,도심권,100001,지수,90.086565688232,지수,,서울>강북지역>도심권,지수,2021년 2월,2021,2,2021-02-01
A_2024_00080,MM,202102,,,520015,동남권,100001,지수,89.2959286906823,지수,,서울>강남지역>동남권,지수,2021년 2월,2021,2,2021-02-01
A_2024_00080,MM,202102,,,510015,동부1권,100001,지수,100.628367810635,지수,,경기>동부1권,지수,2021년 2월,2021,2,2021-02-01
A_2024_00080,MM,202102,,,510016,동부2권,100001,지수,102.303401323597,지수,,경기>동부2권,지수,2021년 2월,2021,2,2021-02-01
A_2024_00080,MM,202102,,,510022,동부산권,100001,지수,106.203225744929,지수,,부산>동부산권,지수,2021년 2월,2021,2,2021-02-01
A_2024_00080,MM,202102,,,520011,동북권,100001,지수,95.5894957466812,지수,,서울>강북지역>동북권,지수,2021년 2월,2021,2,2021-02-01
A_2024_00080,MM,202102,,,500011,부산,100001,지수,103.889214141524,지수,,부산,지수,2021년 2월,2021,2,2021-02-01
A_2024_00080,MM,202102,,,520014,서남권,100001,지수,96.9812798874313,지수,,서울>강남지역>서남권,지수,2021년 2월,2021,2,2021-02-01
A_2024_00080,MM,202102,,,510023,서부산권,100001,지수,103.942331247302,지수,,부산>서부산권,지수,2021년 2월,2021,2,2021-02-01
A_2024_00080,MM,202102,,,520012,서북권,100001,지수,93.4817330762256,지수,,서울>강북지역>서북권,지수,2021년 2월,2021,2,2021-02-01
A_2024_00080,MM,202102,,,500008,서울,100001,지수,94.0701695375655,지수,,서울,지수,2021년 2월,2021,2,2021-02-01
A_2024_00080,MM,202102,,,510014,서해안권,100001,지수,99.1643500140741,지수,,경기>서해안권,지수,2021년 2월,2021,2,2021-02-01
A_2024_00080,MM,202102,,,500016,세종,100001,지수,103.851723500784,지수,,세종,지수,2021년 2월,2021,2,2021-02-01
A_2024_00080,MM,202102,,,500002,수도권,100001,지수,97.9716939357056,지수,,수도권,지수,2021년 2월,2021,2,2021-02-01
A_2024_00080,MM,202102,,,500015,울산,100001,지수,105.120107280449,지수,,울산,지수,2021년 2월,2021,2,2021-02-01
A_2024_00080,MM,202102,,,500010,인천,100001,지수,104.857414303568,지수,,인천,지수,2021년 2월,2021,2,2021-02-01
A_2024_00080,MM,202102,,,500001,전국,100001,지수,99.5160075311223,지수,,전국,지수,2021년 2월,2021,2,2021-02-01
A_2024_00080,MM,202102,,,500021,전남,100001,지수,103.910638172567,지수,,전남광주>전남,지수,2021년 2월,2021,2,2021-02-01
A_2024_00080,MM,202102,,,500020,전북,100001,지수,105.351203477723,지수,,전북,지수,2021년 2월,2021,2,2021-02-01
A_2024_00080,MM,202102,,,500024,제주,100001,지수,103.38061393742,지수,,제주,지수,2021년 2월,2021,2,2021-02-01
A_2024_00080,MM,202102,,,510021,중부산권,100001,지수,102.613609901694,지수,,부산>중부산권,지수,2021년 2월,2021,2,2021-02-01
A_2024_00080,MM,202102,,,500003,지방권,100001,지수,103.667994015869,지수,,지방권,지수,2021년 2월,2021,2,2021-02-01
A_2024_00080,MM,202102,,,500019,충남,100001,지수,105.461836517803,지수,,충남,지수,2021년 2월,2021,2,2021-02-01
A_2024_00080,MM,202102,,,500018,충북,100001,지수,98.8654201327092,지수,,충북,지수,2021년 2월,2021,2,2021-02-01
A_2024_00080,MM,202103,,,500005,5대광역시,100001,지수,104.895591613801,지수,,5대광역시,지수,2021년 3월,2021,3,2021-03-01
A_2024_00080,MM,202103,,,500004,6대광역시,100001,지수,104.979409378417,지수,,6대광역시,지수,2021년 3월,2021,3,2021-03-01
A_2024_00080,MM,202103,,,500007,8개도,100001,지수,102.831433765228,지수,,8개도,지수,2021년 3월,2021,3,2021-03-01
A_2024_00080,MM,202103,,,500006,9개도,100001,지수,101.314190845744,지수,,9개도,지수,2021년 3월,2021,3,2021-03-01
A_2024_00080,MM,202103,,,510010,강남지역,100001,지수,94.0620941918593,지수,,서울>강남지역,지수,2021년 3월,2021,3,2021-03-01
A_2024_00080,MM,202103,,,510009,강북지역,100001,지수,94.4942640297205,지수,,서울>강북지역,지수,2021년 3월,2021,3,2021-03-01
A_2024_00080,MM,202103,,,500017,강원,100001,지수,98.4021937061842,지수,,강원,지수,2021년 3월,2021,3,2021-03-01
A_2024_00080,MM,202103,,,500009,경기,100001,지수,100.568535686433,지수,,경기,지수,2021년 3월,2021,3,2021-03-01
A_2024_00080,MM,202103,,,500023,경남,100001,지수,105.393162518466,지수,,경남,지수,2021년 3월,2021,3,2021-03-01
A_2024_00080,MM,202103,,,510012,경부1권,100001,지수,96.6738430815402,지수,,경기>경부1권,지수,2021년 3월,2021,3,2021-03-01
A_2024_00080,MM,202103,,,510013,경부2권,100001,지수,100.757092424388,지수,,경기>경부2권,지수,2021년 3월,2021,3,2021-03-01
A_2024_00080,MM,202103,,,500022,경북,100001,지수,100.576028817824,지수,,경북,지수,2021년 3월,2021,3,2021-03-01
A_2024_00080,MM,202103,,,510018,경원권,100001,지수,104.826624254018,지수,,경기>경원권,지수,2021년 3월,2021,3,2021-03-01
A_2024_00080,MM,202103,,,510017,경의권,100001,지수,105.315635131328,지수,,경기>경의권,지수,2021년 3월,2021,3,2021-03-01
A_2024_00080,MM,202103,,,500013,광주,100001,지수,103.673618195483,지수,,전남광주>광주,지수,2021년 3월,2021,3,2021-03-01
A_2024_00080,MM,202103,,,500012,대구,100001,지수,109.999909244143,지수,,대구,지수,2021년 3월,2021,3,2021-03-01
A_2024_00080,MM,202103,,,500014,대전,100001,지수,101.154251559039,지수,,대전,지수,2021년 3월,2021,3,2021-03-01
A_2024_00080,MM,202103,,,520010,도심권,100001,지수,90.2120696631606,지수,,서울>강북지역>도심권,지수,2021년 3월,2021,3,2021-03-01
A_2024_00080,MM,202103,,,520015,동남권,100001,지수,89.4358694079594,지수,,서울>강남지역>동남권,지수,2021년 3월,2021,3,2021-03-01
A_2024_00080,MM,202103,,,510015,동부1권,100001,지수,101.009960368053,지수,,경기>동부1권,지수,2021년 3월,2021,3,2021-03-01
A_2024_00080,MM,202103,,,510016,동부2권,100001,지수,102.38445822476,지수,,경기>동부2권,지수,2021년 3월,2021,3,2021-03-01
A_2024_00080,MM,202103,,,510022,동부산권,100001,지수,106.476992408075,지수,,부산>동부산권,지수,2021년 3월,2021,3,2021-03-01
A_2024_00080,MM,202103,,,520011,동북권,100001,지수,95.8885133247853,지수,,서울>강북지역>동북권,지수,2021년 3월,2021,3,2021-03-01
A_2024_00080,MM,202103,,,500011,부산,100001,지수,104.264562187266,지수,,부산,지수,2021년 3월,2021,3,2021-03-01
A_2024_00080,MM,202103,,,520014,서남권,100001,지수,97.1668644109526,지수,,서울>강남지역>서남권,지수,2021년 3월,2021,3,2021-03-01
A_2024_00080,MM,202103,,,510023,서부산권,100001,지수,104.055692182095,지수,,부산>서부산권,지수,2021년 3월,2021,3,2021-03-01
A_2024_00080,MM,202103,,,520012,서북권,100001,지수,93.661440804442,지수,,서울>강북지역>서북권,지수,2021년 3월,2021,3,2021-03-01
A_2024_00080,MM,202103,,,500008,서울,100001,지수,94.2710620097725,지수,,서울,지수,2021년 3월,2021,3,2021-03-01
A_2024_00080,MM,202103,,,510014,서해안권,100001,지수,99.4203438199924,지수,,경기>서해안권,지수,2021년 3월,2021,3,2021-03-01
A_2024_00080,MM,202103,,,500016,세종,100001,지수,104.247256105228,지수,,세종,지수,2021년 3월,2021,3,2021-03-01
A_2024_00080,MM,202103,,,500002,수도권,100001,지수,98.2053163792261,지수,,수도권,지수,2021년 3월,2021,3,2021-03-01
A_2024_00080,MM,202103,,,500015,울산,100001,지수,105.009832350377,지수,,울산,지수,2021년 3월,2021,3,2021-03-01
A_2024_00080,MM,202103,,,500010,인천,100001,지수,105.092081427553,지수,,인천,지수,2021년 3월,2021,3,2021-03-01
A_2024_00080,MM,202103,,,500001,전국,100001,지수,99.7240754647548,지수,,전국,지수,2021년 3월,2021,3,2021-03-01
A_2024_00080,MM,202103,,,500021,전남,100001,지수,103.928753037533,지수,,전남광주>전남,지수,2021년 3월,2021,3,2021-03-01
A_2024_00080,MM,202103,,,500020,전북,100001,지수,105.225511461192,지수,,전북,지수,2021년 3월,2021,3,2021-03-01
A_2024_00080,MM,202103,,,500024,제주,100001,지수,103.318775185412,지수,,제주,지수,2021년 3월,2021,3,2021-03-01
A_2024_00080,MM,202103,,,510021,중부산권,100001,지수,103.138542449384,지수,,부산>중부산권,지수,2021년 3월,2021,3,2021-03-01
A_2024_00080,MM,202103,,,500003,지방권,100001,지수,103.8075898649,지수,,지방권,지수,2021년 3월,2021,3,2021-03-01
A_2024_00080,MM,202103,,,500019,충남,100001,지수,105.484225072982,지수,,충남,지수,2021년 3월,2021,3,2021-03-01
A_2024_00080,MM,202103,,,500018,충북,100001,지수,99.0019236420004,지수,,충북,지수,2021년 3월,2021,3,2021-03-01
A_2024_00080,MM,202104,,,500005,5대광역시,100001,지수,105.148464800966,지수,,5대광역시,지수,2021년 4월,2021,4,2021-04-01
A_2024_00080,MM,202104,,,500004,6대광역시,100001,지수,105.221648929324,지수,,6대광역시,지수,2021년 4월,2021,4,2021-04-01
A_2024_00080,MM,202104,,,500007,8개도,100001,지수,102.800826210344,지수,,8개도,지수,2021년 4월,2021,4,2021-04-01
A_2024_00080,MM,202104,,,500006,9개도,100001,지수,101.475345081128,지수,,9개도,지수,2021년 4월,2021,4,2021-04-01
A_2024_00080,MM,202104,,,510010,강남지역,100001,지수,94.2109603461984,지수,,서울>강남지역,지수,2021년 4월,2021,4,2021-04-01
A_2024_00080,MM,202104,,,510009,강북지역,100001,지수,94.7298410952137,지수,,서울>강북지역,지수,2021년 4월,2021,4,2021-04-01
A_2024_00080,MM,202104,,,500017,강원,100001,지수,98.7287622397702,지수,,강원,지수,2021년 4월,2021,4,2021-04-01
A_2024_00080,MM,202104,,,500009,경기,100001,지수,100.824165571335,지수,,경기,지수,2021년 4월,2021,4,2021-04-01
A_2024_00080,MM,202104,,,500023,경남,100001,지수,105.373428336169,지수,,경남,지수,2021년 4월,2021,4,2021-04-01
A_2024_00080,MM,202104,,,510012,경부1권,100001,지수,96.9135127142628,지수,,경기>경부1권,지수,2021년 4월,2021,4,2021-04-01
A_2024_00080,MM,202104,,,510013,경부2권,100001,지수,100.890776365607,지수,,경기>경부2권,지수,2021년 4월,2021,4,2021-04-01
A_2024_00080,MM,202104,,,500022,경북,100001,지수,100.470240753658,지수,,경북,지수,2021년 4월,2021,4,2021-04-01
A_2024_00080,MM,202104,,,510018,경원권,100001,지수,105.049204681581,지수,,경기>경원권,지수,2021년 4월,2021,4,2021-04-01
A_2024_00080,MM,202104,,,510017,경의권,100001,지수,105.54513879008,지수,,경기>경의권,지수,2021년 4월,2021,4,2021-04-01
A_2024_00080,MM,202104,,,500013,광주,100001,지수,103.749677020203,지수,,전남광주>광주,지수,2021년 4월,2021,4,2021-04-01
A_2024_00080,MM,202104,,,500012,대구,100001,지수,110.268784821231,지수,,대구,지수,2021년 4월,2021,4,2021-04-01
A_2024_00080,MM,202104,,,500014,대전,100001,지수,101.547014653369,지수,,대전,지수,2021년 4월,2021,4,2021-04-01
A_2024_00080,MM,202104,,,520010,도심권,100001,지수,90.363035255133,지수,,서울>강북지역>도심권,지수,2021년 4월,2021,4,2021-04-01
A_2024_00080,MM,202104,,,520015,동남권,100001,지수,89.5782840802319,지수,,서울>강남지역>동남권,지수,2021년 4월,2021,4,2021-04-01
A_2024_00080,MM,202104,,,510015,동부1권,100001,지수,101.320825293013,지수,,경기>동부1권,지수,2021년 4월,2021,4,2021-04-01
A_2024_00080,MM,202104,,,510016,동부2권,100001,지수,102.473812683234,지수,,경기>동부2권,지수,2021년 4월,2021,4,2021-04-01
A_2024_00080,MM,202104,,,510022,동부산권,100001,지수,106.879879820312,지수,,부산>동부산권,지수,2021년 4월,2021,4,2021-04-01
A_2024_00080,MM,202104,,,520011,동북권,100001,지수,96.1671037118093,지수,,서울>강북지역>동북권,지수,2021년 4월,2021,4,2021-04-01
A_2024_00080,MM,202104,,,500011,부산,100001,지수,104.537785774329,지수,,부산,지수,2021년 4월,2021,4,2021-04-01
A_2024_00080,MM,202104,,,520014,서남권,100001,지수,97.3200247729383,지수,,서울>강남지역>서남권,지수,2021년 4월,2021,4,2021-04-01
A_2024_00080,MM,202104,,,510023,서부산권,100001,지수,104.209881464009,지수,,부산>서부산권,지수,2021년 4월,2021,4,2021-04-01
A_2024_00080,MM,202104,,,520012,서북권,100001,지수,93.8588653553968,지수,,서울>강북지역>서북권,지수,2021년 4월,2021,4,2021-04-01
A_2024_00080,MM,202104,,,500008,서울,100001,지수,94.4617680305753,지수,,서울,지수,2021년 4월,2021,4,2021-04-01
A_2024_00080,MM,202104,,,510014,서해안권,100001,지수,99.7355762339769,지수,,경기>서해안권,지수,2021년 4월,2021,4,2021-04-01
A_2024_00080,MM,202104,,,500016,세종,100001,지수,104.580562335619,지수,,세종,지수,2021년 4월,2021,4,2021-04-01
A_2024_00080,MM,202104,,,500002,수도권,100001,지수,98.4266755752784,지수,,수도권,지수,2021년 4월,2021,4,2021-04-01
A_2024_00080,MM,202104,,,500015,울산,100001,지수,105.018593034601,지수,,울산,지수,2021년 4월,2021,4,2021-04-01
A_2024_00080,MM,202104,,,500010,인천,100001,지수,105.319909840302,지수,,인천,지수,2021년 4월,2021,4,2021-04-01
A_2024_00080,MM,202104,,,500001,전국,100001,지수,99.9137167215813,지수,,전국,지수,2021년 4월,2021,4,2021-04-01
A_2024_00080,MM,202104,,,500021,전남,100001,지수,103.956062202635,지수,,전남광주>전남,지수,2021년 4월,2021,4,2021-04-01
A_2024_00080,MM,202104,,,500020,전북,100001,지수,105.154388460265,지수,,전북,지수,2021년 4월,2021,4,2021-04-01
A_2024_00080,MM,202104,,,500024,제주,100001,지수,103.241067126487,지수,,제주,지수,2021년 4월,2021,4,2021-04-01
A_2024_00080,MM,202104,,,510021,중부산권,100001,지수,103.384108049171,지수,,부산>중부산권,지수,2021년 4월,2021,4,2021-04-01
A_2024_00080,MM,202104,,,500003,지방권,100001,지수,103.912341450625,지수,,지방권,지수,2021년 4월,2021,4,2021-04-01
A_2024_00080,MM,202104,,,500019,충남,100001,지수,105.292321644305,지수,,충남,지수,2021년 4월,2021,4,2021-04-01
A_2024_00080,MM,202104,,,500018,충북,100001,지수,99.1199930225246,지수,,충북,지수,2021년 4월,2021,4,2021-04-01
A_2024_00080,MM,202105,,,500005,5대광역시,100001,지수,105.492255749829,지수,,5대광역시,지수,2021년 5월,2021,5,2021-05-01
A_2024_00080,MM,202105,,,500004,6대광역시,100001,지수,105.442612048344,지수,,6대광역시,지수,2021년 5월,2021,5,2021-05-01
A_2024_00080,MM,202105,,,500007,8개도,100001,지수,102.831446218482,지수,,8개도,지수,2021년 5월,2021,5,2021-05-01
A_2024_00080,MM,202105,,,500006,9개도,100001,지수,101.713208613542,지수,,9개도,지수,2021년 5월,2021,5,2021-05-01
A_2024_00080,MM,202105,,,510010,강남지역,100001,지수,94.4061899039852,지수,,서울>강남지역,지수,2021년 5월,2021,5,2021-05-01
A_2024_00080,MM,202105,,,510009,강북지역,100001,지수,95.0014616343231,지수,,서울>강북지역,지수,2021년 5월,2021,5,2021-05-01
A_2024_00080,MM,202105,,,500017,강원,100001,지수,98.9168478362884,지수,,강원,지수,2021년 5월,2021,5,2021-05-01
A_2024_00080,MM,202105,,,500009,경기,100001,지수,101.164439878519,지수,,경기,지수,2021년 5월,2021,5,2021-05-01
A_2024_00080,MM,202105,,,500023,경남,100001,지수,105.422455073773,지수,,경남,지수,2021년 5월,2021,5,2021-05-01
A_2024_00080,MM,202105,,,510012,경부1권,100001,지수,97.1938634786177,지수,,경기>경부1권,지수,2021년 5월,2021,5,2021-05-01
A_2024_00080,MM,202105,,,510013,경부2권,100001,지수,101.200417167101,지수,,경기>경부2권,지수,2021년 5월,2021,5,2021-05-01
A_2024_00080,MM,202105,,,500022,경북,100001,지수,100.435557299372,지수,,경북,지수,2021년 5월,2021,5,2021-05-01
A_2024_00080,MM,202105,,,510018,경원권,100001,지수,105.293760275502,지수,,경기>경원권,지수,2021년 5월,2021,5,2021-05-01
A_2024_00080,MM,202105,,,510017,경의권,100001,지수,105.694020166663,지수,,경기>경의권,지수,2021년 5월,2021,5,2021-05-01
A_2024_00080,MM,202105,,,500013,광주,100001,지수,103.812544877246,지수,,전남광주>광주,지수,2021년 5월,2021,5,2021-05-01
A_2024_00080,MM,202105,,,500012,대구,100001,지수,110.613313221082,지수,,대구,지수,2021년 5월,2021,5,2021-05-01
A_2024_00080,MM,202105,,,500014,대전,100001,지수,102.032570539457,지수,,대전,지수,2021년 5월,2021,5,2021-05-01
A_2024_00080,MM,202105,,,520010,도심권,100001,지수,90.4938963125789,지수,,서울>강북지역>도심권,지수,2021년 5월,2021,5,2021-05-01
A_2024_00080,MM,202105,,,520015,동남권,100001,지수,89.8147617052191,지수,,서울>강남지역>동남권,지수,2021년 5월,2021,5,2021-05-01
A_2024_00080,MM,202105,,,510015,동부1권,100001,지수,101.694249204083,지수,,경기>동부1권,지수,2021년 5월,2021,5,2021-05-01
A_2024_00080,MM,202105,,,510016,동부2권,100001,지수,102.60912737882,지수,,경기>동부2권,지수,2021년 5월,2021,5,2021-05-01
A_2024_00080,MM,202105,,,510022,동부산권,100001,지수,107.281109249513,지수,,부산>동부산권,지수,2021년 5월,2021,5,2021-05-01
A_2024_00080,MM,202105,,,520011,동북권,100001,지수,96.4762374621834,지수,,서울>강북지역>동북권,지수,2021년 5월,2021,5,2021-05-01
A_2024_00080,MM,202105,,,500011,부산,100001,지수,104.911835851634,지수,,부산,지수,2021년 5월,2021,5,2021-05-01
A_2024_00080,MM,202105,,,520014,서남권,100001,지수,97.4855123424764,지수,,서울>강남지역>서남권,지수,2021년 5월,2021,5,2021-05-01
A_2024_00080,MM,202105,,,510023,서부산권,100001,지수,104.360591881579,지수,,부산>서부산권,지수,2021년 5월,2021,5,2021-05-01
A_2024_00080,MM,202105,,,520012,서북권,100001,지수,94.1197552247433,지수,,서울>강북지역>서북권,지수,2021년 5월,2021,5,2021-05-01
A_2024_00080,MM,202105,,,500008,서울,100001,지수,94.6938422102329,지수,,서울,지수,2021년 5월,2021,5,2021-05-01
A_2024_00080,MM,202105,,,510014,서해안권,100001,지수,100.179008602945,지수,,경기>서해안권,지수,2021년 5월,2021,5,2021-05-01
A_2024_00080,MM,202105,,,500016,세종,100001,지수,104.839567246023,지수,,세종,지수,2021년 5월,2021,5,2021-05-01
A_2024_00080,MM,202105,,,500002,수도권,100001,지수,98.6785763508991,지수,,수도권,지수,2021년 5월,2021,5,2021-05-01
A_2024_00080,MM,202105,,,500015,울산,100001,지수,105.141629552979,지수,,울산,지수,2021년 5월,2021,5,2021-05-01
A_2024_00080,MM,202105,,,500010,인천,100001,지수,105.374682535069,지수,,인천,지수,2021년 5월,2021,5,2021-05-01
A_2024_00080,MM,202105,,,500001,전국,100001,지수,100.145858448657,지수,,전국,지수,2021년 5월,2021,5,2021-05-01
A_2024_00080,MM,202105,,,500021,전남,100001,지수,103.975281155637,지수,,전남광주>전남,지수,2021년 5월,2021,5,2021-05-01
A_2024_00080,MM,202105,,,500020,전북,100001,지수,105.170488243064,지수,,전북,지수,2021년 5월,2021,5,2021-05-01
A_2024_00080,MM,202105,,,500024,제주,100001,지수,103.158780988065,지수,,제주,지수,2021년 5월,2021,5,2021-05-01
A_2024_00080,MM,202105,,,510021,중부산권,100001,지수,103.824097550927,지수,,부산>중부산권,지수,2021년 5월,2021,5,2021-05-01
A_2024_00080,MM,202105,,,500003,지방권,100001,지수,104.091684247471,지수,,지방권,지수,2021년 5월,2021,5,2021-05-01
A_2024_00080,MM,202105,,,500019,충남,100001,지수,105.331077596646,지수,,충남,지수,2021년 5월,2021,5,2021-05-01
A_2024_00080,MM,202105,,,500018,충북,100001,지수,99.3048672618644,지수,,충북,지수,2021년 5월,2021,5,2021-05-01
A_2024_00080,MM,202106,,,500005,5대광역시,100001,지수,105.804748491628,지수,,5대광역시,지수,2021년 6월,2021,6,2021-06-01
A_2024_00080,MM,202106,,,500004,6대광역시,100001,지수,105.765096789358,지수,,6대광역시,지수,2021년 6월,2021,6,2021-06-01
A_2024_00080,MM,202106,,,500007,8개도,100001,지수,102.909497946868,지수,,8개도,지수,2021년 6월,2021,6,2021-06-01
A_2024_00080,MM,202106,,,500006,9개도,100001,지수,102.018764891825,지수,,9개도,지수,2021년 6월,2021,6,2021-06-01
A_2024_00080,MM,202106,,,510010,강남지역,100001,지수,94.7732886823711,지수,,서울>강남지역,지수,2021년 6월,2021,6,2021-06-01
A_2024_00080,MM,202106,,,510009,강북지역,100001,지수,95.3481228454321,지수,,서울>강북지역,지수,2021년 6월,2021,6,2021-06-01
A_2024_00080,MM,202106,,,500017,강원,100001,지수,99.1260331603979,지수,,강원,지수,2021년 6월,2021,6,2021-06-01
A_2024_00080,MM,202106,,,500009,경기,100001,지수,101.582788575192,지수,,경기,지수,2021년 6월,2021,6,2021-06-01
A_2024_00080,MM,202106,,,500023,경남,100001,지수,105.38729790596,지수,,경남,지수,2021년 6월,2021,6,2021-06-01
A_2024_00080,MM,202106,,,510012,경부1권,100001,지수,97.5204293553077,지수,,경기>경부1권,지수,2021년 6월,2021,6,2021-06-01
A_2024_00080,MM,202106,,,510013,경부2권,100001,지수,101.70716406353,지수,,경기>경부2권,지수,2021년 6월,2021,6,2021-06-01
A_2024_00080,MM,202106,,,500022,경북,100001,지수,100.494266898482,지수,,경북,지수,2021년 6월,2021,6,2021-06-01
A_2024_00080,MM,202106,,,510018,경원권,100001,지수,105.679228533762,지수,,경기>경원권,지수,2021년 6월,2021,6,2021-06-01
A_2024_00080,MM,202106,,,510017,경의권,100001,지수,105.920828486967,지수,,경기>경의권,지수,2021년 6월,2021,6,2021-06-01
A_2024_00080,MM,202106,,,500013,광주,100001,지수,103.880167383421,지수,,전남광주>광주,지수,2021년 6월,2021,6,2021-06-01
A_2024_00080,MM,202106,,,500012,대구,100001,지수,110.911066901239,지수,,대구,지수,2021년 6월,2021,6,2021-06-01
A_2024_00080,MM,202106,,,500014,대전,100001,지수,102.360164488826,지수,,대전,지수,2021년 6월,2021,6,2021-06-01
A_2024_00080,MM,202106,,,520010,도심권,100001,지수,90.7631127576522,지수,,서울>강북지역>도심권,지수,2021년 6월,2021,6,2021-06-01
A_2024_00080,MM,202106,,,520015,동남권,100001,지수,90.2435847635469,지수,,서울>강남지역>동남권,지수,2021년 6월,2021,6,2021-06-01
A_2024_00080,MM,202106,,,510015,동부1권,100001,지수,102.180697576729,지수,,경기>동부1권,지수,2021년 6월,2021,6,2021-06-01
A_2024_00080,MM,202106,,,510016,동부2권,100001,지수,102.777379266669,지수,,경기>동부2권,지수,2021년 6월,2021,6,2021-06-01
A_2024_00080,MM,202106,,,510022,동부산권,100001,지수,107.727946690166,지수,,부산>동부산권,지수,2021년 6월,2021,6,2021-06-01
A_2024_00080,MM,202106,,,520011,동북권,100001,지수,96.8516977182825,지수,,서울>강북지역>동북권,지수,2021년 6월,2021,6,2021-06-01
A_2024_00080,MM,202106,,,500011,부산,100001,지수,105.294575292751,지수,,부산,지수,2021년 6월,2021,6,2021-06-01
A_2024_00080,MM,202106,,,520014,서남권,100001,지수,97.8080232757128,지수,,서울>강남지역>서남권,지수,2021년 6월,2021,6,2021-06-01
A_2024_00080,MM,202106,,,510023,서부산권,100001,지수,104.472113782093,지수,,부산>서부산권,지수,2021년 6월,2021,6,2021-06-01
A_2024_00080,MM,202106,,,520012,서북권,100001,지수,94.4477022406832,지수,,서울>강북지역>서북권,지수,2021년 6월,2021,6,2021-06-01
A_2024_00080,MM,202106,,,500008,서울,100001,지수,95.0510876367243,지수,,서울,지수,2021년 6월,2021,6,2021-06-01
A_2024_00080,MM,202106,,,510014,서해안권,100001,지수,100.648764600885,지수,,경기>서해안권,지수,2021년 6월,2021,6,2021-06-01
A_2024_00080,MM,202106,,,500016,세종,100001,지수,104.995282706846,지수,,세종,지수,2021년 6월,2021,6,2021-06-01
A_2024_00080,MM,202106,,,500002,수도권,100001,지수,99.0573525057787,지수,,수도권,지수,2021년 6월,2021,6,2021-06-01
A_2024_00080,MM,202106,,,500015,울산,100001,지수,105.183401419425,지수,,울산,지수,2021년 6월,2021,6,2021-06-01
A_2024_00080,MM,202106,,,500010,인천,100001,지수,105.710667076517,지수,,인천,지수,2021년 6월,2021,6,2021-06-01
A_2024_00080,MM,202106,,,500001,전국,100001,지수,100.472890386474,지수,,전국,지수,2021년 6월,2021,6,2021-06-01
A_2024_00080,MM,202106,,,500021,전남,100001,지수,104.006544083766,지수,,전남광주>전남,지수,2021년 6월,2021,6,2021-06-01
A_2024_00080,MM,202106,,,500020,전북,100001,지수,105.151826890378,지수,,전북,지수,2021년 6월,2021,6,2021-06-01
A_2024_00080,MM,202106,,,500024,제주,100001,지수,103.321332645669,지수,,제주,지수,2021년 6월,2021,6,2021-06-01
A_2024_00080,MM,202106,,,510021,중부산권,100001,지수,104.270269680927,지수,,부산>중부산권,지수,2021년 6월,2021,6,2021-06-01
A_2024_00080,MM,202106,,,500003,지방권,100001,지수,104.280603774783,지수,,지방권,지수,2021년 6월,2021,6,2021-06-01
A_2024_00080,MM,202106,,,500019,충남,100001,지수,105.412757155227,지수,,충남,지수,2021년 6월,2021,6,2021-06-01
A_2024_00080,MM,202106,,,500018,충북,100001,지수,99.4580936232234,지수,,충북,지수,2021년 6월,2021,6,2021-06-01
A_2024_00080,MM,202107,,,500005,5대광역시,100001,지수,106.137837277541,지수,,5대광역시,지수,2021년 7월,2021,7,2021-07-01
A_2024_00080,MM,202107,,,500004,6대광역시,100001,지수,106.030883504741,지수,,6대광역시,지수,2021년 7월,2021,7,2021-07-01
A_2024_00080,MM,202107,,,500007,8개도,100001,지수,103.045281871556,지수,,8개도,지수,2021년 7월,2021,7,2021-07-01
A_2024_00080,MM,202107,,,500006,9개도,100001,지수,102.326674259242,지수,,9개도,지수,2021년 7월,2021,7,2021-07-01
A_2024_00080,MM,202107,,,510010,강남지역,100001,지수,95.0555185128074,지수,,서울>강남지역,지수,2021년 7월,2021,7,2021-07-01
A_2024_00080,MM,202107,,,510009,강북지역,100001,지수,95.6366387772611,지수,,서울>강북지역,지수,2021년 7월,2021,7,2021-07-01
A_2024_00080,MM,202107,,,500017,강원,100001,지수,99.3338771593654,지수,,강원,지수,2021년 7월,2021,7,2021-07-01
A_2024_00080,MM,202107,,,500009,경기,100001,지수,101.975652298275,지수,,경기,지수,2021년 7월,2021,7,2021-07-01
A_2024_00080,MM,202107,,,500023,경남,100001,지수,105.566421147873,지수,,경남,지수,2021년 7월,2021,7,2021-07-01
A_2024_00080,MM,202107,,,510012,경부1권,100001,지수,98.1725513546509,지수,,경기>경부1권,지수,2021년 7월,2021,7,2021-07-01
A_2024_00080,MM,202107,,,510013,경부2권,100001,지수,101.795880070589,지수,,경기>경부2권,지수,2021년 7월,2021,7,2021-07-01
A_2024_00080,MM,202107,,,500022,경북,100001,지수,100.586561216047,지수,,경북,지수,2021년 7월,2021,7,2021-07-01
A_2024_00080,MM,202107,,,510018,경원권,100001,지수,105.936778368851,지수,,경기>경원권,지수,2021년 7월,2021,7,2021-07-01
A_2024_00080,MM,202107,,,510017,경의권,100001,지수,106.052659193441,지수,,경기>경의권,지수,2021년 7월,2021,7,2021-07-01
A_2024_00080,MM,202107,,,500013,광주,100001,지수,103.990574764418,지수,,전남광주>광주,지수,2021년 7월,2021,7,2021-07-01
A_2024_00080,MM,202107,,,500012,대구,100001,지수,111.122954668464,지수,,대구,지수,2021년 7월,2021,7,2021-07-01
A_2024_00080,MM,202107,,,500014,대전,100001,지수,102.870779607593,지수,,대전,지수,2021년 7월,2021,7,2021-07-01
A_2024_00080,MM,202107,,,520010,도심권,100001,지수,90.9703237507762,지수,,서울>강북지역>도심권,지수,2021년 7월,2021,7,2021-07-01
A_2024_00080,MM,202107,,,520015,동남권,100001,지수,90.6084838136232,지수,,서울>강남지역>동남권,지수,2021년 7월,2021,7,2021-07-01
A_2024_00080,MM,202107,,,510015,동부1권,100001,지수,102.50612024837,지수,,경기>동부1권,지수,2021년 7월,2021,7,2021-07-01
A_2024_00080,MM,202107,,,510016,동부2권,100001,지수,102.994546859439,지수,,경기>동부2권,지수,2021년 7월,2021,7,2021-07-01
A_2024_00080,MM,202107,,,510022,동부산권,100001,지수,107.864356891051,지수,,부산>동부산권,지수,2021년 7월,2021,7,2021-07-01
A_2024_00080,MM,202107,,,520011,동북권,100001,지수,97.2020623982181,지수,,서울>강북지역>동북권,지수,2021년 7월,2021,7,2021-07-01
A_2024_00080,MM,202107,,,500011,부산,100001,지수,105.628319210285,지수,,부산,지수,2021년 7월,2021,7,2021-07-01
A_2024_00080,MM,202107,,,520014,서남권,100001,지수,98.0307582763443,지수,,서울>강남지역>서남권,지수,2021년 7월,2021,7,2021-07-01
A_2024_00080,MM,202107,,,510023,서부산권,100001,지수,104.64051677433,지수,,부산>서부산권,지수,2021년 7월,2021,7,2021-07-01
A_2024_00080,MM,202107,,,520012,서북권,100001,지수,94.6660730844279,지수,,서울>강북지역>서북권,지수,2021년 7월,2021,7,2021-07-01
A_2024_00080,MM,202107,,,500008,서울,100001,지수,95.3363460647157,지수,,서울,지수,2021년 7월,2021,7,2021-07-01
A_2024_00080,MM,202107,,,510014,서해안권,100001,지수,101.193363682854,지수,,경기>서해안권,지수,2021년 7월,2021,7,2021-07-01
A_2024_00080,MM,202107,,,500016,세종,100001,지수,105.045780896441,지수,,세종,지수,2021년 7월,2021,7,2021-07-01
A_2024_00080,MM,202107,,,500002,수도권,100001,지수,99.3713005281026,지수,,수도권,지수,2021년 7월,2021,7,2021-07-01
A_2024_00080,MM,202107,,,500015,울산,100001,지수,105.612263505925,지수,,울산,지수,2021년 7월,2021,7,2021-07-01
A_2024_00080,MM,202107,,,500010,인천,100001,지수,105.884962898484,지수,,인천,지수,2021년 7월,2021,7,2021-07-01
A_2024_00080,MM,202107,,,500001,전국,100001,지수,100.763506239898,지수,,전국,지수,2021년 7월,2021,7,2021-07-01
A_2024_00080,MM,202107,,,500021,전남,100001,지수,104.107408119361,지수,,전남광주>전남,지수,2021년 7월,2021,7,2021-07-01
A_2024_00080,MM,202107,,,500020,전북,100001,지수,105.14822289552,지수,,전북,지수,2021년 7월,2021,7,2021-07-01
A_2024_00080,MM,202107,,,500024,제주,100001,지수,103.536028320106,지수,,제주,지수,2021년 7월,2021,7,2021-07-01
A_2024_00080,MM,202107,,,510021,중부산권,100001,지수,104.770571783135,지수,,부산>중부산권,지수,2021년 7월,2021,7,2021-07-01
A_2024_00080,MM,202107,,,500003,지방권,100001,지수,104.508460819893,지수,,지방권,지수,2021년 7월,2021,7,2021-07-01
A_2024_00080,MM,202107,,,500019,충남,100001,지수,105.468873571642,지수,,충남,지수,2021년 7월,2021,7,2021-07-01
A_2024_00080,MM,202107,,,500018,충북,100001,지수,99.6807335006631,지수,,충북,지수,2021년 7월,2021,7,2021-07-01
A_2024_00080,MM,202108,,,500005,5대광역시,100001,지수,106.578534532479,지수,,5대광역시,지수,2021년 8월,2021,8,2021-08-01
A_2024_00080,MM,202108,,,500004,6대광역시,100001,지수,106.431770795219,지수,,6대광역시,지수,2021년 8월,2021,8,2021-08-01
A_2024_00080,MM,202108,,,500007,8개도,100001,지수,103.258035227436,지수,,8개도,지수,2021년 8월,2021,8,2021-08-01
A_2024_00080,MM,202108,,,500006,9개도,100001,지수,102.711034652418,지수,,9개도,지수,2021년 8월,2021,8,2021-08-01
A_2024_00080,MM,202108,,,510010,강남지역,100001,지수,95.3454526497244,지수,,서울>강남지역,지수,2021년 8월,2021,8,2021-08-01
A_2024_00080,MM,202108,,,510009,강북지역,100001,지수,95.9631236104119,지수,,서울>강북지역,지수,2021년 8월,2021,8,2021-08-01
A_2024_00080,MM,202108,,,500017,강원,100001,지수,99.4694013976226,지수,,강원,지수,2021년 8월,2021,8,2021-08-01
A_2024_00080,MM,202108,,,500009,경기,100001,지수,102.444932256289,지수,,경기,지수,2021년 8월,2021,8,2021-08-01
A_2024_00080,MM,202108,,,500023,경남,100001,지수,105.767552018706,지수,,경남,지수,2021년 8월,2021,8,2021-08-01
A_2024_00080,MM,202108,,,510012,경부1권,100001,지수,98.7753733674449,지수,,경기>경부1권,지수,2021년 8월,2021,8,2021-08-01
A_2024_00080,MM,202108,,,510013,경부2권,100001,지수,101.924696268884,지수,,경기>경부2권,지수,2021년 8월,2021,8,2021-08-01
A_2024_00080,MM,202108,,,500022,경북,100001,지수,100.74398191286,지수,,경북,지수,2021년 8월,2021,8,2021-08-01
A_2024_00080,MM,202108,,,510018,경원권,100001,지수,105.975884741928,지수,,경기>경원권,지수,2021년 8월,2021,8,2021-08-01
A_2024_00080,MM,202108,,,510017,경의권,100001,지수,106.624464322358,지수,,경기>경의권,지수,2021년 8월,2021,8,2021-08-01
A_2024_00080,MM,202108,,,500013,광주,100001,지수,104.112806538962,지수,,전남광주>광주,지수,2021년 8월,2021,8,2021-08-01
A_2024_00080,MM,202108,,,500012,대구,100001,지수,111.197182093406,지수,,대구,지수,2021년 8월,2021,8,2021-08-01
A_2024_00080,MM,202108,,,500014,대전,100001,지수,103.146768985507,지수,,대전,지수,2021년 8월,2021,8,2021-08-01
A_2024_00080,MM,202108,,,520010,도심권,100001,지수,91.2943931198629,지수,,서울>강북지역>도심권,지수,2021년 8월,2021,8,2021-08-01
A_2024_00080,MM,202108,,,520015,동남권,100001,지수,91.0231698271241,지수,,서울>강남지역>동남권,지수,2021년 8월,2021,8,2021-08-01
A_2024_00080,MM,202108,,,510015,동부1권,100001,지수,102.949629428779,지수,,경기>동부1권,지수,2021년 8월,2021,8,2021-08-01
A_2024_00080,MM,202108,,,510016,동부2권,100001,지수,103.365556053707,지수,,경기>동부2권,지수,2021년 8월,2021,8,2021-08-01
A_2024_00080,MM,202108,,,510022,동부산권,100001,지수,108.449990924783,지수,,부산>동부산권,지수,2021년 8월,2021,8,2021-08-01
A_2024_00080,MM,202108,,,520011,동북권,100001,지수,97.5558342604388,지수,,서울>강북지역>동북권,지수,2021년 8월,2021,8,2021-08-01
A_2024_00080,MM,202108,,,500011,부산,100001,지수,106.247363906698,지수,,부산,지수,2021년 8월,2021,8,2021-08-01
A_2024_00080,MM,202108,,,520014,서남권,100001,지수,98.2314003863966,지수,,서울>강남지역>서남권,지수,2021년 8월,2021,8,2021-08-01
A_2024_00080,MM,202108,,,510023,서부산권,100001,지수,105.090299151768,지수,,부산>서부산권,지수,2021년 8월,2021,8,2021-08-01
A_2024_00080,MM,202108,,,520012,서북권,100001,지수,94.9499738524845,지수,,서울>강북지역>서북권,지수,2021년 8월,2021,8,2021-08-01
A_2024_00080,MM,202108,,,500008,서울,100001,지수,95.6438716683786,지수,,서울,지수,2021년 8월,2021,8,2021-08-01
A_2024_00080,MM,202108,,,510014,서해안권,100001,지수,101.812401842599,지수,,경기>서해안권,지수,2021년 8월,2021,8,2021-08-01
A_2024_00080,MM,202108,,,500016,세종,100001,지수,105.079986969835,지수,,세종,지수,2021년 8월,2021,8,2021-08-01
A_2024_00080,MM,202108,,,500002,수도권,100001,지수,99.7482557884725,지수,,수도권,지수,2021년 8월,2021,8,2021-08-01
A_2024_00080,MM,202108,,,500015,울산,100001,지수,106.064905349461,지수,,울산,지수,2021년 8월,2021,8,2021-08-01
A_2024_00080,MM,202108,,,500010,인천,100001,지수,106.231794452052,지수,,인천,지수,2021년 8월,2021,8,2021-08-01
A_2024_00080,MM,202108,,,500001,전국,100001,지수,101.124658095221,지수,,전국,지수,2021년 8월,2021,8,2021-08-01
A_2024_00080,MM,202108,,,500021,전남,100001,지수,104.218337197491,지수,,전남광주>전남,지수,2021년 8월,2021,8,2021-08-01
A_2024_00080,MM,202108,,,500020,전북,100001,지수,105.202048489174,지수,,전북,지수,2021년 8월,2021,8,2021-08-01
A_2024_00080,MM,202108,,,500024,제주,100001,지수,103.96933319546,지수,,제주,지수,2021년 8월,2021,8,2021-08-01
A_2024_00080,MM,202108,,,510021,중부산권,100001,지수,105.469421370549,지수,,부산>중부산권,지수,2021년 8월,2021,8,2021-08-01
A_2024_00080,MM,202108,,,500003,지방권,100001,지수,104.827153166121,지수,,지방권,지수,2021년 8월,2021,8,2021-08-01
A_2024_00080,MM,202108,,,500019,충남,100001,지수,105.610736703347,지수,,충남,지수,2021년 8월,2021,8,2021-08-01
A_2024_00080,MM,202108,,,500018,충북,100001,지수,100.040446320757,지수,,충북,지수,2021년 8월,2021,8,2021-08-01
A_2024_00080,MM,202109,,,500005,5대광역시,100001,지수,106.963401803603,지수,,5대광역시,지수,2021년 9월,2021,9,2021-09-01
A_2024_00080,MM,202109,,,500004,6대광역시,100001,지수,106.967231904939,지수,,6대광역시,지수,2021년 9월,2021,9,2021-09-01
A_2024_00080,MM,202109,,,500007,8개도,100001,지수,103.624188123515,지수,,8개도,지수,2021년 9월,2021,9,2021-09-01
A_2024_00080,MM,202109,,,500006,9개도,100001,지수,103.418559651944,지수,,9개도,지수,2021년 9월,2021,9,2021-09-01
A_2024_00080,MM,202109,,,510010,강남지역,100001,지수,95.8037880983001,지수,,서울>강남지역,지수,2021년 9월,2021,9,2021-09-01
A_2024_00080,MM,202109,,,510009,강북지역,100001,지수,96.3090167602066,지수,,서울>강북지역,지수,2021년 9월,2021,9,2021-09-01
A_2024_00080,MM,202109,,,500017,강원,100001,지수,99.6341800751655,지수,,강원,지수,2021년 9월,2021,9,2021-09-01
A_2024_00080,MM,202109,,,500009,경기,100001,지수,103.322025093673,지수,,경기,지수,2021년 9월,2021,9,2021-09-01
A_2024_00080,MM,202109,,,500023,경남,100001,지수,106.06532385602,지수,,경남,지수,2021년 9월,2021,9,2021-09-01
A_2024_00080,MM,202109,,,510012,경부1권,100001,지수,99.6441326349708,지수,,경기>경부1권,지수,2021년 9월,2021,9,2021-09-01
A_2024_00080,MM,202109,,,510013,경부2권,100001,지수,103.011258985807,지수,,경기>경부2권,지수,2021년 9월,2021,9,2021-09-01
A_2024_00080,MM,202109,,,500022,경북,100001,지수,101.057741993624,지수,,경북,지수,2021년 9월,2021,9,2021-09-01
A_2024_00080,MM,202109,,,510018,경원권,100001,지수,106.171887405132,지수,,경기>경원권,지수,2021년 9월,2021,9,2021-09-01
A_2024_00080,MM,202109,,,510017,경의권,100001,지수,107.500763039167,지수,,경기>경의권,지수,2021년 9월,2021,9,2021-09-01
A_2024_00080,MM,202109,,,500013,광주,100001,지수,104.152618260415,지수,,전남광주>광주,지수,2021년 9월,2021,9,2021-09-01
A_2024_00080,MM,202109,,,500012,대구,100001,지수,111.313915413324,지수,,대구,지수,2021년 9월,2021,9,2021-09-01
A_2024_00080,MM,202109,,,500014,대전,100001,지수,103.694110342299,지수,,대전,지수,2021년 9월,2021,9,2021-09-01
A_2024_00080,MM,202109,,,520010,도심권,100001,지수,91.6185624276112,지수,,서울>강북지역>도심권,지수,2021년 9월,2021,9,2021-09-01
A_2024_00080,MM,202109,,,520015,동남권,100001,지수,91.9334870229005,지수,,서울>강남지역>동남권,지수,2021년 9월,2021,9,2021-09-01
A_2024_00080,MM,202109,,,510015,동부1권,100001,지수,103.418509608127,지수,,경기>동부1권,지수,2021년 9월,2021,9,2021-09-01
A_2024_00080,MM,202109,,,510016,동부2권,100001,지수,103.958931681557,지수,,경기>동부2권,지수,2021년 9월,2021,9,2021-09-01
A_2024_00080,MM,202109,,,510022,동부산권,100001,지수,109.06298357379,지수,,부산>동부산권,지수,2021년 9월,2021,9,2021-09-01
A_2024_00080,MM,202109,,,520011,동북권,100001,지수,97.9185513296307,지수,,서울>강북지역>동북권,지수,2021년 9월,2021,9,2021-09-01
A_2024_00080,MM,202109,,,500011,부산,100001,지수,106.678410344759,지수,,부산,지수,2021년 9월,2021,9,2021-09-01
A_2024_00080,MM,202109,,,520014,서남권,100001,지수,98.3692500545079,지수,,서울>강남지역>서남권,지수,2021년 9월,2021,9,2021-09-01
A_2024_00080,MM,202109,,,510023,서부산권,100001,지수,104.865520812152,지수,,부산>서부산권,지수,2021년 9월,2021,9,2021-09-01
A_2024_00080,MM,202109,,,520012,서북권,100001,지수,95.2764051234863,지수,,서울>강북지역>서북권,지수,2021년 9월,2021,9,2021-09-01
A_2024_00080,MM,202109,,,500008,서울,100001,지수,96.0480948499258,지수,,서울,지수,2021년 9월,2021,9,2021-09-01
A_2024_00080,MM,202109,,,510014,서해안권,100001,지수,102.905034584978,지수,,경기>서해안권,지수,2021년 9월,2021,9,2021-09-01
A_2024_00080,MM,202109,,,500016,세종,100001,지수,105.106107178777,지수,,세종,지수,2021년 9월,2021,9,2021-09-01
A_2024_00080,MM,202109,,,500002,수도권,100001,지수,100.383292363984,지수,,수도권,지수,2021년 9월,2021,9,2021-09-01
A_2024_00080,MM,202109,,,500015,울산,100001,지수,106.635441934087,지수,,울산,지수,2021년 9월,2021,9,2021-09-01
A_2024_00080,MM,202109,,,500010,인천,100001,지수,106.971978464894,지수,,인천,지수,2021년 9월,2021,9,2021-09-01
A_2024_00080,MM,202109,,,500001,전국,100001,지수,101.688673716078,지수,,전국,지수,2021년 9월,2021,9,2021-09-01
A_2024_00080,MM,202109,,,500021,전남,100001,지수,104.385099294855,지수,,전남광주>전남,지수,2021년 9월,2021,9,2021-09-01
A_2024_00080,MM,202109,,,500020,전북,100001,지수,105.136247735537,지수,,전북,지수,2021년 9월,2021,9,2021-09-01
A_2024_00080,MM,202109,,,500024,제주,100001,지수,104.869137138729,지수,,제주,지수,2021년 9월,2021,9,2021-09-01
A_2024_00080,MM,202109,,,510021,중부산권,100001,지수,106.042722932695,지수,,부산>중부산권,지수,2021년 9월,2021,9,2021-09-01
A_2024_00080,MM,202109,,,500003,지방권,100001,지수,105.200691825187,지수,,지방권,지수,2021년 9월,2021,9,2021-09-01
A_2024_00080,MM,202109,,,500019,충남,100001,지수,105.629031263771,지수,,충남,지수,2021년 9월,2021,9,2021-09-01
A_2024_00080,MM,202109,,,500018,충북,100001,지수,100.976201817961,지수,,충북,지수,2021년 9월,2021,9,2021-09-01
A_2024_00080,MM,202110,,,500005,5대광역시,100001,지수,107.424816773231,지수,,5대광역시,지수,2021년 10월,2021,10,2021-10-01
A_2024_00080,MM,202110,,,500004,6대광역시,100001,지수,107.562935001038,지수,,6대광역시,지수,2021년 10월,2021,10,2021-10-01
A_2024_00080,MM,202110,,,500007,8개도,100001,지수,103.894759022752,지수,,8개도,지수,2021년 10월,2021,10,2021-10-01
A_2024_00080,MM,202110,,,500006,9개도,100001,지수,103.90373634231,지수,,9개도,지수,2021년 10월,2021,10,2021-10-01
A_2024_00080,MM,202110,,,510010,강남지역,100001,지수,96.4002047763754,지수,,서울>강남지역,지수,2021년 10월,2021,10,2021-10-01
A_2024_00080,MM,202110,,,510009,강북지역,100001,지수,96.7546224226293,지수,,서울>강북지역,지수,2021년 10월,2021,10,2021-10-01
A_2024_00080,MM,202110,,,500017,강원,100001,지수,99.6393350795692,지수,,강원,지수,2021년 10월,2021,10,2021-10-01
A_2024_00080,MM,202110,,,500009,경기,100001,지수,103.91423799197,지수,,경기,지수,2021년 10월,2021,10,2021-10-01
A_2024_00080,MM,202110,,,500023,경남,100001,지수,106.281974603352,지수,,경남,지수,2021년 10월,2021,10,2021-10-01
A_2024_00080,MM,202110,,,510012,경부1권,100001,지수,100.315583916889,지수,,경기>경부1권,지수,2021년 10월,2021,10,2021-10-01
A_2024_00080,MM,202110,,,510013,경부2권,100001,지수,103.24862594551,지수,,경기>경부2권,지수,2021년 10월,2021,10,2021-10-01
A_2024_00080,MM,202110,,,500022,경북,100001,지수,101.339446194312,지수,,경북,지수,2021년 10월,2021,10,2021-10-01
A_2024_00080,MM,202110,,,510018,경원권,100001,지수,106.270332953062,지수,,경기>경원권,지수,2021년 10월,2021,10,2021-10-01
A_2024_00080,MM,202110,,,510017,경의권,100001,지수,108.012927280251,지수,,경기>경의권,지수,2021년 10월,2021,10,2021-10-01
A_2024_00080,MM,202110,,,500013,광주,100001,지수,104.171566318705,지수,,전남광주>광주,지수,2021년 10월,2021,10,2021-10-01
A_2024_00080,MM,202110,,,500012,대구,100001,지수,111.450502614469,지수,,대구,지수,2021년 10월,2021,10,2021-10-01
A_2024_00080,MM,202110,,,500014,대전,100001,지수,104.332851528283,지수,,대전,지수,2021년 10월,2021,10,2021-10-01
A_2024_00080,MM,202110,,,520010,도심권,100001,지수,92.0299334690397,지수,,서울>강북지역>도심권,지수,2021년 10월,2021,10,2021-10-01
A_2024_00080,MM,202110,,,520015,동남권,100001,지수,92.8065362283419,지수,,서울>강남지역>동남권,지수,2021년 10월,2021,10,2021-10-01
A_2024_00080,MM,202110,,,510015,동부1권,100001,지수,103.839691424689,지수,,경기>동부1권,지수,2021년 10월,2021,10,2021-10-01
A_2024_00080,MM,202110,,,510016,동부2권,100001,지수,104.142284767318,지수,,경기>동부2권,지수,2021년 10월,2021,10,2021-10-01
A_2024_00080,MM,202110,,,510022,동부산권,100001,지수,109.864803818491,지수,,부산>동부산권,지수,2021년 10월,2021,10,2021-10-01
A_2024_00080,MM,202110,,,520011,동북권,100001,지수,98.4180101633268,지수,,서울>강북지역>동북권,지수,2021년 10월,2021,10,2021-10-01
A_2024_00080,MM,202110,,,500011,부산,100001,지수,107.238683868124,지수,,부산,지수,2021년 10월,2021,10,2021-10-01
A_2024_00080,MM,202110,,,520014,서남권,100001,지수,98.7704251907708,지수,,서울>강남지역>서남권,지수,2021년 10월,2021,10,2021-10-01
A_2024_00080,MM,202110,,,510023,서부산권,100001,지수,105.487327751791,지수,,부산>서부산권,지수,2021년 10월,2021,10,2021-10-01
A_2024_00080,MM,202110,,,520012,서북권,100001,지수,95.6483575270879,지수,,서울>강북지역>서북권,지수,2021년 10월,2021,10,2021-10-01
A_2024_00080,MM,202110,,,500008,서울,100001,지수,96.5718808618893,지수,,서울,지수,2021년 10월,2021,10,2021-10-01
A_2024_00080,MM,202110,,,510014,서해안권,100001,지수,103.814521360386,지수,,경기>서해안권,지수,2021년 10월,2021,10,2021-10-01
A_2024_00080,MM,202110,,,500016,세종,100001,지수,105.144957167472,지수,,세종,지수,2021년 10월,2021,10,2021-10-01
A_2024_00080,MM,202110,,,500002,수도권,100001,지수,100.967151121319,지수,,수도권,지수,2021년 10월,2021,10,2021-10-01
A_2024_00080,MM,202110,,,500015,울산,100001,지수,107.111179958308,지수,,울산,지수,2021년 10월,2021,10,2021-10-01
A_2024_00080,MM,202110,,,500010,인천,100001,지수,107.750812198498,지수,,인천,지수,2021년 10월,2021,10,2021-10-01
A_2024_00080,MM,202110,,,500001,전국,100001,지수,102.211290581537,지수,,전국,지수,2021년 10월,2021,10,2021-10-01
A_2024_00080,MM,202110,,,500021,전남,100001,지수,104.528731326397,지수,,전남광주>전남,지수,2021년 10월,2021,10,2021-10-01
A_2024_00080,MM,202110,,,500020,전북,100001,지수,105.136247735537,지수,,전북,지수,2021년 10월,2021,10,2021-10-01
A_2024_00080,MM,202110,,,500024,제주,100001,지수,105.508410262328,지수,,제주,지수,2021년 10월,2021,10,2021-10-01
A_2024_00080,MM,202110,,,510021,중부산권,100001,지수,106.449912818726,지수,,부산>중부산권,지수,2021년 10월,2021,10,2021-10-01
A_2024_00080,MM,202110,,,500003,지방권,100001,지수,105.559534417012,지수,,지방권,지수,2021년 10월,2021,10,2021-10-01
A_2024_00080,MM,202110,,,500019,충남,100001,지수,105.710211888871,지수,,충남,지수,2021년 10월,2021,10,2021-10-01
A_2024_00080,MM,202110,,,500018,충북,100001,지수,101.557754533664,지수,,충북,지수,2021년 10월,2021,10,2021-10-01
A_2024_00080,MM,202111,,,500005,5대광역시,100001,지수,107.775276842409,지수,,5대광역시,지수,2021년 11월,2021,11,2021-11-01
A_2024_00080,MM,202111,,,500004,6대광역시,100001,지수,107.996026344832,지수,,6대광역시,지수,2021년 11월,2021,11,2021-11-01
A_2024_00080,MM,202111,,,500007,8개도,100001,지수,104.099024613091,지수,,8개도,지수,2021년 11월,2021,11,2021-11-01
A_2024_00080,MM,202111,,,500006,9개도,100001,지수,104.442005632568,지수,,9개도,지수,2021년 11월,2021,11,2021-11-01
A_2024_00080,MM,202111,,,510010,강남지역,100001,지수,96.9016168480677,지수,,서울>강남지역,지수,2021년 11월,2021,11,2021-11-01
A_2024_00080,MM,202111,,,510009,강북지역,100001,지수,97.1795324663605,지수,,서울>강북지역,지수,2021년 11월,2021,11,2021-11-01
A_2024_00080,MM,202111,,,500017,강원,100001,지수,99.8399760480747,지수,,강원,지수,2021년 11월,2021,11,2021-11-01
A_2024_00080,MM,202111,,,500009,경기,100001,지수,104.619741343891,지수,,경기,지수,2021년 11월,2021,11,2021-11-01
A_2024_00080,MM,202111,,,500023,경남,100001,지수,106.417466625651,지수,,경남,지수,2021년 11월,2021,11,2021-11-01
A_2024_00080,MM,202111,,,510012,경부1권,100001,지수,100.838255945586,지수,,경기>경부1권,지수,2021년 11월,2021,11,2021-11-01
A_2024_00080,MM,202111,,,510013,경부2권,100001,지수,103.636087746897,지수,,경기>경부2권,지수,2021년 11월,2021,11,2021-11-01
A_2024_00080,MM,202111,,,500022,경북,100001,지수,101.426981974199,지수,,경북,지수,2021년 11월,2021,11,2021-11-01
A_2024_00080,MM,202111,,,510018,경원권,100001,지수,106.476638491227,지수,,경기>경원권,지수,2021년 11월,2021,11,2021-11-01
A_2024_00080,MM,202111,,,510017,경의권,100001,지수,108.436302295435,지수,,경기>경의권,지수,2021년 11월,2021,11,2021-11-01
A_2024_00080,MM,202111,,,500013,광주,100001,지수,103.925655210976,지수,,전남광주>광주,지수,2021년 11월,2021,11,2021-11-01
A_2024_00080,MM,202111,,,500012,대구,100001,지수,111.553283301268,지수,,대구,지수,2021년 11월,2021,11,2021-11-01
A_2024_00080,MM,202111,,,500014,대전,100001,지수,104.846159806257,지수,,대전,지수,2021년 11월,2021,11,2021-11-01
A_2024_00080,MM,202111,,,520010,도심권,100001,지수,92.409919986221,지수,,서울>강북지역>도심권,지수,2021년 11월,2021,11,2021-11-01
A_2024_00080,MM,202111,,,520015,동남권,100001,지수,93.4879162525514,지수,,서울>강남지역>동남권,지수,2021년 11월,2021,11,2021-11-01
A_2024_00080,MM,202111,,,510015,동부1권,100001,지수,104.571643683973,지수,,경기>동부1권,지수,2021년 11월,2021,11,2021-11-01
A_2024_00080,MM,202111,,,510016,동부2권,100001,지수,104.587828607828,지수,,경기>동부2권,지수,2021년 11월,2021,11,2021-11-01
A_2024_00080,MM,202111,,,510022,동부산권,100001,지수,110.53946732609,지수,,부산>동부산권,지수,2021년 11월,2021,11,2021-11-01
A_2024_00080,MM,202111,,,520011,동북권,100001,지수,98.9069573299879,지수,,서울>강북지역>동북권,지수,2021년 11월,2021,11,2021-11-01
A_2024_00080,MM,202111,,,500011,부산,100001,지수,107.65840482165,지수,,부산,지수,2021년 11월,2021,11,2021-11-01
A_2024_00080,MM,202111,,,520014,서남권,100001,지수,99.145258833521,지수,,서울>강남지역>서남권,지수,2021년 11월,2021,11,2021-11-01
A_2024_00080,MM,202111,,,510023,서부산권,100001,지수,105.804748720286,지수,,부산>서부산권,지수,2021년 11월,2021,11,2021-11-01
A_2024_00080,MM,202111,,,520012,서북권,100001,지수,95.9873520691378,지수,,서울>강북지역>서북권,지수,2021년 11월,2021,11,2021-11-01
A_2024_00080,MM,202111,,,500008,서울,100001,지수,97.0364281352449,지수,,서울,지수,2021년 11월,2021,11,2021-11-01
A_2024_00080,MM,202111,,,510014,서해안권,100001,지수,104.884801236745,지수,,경기>서해안권,지수,2021년 11월,2021,11,2021-11-01
A_2024_00080,MM,202111,,,500016,세종,100001,지수,104.705451892299,지수,,세종,지수,2021년 11월,2021,11,2021-11-01
A_2024_00080,MM,202111,,,500002,수도권,100001,지수,101.537812077706,지수,,수도권,지수,2021년 11월,2021,11,2021-11-01
A_2024_00080,MM,202111,,,500015,울산,100001,지수,107.618708279765,지수,,울산,지수,2021년 11월,2021,11,2021-11-01
A_2024_00080,MM,202111,,,500010,인천,100001,지수,108.29685470641,지수,,인천,지수,2021년 11월,2021,11,2021-11-01
A_2024_00080,MM,202111,,,500001,전국,100001,지수,102.6999295172,지수,,전국,지수,2021년 11월,2021,11,2021-11-01
A_2024_00080,MM,202111,,,500021,전남,100001,지수,104.628248418471,지수,,전남광주>전남,지수,2021년 11월,2021,11,2021-11-01
A_2024_00080,MM,202111,,,500020,전북,100001,지수,105.107893914493,지수,,전북,지수,2021년 11월,2021,11,2021-11-01
A_2024_00080,MM,202111,,,500024,제주,100001,지수,105.87243381908,지수,,제주,지수,2021년 11월,2021,11,2021-11-01
A_2024_00080,MM,202111,,,510021,중부산권,100001,지수,106.770030121043,지수,,부산>중부산권,지수,2021년 11월,2021,11,2021-11-01
A_2024_00080,MM,202111,,,500003,지방권,100001,지수,105.829432538802,지수,,지방권,지수,2021년 11월,2021,11,2021-11-01
A_2024_00080,MM,202111,,,500019,충남,100001,지수,105.967746675824,지수,,충남,지수,2021년 11월,2021,11,2021-11-01
A_2024_00080,MM,202111,,,500018,충북,100001,지수,102.037432118365,지수,,충북,지수,2021년 11월,2021,11,2021-11-01
A_2024_00080,MM,202112,,,500005,5대광역시,100001,지수,108.018070180776,지수,,5대광역시,지수,2021년 12월,2021,12,2021-12-01
A_2024_00080,MM,202112,,,500004,6대광역시,100001,지수,108.312669570457,지수,,6대광역시,지수,2021년 12월,2021,12,2021-12-01
A_2024_00080,MM,202112,,,500007,8개도,100001,지수,104.223880445212,지수,,8개도,지수,2021년 12월,2021,12,2021-12-01
A_2024_00080,MM,202112,,,500006,9개도,100001,지수,104.681690832685,지수,,9개도,지수,2021년 12월,2021,12,2021-12-01
A_2024_00080,MM,202112,,,510010,강남지역,100001,지수,97.1866392293469,지수,,서울>강남지역,지수,2021년 12월,2021,12,2021-12-01
A_2024_00080,MM,202112,,,510009,강북지역,100001,지수,97.3735839009411,지수,,서울>강북지역,지수,2021년 12월,2021,12,2021-12-01
A_2024_00080,MM,202112,,,500017,강원,100001,지수,99.9797972329967,지수,,강원,지수,2021년 12월,2021,12,2021-12-01
A_2024_00080,MM,202112,,,500009,경기,100001,지수,104.91710841467,지수,,경기,지수,2021년 12월,2021,12,2021-12-01
A_2024_00080,MM,202112,,,500023,경남,100001,지수,106.327870100095,지수,,경남,지수,2021년 12월,2021,12,2021-12-01
A_2024_00080,MM,202112,,,510012,경부1권,100001,지수,101.225745293967,지수,,경기>경부1권,지수,2021년 12월,2021,12,2021-12-01
A_2024_00080,MM,202112,,,510013,경부2권,100001,지수,103.669648598028,지수,,경기>경부2권,지수,2021년 12월,2021,12,2021-12-01
A_2024_00080,MM,202112,,,500022,경북,100001,지수,101.564447516523,지수,,경북,지수,2021년 12월,2021,12,2021-12-01
A_2024_00080,MM,202112,,,510018,경원권,100001,지수,106.649427829127,지수,,경기>경원권,지수,2021년 12월,2021,12,2021-12-01
A_2024_00080,MM,202112,,,510017,경의권,100001,지수,108.75534648776,지수,,경기>경의권,지수,2021년 12월,2021,12,2021-12-01
A_2024_00080,MM,202112,,,500013,광주,100001,지수,104.021913590231,지수,,전남광주>광주,지수,2021년 12월,2021,12,2021-12-01
A_2024_00080,MM,202112,,,500012,대구,100001,지수,111.40320450327,지수,,대구,지수,2021년 12월,2021,12,2021-12-01
A_2024_00080,MM,202112,,,500014,대전,100001,지수,105.09507880858,지수,,대전,지수,2021년 12월,2021,12,2021-12-01
A_2024_00080,MM,202112,,,520010,도심권,100001,지수,92.5504487601479,지수,,서울>강북지역>도심권,지수,2021년 12월,2021,12,2021-12-01
A_2024_00080,MM,202112,,,520015,동남권,100001,지수,93.8822037289884,지수,,서울>강남지역>동남권,지수,2021년 12월,2021,12,2021-12-01
A_2024_00080,MM,202112,,,510015,동부1권,100001,지수,104.97106102176,지수,,경기>동부1권,지수,2021년 12월,2021,12,2021-12-01
A_2024_00080,MM,202112,,,510016,동부2권,100001,지수,104.976282504073,지수,,경기>동부2권,지수,2021년 12월,2021,12,2021-12-01
A_2024_00080,MM,202112,,,510022,동부산권,100001,지수,110.918926829336,지수,,부산>동부산권,지수,2021년 12월,2021,12,2021-12-01
A_2024_00080,MM,202112,,,520011,동북권,100001,지수,99.1345383613161,지수,,서울>강북지역>동북권,지수,2021년 12월,2021,12,2021-12-01
A_2024_00080,MM,202112,,,500011,부산,100001,지수,107.973560428838,지수,,부산,지수,2021년 12월,2021,12,2021-12-01
A_2024_00080,MM,202112,,,520014,서남권,100001,지수,99.3536942703615,지수,,서울>강남지역>서남권,지수,2021년 12월,2021,12,2021-12-01
A_2024_00080,MM,202112,,,510023,서부산권,100001,지수,105.977555922176,지수,,부산>서부산권,지수,2021년 12월,2021,12,2021-12-01
A_2024_00080,MM,202112,,,520012,서북권,100001,지수,96.1467642829816,지수,,서울>강북지역>서북권,지수,2021년 12월,2021,12,2021-12-01
A_2024_00080,MM,202112,,,500008,서울,100001,지수,97.2775906287394,지수,,서울,지수,2021년 12월,2021,12,2021-12-01
A_2024_00080,MM,202112,,,510014,서해안권,100001,지수,105.222117125215,지수,,경기>서해안권,지수,2021년 12월,2021,12,2021-12-01
A_2024_00080,MM,202112,,,500016,세종,100001,지수,104.491659392413,지수,,세종,지수,2021년 12월,2021,12,2021-12-01
A_2024_00080,MM,202112,,,500002,수도권,100001,지수,101.823968061692,지수,,수도권,지수,2021년 12월,2021,12,2021-12-01
A_2024_00080,MM,202112,,,500015,울산,100001,지수,108.234708331191,지수,,울산,지수,2021년 12월,2021,12,2021-12-01
A_2024_00080,MM,202112,,,500010,인천,100001,지수,108.714616302058,지수,,인천,지수,2021년 12월,2021,12,2021-12-01
A_2024_00080,MM,202112,,,500001,전국,100001,지수,102.956672266375,지수,,전국,지수,2021년 12월,2021,12,2021-12-01
A_2024_00080,MM,202112,,,500021,전남,100001,지수,104.604681957495,지수,,전남광주>전남,지수,2021년 12월,2021,12,2021-12-01
A_2024_00080,MM,202112,,,500020,전북,100001,지수,105.192998309707,지수,,전북,지수,2021년 12월,2021,12,2021-12-01
A_2024_00080,MM,202112,,,500024,제주,100001,지수,106.009697318228,지수,,제주,지수,2021년 12월,2021,12,2021-12-01
A_2024_00080,MM,202112,,,510021,중부산권,100001,지수,107.102955490581,지수,,부산>중부산권,지수,2021년 12월,2021,12,2021-12-01
A_2024_00080,MM,202112,,,500003,지방권,100001,지수,106.007938419934,지수,,지방권,지수,2021년 12월,2021,12,2021-12-01
A_2024_00080,MM,202112,,,500019,충남,100001,지수,106.080544940854,지수,,충남,지수,2021년 12월,2021,12,2021-12-01
A_2024_00080,MM,202112,,,500018,충북,100001,지수,102.625034188457,지수,,충북,지수,2021년 12월,2021,12,2021-12-01
A_2024_00080,MM,202201,,,500005,5대광역시,100001,지수,108.024595230468,지수,,5대광역시,지수,2022년 1월,2022,1,2022-01-01
A_2024_00080,MM,202201,,,500004,6대광역시,100001,지수,108.361401997152,지수,,6대광역시,지수,2022년 1월,2022,1,2022-01-01
A_2024_00080,MM,202201,,,500007,8개도,100001,지수,104.311004265284,지수,,8개도,지수,2022년 1월,2022,1,2022-01-01
A_2024_00080,MM,202201,,,500006,9개도,100001,지수,104.741277095502,지수,,9개도,지수,2022년 1월,2022,1,2022-01-01
A_2024_00080,MM,202201,,,510010,강남지역,100001,지수,97.2740268397761,지수,,서울>강남지역,지수,2022년 1월,2022,1,2022-01-01
A_2024_00080,MM,202201,,,510009,강북지역,100001,지수,97.3315426736828,지수,,서울>강북지역,지수,2022년 1월,2022,1,2022-01-01
A_2024_00080,MM,202201,,,500017,강원,100001,지수,100.016107191932,지수,,강원,지수,2022년 1월,2022,1,2022-01-01
A_2024_00080,MM,202201,,,500009,경기,100001,지수,104.962859312622,지수,,경기,지수,2022년 1월,2022,1,2022-01-01
A_2024_00080,MM,202201,,,500023,경남,100001,지수,106.433649301478,지수,,경남,지수,2022년 1월,2022,1,2022-01-01
A_2024_00080,MM,202201,,,510012,경부1권,100001,지수,101.277483475661,지수,,경기>경부1권,지수,2022년 1월,2022,1,2022-01-01
A_2024_00080,MM,202201,,,510013,경부2권,100001,지수,103.780967688127,지수,,경기>경부2권,지수,2022년 1월,2022,1,2022-01-01
A_2024_00080,MM,202201,,,500022,경북,100001,지수,101.770342233225,지수,,경북,지수,2022년 1월,2022,1,2022-01-01
A_2024_00080,MM,202201,,,510018,경원권,100001,지수,106.64913390213,지수,,경기>경원권,지수,2022년 1월,2022,1,2022-01-01
A_2024_00080,MM,202201,,,510017,경의권,100001,지수,108.973643565269,지수,,경기>경의권,지수,2022년 1월,2022,1,2022-01-01
A_2024_00080,MM,202201,,,500013,광주,100001,지수,104.396042325929,지수,,전남광주>광주,지수,2022년 1월,2022,1,2022-01-01
A_2024_00080,MM,202201,,,500012,대구,100001,지수,111.297686719674,지수,,대구,지수,2022년 1월,2022,1,2022-01-01
A_2024_00080,MM,202201,,,500014,대전,100001,지수,105.016231384491,지수,,대전,지수,2022년 1월,2022,1,2022-01-01
A_2024_00080,MM,202201,,,520010,도심권,100001,지수,92.3651597585738,지수,,서울>강북지역>도심권,지수,2022년 1월,2022,1,2022-01-01
A_2024_00080,MM,202201,,,520015,동남권,100001,지수,93.9764177624394,지수,,서울>강남지역>동남권,지수,2022년 1월,2022,1,2022-01-01
A_2024_00080,MM,202201,,,510015,동부1권,100001,지수,105.115559207741,지수,,경기>동부1권,지수,2022년 1월,2022,1,2022-01-01
A_2024_00080,MM,202201,,,510016,동부2권,100001,지수,105.238909399672,지수,,경기>동부2권,지수,2022년 1월,2022,1,2022-01-01
A_2024_00080,MM,202201,,,510022,동부산권,100001,지수,110.868971231206,지수,,부산>동부산권,지수,2022년 1월,2022,1,2022-01-01
A_2024_00080,MM,202201,,,520011,동북권,100001,지수,99.1310298738502,지수,,서울>강북지역>동북권,지수,2022년 1월,2022,1,2022-01-01
A_2024_00080,MM,202201,,,500011,부산,100001,지수,107.947322925284,지수,,부산,지수,2022년 1월,2022,1,2022-01-01
A_2024_00080,MM,202201,,,520014,서남권,100001,지수,99.4362067772421,지수,,서울>강남지역>서남권,지수,2022년 1월,2022,1,2022-01-01
A_2024_00080,MM,202201,,,510023,서부산권,100001,지수,105.997368682117,지수,,부산>서부산권,지수,2022년 1월,2022,1,2022-01-01
A_2024_00080,MM,202201,,,520012,서북권,100001,지수,96.0932573104744,지수,,서울>강북지역>서북권,지수,2022년 1월,2022,1,2022-01-01
A_2024_00080,MM,202201,,,500008,서울,100001,지수,97.3025372152461,지수,,서울,지수,2022년 1월,2022,1,2022-01-01
A_2024_00080,MM,202201,,,510014,서해안권,100001,지수,105.146978442559,지수,,경기>서해안권,지수,2022년 1월,2022,1,2022-01-01
A_2024_00080,MM,202201,,,500016,세종,100001,지수,104.583758171428,지수,,세종,지수,2022년 1월,2022,1,2022-01-01
A_2024_00080,MM,202201,,,500002,수도권,100001,지수,101.867606170726,지수,,수도권,지수,2022년 1월,2022,1,2022-01-01
A_2024_00080,MM,202201,,,500015,울산,100001,지수,108.555676920775,지수,,울산,지수,2022년 1월,2022,1,2022-01-01
A_2024_00080,MM,202201,,,500010,인천,100001,지수,108.821215236099,지수,,인천,지수,2022년 1월,2022,1,2022-01-01
A_2024_00080,MM,202201,,,500001,전국,100001,지수,103.001917731211,지수,,전국,지수,2022년 1월,2022,1,2022-01-01
A_2024_00080,MM,202201,,,500021,전남,100001,지수,104.539155673894,지수,,전남광주>전남,지수,2022년 1월,2022,1,2022-01-01
A_2024_00080,MM,202201,,,500020,전북,100001,지수,105.358377668391,지수,,전북,지수,2022년 1월,2022,1,2022-01-01
A_2024_00080,MM,202201,,,500024,제주,100001,지수,106.053147071274,지수,,제주,지수,2022년 1월,2022,1,2022-01-01
A_2024_00080,MM,202201,,,510021,중부산권,100001,지수,107.072509218489,지수,,부산>중부산권,지수,2022년 1월,2022,1,2022-01-01
A_2024_00080,MM,202201,,,500003,지방권,100001,지수,106.05747786497,지수,,지방권,지수,2022년 1월,2022,1,2022-01-01
A_2024_00080,MM,202201,,,500019,충남,100001,지수,105.959183026307,지수,,충남,지수,2022년 1월,2022,1,2022-01-01
A_2024_00080,MM,202201,,,500018,충북,100001,지수,102.940934805321,지수,,충북,지수,2022년 1월,2022,1,2022-01-01
A_2024_00080,MM,202202,,,500005,5대광역시,100001,지수,108.100695833041,지수,,5대광역시,지수,2022년 2월,2022,2,2022-02-01
A_2024_00080,MM,202202,,,500004,6대광역시,100001,지수,108.467325010742,지수,,6대광역시,지수,2022년 2월,2022,2,2022-02-01
A_2024_00080,MM,202202,,,500007,8개도,100001,지수,104.347453634721,지수,,8개도,지수,2022년 2월,2022,2,2022-02-01
A_2024_00080,MM,202202,,,500006,9개도,100001,지수,104.788480869675,지수,,9개도,지수,2022년 2월,2022,2,2022-02-01
A_2024_00080,MM,202202,,,510010,강남지역,100001,지수,97.2299343639173,지수,,서울>강남지역,지수,2022년 2월,2022,2,2022-02-01
A_2024_00080,MM,202202,,,510009,강북지역,100001,지수,97.2377016137552,지수,,서울>강북지역,지수,2022년 2월,2022,2,2022-02-01
A_2024_00080,MM,202202,,,500017,강원,100001,지수,100.138578534751,지수,,강원,지수,2022년 2월,2022,2,2022-02-01
A_2024_00080,MM,202202,,,500009,경기,100001,지수,105.015469240726,지수,,경기,지수,2022년 2월,2022,2,2022-02-01
A_2024_00080,MM,202202,,,500023,경남,100001,지수,106.513515448009,지수,,경남,지수,2022년 2월,2022,2,2022-02-01
A_2024_00080,MM,202202,,,510012,경부1권,100001,지수,101.39329319133,지수,,경기>경부1권,지수,2022년 2월,2022,2,2022-02-01
A_2024_00080,MM,202202,,,510013,경부2권,100001,지수,103.681936681256,지수,,경기>경부2권,지수,2022년 2월,2022,2,2022-02-01
A_2024_00080,MM,202202,,,500022,경북,100001,지수,101.754477674707,지수,,경북,지수,2022년 2월,2022,2,2022-02-01
A_2024_00080,MM,202202,,,510018,경원권,100001,지수,106.619581164304,지수,,경기>경원권,지수,2022년 2월,2022,2,2022-02-01
A_2024_00080,MM,202202,,,510017,경의권,100001,지수,108.890262114803,지수,,경기>경의권,지수,2022년 2월,2022,2,2022-02-01
A_2024_00080,MM,202202,,,500013,광주,100001,지수,104.754130745398,지수,,전남광주>광주,지수,2022년 2월,2022,2,2022-02-01
A_2024_00080,MM,202202,,,500012,대구,100001,지수,111.257610860029,지수,,대구,지수,2022년 2월,2022,2,2022-02-01
A_2024_00080,MM,202202,,,500014,대전,100001,지수,105.090447760057,지수,,대전,지수,2022년 2월,2022,2,2022-02-01
A_2024_00080,MM,202202,,,520010,도심권,100001,지수,92.2110424734051,지수,,서울>강북지역>도심권,지수,2022년 2월,2022,2,2022-02-01
A_2024_00080,MM,202202,,,520015,동남권,100001,지수,93.9054773586605,지수,,서울>강남지역>동남권,지수,2022년 2월,2022,2,2022-02-01
A_2024_00080,MM,202202,,,510015,동부1권,100001,지수,105.190150047559,지수,,경기>동부1권,지수,2022년 2월,2022,2,2022-02-01
A_2024_00080,MM,202202,,,510016,동부2권,100001,지수,105.462038714466,지수,,경기>동부2권,지수,2022년 2월,2022,2,2022-02-01
A_2024_00080,MM,202202,,,510022,동부산권,100001,지수,110.952379951179,지수,,부산>동부산권,지수,2022년 2월,2022,2,2022-02-01
A_2024_00080,MM,202202,,,520011,동북권,100001,지수,99.0397883963146,지수,,서울>강북지역>동북권,지수,2022년 2월,2022,2,2022-02-01
A_2024_00080,MM,202202,,,500011,부산,100001,지수,107.991009477963,지수,,부산,지수,2022년 2월,2022,2,2022-02-01
A_2024_00080,MM,202202,,,520014,서남권,100001,지수,99.4108769009536,지수,,서울>강남지역>서남권,지수,2022년 2월,2022,2,2022-02-01
A_2024_00080,MM,202202,,,510023,서부산권,100001,지수,106.082204830308,지수,,부산>서부산권,지수,2022년 2월,2022,2,2022-02-01
A_2024_00080,MM,202202,,,520012,서북권,100001,지수,96.0161083543612,지수,,서울>강북지역>서북권,지수,2022년 2월,2022,2,2022-02-01
A_2024_00080,MM,202202,,,500008,서울,100001,지수,97.2344322332028,지수,,서울,지수,2022년 2월,2022,2,2022-02-01
A_2024_00080,MM,202202,,,510014,서해안권,100001,지수,105.259338134975,지수,,경기>서해안권,지수,2022년 2월,2022,2,2022-02-01
A_2024_00080,MM,202202,,,500016,세종,100001,지수,104.645623572298,지수,,세종,지수,2022년 2월,2022,2,2022-02-01
A_2024_00080,MM,202202,,,500002,수도권,100001,지수,101.874682180142,지수,,수도권,지수,2022년 2월,2022,2,2022-02-01
A_2024_00080,MM,202202,,,500015,울산,100001,지수,108.886832890029,지수,,울산,지수,2022년 2월,2022,2,2022-02-01
A_2024_00080,MM,202202,,,500010,인천,100001,지수,108.96805525136,지수,,인천,지수,2022년 2월,2022,2,2022-02-01
A_2024_00080,MM,202202,,,500001,전국,100001,지수,103.02209657419,지수,,전국,지수,2022년 2월,2022,2,2022-02-01
A_2024_00080,MM,202202,,,500021,전남,100001,지수,104.506282536635,지수,,전남광주>전남,지수,2022년 2월,2022,2,2022-02-01
A_2024_00080,MM,202202,,,500020,전북,100001,지수,105.33712411762,지수,,전북,지수,2022년 2월,2022,2,2022-02-01
A_2024_00080,MM,202202,,,500024,제주,100001,지수,106.124925797311,지수,,제주,지수,2022년 2월,2022,2,2022-02-01
A_2024_00080,MM,202202,,,510021,중부산권,100001,지수,107.079727019836,지수,,부산>중부산권,지수,2022년 2월,2022,2,2022-02-01
A_2024_00080,MM,202202,,,500003,지방권,100001,지수,106.112544625924,지수,,지방권,지수,2022년 2월,2022,2,2022-02-01
A_2024_00080,MM,202202,,,500019,충남,100001,지수,105.895617218829,지수,,충남,지수,2022년 2월,2022,2,2022-02-01
A_2024_00080,MM,202202,,,500018,충북,100001,지수,103.142483336285,지수,,충북,지수,2022년 2월,2022,2,2022-02-01
A_2024_00080,MM,202203,,,500005,5대광역시,100001,지수,108.203585529574,지수,,5대광역시,지수,2022년 3월,2022,3,2022-03-01
A_2024_00080,MM,202203,,,500004,6대광역시,100001,지수,108.548257311625,지수,,6대광역시,지수,2022년 3월,2022,3,2022-03-01
A_2024_00080,MM,202203,,,500007,8개도,100001,지수,104.390693550672,지수,,8개도,지수,2022년 3월,2022,3,2022-03-01
A_2024_00080,MM,202203,,,500006,9개도,100001,지수,104.855420671412,지수,,9개도,지수,2022년 3월,2022,3,2022-03-01
A_2024_00080,MM,202203,,,510010,강남지역,100001,지수,97.2430421654174,지수,,서울>강남지역,지수,2022년 3월,2022,3,2022-03-01
A_2024_00080,MM,202203,,,510009,강북지역,100001,지수,97.1987408479109,지수,,서울>강북지역,지수,2022년 3월,2022,3,2022-03-01
A_2024_00080,MM,202203,,,500017,강원,100001,지수,100.205151543869,지수,,강원,지수,2022년 3월,2022,3,2022-03-01
A_2024_00080,MM,202203,,,500009,경기,100001,지수,105.094323752176,지수,,경기,지수,2022년 3월,2022,3,2022-03-01
A_2024_00080,MM,202203,,,500023,경남,100001,지수,106.572764040313,지수,,경남,지수,2022년 3월,2022,3,2022-03-01
A_2024_00080,MM,202203,,,510012,경부1권,100001,지수,101.547592851277,지수,,경기>경부1권,지수,2022년 3월,2022,3,2022-03-01
A_2024_00080,MM,202203,,,510013,경부2권,100001,지수,103.776888182091,지수,,경기>경부2권,지수,2022년 3월,2022,3,2022-03-01
A_2024_00080,MM,202203,,,500022,경북,100001,지수,101.78709374388,지수,,경북,지수,2022년 3월,2022,3,2022-03-01
A_2024_00080,MM,202203,,,510018,경원권,100001,지수,106.577549503882,지수,,경기>경원권,지수,2022년 3월,2022,3,2022-03-01
A_2024_00080,MM,202203,,,510017,경의권,100001,지수,108.875846212763,지수,,경기>경의권,지수,2022년 3월,2022,3,2022-03-01
A_2024_00080,MM,202203,,,500013,광주,100001,지수,105.072743389674,지수,,전남광주>광주,지수,2022년 3월,2022,3,2022-03-01
A_2024_00080,MM,202203,,,500012,대구,100001,지수,111.327018541551,지수,,대구,지수,2022년 3월,2022,3,2022-03-01
A_2024_00080,MM,202203,,,500014,대전,100001,지수,105.149141315182,지수,,대전,지수,2022년 3월,2022,3,2022-03-01
A_2024_00080,MM,202203,,,520010,도심권,100001,지수,92.1505651651053,지수,,서울>강북지역>도심권,지수,2022년 3월,2022,3,2022-03-01
A_2024_00080,MM,202203,,,520015,동남권,100001,지수,93.973237696844,지수,,서울>강남지역>동남권,지수,2022년 3월,2022,3,2022-03-01
A_2024_00080,MM,202203,,,510015,동부1권,100001,지수,105.122010547202,지수,,경기>동부1권,지수,2022년 3월,2022,3,2022-03-01
A_2024_00080,MM,202203,,,510016,동부2권,100001,지수,105.656103812913,지수,,경기>동부2권,지수,2022년 3월,2022,3,2022-03-01
A_2024_00080,MM,202203,,,510022,동부산권,100001,지수,111.185266948595,지수,,부산>동부산권,지수,2022년 3월,2022,3,2022-03-01
A_2024_00080,MM,202203,,,520011,동북권,100001,지수,98.9832987094889,지수,,서울>강북지역>동북권,지수,2022년 3월,2022,3,2022-03-01
A_2024_00080,MM,202203,,,500011,부산,100001,지수,108.071178255574,지수,,부산,지수,2022년 3월,2022,3,2022-03-01
A_2024_00080,MM,202203,,,520014,서남권,100001,지수,99.3859062368536,지수,,서울>강남지역>서남권,지수,2022년 3월,2022,3,2022-03-01
A_2024_00080,MM,202203,,,510023,서부산권,100001,지수,106.110140918852,지수,,부산>서부산권,지수,2022년 3월,2022,3,2022-03-01
A_2024_00080,MM,202203,,,520012,서북권,100001,지수,96.0121372748555,지수,,서울>강북지역>서북권,지수,2022년 3월,2022,3,2022-03-01
A_2024_00080,MM,202203,,,500008,서울,100001,지수,97.2224013770888,지수,,서울,지수,2022년 3월,2022,3,2022-03-01
A_2024_00080,MM,202203,,,510014,서해안권,100001,지수,105.391223064579,지수,,경기>서해안권,지수,2022년 3월,2022,3,2022-03-01
A_2024_00080,MM,202203,,,500016,세종,100001,지수,104.99574673939,지수,,세종,지수,2022년 3월,2022,3,2022-03-01
A_2024_00080,MM,202203,,,500002,수도권,100001,지수,101.906607565103,지수,,수도권,지수,2022년 3월,2022,3,2022-03-01
A_2024_00080,MM,202203,,,500015,울산,100001,지수,109.128263708189,지수,,울산,지수,2022년 3월,2022,3,2022-03-01
A_2024_00080,MM,202203,,,500010,인천,100001,지수,109.018855698909,지수,,인천,지수,2022년 3월,2022,3,2022-03-01
A_2024_00080,MM,202203,,,500001,전국,100001,지수,103.06505561948,지수,,전국,지수,2022년 3월,2022,3,2022-03-01
A_2024_00080,MM,202203,,,500021,전남,100001,지수,104.435721794707,지수,,전남광주>전남,지수,2022년 3월,2022,3,2022-03-01
A_2024_00080,MM,202203,,,500020,전북,100001,지수,105.525909039604,지수,,전북,지수,2022년 3월,2022,3,2022-03-01
A_2024_00080,MM,202203,,,500024,제주,100001,지수,106.086780754848,지수,,제주,지수,2022년 3월,2022,3,2022-03-01
A_2024_00080,MM,202203,,,510021,중부산권,100001,지수,107.097211796457,지수,,부산>중부산권,지수,2022년 3월,2022,3,2022-03-01
A_2024_00080,MM,202203,,,500003,지방권,100001,지수,106.184902709749,지수,,지방권,지수,2022년 3월,2022,3,2022-03-01
A_2024_00080,MM,202203,,,500019,충남,100001,지수,105.931379705045,지수,,충남,지수,2022년 3월,2022,3,2022-03-01
A_2024_00080,MM,202203,,,500018,충북,100001,지수,103.271943875438,지수,,충북,지수,2022년 3월,2022,3,2022-03-01
A_2024_00080,MM,202204,,,500005,5대광역시,100001,지수,108.249402337441,지수,,5대광역시,지수,2022년 4월,2022,4,2022-04-01
A_2024_00080,MM,202204,,,500004,6대광역시,100001,지수,108.619214020088,지수,,6대광역시,지수,2022년 4월,2022,4,2022-04-01
A_2024_00080,MM,202204,,,500007,8개도,100001,지수,104.430552461417,지수,,8개도,지수,2022년 4월,2022,4,2022-04-01
A_2024_00080,MM,202204,,,500006,9개도,100001,지수,104.997159791295,지수,,9개도,지수,2022년 4월,2022,4,2022-04-01
A_2024_00080,MM,202204,,,510010,강남지역,100001,지수,97.2594712335962,지수,,서울>강남지역,지수,2022년 4월,2022,4,2022-04-01
A_2024_00080,MM,202204,,,510009,강북지역,100001,지수,97.1937037650805,지수,,서울>강북지역,지수,2022년 4월,2022,4,2022-04-01
A_2024_00080,MM,202204,,,500017,강원,100001,지수,100.24036973054,지수,,강원,지수,2022년 4월,2022,4,2022-04-01
A_2024_00080,MM,202204,,,500009,경기,100001,지수,105.287319508041,지수,,경기,지수,2022년 4월,2022,4,2022-04-01
A_2024_00080,MM,202204,,,500023,경남,100001,지수,106.656152276498,지수,,경남,지수,2022년 4월,2022,4,2022-04-01
A_2024_00080,MM,202204,,,510012,경부1권,100001,지수,101.719516139968,지수,,경기>경부1권,지수,2022년 4월,2022,4,2022-04-01
A_2024_00080,MM,202204,,,510013,경부2권,100001,지수,103.761416384627,지수,,경기>경부2권,지수,2022년 4월,2022,4,2022-04-01
A_2024_00080,MM,202204,,,500022,경북,100001,지수,101.80166283917,지수,,경북,지수,2022년 4월,2022,4,2022-04-01
A_2024_00080,MM,202204,,,510018,경원권,100001,지수,106.504581549334,지수,,경기>경원권,지수,2022년 4월,2022,4,2022-04-01
A_2024_00080,MM,202204,,,510017,경의권,100001,지수,108.953583392419,지수,,경기>경의권,지수,2022년 4월,2022,4,2022-04-01
A_2024_00080,MM,202204,,,500013,광주,100001,지수,105.157030556973,지수,,전남광주>광주,지수,2022년 4월,2022,4,2022-04-01
A_2024_00080,MM,202204,,,500012,대구,100001,지수,111.121529008531,지수,,대구,지수,2022년 4월,2022,4,2022-04-01
A_2024_00080,MM,202204,,,500014,대전,100001,지수,105.136591349244,지수,,대전,지수,2022년 4월,2022,4,2022-04-01
A_2024_00080,MM,202204,,,520010,도심권,100001,지수,92.1613509818211,지수,,서울>강북지역>도심권,지수,2022년 4월,2022,4,2022-04-01
A_2024_00080,MM,202204,,,520015,동남권,100001,지수,94.048677310466,지수,,서울>강남지역>동남권,지수,2022년 4월,2022,4,2022-04-01
A_2024_00080,MM,202204,,,510015,동부1권,100001,지수,105.265870491674,지수,,경기>동부1권,지수,2022년 4월,2022,4,2022-04-01
A_2024_00080,MM,202204,,,510016,동부2권,100001,지수,105.919160566531,지수,,경기>동부2권,지수,2022년 4월,2022,4,2022-04-01
A_2024_00080,MM,202204,,,510022,동부산권,100001,지수,111.429868401938,지수,,부산>동부산권,지수,2022년 4월,2022,4,2022-04-01
A_2024_00080,MM,202204,,,520011,동북권,100001,지수,98.9663445482424,지수,,서울>강북지역>동북권,지수,2022년 4월,2022,4,2022-04-01
A_2024_00080,MM,202204,,,500011,부산,100001,지수,108.190594955515,지수,,부산,지수,2022년 4월,2022,4,2022-04-01
A_2024_00080,MM,202204,,,520014,서남권,100001,지수,99.3612592458633,지수,,서울>강남지역>서남권,지수,2022년 4월,2022,4,2022-04-01
A_2024_00080,MM,202204,,,510023,서부산권,100001,지수,106.132844408019,지수,,부산>서부산권,지수,2022년 4월,2022,4,2022-04-01
A_2024_00080,MM,202204,,,520012,서북권,100001,지수,96.0204191609446,지수,,서울>강북지역>서북권,지수,2022년 4월,2022,4,2022-04-01
A_2024_00080,MM,202204,,,500008,서울,100001,지수,97.2284646648397,지수,,서울,지수,2022년 4월,2022,4,2022-04-01
A_2024_00080,MM,202204,,,510014,서해안권,100001,지수,105.760623216374,지수,,경기>서해안권,지수,2022년 4월,2022,4,2022-04-01
A_2024_00080,MM,202204,,,500016,세종,100001,지수,104.977279293887,지수,,세종,지수,2022년 4월,2022,4,2022-04-01
A_2024_00080,MM,202204,,,500002,수도권,100001,지수,101.999238279179,지수,,수도권,지수,2022년 4월,2022,4,2022-04-01
A_2024_00080,MM,202204,,,500015,울산,100001,지수,109.265062094444,지수,,울산,지수,2022년 4월,2022,4,2022-04-01
A_2024_00080,MM,202204,,,500010,인천,100001,지수,109.124309005652,지수,,인천,지수,2022년 4월,2022,4,2022-04-01
A_2024_00080,MM,202204,,,500001,전국,100001,지수,103.143966253749,지수,,전국,지수,2022년 4월,2022,4,2022-04-01
A_2024_00080,MM,202204,,,500021,전남,100001,지수,104.429606391051,지수,,전남광주>전남,지수,2022년 4월,2022,4,2022-04-01
A_2024_00080,MM,202204,,,500020,전북,100001,지수,105.674968013252,지수,,전북,지수,2022년 4월,2022,4,2022-04-01
A_2024_00080,MM,202204,,,500024,제주,100001,지수,106.138973308684,지수,,제주,지수,2022년 4월,2022,4,2022-04-01
A_2024_00080,MM,202204,,,510021,중부산권,100001,지수,107.18516739893,지수,,부산>중부산권,지수,2022년 4월,2022,4,2022-04-01
A_2024_00080,MM,202204,,,500003,지방권,100001,지수,106.227303667317,지수,,지방권,지수,2022년 4월,2022,4,2022-04-01
A_2024_00080,MM,202204,,,500019,충남,100001,지수,105.878993717023,지수,,충남,지수,2022년 4월,2022,4,2022-04-01
A_2024_00080,MM,202204,,,500018,충북,100001,지수,103.373479209223,지수,,충북,지수,2022년 4월,2022,4,2022-04-01
A_2024_00080,MM,202205,,,500005,5대광역시,100001,지수,108.213343295646,지수,,5대광역시,지수,2022년 5월,2022,5,2022-05-01
A_2024_00080,MM,202205,,,500004,6대광역시,100001,지수,108.547144717443,지수,,6대광역시,지수,2022년 5월,2022,5,2022-05-01
A_2024_00080,MM,202205,,,500007,8개도,100001,지수,104.365505772327,지수,,8개도,지수,2022년 5월,2022,5,2022-05-01
A_2024_00080,MM,202205,,,500006,9개도,100001,지수,104.964938091771,지수,,9개도,지수,2022년 5월,2022,5,2022-05-01
A_2024_00080,MM,202205,,,510010,강남지역,100001,지수,97.236181301078,지수,,서울>강남지역,지수,2022년 5월,2022,5,2022-05-01
A_2024_00080,MM,202205,,,510009,강북지역,100001,지수,97.2637169097963,지수,,서울>강북지역,지수,2022년 5월,2022,5,2022-05-01
A_2024_00080,MM,202205,,,500017,강원,100001,지수,100.451376507443,지수,,강원,지수,2022년 5월,2022,5,2022-05-01
A_2024_00080,MM,202205,,,500009,경기,100001,지수,105.27162448013,지수,,경기,지수,2022년 5월,2022,5,2022-05-01
A_2024_00080,MM,202205,,,500023,경남,100001,지수,106.68015408385,지수,,경남,지수,2022년 5월,2022,5,2022-05-01
A_2024_00080,MM,202205,,,510012,경부1권,100001,지수,101.757607613843,지수,,경기>경부1권,지수,2022년 5월,2022,5,2022-05-01
A_2024_00080,MM,202205,,,510013,경부2권,100001,지수,103.517382012271,지수,,경기>경부2권,지수,2022년 5월,2022,5,2022-05-01
A_2024_00080,MM,202205,,,500022,경북,100001,지수,101.71898008161,지수,,경북,지수,2022년 5월,2022,5,2022-05-01
A_2024_00080,MM,202205,,,510018,경원권,100001,지수,106.387411100689,지수,,경기>경원권,지수,2022년 5월,2022,5,2022-05-01
A_2024_00080,MM,202205,,,510017,경의권,100001,지수,108.970306563146,지수,,경기>경의권,지수,2022년 5월,2022,5,2022-05-01
A_2024_00080,MM,202205,,,500013,광주,100001,지수,105.456793015178,지수,,전남광주>광주,지수,2022년 5월,2022,5,2022-05-01
A_2024_00080,MM,202205,,,500012,대구,100001,지수,110.841718020138,지수,,대구,지수,2022년 5월,2022,5,2022-05-01
A_2024_00080,MM,202205,,,500014,대전,100001,지수,105.025184679819,지수,,대전,지수,2022년 5월,2022,5,2022-05-01
A_2024_00080,MM,202205,,,520010,도심권,100001,지수,92.1882048371385,지수,,서울>강북지역>도심권,지수,2022년 5월,2022,5,2022-05-01
A_2024_00080,MM,202205,,,520015,동남권,100001,지수,94.093294867827,지수,,서울>강남지역>동남권,지수,2022년 5월,2022,5,2022-05-01
A_2024_00080,MM,202205,,,510015,동부1권,100001,지수,105.32913390731,지수,,경기>동부1권,지수,2022년 5월,2022,5,2022-05-01
A_2024_00080,MM,202205,,,510016,동부2권,100001,지수,106.11988362045,지수,,경기>동부2권,지수,2022년 5월,2022,5,2022-05-01
A_2024_00080,MM,202205,,,510022,동부산권,100001,지수,111.559393195749,지수,,부산>동부산권,지수,2022년 5월,2022,5,2022-05-01
A_2024_00080,MM,202205,,,520011,동북권,100001,지수,99.0428025876137,지수,,서울>강북지역>동북권,지수,2022년 5월,2022,5,2022-05-01
A_2024_00080,MM,202205,,,500011,부산,100001,지수,108.198643289474,지수,,부산,지수,2022년 5월,2022,5,2022-05-01
A_2024_00080,MM,202205,,,520014,서남권,100001,지수,99.2908096693336,지수,,서울>강남지역>서남권,지수,2022년 5월,2022,5,2022-05-01
A_2024_00080,MM,202205,,,510023,서부산권,100001,지수,106.223137186654,지수,,부산>서부산권,지수,2022년 5월,2022,5,2022-05-01
A_2024_00080,MM,202205,,,520012,서북권,100001,지수,96.0950310153907,지수,,서울>강북지역>서북권,지수,2022년 5월,2022,5,2022-05-01
A_2024_00080,MM,202205,,,500008,서울,100001,지수,97.2502215792463,지수,,서울,지수,2022년 5월,2022,5,2022-05-01
A_2024_00080,MM,202205,,,510014,서해안권,100001,지수,105.774345733601,지수,,경기>서해안권,지수,2022년 5월,2022,5,2022-05-01
A_2024_00080,MM,202205,,,500016,세종,100001,지수,104.346620675109,지수,,세종,지수,2022년 5월,2022,5,2022-05-01
A_2024_00080,MM,202205,,,500002,수도권,100001,지수,101.987919819884,지수,,수도권,지수,2022년 5월,2022,5,2022-05-01
A_2024_00080,MM,202205,,,500015,울산,100001,지수,109.340317999739,지수,,울산,지수,2022년 5월,2022,5,2022-05-01
A_2024_00080,MM,202205,,,500010,인천,100001,지수,109.002832129881,지수,,인천,지수,2022년 5월,2022,5,2022-05-01
A_2024_00080,MM,202205,,,500001,전국,100001,지수,103.121023834605,지수,,전국,지수,2022년 5월,2022,5,2022-05-01
A_2024_00080,MM,202205,,,500021,전남,100001,지수,104.376911840666,지수,,전남광주>전남,지수,2022년 5월,2022,5,2022-05-01
A_2024_00080,MM,202205,,,500020,전북,100001,지수,105.500548168236,지수,,전북,지수,2022년 5월,2022,5,2022-05-01
A_2024_00080,MM,202205,,,500024,제주,100001,지수,106.188992637261,지수,,제주,지수,2022년 5월,2022,5,2022-05-01
A_2024_00080,MM,202205,,,510021,중부산권,100001,지수,107.09807558278,지수,,부산>중부산권,지수,2022년 5월,2022,5,2022-05-01
A_2024_00080,MM,202205,,,500003,지방권,100001,지수,106.173412719762,지수,,지방권,지수,2022년 5월,2022,5,2022-05-01
A_2024_00080,MM,202205,,,500019,충남,100001,지수,105.601979331934,지수,,충남,지수,2022년 5월,2022,5,2022-05-01
A_2024_00080,MM,202205,,,500018,충북,100001,지수,103.179474204345,지수,,충북,지수,2022년 5월,2022,5,2022-05-01
A_2024_00080,MM,202206,,,500005,5대광역시,100001,지수,108.180816854326,지수,,5대광역시,지수,2022년 6월,2022,6,2022-06-01
A_2024_00080,MM,202206,,,500004,6대광역시,100001,지수,108.521877778524,지수,,6대광역시,지수,2022년 6월,2022,6,2022-06-01
A_2024_00080,MM,202206,,,500007,8개도,100001,지수,104.41766080865,지수,,8개도,지수,2022년 6월,2022,6,2022-06-01
A_2024_00080,MM,202206,,,500006,9개도,100001,지수,105.080140131453,지수,,9개도,지수,2022년 6월,2022,6,2022-06-01
A_2024_00080,MM,202206,,,510010,강남지역,100001,지수,97.2148916056973,지수,,서울>강남지역,지수,2022년 6월,2022,6,2022-06-01
A_2024_00080,MM,202206,,,510009,강북지역,100001,지수,97.2628156593142,지수,,서울>강북지역,지수,2022년 6월,2022,6,2022-06-01
A_2024_00080,MM,202206,,,500017,강원,100001,지수,100.635431479916,지수,,강원,지수,2022년 6월,2022,6,2022-06-01
A_2024_00080,MM,202206,,,500009,경기,100001,지수,105.418599036001,지수,,경기,지수,2022년 6월,2022,6,2022-06-01
A_2024_00080,MM,202206,,,500023,경남,100001,지수,106.79850553469,지수,,경남,지수,2022년 6월,2022,6,2022-06-01
A_2024_00080,MM,202206,,,510012,경부1권,100001,지수,101.843857800521,지수,,경기>경부1권,지수,2022년 6월,2022,6,2022-06-01
A_2024_00080,MM,202206,,,510013,경부2권,100001,지수,103.325441295787,지수,,경기>경부2권,지수,2022년 6월,2022,6,2022-06-01
A_2024_00080,MM,202206,,,500022,경북,100001,지수,101.789849744986,지수,,경북,지수,2022년 6월,2022,6,2022-06-01
A_2024_00080,MM,202206,,,510018,경원권,100001,지수,106.286738568486,지수,,경기>경원권,지수,2022년 6월,2022,6,2022-06-01
A_2024_00080,MM,202206,,,510017,경의권,100001,지수,109.300536300441,지수,,경기>경의권,지수,2022년 6월,2022,6,2022-06-01
A_2024_00080,MM,202206,,,500013,광주,100001,지수,105.757975708027,지수,,전남광주>광주,지수,2022년 6월,2022,6,2022-06-01
A_2024_00080,MM,202206,,,500012,대구,100001,지수,110.436393224554,지수,,대구,지수,2022년 6월,2022,6,2022-06-01
A_2024_00080,MM,202206,,,500014,대전,100001,지수,104.996952063038,지수,,대전,지수,2022년 6월,2022,6,2022-06-01
A_2024_00080,MM,202206,,,520010,도심권,100001,지수,92.1675174578695,지수,,서울>강북지역>도심권,지수,2022년 6월,2022,6,2022-06-01
A_2024_00080,MM,202206,,,520015,동남권,100001,지수,94.1140447079005,지수,,서울>강남지역>동남권,지수,2022년 6월,2022,6,2022-06-01
A_2024_00080,MM,202206,,,510015,동부1권,100001,지수,105.346735449059,지수,,경기>동부1권,지수,2022년 6월,2022,6,2022-06-01
A_2024_00080,MM,202206,,,510016,동부2권,100001,지수,106.243790760968,지수,,경기>동부2권,지수,2022년 6월,2022,6,2022-06-01
A_2024_00080,MM,202206,,,510022,동부산권,100001,지수,111.602766384779,지수,,부산>동부산권,지수,2022년 6월,2022,6,2022-06-01
A_2024_00080,MM,202206,,,520011,동북권,100001,지수,99.0475933673135,지수,,서울>강북지역>동북권,지수,2022년 6월,2022,6,2022-06-01
A_2024_00080,MM,202206,,,500011,부산,100001,지수,108.247902824943,지수,,부산,지수,2022년 6월,2022,6,2022-06-01
A_2024_00080,MM,202206,,,520014,서남권,100001,지수,99.2403614315932,지수,,서울>강남지역>서남권,지수,2022년 6월,2022,6,2022-06-01
A_2024_00080,MM,202206,,,510023,서부산권,100001,지수,106.282410670281,지수,,부산>서부산권,지수,2022년 6월,2022,6,2022-06-01
A_2024_00080,MM,202206,,,520012,서북권,100001,지수,96.091972595942,지수,,서울>강북지역>서북권,지수,2022년 6월,2022,6,2022-06-01
A_2024_00080,MM,202206,,,500008,서울,100001,지수,97.2387723503473,지수,,서울,지수,2022년 6월,2022,6,2022-06-01
A_2024_00080,MM,202206,,,510014,서해안권,100001,지수,106.12408401157,지수,,경기>서해안권,지수,2022년 6월,2022,6,2022-06-01
A_2024_00080,MM,202206,,,500016,세종,100001,지수,104.278090209207,지수,,세종,지수,2022년 6월,2022,6,2022-06-01
A_2024_00080,MM,202206,,,500002,수도권,100001,지수,102.038521366179,지수,,수도권,지수,2022년 6월,2022,6,2022-06-01
A_2024_00080,MM,202206,,,500015,울산,100001,지수,109.330566289369,지수,,울산,지수,2022년 6월,2022,6,2022-06-01
A_2024_00080,MM,202206,,,500010,인천,100001,지수,108.987523256041,지수,,인천,지수,2022년 6월,2022,6,2022-06-01
A_2024_00080,MM,202206,,,500001,전국,100001,지수,103.161116319602,지수,,전국,지수,2022년 6월,2022,6,2022-06-01
A_2024_00080,MM,202206,,,500021,전남,100001,지수,104.37775405137,지수,,전남광주>전남,지수,2022년 6월,2022,6,2022-06-01
A_2024_00080,MM,202206,,,500020,전북,100001,지수,105.553760198688,지수,,전북,지수,2022년 6월,2022,6,2022-06-01
A_2024_00080,MM,202206,,,500024,제주,100001,지수,106.173089001154,지수,,제주,지수,2022년 6월,2022,6,2022-06-01
A_2024_00080,MM,202206,,,510021,중부산권,100001,지수,107.146784817311,지수,,부산>중부산권,지수,2022년 6월,2022,6,2022-06-01
A_2024_00080,MM,202206,,,500003,지방권,100001,지수,106.185557827566,지수,,지방권,지수,2022년 6월,2022,6,2022-06-01
A_2024_00080,MM,202206,,,500019,충남,100001,지수,105.489434922355,지수,,충남,지수,2022년 6월,2022,6,2022-06-01
A_2024_00080,MM,202206,,,500018,충북,100001,지수,103.3883815394,지수,,충북,지수,2022년 6월,2022,6,2022-06-01
A_2024_00080,MM,202207,,,500005,5대광역시,100001,지수,108.127831911199,지수,,5대광역시,지수,2022년 7월,2022,7,2022-07-01
A_2024_00080,MM,202207,,,500004,6대광역시,100001,지수,108.430074446085,지수,,6대광역시,지수,2022년 7월,2022,7,2022-07-01
A_2024_00080,MM,202207,,,500007,8개도,100001,지수,104.445419189157,지수,,8개도,지수,2022년 7월,2022,7,2022-07-01
A_2024_00080,MM,202207,,,500006,9개도,100001,지수,105.140559585194,지수,,9개도,지수,2022년 7월,2022,7,2022-07-01
A_2024_00080,MM,202207,,,510010,강남지역,100001,지수,97.1980939386905,지수,,서울>강남지역,지수,2022년 7월,2022,7,2022-07-01
A_2024_00080,MM,202207,,,510009,강북지역,100001,지수,97.2612293306125,지수,,서울>강북지역,지수,2022년 7월,2022,7,2022-07-01
A_2024_00080,MM,202207,,,500017,강원,100001,지수,100.755092955473,지수,,강원,지수,2022년 7월,2022,7,2022-07-01
A_2024_00080,MM,202207,,,500009,경기,100001,지수,105.495489114299,지수,,경기,지수,2022년 7월,2022,7,2022-07-01
A_2024_00080,MM,202207,,,500023,경남,100001,지수,106.90774881874,지수,,경남,지수,2022년 7월,2022,7,2022-07-01
A_2024_00080,MM,202207,,,510012,경부1권,100001,지수,101.822381870228,지수,,경기>경부1권,지수,2022년 7월,2022,7,2022-07-01
A_2024_00080,MM,202207,,,510013,경부2권,100001,지수,103.364385816347,지수,,경기>경부2권,지수,2022년 7월,2022,7,2022-07-01
A_2024_00080,MM,202207,,,500022,경북,100001,지수,101.809614269844,지수,,경북,지수,2022년 7월,2022,7,2022-07-01
A_2024_00080,MM,202207,,,510018,경원권,100001,지수,106.232067972933,지수,,경기>경원권,지수,2022년 7월,2022,7,2022-07-01
A_2024_00080,MM,202207,,,510017,경의권,100001,지수,109.514977228079,지수,,경기>경의권,지수,2022년 7월,2022,7,2022-07-01
A_2024_00080,MM,202207,,,500013,광주,100001,지수,105.950702117702,지수,,전남광주>광주,지수,2022년 7월,2022,7,2022-07-01
A_2024_00080,MM,202207,,,500012,대구,100001,지수,110.351233377224,지수,,대구,지수,2022년 7월,2022,7,2022-07-01
A_2024_00080,MM,202207,,,500014,대전,100001,지수,104.987011562774,지수,,대전,지수,2022년 7월,2022,7,2022-07-01
A_2024_00080,MM,202207,,,520010,도심권,100001,지수,92.145611118752,지수,,서울>강북지역>도심권,지수,2022년 7월,2022,7,2022-07-01
A_2024_00080,MM,202207,,,520015,동남권,100001,지수,94.1383080668289,지수,,서울>강남지역>동남권,지수,2022년 7월,2022,7,2022-07-01
A_2024_00080,MM,202207,,,510015,동부1권,100001,지수,105.233633696492,지수,,경기>동부1권,지수,2022년 7월,2022,7,2022-07-01
A_2024_00080,MM,202207,,,510016,동부2권,100001,지수,106.399935572241,지수,,경기>동부2권,지수,2022년 7월,2022,7,2022-07-01
A_2024_00080,MM,202207,,,510022,동부산권,100001,지수,111.347387160324,지수,,부산>동부산권,지수,2022년 7월,2022,7,2022-07-01
A_2024_00080,MM,202207,,,520011,동북권,100001,지수,99.0330823251359,지수,,서울>강북지역>동북권,지수,2022년 7월,2022,7,2022-07-01
A_2024_00080,MM,202207,,,500011,부산,100001,지수,108.171232407709,지수,,부산,지수,2022년 7월,2022,7,2022-07-01
A_2024_00080,MM,202207,,,520014,서남권,100001,지수,99.1950989678136,지수,,서울>강남지역>서남권,지수,2022년 7월,2022,7,2022-07-01
A_2024_00080,MM,202207,,,510023,서부산권,100001,지수,106.253251123434,지수,,부산>서부산권,지수,2022년 7월,2022,7,2022-07-01
A_2024_00080,MM,202207,,,520012,서북권,100001,지수,96.1177043923806,지수,,서울>강북지역>서북권,지수,2022년 7월,2022,7,2022-07-01
A_2024_00080,MM,202207,,,500008,서울,100001,지수,97.2293157207728,지수,,서울,지수,2022년 7월,2022,7,2022-07-01
A_2024_00080,MM,202207,,,510014,서해안권,100001,지수,106.301741280877,지수,,경기>서해안권,지수,2022년 7월,2022,7,2022-07-01
A_2024_00080,MM,202207,,,500016,세종,100001,지수,104.007229090505,지수,,세종,지수,2022년 7월,2022,7,2022-07-01
A_2024_00080,MM,202207,,,500002,수도권,100001,지수,102.045774871853,지수,,수도권,지수,2022년 7월,2022,7,2022-07-01
A_2024_00080,MM,202207,,,500015,울산,100001,지수,109.283477139663,지수,,울산,지수,2022년 7월,2022,7,2022-07-01
A_2024_00080,MM,202207,,,500010,인천,100001,지수,108.842494189985,지수,,인천,지수,2022년 7월,2022,7,2022-07-01
A_2024_00080,MM,202207,,,500001,전국,100001,지수,103.163333396432,지수,,전국,지수,2022년 7월,2022,7,2022-07-01
A_2024_00080,MM,202207,,,500021,전남,100001,지수,104.370407363697,지수,,전남광주>전남,지수,2022년 7월,2022,7,2022-07-01
A_2024_00080,MM,202207,,,500020,전북,100001,지수,105.509459814268,지수,,전북,지수,2022년 7월,2022,7,2022-07-01
A_2024_00080,MM,202207,,,500024,제주,100001,지수,106.188307699261,지수,,제주,지수,2022년 7월,2022,7,2022-07-01
A_2024_00080,MM,202207,,,510021,중부산권,100001,지수,107.148192245149,지수,,부산>중부산권,지수,2022년 7월,2022,7,2022-07-01
A_2024_00080,MM,202207,,,500003,지방권,100001,지수,106.174378804614,지수,,지방권,지수,2022년 7월,2022,7,2022-07-01
A_2024_00080,MM,202207,,,500019,충남,100001,지수,105.412292309665,지수,,충남,지수,2022년 7월,2022,7,2022-07-01
A_2024_00080,MM,202207,,,500018,충북,100001,지수,103.494325043669,지수,,충북,지수,2022년 7월,2022,7,2022-07-01
A_2024_00080,MM,202208,,,500005,5대광역시,100001,지수,108.021818975318,지수,,5대광역시,지수,2022년 8월,2022,8,2022-08-01
A_2024_00080,MM,202208,,,500004,6대광역시,100001,지수,108.280310795152,지수,,6대광역시,지수,2022년 8월,2022,8,2022-08-01
A_2024_00080,MM,202208,,,500007,8개도,100001,지수,104.40918506788,지수,,8개도,지수,2022년 8월,2022,8,2022-08-01
A_2024_00080,MM,202208,,,500006,9개도,100001,지수,105.123731244994,지수,,9개도,지수,2022년 8월,2022,8,2022-08-01
A_2024_00080,MM,202208,,,510010,강남지역,100001,지수,97.0884127278107,지수,,서울>강남지역,지수,2022년 8월,2022,8,2022-08-01
A_2024_00080,MM,202208,,,510009,강북지역,100001,지수,97.2374938392388,지수,,서울>강북지역,지수,2022년 8월,2022,8,2022-08-01
A_2024_00080,MM,202208,,,500017,강원,100001,지수,100.797129148327,지수,,강원,지수,2022년 8월,2022,8,2022-08-01
A_2024_00080,MM,202208,,,500009,경기,100001,지수,105.488448335376,지수,,경기,지수,2022년 8월,2022,8,2022-08-01
A_2024_00080,MM,202208,,,500023,경남,100001,지수,106.931636271055,지수,,경남,지수,2022년 8월,2022,8,2022-08-01
A_2024_00080,MM,202208,,,510012,경부1권,100001,지수,101.770150593325,지수,,경기>경부1권,지수,2022년 8월,2022,8,2022-08-01
A_2024_00080,MM,202208,,,510013,경부2권,100001,지수,103.326112079441,지수,,경기>경부2권,지수,2022년 8월,2022,8,2022-08-01
A_2024_00080,MM,202208,,,500022,경북,100001,지수,101.84004896539,지수,,경북,지수,2022년 8월,2022,8,2022-08-01
A_2024_00080,MM,202208,,,510018,경원권,100001,지수,106.617749267156,지수,,경기>경원권,지수,2022년 8월,2022,8,2022-08-01
A_2024_00080,MM,202208,,,510017,경의권,100001,지수,109.646026930022,지수,,경기>경의권,지수,2022년 8월,2022,8,2022-08-01
A_2024_00080,MM,202208,,,500013,광주,100001,지수,105.953654032255,지수,,전남광주>광주,지수,2022년 8월,2022,8,2022-08-01
A_2024_00080,MM,202208,,,500012,대구,100001,지수,110.219829784942,지수,,대구,지수,2022년 8월,2022,8,2022-08-01
A_2024_00080,MM,202208,,,500014,대전,100001,지수,104.886892715331,지수,,대전,지수,2022년 8월,2022,8,2022-08-01
A_2024_00080,MM,202208,,,520010,도심권,100001,지수,92.0741890970261,지수,,서울>강북지역>도심권,지수,2022년 8월,2022,8,2022-08-01
A_2024_00080,MM,202208,,,520015,동남권,100001,지수,94.0191409488709,지수,,서울>강남지역>동남권,지수,2022년 8월,2022,8,2022-08-01
A_2024_00080,MM,202208,,,510015,동부1권,100001,지수,105.067274932273,지수,,경기>동부1권,지수,2022년 8월,2022,8,2022-08-01
A_2024_00080,MM,202208,,,510016,동부2권,100001,지수,106.565979128839,지수,,경기>동부2권,지수,2022년 8월,2022,8,2022-08-01
A_2024_00080,MM,202208,,,510022,동부산권,100001,지수,111.054012999604,지수,,부산>동부산권,지수,2022년 8월,2022,8,2022-08-01
A_2024_00080,MM,202208,,,520011,동북권,100001,지수,98.9805733578068,지수,,서울>강북지역>동북권,지수,2022년 8월,2022,8,2022-08-01
A_2024_00080,MM,202208,,,500011,부산,100001,지수,108.069222388878,지수,,부산,지수,2022년 8월,2022,8,2022-08-01
A_2024_00080,MM,202208,,,520014,서남권,100001,지수,99.0921384322484,지수,,서울>강남지역>서남권,지수,2022년 8월,2022,8,2022-08-01
A_2024_00080,MM,202208,,,510023,서부산권,100001,지수,106.213384711139,지수,,부산>서부산권,지수,2022년 8월,2022,8,2022-08-01
A_2024_00080,MM,202208,,,520012,서북권,100001,지수,96.1556946123859,지수,,서울>강북지역>서북권,지수,2022년 8월,2022,8,2022-08-01
A_2024_00080,MM,202208,,,500008,서울,100001,지수,97.1611008761014,지수,,서울,지수,2022년 8월,2022,8,2022-08-01
A_2024_00080,MM,202208,,,510014,서해안권,100001,지수,106.257703375169,지수,,경기>서해안권,지수,2022년 8월,2022,8,2022-08-01
A_2024_00080,MM,202208,,,500016,세종,100001,지수,103.912780600341,지수,,세종,지수,2022년 8월,2022,8,2022-08-01
A_2024_00080,MM,202208,,,500002,수도권,100001,지수,101.983501451534,지수,,수도권,지수,2022년 8월,2022,8,2022-08-01
A_2024_00080,MM,202208,,,500015,울산,100001,지수,109.132597852974,지수,,울산,지수,2022년 8월,2022,8,2022-08-01
A_2024_00080,MM,202208,,,500010,인천,100001,지수,108.632795851905,지수,,인천,지수,2022년 8월,2022,8,2022-08-01
A_2024_00080,MM,202208,,,500001,전국,100001,지수,103.09921080982,지수,,전국,지수,2022년 8월,2022,8,2022-08-01
A_2024_00080,MM,202208,,,500021,전남,100001,지수,104.292818062406,지수,,전남광주>전남,지수,2022년 8월,2022,8,2022-08-01
A_2024_00080,MM,202208,,,500020,전북,100001,지수,105.486863280669,지수,,전북,지수,2022년 8월,2022,8,2022-08-01
A_2024_00080,MM,202208,,,500024,제주,100001,지수,106.074757927906,지수,,제주,지수,2022년 8월,2022,8,2022-08-01
A_2024_00080,MM,202208,,,510021,중부산권,100001,지수,107.125889441755,지수,,부산>중부산권,지수,2022년 8월,2022,8,2022-08-01
A_2024_00080,MM,202208,,,500003,지방권,100001,지수,106.105313932449,지수,,지방권,지수,2022년 8월,2022,8,2022-08-01
A_2024_00080,MM,202208,,,500019,충남,100001,지수,105.301882983697,지수,,충남,지수,2022년 8월,2022,8,2022-08-01
A_2024_00080,MM,202208,,,500018,충북,100001,지수,103.415103166895,지수,,충북,지수,2022년 8월,2022,8,2022-08-01
A_2024_00080,MM,202209,,,500005,5대광역시,100001,지수,107.831036358161,지수,,5대광역시,지수,2022년 9월,2022,9,2022-09-01
A_2024_00080,MM,202209,,,500004,6대광역시,100001,지수,108.032622122217,지수,,6대광역시,지수,2022년 9월,2022,9,2022-09-01
A_2024_00080,MM,202209,,,500007,8개도,100001,지수,104.30545300478,지수,,8개도,지수,2022년 9월,2022,9,2022-09-01
A_2024_00080,MM,202209,,,500006,9개도,100001,지수,105.003141769283,지수,,9개도,지수,2022년 9월,2022,9,2022-09-01
A_2024_00080,MM,202209,,,510010,강남지역,100001,지수,96.9091203540318,지수,,서울>강남지역,지수,2022년 9월,2022,9,2022-09-01
A_2024_00080,MM,202209,,,510009,강북지역,100001,지수,97.1382697379871,지수,,서울>강북지역,지수,2022년 9월,2022,9,2022-09-01
A_2024_00080,MM,202209,,,500017,강원,100001,지수,100.717333766051,지수,,강원,지수,2022년 9월,2022,9,2022-09-01
A_2024_00080,MM,202209,,,500009,경기,100001,지수,105.359350868794,지수,,경기,지수,2022년 9월,2022,9,2022-09-01
A_2024_00080,MM,202209,,,500023,경남,100001,지수,106.817754774923,지수,,경남,지수,2022년 9월,2022,9,2022-09-01
A_2024_00080,MM,202209,,,510012,경부1권,100001,지수,101.582375503895,지수,,경기>경부1권,지수,2022년 9월,2022,9,2022-09-01
A_2024_00080,MM,202209,,,510013,경부2권,100001,지수,103.27731781113,지수,,경기>경부2권,지수,2022년 9월,2022,9,2022-09-01
A_2024_00080,MM,202209,,,500022,경북,100001,지수,101.759801315393,지수,,경북,지수,2022년 9월,2022,9,2022-09-01
A_2024_00080,MM,202209,,,510018,경원권,100001,지수,106.357838621237,지수,,경기>경원권,지수,2022년 9월,2022,9,2022-09-01
A_2024_00080,MM,202209,,,510017,경의권,100001,지수,109.374438205197,지수,,경기>경의권,지수,2022년 9월,2022,9,2022-09-01
A_2024_00080,MM,202209,,,500013,광주,100001,지수,106.059415157846,지수,,전남광주>광주,지수,2022년 9월,2022,9,2022-09-01
A_2024_00080,MM,202209,,,500012,대구,100001,지수,110.112030191452,지수,,대구,지수,2022년 9월,2022,9,2022-09-01
A_2024_00080,MM,202209,,,500014,대전,100001,지수,104.754443218341,지수,,대전,지수,2022년 9월,2022,9,2022-09-01
A_2024_00080,MM,202209,,,520010,도심권,100001,지수,91.9622892320977,지수,,서울>강북지역>도심권,지수,2022년 9월,2022,9,2022-09-01
A_2024_00080,MM,202209,,,520015,동남권,100001,지수,93.8321006765304,지수,,서울>강남지역>동남권,지수,2022년 9월,2022,9,2022-09-01
A_2024_00080,MM,202209,,,510015,동부1권,100001,지수,104.779707922046,지수,,경기>동부1권,지수,2022년 9월,2022,9,2022-09-01
A_2024_00080,MM,202209,,,510016,동부2권,100001,지수,106.539479666553,지수,,경기>동부2권,지수,2022년 9월,2022,9,2022-09-01
A_2024_00080,MM,202209,,,510022,동부산권,100001,지수,110.795412177888,지수,,부산>동부산권,지수,2022년 9월,2022,9,2022-09-01
A_2024_00080,MM,202209,,,520011,동북권,100001,지수,98.903489406211,지수,,서울>강북지역>동북권,지수,2022년 9월,2022,9,2022-09-01
A_2024_00080,MM,202209,,,500011,부산,100001,지수,107.820655301834,지수,,부산,지수,2022년 9월,2022,9,2022-09-01
A_2024_00080,MM,202209,,,520014,서남권,100001,지수,98.9184531226406,지수,,서울>강남지역>서남권,지수,2022년 9월,2022,9,2022-09-01
A_2024_00080,MM,202209,,,510023,서부산권,100001,지수,106.148561640471,지수,,부산>서부산권,지수,2022년 9월,2022,9,2022-09-01
A_2024_00080,MM,202209,,,520012,서북권,100001,지수,96.0260841046727,지수,,서울>강북지역>서북권,지수,2022년 9월,2022,9,2022-09-01
A_2024_00080,MM,202209,,,500008,서울,100001,지수,97.0204214003754,지수,,서울,지수,2022년 9월,2022,9,2022-09-01
A_2024_00080,MM,202209,,,510014,서해안권,100001,지수,106.225879670072,지수,,경기>서해안권,지수,2022년 9월,2022,9,2022-09-01
A_2024_00080,MM,202209,,,500016,세종,100001,지수,103.772414969877,지수,,세종,지수,2022년 9월,2022,9,2022-09-01
A_2024_00080,MM,202209,,,500002,수도권,100001,지수,101.823562935407,지수,,수도권,지수,2022년 9월,2022,9,2022-09-01
A_2024_00080,MM,202209,,,500015,울산,100001,지수,108.884601831407,지수,,울산,지수,2022년 9월,2022,9,2022-09-01
A_2024_00080,MM,202209,,,500010,인천,100001,지수,108.307235710483,지수,,인천,지수,2022년 9월,2022,9,2022-09-01
A_2024_00080,MM,202209,,,500001,전국,100001,지수,102.943490335371,지수,,전국,지수,2022년 9월,2022,9,2022-09-01
A_2024_00080,MM,202209,,,500021,전남,100001,지수,104.16897316668,지수,,전남광주>전남,지수,2022년 9월,2022,9,2022-09-01
A_2024_00080,MM,202209,,,500020,전북,100001,지수,105.434264878351,지수,,전북,지수,2022년 9월,2022,9,2022-09-01
A_2024_00080,MM,202209,,,500024,제주,100001,지수,106.030569603193,지수,,제주,지수,2022년 9월,2022,9,2022-09-01
A_2024_00080,MM,202209,,,510021,중부산권,100001,지수,106.815324882164,지수,,부산>중부산권,지수,2022년 9월,2022,9,2022-09-01
A_2024_00080,MM,202209,,,500003,지방권,100001,지수,105.960755204909,지수,,지방권,지수,2022년 9월,2022,9,2022-09-01
A_2024_00080,MM,202209,,,500019,충남,100001,지수,105.147000819792,지수,,충남,지수,2022년 9월,2022,9,2022-09-01
A_2024_00080,MM,202209,,,500018,충북,100001,지수,103.211298876366,지수,,충북,지수,2022년 9월,2022,9,2022-09-01
A_2024_00080,MM,202210,,,500005,5대광역시,100001,지수,107.503763386031,지수,,5대광역시,지수,2022년 10월,2022,10,2022-10-01
A_2024_00080,MM,202210,,,500004,6대광역시,100001,지수,107.720470598728,지수,,6대광역시,지수,2022년 10월,2022,10,2022-10-01
A_2024_00080,MM,202210,,,500007,8개도,100001,지수,104.139138491483,지수,,8개도,지수,2022년 10월,2022,10,2022-10-01
A_2024_00080,MM,202210,,,500006,9개도,100001,지수,104.836379404128,지수,,9개도,지수,2022년 10월,2022,10,2022-10-01
A_2024_00080,MM,202210,,,510010,강남지역,100001,지수,96.5694979182801,지수,,서울>강남지역,지수,2022년 10월,2022,10,2022-10-01
A_2024_00080,MM,202210,,,510009,강북지역,100001,지수,96.8893640252207,지수,,서울>강북지역,지수,2022년 10월,2022,10,2022-10-01
A_2024_00080,MM,202210,,,500017,강원,100001,지수,100.686735940303,지수,,강원,지수,2022년 10월,2022,10,2022-10-01
A_2024_00080,MM,202210,,,500009,경기,100001,지수,105.192355756753,지수,,경기,지수,2022년 10월,2022,10,2022-10-01
A_2024_00080,MM,202210,,,500023,경남,100001,지수,106.558884226231,지수,,경남,지수,2022년 10월,2022,10,2022-10-01
A_2024_00080,MM,202210,,,510012,경부1권,100001,지수,101.277230659286,지수,,경기>경부1권,지수,2022년 10월,2022,10,2022-10-01
A_2024_00080,MM,202210,,,510013,경부2권,100001,지수,103.252840610605,지수,,경기>경부2권,지수,2022년 10월,2022,10,2022-10-01
A_2024_00080,MM,202210,,,500022,경북,100001,지수,101.693275412894,지수,,경북,지수,2022년 10월,2022,10,2022-10-01
A_2024_00080,MM,202210,,,510018,경원권,100001,지수,106.467399702393,지수,,경기>경원권,지수,2022년 10월,2022,10,2022-10-01
A_2024_00080,MM,202210,,,510017,경의권,100001,지수,108.923695990405,지수,,경기>경의권,지수,2022년 10월,2022,10,2022-10-01
A_2024_00080,MM,202210,,,500013,광주,100001,지수,105.974669302185,지수,,전남광주>광주,지수,2022년 10월,2022,10,2022-10-01
A_2024_00080,MM,202210,,,500012,대구,100001,지수,109.948688774676,지수,,대구,지수,2022년 10월,2022,10,2022-10-01
A_2024_00080,MM,202210,,,500014,대전,100001,지수,104.631421851596,지수,,대전,지수,2022년 10월,2022,10,2022-10-01
A_2024_00080,MM,202210,,,520010,도심권,100001,지수,91.5928656078166,지수,,서울>강북지역>도심권,지수,2022년 10월,2022,10,2022-10-01
A_2024_00080,MM,202210,,,520015,동남권,100001,지수,93.4049379831697,지수,,서울>강남지역>동남권,지수,2022년 10월,2022,10,2022-10-01
A_2024_00080,MM,202210,,,510015,동부1권,100001,지수,104.47478526248,지수,,경기>동부1권,지수,2022년 10월,2022,10,2022-10-01
A_2024_00080,MM,202210,,,510016,동부2권,100001,지수,106.423079858646,지수,,경기>동부2권,지수,2022년 10월,2022,10,2022-10-01
A_2024_00080,MM,202210,,,510022,동부산권,100001,지수,110.004811347009,지수,,부산>동부산권,지수,2022년 10월,2022,10,2022-10-01
A_2024_00080,MM,202210,,,520011,동북권,100001,지수,98.6527850348778,지수,,서울>강북지역>동북권,지수,2022년 10월,2022,10,2022-10-01
A_2024_00080,MM,202210,,,500011,부산,100001,지수,107.411935172138,지수,,부산,지수,2022년 10월,2022,10,2022-10-01
A_2024_00080,MM,202210,,,520014,서남권,100001,지수,98.6400690111649,지수,,서울>강남지역>서남권,지수,2022년 10월,2022,10,2022-10-01
A_2024_00080,MM,202210,,,510023,서부산권,100001,지수,106.006827578007,지수,,부산>서부산권,지수,2022년 10월,2022,10,2022-10-01
A_2024_00080,MM,202210,,,520012,서북권,100001,지수,95.8218054755947,지수,,서울>강북지역>서북권,지수,2022년 10월,2022,10,2022-10-01
A_2024_00080,MM,202210,,,500008,서울,100001,지수,96.724525733929,지수,,서울,지수,2022년 10월,2022,10,2022-10-01
A_2024_00080,MM,202210,,,510014,서해안권,100001,지수,106.12059553685,지수,,경기>서해안권,지수,2022년 10월,2022,10,2022-10-01
A_2024_00080,MM,202210,,,500016,세종,100001,지수,103.62583240079,지수,,세종,지수,2022년 10월,2022,10,2022-10-01
A_2024_00080,MM,202210,,,500002,수도권,100001,지수,101.578799279529,지수,,수도권,지수,2022년 10월,2022,10,2022-10-01
A_2024_00080,MM,202210,,,500015,울산,100001,지수,108.317953205114,지수,,울산,지수,2022년 10월,2022,10,2022-10-01
A_2024_00080,MM,202210,,,500010,인천,100001,지수,108.015771530747,지수,,인천,지수,2022년 10월,2022,10,2022-10-01
A_2024_00080,MM,202210,,,500001,전국,100001,지수,102.699649249732,지수,,전국,지수,2022년 10월,2022,10,2022-10-01
A_2024_00080,MM,202210,,,500021,전남,100001,지수,103.978635741149,지수,,전남광주>전남,지수,2022년 10월,2022,10,2022-10-01
A_2024_00080,MM,202210,,,500020,전북,100001,지수,105.185336628162,지수,,전북,지수,2022년 10월,2022,10,2022-10-01
A_2024_00080,MM,202210,,,500024,제주,100001,지수,105.935437014823,지수,,제주,지수,2022년 10월,2022,10,2022-10-01
A_2024_00080,MM,202210,,,510021,중부산권,100001,지수,106.514030673416,지수,,부산>중부산권,지수,2022년 10월,2022,10,2022-10-01
A_2024_00080,MM,202210,,,500003,지방권,100001,지수,105.719278885641,지수,,지방권,지수,2022년 10월,2022,10,2022-10-01
A_2024_00080,MM,202210,,,500019,충남,100001,지수,104.868286608741,지수,,충남,지수,2022년 10월,2022,10,2022-10-01
A_2024_00080,MM,202210,,,500018,충북,100001,지수,103.016182862682,지수,,충북,지수,2022년 10월,2022,10,2022-10-01
A_2024_00080,MM,202211,,,500005,5대광역시,100001,지수,107.002858623448,지수,,5대광역시,지수,2022년 11월,2022,11,2022-11-01
A_2024_00080,MM,202211,,,500004,6대광역시,100001,지수,107.029243278912,지수,,6대광역시,지수,2022년 11월,2022,11,2022-11-01
A_2024_00080,MM,202211,,,500007,8개도,100001,지수,103.86871851355,지수,,8개도,지수,2022년 11월,2022,11,2022-11-01
A_2024_00080,MM,202211,,,500006,9개도,100001,지수,104.33042416941,지수,,9개도,지수,2022년 11월,2022,11,2022-11-01
A_2024_00080,MM,202211,,,510010,강남지역,100001,지수,95.9966146516083,지수,,서울>강남지역,지수,2022년 11월,2022,11,2022-11-01
A_2024_00080,MM,202211,,,510009,강북지역,100001,지수,96.5107508836508,지수,,서울>강북지역,지수,2022년 11월,2022,11,2022-11-01
A_2024_00080,MM,202211,,,500017,강원,100001,지수,100.496843606923,지수,,강원,지수,2022년 11월,2022,11,2022-11-01
A_2024_00080,MM,202211,,,500009,경기,100001,지수,104.567781919849,지수,,경기,지수,2022년 11월,2022,11,2022-11-01
A_2024_00080,MM,202211,,,500023,경남,100001,지수,105.904167346218,지수,,경남,지수,2022년 11월,2022,11,2022-11-01
A_2024_00080,MM,202211,,,510012,경부1권,100001,지수,100.376446967481,지수,,경기>경부1권,지수,2022년 11월,2022,11,2022-11-01
A_2024_00080,MM,202211,,,510013,경부2권,100001,지수,102.885478611057,지수,,경기>경부2권,지수,2022년 11월,2022,11,2022-11-01
A_2024_00080,MM,202211,,,500022,경북,100001,지수,101.671906496367,지수,,경북,지수,2022년 11월,2022,11,2022-11-01
A_2024_00080,MM,202211,,,510018,경원권,100001,지수,106.386940524997,지수,,경기>경원권,지수,2022년 11월,2022,11,2022-11-01
A_2024_00080,MM,202211,,,510017,경의권,100001,지수,107.980035023847,지수,,경기>경의권,지수,2022년 11월,2022,11,2022-11-01
A_2024_00080,MM,202211,,,500013,광주,100001,지수,105.475222587176,지수,,전남광주>광주,지수,2022년 11월,2022,11,2022-11-01
A_2024_00080,MM,202211,,,500012,대구,100001,지수,109.428979828189,지수,,대구,지수,2022년 11월,2022,11,2022-11-01
A_2024_00080,MM,202211,,,500014,대전,100001,지수,104.32941069791,지수,,대전,지수,2022년 11월,2022,11,2022-11-01
A_2024_00080,MM,202211,,,520010,도심권,100001,지수,91.3400374436536,지수,,서울>강북지역>도심권,지수,2022년 11월,2022,11,2022-11-01
A_2024_00080,MM,202211,,,520015,동남권,100001,지수,92.8924601392993,지수,,서울>강남지역>동남권,지수,2022년 11월,2022,11,2022-11-01
A_2024_00080,MM,202211,,,510015,동부1권,100001,지수,104.258734850388,지수,,경기>동부1권,지수,2022년 11월,2022,11,2022-11-01
A_2024_00080,MM,202211,,,510016,동부2권,100001,지수,106.153423461747,지수,,경기>동부2권,지수,2022년 11월,2022,11,2022-11-01
A_2024_00080,MM,202211,,,510022,동부산권,100001,지수,109.273953366099,지수,,부산>동부산권,지수,2022년 11월,2022,11,2022-11-01
A_2024_00080,MM,202211,,,520011,동북권,100001,지수,98.1519652975497,지수,,서울>강북지역>동북권,지수,2022년 11월,2022,11,2022-11-01
A_2024_00080,MM,202211,,,500011,부산,100001,지수,106.948392133691,지수,,부산,지수,2022년 11월,2022,11,2022-11-01
A_2024_00080,MM,202211,,,520014,서남권,100001,지수,98.0259768293582,지수,,서울>강남지역>서남권,지수,2022년 11월,2022,11,2022-11-01
A_2024_00080,MM,202211,,,510023,서부산권,100001,지수,105.488066814264,지수,,부산>서부산권,지수,2022년 11월,2022,11,2022-11-01
A_2024_00080,MM,202211,,,520012,서북권,100001,지수,95.5929867850912,지수,,서울>강북지역>서북권,지수,2022년 11월,2022,11,2022-11-01
A_2024_00080,MM,202211,,,500008,서울,100001,지수,96.2452119559878,지수,,서울,지수,2022년 11월,2022,11,2022-11-01
A_2024_00080,MM,202211,,,510014,서해안권,100001,지수,105.294259751848,지수,,경기>서해안권,지수,2022년 11월,2022,11,2022-11-01
A_2024_00080,MM,202211,,,500016,세종,100001,지수,103.534478261134,지수,,세종,지수,2022년 11월,2022,11,2022-11-01
A_2024_00080,MM,202211,,,500002,수도권,100001,지수,100.981268468558,지수,,수도권,지수,2022년 11월,2022,11,2022-11-01
A_2024_00080,MM,202211,,,500015,울산,100001,지수,107.354883189599,지수,,울산,지수,2022년 11월,2022,11,2022-11-01
A_2024_00080,MM,202211,,,500010,인천,100001,지수,107.064710288933,지수,,인천,지수,2022년 11월,2022,11,2022-11-01
A_2024_00080,MM,202211,,,500001,전국,100001,지수,102.162220953979,지수,,전국,지수,2022년 11월,2022,11,2022-11-01
A_2024_00080,MM,202211,,,500021,전남,100001,지수,103.744351813566,지수,,전남광주>전남,지수,2022년 11월,2022,11,2022-11-01
A_2024_00080,MM,202211,,,500020,전북,100001,지수,104.592080975868,지수,,전북,지수,2022년 11월,2022,11,2022-11-01
A_2024_00080,MM,202211,,,500024,제주,100001,지수,105.778228864517,지수,,제주,지수,2022년 11월,2022,11,2022-11-01
A_2024_00080,MM,202211,,,510021,중부산권,100001,지수,106.214972939468,지수,,부산>중부산권,지수,2022년 11월,2022,11,2022-11-01
A_2024_00080,MM,202211,,,500003,지방권,100001,지수,105.341763397193,지수,,지방권,지수,2022년 11월,2022,11,2022-11-01
A_2024_00080,MM,202211,,,500019,충남,100001,지수,104.69970675641,지수,,충남,지수,2022년 11월,2022,11,2022-11-01
A_2024_00080,MM,202211,,,500018,충북,100001,지수,102.666097479567,지수,,충북,지수,2022년 11월,2022,11,2022-11-01
A_2024_00080,MM,202212,,,500005,5대광역시,100001,지수,106.150152009033,지수,,5대광역시,지수,2022년 12월,2022,12,2022-12-01
A_2024_00080,MM,202212,,,500004,6대광역시,100001,지수,106.109968140487,지수,,6대광역시,지수,2022년 12월,2022,12,2022-12-01
A_2024_00080,MM,202212,,,500007,8개도,100001,지수,103.409440081314,지수,,8개도,지수,2022년 12월,2022,12,2022-12-01
A_2024_00080,MM,202212,,,500006,9개도,100001,지수,103.458946488769,지수,,9개도,지수,2022년 12월,2022,12,2022-12-01
A_2024_00080,MM,202212,,,510010,강남지역,100001,지수,95.2696615473117,지수,,서울>강남지역,지수,2022년 12월,2022,12,2022-12-01
A_2024_00080,MM,202212,,,510009,강북지역,100001,지수,95.554302065675,지수,,서울>강북지역,지수,2022년 12월,2022,12,2022-12-01
A_2024_00080,MM,202212,,,500017,강원,100001,지수,100.40751860404,지수,,강원,지수,2022년 12월,2022,12,2022-12-01
A_2024_00080,MM,202212,,,500009,경기,100001,지수,103.489668626874,지수,,경기,지수,2022년 12월,2022,12,2022-12-01
A_2024_00080,MM,202212,,,500023,경남,100001,지수,104.980649051213,지수,,경남,지수,2022년 12월,2022,12,2022-12-01
A_2024_00080,MM,202212,,,510012,경부1권,100001,지수,98.8439676644017,지수,,경기>경부1권,지수,2022년 12월,2022,12,2022-12-01
A_2024_00080,MM,202212,,,510013,경부2권,100001,지수,102.579619994623,지수,,경기>경부2권,지수,2022년 12월,2022,12,2022-12-01
A_2024_00080,MM,202212,,,500022,경북,100001,지수,101.426415654196,지수,,경북,지수,2022년 12월,2022,12,2022-12-01
A_2024_00080,MM,202212,,,510018,경원권,100001,지수,105.268459722744,지수,,경기>경원권,지수,2022년 12월,2022,12,2022-12-01
A_2024_00080,MM,202212,,,510017,경의권,100001,지수,107.105939667346,지수,,경기>경의권,지수,2022년 12월,2022,12,2022-12-01
A_2024_00080,MM,202212,,,500013,광주,100001,지수,104.0983320106,지수,,전남광주>광주,지수,2022년 12월,2022,12,2022-12-01
A_2024_00080,MM,202212,,,500012,대구,100001,지수,108.978211597845,지수,,대구,지수,2022년 12월,2022,12,2022-12-01
A_2024_00080,MM,202212,,,500014,대전,100001,지수,103.914349414729,지수,,대전,지수,2022년 12월,2022,12,2022-12-01
A_2024_00080,MM,202212,,,520010,도심권,100001,지수,90.9508000364341,지수,,서울>강북지역>도심권,지수,2022년 12월,2022,12,2022-12-01
A_2024_00080,MM,202212,,,520015,동남권,100001,지수,92.3027545666185,지수,,서울>강남지역>동남권,지수,2022년 12월,2022,12,2022-12-01
A_2024_00080,MM,202212,,,510015,동부1권,100001,지수,103.093987242756,지수,,경기>동부1권,지수,2022년 12월,2022,12,2022-12-01
A_2024_00080,MM,202212,,,510016,동부2권,100001,지수,104.301435712562,지수,,경기>동부2권,지수,2022년 12월,2022,12,2022-12-01
A_2024_00080,MM,202212,,,510022,동부산권,100001,지수,107.679399981971,지수,,부산>동부산권,지수,2022년 12월,2022,12,2022-12-01
A_2024_00080,MM,202212,,,520011,동북권,100001,지수,97.1489331141448,지수,,서울>강북지역>동북권,지수,2022년 12월,2022,12,2022-12-01
A_2024_00080,MM,202212,,,500011,부산,100001,지수,106.097417636978,지수,,부산,지수,2022년 12월,2022,12,2022-12-01
A_2024_00080,MM,202212,,,520014,서남권,100001,지수,97.204740254502,지수,,서울>강남지역>서남권,지수,2022년 12월,2022,12,2022-12-01
A_2024_00080,MM,202212,,,510023,서부산권,100001,지수,104.826670990929,지수,,부산>서부산권,지수,2022년 12월,2022,12,2022-12-01
A_2024_00080,MM,202212,,,520012,서북권,100001,지수,94.5162038500627,지수,,서울>강북지역>서북권,지수,2022년 12월,2022,12,2022-12-01
A_2024_00080,MM,202212,,,500008,서울,100001,지수,95.4077001018238,지수,,서울,지수,2022년 12월,2022,12,2022-12-01
A_2024_00080,MM,202212,,,510014,서해안권,100001,지수,104.148387963222,지수,,경기>서해안권,지수,2022년 12월,2022,12,2022-12-01
A_2024_00080,MM,202212,,,500016,세종,100001,지수,103.174457638099,지수,,세종,지수,2022년 12월,2022,12,2022-12-01
A_2024_00080,MM,202212,,,500002,수도권,100001,지수,100.026215282044,지수,,수도권,지수,2022년 12월,2022,12,2022-12-01
A_2024_00080,MM,202212,,,500015,울산,100001,지수,105.433440529004,지수,,울산,지수,2022년 12월,2022,12,2022-12-01
A_2024_00080,MM,202212,,,500010,인천,100001,지수,106.054812879708,지수,,인천,지수,2022년 12월,2022,12,2022-12-01
A_2024_00080,MM,202212,,,500001,전국,100001,지수,101.292166347988,지수,,전국,지수,2022년 12월,2022,12,2022-12-01
A_2024_00080,MM,202212,,,500021,전남,100001,지수,103.266043856452,지수,,전남광주>전남,지수,2022년 12월,2022,12,2022-12-01
A_2024_00080,MM,202212,,,500020,전북,100001,지수,103.711205789075,지수,,전북,지수,2022년 12월,2022,12,2022-12-01
A_2024_00080,MM,202212,,,500024,제주,100001,지수,105.482352002463,지수,,제주,지수,2022년 12월,2022,12,2022-12-01
A_2024_00080,MM,202212,,,510021,중부산권,100001,지수,105.698308671257,지수,,부산>중부산권,지수,2022년 12월,2022,12,2022-12-01
A_2024_00080,MM,202212,,,500003,지방권,100001,지수,104.698547957892,지수,,지방권,지수,2022년 12월,2022,12,2022-12-01
A_2024_00080,MM,202212,,,500019,충남,100001,지수,104.262763147655,지수,,충남,지수,2022년 12월,2022,12,2022-12-01
A_2024_00080,MM,202212,,,500018,충북,100001,지수,102.250468213323,지수,,충북,지수,2022년 12월,2022,12,2022-12-01
A_2024_00080,MM,202301,,,500005,5대광역시,100001,지수,105.68002177818,지수,,5대광역시,지수,2023년 1월,2023,1,2023-01-01
A_2024_00080,MM,202301,,,500004,6대광역시,100001,지수,105.681914267791,지수,,6대광역시,지수,2023년 1월,2023,1,2023-01-01
A_2024_00080,MM,202301,,,500007,8개도,100001,지수,103.120023009201,지수,,8개도,지수,2023년 1월,2023,1,2023-01-01
A_2024_00080,MM,202301,,,500006,9개도,100001,지수,102.887160646145,지수,,9개도,지수,2023년 1월,2023,1,2023-01-01
A_2024_00080,MM,202301,,,510010,강남지역,100001,지수,94.6871460590061,지수,,서울>강남지역,지수,2023년 1월,2023,1,2023-01-01
A_2024_00080,MM,202301,,,510009,강북지역,100001,지수,95.0284713016462,지수,,서울>강북지역,지수,2023년 1월,2023,1,2023-01-01
A_2024_00080,MM,202301,,,500017,강원,100001,지수,100.263888810082,지수,,강원,지수,2023년 1월,2023,1,2023-01-01
A_2024_00080,MM,202301,,,500009,경기,100001,지수,102.778057215777,지수,,경기,지수,2023년 1월,2023,1,2023-01-01
A_2024_00080,MM,202301,,,500023,경남,100001,지수,104.543114617204,지수,,경남,지수,2023년 1월,2023,1,2023-01-01
A_2024_00080,MM,202301,,,510012,경부1권,100001,지수,97.6522822962336,지수,,경기>경부1권,지수,2023년 1월,2023,1,2023-01-01
A_2024_00080,MM,202301,,,510013,경부2권,100001,지수,102.227686770042,지수,,경기>경부2권,지수,2023년 1월,2023,1,2023-01-01
A_2024_00080,MM,202301,,,500022,경북,100001,지수,101.289646312436,지수,,경북,지수,2023년 1월,2023,1,2023-01-01
A_2024_00080,MM,202301,,,510018,경원권,100001,지수,104.955649493803,지수,,경기>경원권,지수,2023년 1월,2023,1,2023-01-01
A_2024_00080,MM,202301,,,510017,경의권,100001,지수,106.595452442575,지수,,경기>경의권,지수,2023년 1월,2023,1,2023-01-01
A_2024_00080,MM,202301,,,500013,광주,100001,지수,103.667789997851,지수,,전남광주>광주,지수,2023년 1월,2023,1,2023-01-01
A_2024_00080,MM,202301,,,500012,대구,100001,지수,108.657475492572,지수,,대구,지수,2023년 1월,2023,1,2023-01-01
A_2024_00080,MM,202301,,,500014,대전,100001,지수,103.446446196409,지수,,대전,지수,2023년 1월,2023,1,2023-01-01
A_2024_00080,MM,202301,,,520010,도심권,100001,지수,90.7109686330125,지수,,서울>강북지역>도심권,지수,2023년 1월,2023,1,2023-01-01
A_2024_00080,MM,202301,,,520015,동남권,100001,지수,91.8152424002639,지수,,서울>강남지역>동남권,지수,2023년 1월,2023,1,2023-01-01
A_2024_00080,MM,202301,,,510015,동부1권,100001,지수,102.732073988328,지수,,경기>동부1권,지수,2023년 1월,2023,1,2023-01-01
A_2024_00080,MM,202301,,,510016,동부2권,100001,지수,103.414666239129,지수,,경기>동부2권,지수,2023년 1월,2023,1,2023-01-01
A_2024_00080,MM,202301,,,510022,동부산권,100001,지수,106.990142586395,지수,,부산>동부산권,지수,2023년 1월,2023,1,2023-01-01
A_2024_00080,MM,202301,,,520011,동북권,100001,지수,96.5168930791662,지수,,서울>강북지역>동북권,지수,2023년 1월,2023,1,2023-01-01
A_2024_00080,MM,202301,,,500011,부산,100001,지수,105.654592951001,지수,,부산,지수,2023년 1월,2023,1,2023-01-01
A_2024_00080,MM,202301,,,520014,서남권,100001,지수,96.5586022606372,지수,,서울>강남지역>서남권,지수,2023년 1월,2023,1,2023-01-01
A_2024_00080,MM,202301,,,510023,서부산권,100001,지수,104.383823629723,지수,,부산>서부산권,지수,2023년 1월,2023,1,2023-01-01
A_2024_00080,MM,202301,,,520012,서북권,100001,지수,94.0618852667287,지수,,서울>강북지역>서북권,지수,2023년 1월,2023,1,2023-01-01
A_2024_00080,MM,202301,,,500008,서울,100001,지수,94.8525740039707,지수,,서울,지수,2023년 1월,2023,1,2023-01-01
A_2024_00080,MM,202301,,,510014,서해안권,100001,지수,103.220246840482,지수,,경기>서해안권,지수,2023년 1월,2023,1,2023-01-01
A_2024_00080,MM,202301,,,500016,세종,100001,지수,102.923784737871,지수,,세종,지수,2023년 1월,2023,1,2023-01-01
A_2024_00080,MM,202301,,,500002,수도권,100001,지수,99.4319192143232,지수,,수도권,지수,2023년 1월,2023,1,2023-01-01
A_2024_00080,MM,202301,,,500015,울산,100001,지수,104.5084741075,지수,,울산,지수,2023년 1월,2023,1,2023-01-01
A_2024_00080,MM,202301,,,500010,인천,100001,지수,105.685001627196,지수,,인천,지수,2023년 1월,2023,1,2023-01-01
A_2024_00080,MM,202301,,,500001,전국,100001,지수,100.75757850427,지수,,전국,지수,2023년 1월,2023,1,2023-01-01
A_2024_00080,MM,202301,,,500021,전남,100001,지수,102.902240989344,지수,,전남광주>전남,지수,2023년 1월,2023,1,2023-01-01
A_2024_00080,MM,202301,,,500020,전북,100001,지수,103.424460581428,지수,,전북,지수,2023년 1월,2023,1,2023-01-01
A_2024_00080,MM,202301,,,500024,제주,100001,지수,105.205602781635,지수,,제주,지수,2023년 1월,2023,1,2023-01-01
A_2024_00080,MM,202301,,,510021,중부산권,100001,지수,105.38836389067,지수,,부산>중부산권,지수,2023년 1월,2023,1,2023-01-01
A_2024_00080,MM,202301,,,500003,지방권,100001,지수,104.324729295238,지수,,지방권,지수,2023년 1월,2023,1,2023-01-01
A_2024_00080,MM,202301,,,500019,충남,100001,지수,103.838723837038,지수,,충남,지수,2023년 1월,2023,1,2023-01-01
A_2024_00080,MM,202301,,,500018,충북,100001,지수,102.010655637725,지수,,충북,지수,2023년 1월,2023,1,2023-01-01
A_2024_00080,MM,202302,,,500005,5대광역시,100001,지수,105.30475942649,지수,,5대광역시,지수,2023년 2월,2023,2,2023-02-01
A_2024_00080,MM,202302,,,500004,6대광역시,100001,지수,105.362321404707,지수,,6대광역시,지수,2023년 2월,2023,2,2023-02-01
A_2024_00080,MM,202302,,,500007,8개도,100001,지수,102.88554349201,지수,,8개도,지수,2023년 2월,2023,2,2023-02-01
A_2024_00080,MM,202302,,,500006,9개도,100001,지수,102.42991443031,지수,,9개도,지수,2023년 2월,2023,2,2023-02-01
A_2024_00080,MM,202302,,,510010,강남지역,100001,지수,94.158935135818,지수,,서울>강남지역,지수,2023년 2월,2023,2,2023-02-01
A_2024_00080,MM,202302,,,510009,강북지역,100001,지수,94.6673082163086,지수,,서울>강북지역,지수,2023년 2월,2023,2,2023-02-01
A_2024_00080,MM,202302,,,500017,강원,100001,지수,100.166658471767,지수,,강원,지수,2023년 2월,2023,2,2023-02-01
A_2024_00080,MM,202302,,,500009,경기,100001,지수,102.210905937946,지수,,경기,지수,2023년 2월,2023,2,2023-02-01
A_2024_00080,MM,202302,,,500023,경남,100001,지수,104.156623535449,지수,,경남,지수,2023년 2월,2023,2,2023-02-01
A_2024_00080,MM,202302,,,510012,경부1권,100001,지수,96.8383778041284,지수,,경기>경부1권,지수,2023년 2월,2023,2,2023-02-01
A_2024_00080,MM,202302,,,510013,경부2권,100001,지수,102.025055300493,지수,,경기>경부2권,지수,2023년 2월,2023,2,2023-02-01
A_2024_00080,MM,202302,,,500022,경북,100001,지수,101.187932735905,지수,,경북,지수,2023년 2월,2023,2,2023-02-01
A_2024_00080,MM,202302,,,510018,경원권,100001,지수,104.778454152423,지수,,경기>경원권,지수,2023년 2월,2023,2,2023-02-01
A_2024_00080,MM,202302,,,510017,경의권,100001,지수,105.935972621056,지수,,경기>경의권,지수,2023년 2월,2023,2,2023-02-01
A_2024_00080,MM,202302,,,500013,광주,100001,지수,103.415529233017,지수,,전남광주>광주,지수,2023년 2월,2023,2,2023-02-01
A_2024_00080,MM,202302,,,500012,대구,100001,지수,108.371937558617,지수,,대구,지수,2023년 2월,2023,2,2023-02-01
A_2024_00080,MM,202302,,,500014,대전,100001,지수,103.093201380245,지수,,대전,지수,2023년 2월,2023,2,2023-02-01
A_2024_00080,MM,202302,,,520010,도심권,100001,지수,90.5140405654292,지수,,서울>강북지역>도심권,지수,2023년 2월,2023,2,2023-02-01
A_2024_00080,MM,202302,,,520015,동남권,100001,지수,91.2841082518631,지수,,서울>강남지역>동남권,지수,2023년 2월,2023,2,2023-02-01
A_2024_00080,MM,202302,,,510015,동부1권,100001,지수,102.372335757754,지수,,경기>동부1권,지수,2023년 2월,2023,2,2023-02-01
A_2024_00080,MM,202302,,,510016,동부2권,100001,지수,102.846941827531,지수,,경기>동부2권,지수,2023년 2월,2023,2,2023-02-01
A_2024_00080,MM,202302,,,510022,동부산권,100001,지수,106.608132956709,지수,,부산>동부산권,지수,2023년 2월,2023,2,2023-02-01
A_2024_00080,MM,202302,,,520011,동북권,100001,지수,96.0911839048013,지수,,서울>강북지역>동북권,지수,2023년 2월,2023,2,2023-02-01
A_2024_00080,MM,202302,,,500011,부산,100001,지수,105.276207852005,지수,,부산,지수,2023년 2월,2023,2,2023-02-01
A_2024_00080,MM,202302,,,520014,서남권,100001,지수,96.0327095661321,지수,,서울>강남지역>서남권,지수,2023년 2월,2023,2,2023-02-01
A_2024_00080,MM,202302,,,510023,서부산권,100001,지수,104.037950266941,지수,,부산>서부산권,지수,2023년 2월,2023,2,2023-02-01
A_2024_00080,MM,202302,,,520012,서북권,100001,지수,93.7478551361717,지수,,서울>강북지역>서북권,지수,2023년 2월,2023,2,2023-02-01
A_2024_00080,MM,202302,,,500008,서울,100001,지수,94.4050341544597,지수,,서울,지수,2023년 2월,2023,2,2023-02-01
A_2024_00080,MM,202302,,,510014,서해안권,100001,지수,102.469392077155,지수,,경기>서해안권,지수,2023년 2월,2023,2,2023-02-01
A_2024_00080,MM,202302,,,500016,세종,100001,지수,102.800114481696,지수,,세종,지수,2023년 2월,2023,2,2023-02-01
A_2024_00080,MM,202302,,,500002,수도권,100001,지수,98.9622769711554,지수,,수도권,지수,2023년 2월,2023,2,2023-02-01
A_2024_00080,MM,202302,,,500015,울산,100001,지수,103.891024854015,지수,,울산,지수,2023년 2월,2023,2,2023-02-01
A_2024_00080,MM,202302,,,500010,인천,100001,지수,105.442553319969,지수,,인천,지수,2023년 2월,2023,2,2023-02-01
A_2024_00080,MM,202302,,,500001,전국,100001,지수,100.333818935764,지수,,전국,지수,2023년 2월,2023,2,2023-02-01
A_2024_00080,MM,202302,,,500021,전남,100001,지수,102.560485464328,지수,,전남광주>전남,지수,2023년 2월,2023,2,2023-02-01
A_2024_00080,MM,202302,,,500020,전북,100001,지수,103.159192827426,지수,,전북,지수,2023년 2월,2023,2,2023-02-01
A_2024_00080,MM,202302,,,500024,제주,100001,지수,104.919554502599,지수,,제주,지수,2023년 2월,2023,2,2023-02-01
A_2024_00080,MM,202302,,,510021,중부산권,100001,지수,105.000154792004,지수,,부산>중부산권,지수,2023년 2월,2023,2,2023-02-01
A_2024_00080,MM,202302,,,500003,지방권,100001,지수,104.024806635099,지수,,지방권,지수,2023년 2월,2023,2,2023-02-01
A_2024_00080,MM,202302,,,500019,충남,100001,지수,103.611347121555,지수,,충남,지수,2023년 2월,2023,2,2023-02-01
A_2024_00080,MM,202302,,,500018,충북,100001,지수,101.81095045612,지수,,충북,지수,2023년 2월,2023,2,2023-02-01
A_2024_00080,MM,202303,,,500005,5대광역시,100001,지수,104.975772258605,지수,,5대광역시,지수,2023년 3월,2023,3,2023-03-01
A_2024_00080,MM,202303,,,500004,6대광역시,100001,지수,105.039772550473,지수,,6대광역시,지수,2023년 3월,2023,3,2023-03-01
A_2024_00080,MM,202303,,,500007,8개도,100001,지수,102.723378188209,지수,,8개도,지수,2023년 3월,2023,3,2023-03-01
A_2024_00080,MM,202303,,,500006,9개도,100001,지수,102.097098866453,지수,,9개도,지수,2023년 3월,2023,3,2023-03-01
A_2024_00080,MM,202303,,,510010,강남지역,100001,지수,93.7310040808468,지수,,서울>강남지역,지수,2023년 3월,2023,3,2023-03-01
A_2024_00080,MM,202303,,,510009,강북지역,100001,지수,94.4189596929099,지수,,서울>강북지역,지수,2023년 3월,2023,3,2023-03-01
A_2024_00080,MM,202303,,,500017,강원,100001,지수,100.143726116519,지수,,강원,지수,2023년 3월,2023,3,2023-03-01
A_2024_00080,MM,202303,,,500009,경기,100001,지수,101.794143057118,지수,,경기,지수,2023년 3월,2023,3,2023-03-01
A_2024_00080,MM,202303,,,500023,경남,100001,지수,103.911568222756,지수,,경남,지수,2023년 3월,2023,3,2023-03-01
A_2024_00080,MM,202303,,,510012,경부1권,100001,지수,96.196014567039,지수,,경기>경부1권,지수,2023년 3월,2023,3,2023-03-01
A_2024_00080,MM,202303,,,510013,경부2권,100001,지수,101.854779609425,지수,,경기>경부2권,지수,2023년 3월,2023,3,2023-03-01
A_2024_00080,MM,202303,,,500022,경북,100001,지수,101.201414898669,지수,,경북,지수,2023년 3월,2023,3,2023-03-01
A_2024_00080,MM,202303,,,510018,경원권,100001,지수,104.514070768101,지수,,경기>경원권,지수,2023년 3월,2023,3,2023-03-01
A_2024_00080,MM,202303,,,510017,경의권,100001,지수,105.461460275638,지수,,경기>경의권,지수,2023년 3월,2023,3,2023-03-01
A_2024_00080,MM,202303,,,500013,광주,100001,지수,103.210223926206,지수,,전남광주>광주,지수,2023년 3월,2023,3,2023-03-01
A_2024_00080,MM,202303,,,500012,대구,100001,지수,108.167003098154,지수,,대구,지수,2023년 3월,2023,3,2023-03-01
A_2024_00080,MM,202303,,,500014,대전,100001,지수,102.701832601741,지수,,대전,지수,2023년 3월,2023,3,2023-03-01
A_2024_00080,MM,202303,,,520010,도심권,100001,지수,90.3819296481531,지수,,서울>강북지역>도심권,지수,2023년 3월,2023,3,2023-03-01
A_2024_00080,MM,202303,,,520015,동남권,100001,지수,90.8750560790263,지수,,서울>강남지역>동남권,지수,2023년 3월,2023,3,2023-03-01
A_2024_00080,MM,202303,,,510015,동부1권,100001,지수,102.072097422566,지수,,경기>동부1권,지수,2023년 3월,2023,3,2023-03-01
A_2024_00080,MM,202303,,,510016,동부2권,100001,지수,102.660352224639,지수,,경기>동부2권,지수,2023년 3월,2023,3,2023-03-01
A_2024_00080,MM,202303,,,510022,동부산권,100001,지수,106.177270636435,지수,,부산>동부산권,지수,2023년 3월,2023,3,2023-03-01
A_2024_00080,MM,202303,,,520011,동북권,100001,지수,95.7806883223481,지수,,서울>강북지역>동북권,지수,2023년 3월,2023,3,2023-03-01
A_2024_00080,MM,202303,,,500011,부산,100001,지수,104.951438082386,지수,,부산,지수,2023년 3월,2023,3,2023-03-01
A_2024_00080,MM,202303,,,520014,서남권,100001,지수,95.5923470386863,지수,,서울>강남지역>서남권,지수,2023년 3월,2023,3,2023-03-01
A_2024_00080,MM,202303,,,510023,서부산권,100001,지수,103.88577702205,지수,,부산>서부산권,지수,2023년 3월,2023,3,2023-03-01
A_2024_00080,MM,202303,,,520012,서북권,100001,지수,93.5598722671934,지수,,서울>강북지역>서북권,지수,2023년 3월,2023,3,2023-03-01
A_2024_00080,MM,202303,,,500008,서울,100001,지수,94.0637441833411,지수,,서울,지수,2023년 3월,2023,3,2023-03-01
A_2024_00080,MM,202303,,,510014,서해안권,100001,지수,101.953661852052,지수,,경기>서해안권,지수,2023년 3월,2023,3,2023-03-01
A_2024_00080,MM,202303,,,500016,세종,100001,지수,102.655066299493,지수,,세종,지수,2023년 3월,2023,3,2023-03-01
A_2024_00080,MM,202303,,,500002,수도권,100001,지수,98.5942242033617,지수,,수도권,지수,2023년 3월,2023,3,2023-03-01
A_2024_00080,MM,202303,,,500015,울산,100001,지수,103.327747965467,지수,,울산,지수,2023년 3월,2023,3,2023-03-01
A_2024_00080,MM,202303,,,500010,인천,100001,지수,105.128931636068,지수,,인천,지수,2023년 3월,2023,3,2023-03-01
A_2024_00080,MM,202303,,,500001,전국,100001,지수,100.000264466157,지수,,전국,지수,2023년 3월,2023,3,2023-03-01
A_2024_00080,MM,202303,,,500021,전남,100001,지수,102.293719099941,지수,,전남광주>전남,지수,2023년 3월,2023,3,2023-03-01
A_2024_00080,MM,202303,,,500020,전북,100001,지수,102.98845218647,지수,,전북,지수,2023년 3월,2023,3,2023-03-01
A_2024_00080,MM,202303,,,500024,제주,100001,지수,104.71158119294,지수,,제주,지수,2023년 3월,2023,3,2023-03-01
A_2024_00080,MM,202303,,,510021,중부산권,100001,지수,104.670109683457,지수,,부산>중부산권,지수,2023년 3월,2023,3,2023-03-01
A_2024_00080,MM,202303,,,500003,지방권,100001,지수,103.784536563672,지수,,지방권,지수,2023년 3월,2023,3,2023-03-01
A_2024_00080,MM,202303,,,500019,충남,100001,지수,103.352295036753,지수,,충남,지수,2023년 3월,2023,3,2023-03-01
A_2024_00080,MM,202303,,,500018,충북,100001,지수,101.615342131246,지수,,충북,지수,2023년 3월,2023,3,2023-03-01
A_2024_00080,MM,202304,,,500005,5대광역시,100001,지수,104.684891789683,지수,,5대광역시,지수,2023년 4월,2023,4,2023-04-01
A_2024_00080,MM,202304,,,500004,6대광역시,100001,지수,104.750874949389,지수,,6대광역시,지수,2023년 4월,2023,4,2023-04-01
A_2024_00080,MM,202304,,,500007,8개도,100001,지수,102.555257448028,지수,,8개도,지수,2023년 4월,2023,4,2023-04-01
A_2024_00080,MM,202304,,,500006,9개도,100001,지수,101.839879116044,지수,,9개도,지수,2023년 4월,2023,4,2023-04-01
A_2024_00080,MM,202304,,,510010,강남지역,100001,지수,93.3753862087155,지수,,서울>강남지역,지수,2023년 4월,2023,4,2023-04-01
A_2024_00080,MM,202304,,,510009,강북지역,100001,지수,94.1798227122129,지수,,서울>강북지역,지수,2023년 4월,2023,4,2023-04-01
A_2024_00080,MM,202304,,,500017,강원,100001,지수,99.9993382253217,지수,,강원,지수,2023년 4월,2023,4,2023-04-01
A_2024_00080,MM,202304,,,500009,경기,100001,지수,101.493174388453,지수,,경기,지수,2023년 4월,2023,4,2023-04-01
A_2024_00080,MM,202304,,,500023,경남,100001,지수,103.730094001133,지수,,경남,지수,2023년 4월,2023,4,2023-04-01
A_2024_00080,MM,202304,,,510012,경부1권,100001,지수,95.8607867168677,지수,,경기>경부1권,지수,2023년 4월,2023,4,2023-04-01
A_2024_00080,MM,202304,,,510013,경부2권,100001,지수,101.788146512517,지수,,경기>경부2권,지수,2023년 4월,2023,4,2023-04-01
A_2024_00080,MM,202304,,,500022,경북,100001,지수,101.109568471968,지수,,경북,지수,2023년 4월,2023,4,2023-04-01
A_2024_00080,MM,202304,,,510018,경원권,100001,지수,104.40420604016,지수,,경기>경원권,지수,2023년 4월,2023,4,2023-04-01
A_2024_00080,MM,202304,,,510017,경의권,100001,지수,105.264661146915,지수,,경기>경의권,지수,2023년 4월,2023,4,2023-04-01
A_2024_00080,MM,202304,,,500013,광주,100001,지수,103.08296662164,지수,,전남광주>광주,지수,2023년 4월,2023,4,2023-04-01
A_2024_00080,MM,202304,,,500012,대구,100001,지수,107.69338383976,지수,,대구,지수,2023년 4월,2023,4,2023-04-01
A_2024_00080,MM,202304,,,500014,대전,100001,지수,102.509600367862,지수,,대전,지수,2023년 4월,2023,4,2023-04-01
A_2024_00080,MM,202304,,,520010,도심권,100001,지수,90.19278249175,지수,,서울>강북지역>도심권,지수,2023년 4월,2023,4,2023-04-01
A_2024_00080,MM,202304,,,520015,동남권,100001,지수,90.6114145758881,지수,,서울>강남지역>동남권,지수,2023년 4월,2023,4,2023-04-01
A_2024_00080,MM,202304,,,510015,동부1권,100001,지수,101.790987945728,지수,,경기>동부1권,지수,2023년 4월,2023,4,2023-04-01
A_2024_00080,MM,202304,,,510016,동부2권,100001,지수,102.469963638216,지수,,경기>동부2권,지수,2023년 4월,2023,4,2023-04-01
A_2024_00080,MM,202304,,,510022,동부산권,100001,지수,105.667692569016,지수,,부산>동부산권,지수,2023년 4월,2023,4,2023-04-01
A_2024_00080,MM,202304,,,520011,동북권,100001,지수,95.4962509296916,지수,,서울>강북지역>동북권,지수,2023년 4월,2023,4,2023-04-01
A_2024_00080,MM,202304,,,500011,부산,100001,지수,104.697549530878,지수,,부산,지수,2023년 4월,2023,4,2023-04-01
A_2024_00080,MM,202304,,,520014,서남권,100001,지수,95.1750585361557,지수,,서울>강남지역>서남권,지수,2023년 4월,2023,4,2023-04-01
A_2024_00080,MM,202304,,,510023,서부산권,100001,지수,103.74871676101,지수,,부산>서부산권,지수,2023년 4월,2023,4,2023-04-01
A_2024_00080,MM,202304,,,520012,서북권,100001,지수,93.3772226102946,지수,,서울>강북지역>서북권,지수,2023년 4월,2023,4,2023-04-01
A_2024_00080,MM,202304,,,500008,서울,100001,지수,93.764275490783,지수,,서울,지수,2023년 4월,2023,4,2023-04-01
A_2024_00080,MM,202304,,,510014,서해안권,100001,지수,101.488832993747,지수,,경기>서해안권,지수,2023년 4월,2023,4,2023-04-01
A_2024_00080,MM,202304,,,500016,세종,100001,지수,102.700633654488,지수,,세종,지수,2023년 4월,2023,4,2023-04-01
A_2024_00080,MM,202304,,,500002,수도권,100001,지수,98.2955637645489,지수,,수도권,지수,2023년 4월,2023,4,2023-04-01
A_2024_00080,MM,202304,,,500015,울산,100001,지수,102.917114649961,지수,,울산,지수,2023년 4월,2023,4,2023-04-01
A_2024_00080,MM,202304,,,500010,인천,100001,지수,104.842782985546,지수,,인천,지수,2023년 4월,2023,4,2023-04-01
A_2024_00080,MM,202304,,,500001,전국,100001,지수,99.7215354642457,지수,,전국,지수,2023년 4월,2023,4,2023-04-01
A_2024_00080,MM,202304,,,500021,전남,100001,지수,102.139856467254,지수,,전남광주>전남,지수,2023년 4월,2023,4,2023-04-01
A_2024_00080,MM,202304,,,500020,전북,100001,지수,102.673300648546,지수,,전북,지수,2023년 4월,2023,4,2023-04-01
A_2024_00080,MM,202304,,,500024,제주,100001,지수,104.456407175882,지수,,제주,지수,2023년 4월,2023,4,2023-04-01
A_2024_00080,MM,202304,,,510021,중부산권,100001,지수,104.512303966016,지수,,부산>중부산권,지수,2023년 4월,2023,4,2023-04-01
A_2024_00080,MM,202304,,,500003,지방권,100001,지수,103.559789655767,지수,,지방권,지수,2023년 4월,2023,4,2023-04-01
A_2024_00080,MM,202304,,,500019,충남,100001,지수,103.196909961172,지수,,충남,지수,2023년 4월,2023,4,2023-04-01
A_2024_00080,MM,202304,,,500018,충북,100001,지수,101.53270853326,지수,,충북,지수,2023년 4월,2023,4,2023-04-01
A_2024_00080,MM,202305,,,500005,5대광역시,100001,지수,104.235813208031,지수,,5대광역시,지수,2023년 5월,2023,5,2023-05-01
A_2024_00080,MM,202305,,,500004,6대광역시,100001,지수,104.282763684068,지수,,6대광역시,지수,2023년 5월,2023,5,2023-05-01
A_2024_00080,MM,202305,,,500007,8개도,100001,지수,102.374997388306,지수,,8개도,지수,2023년 5월,2023,5,2023-05-01
A_2024_00080,MM,202305,,,500006,9개도,100001,지수,101.423770558823,지수,,9개도,지수,2023년 5월,2023,5,2023-05-01
A_2024_00080,MM,202305,,,510010,강남지역,100001,지수,93.0600648376597,지수,,서울>강남지역,지수,2023년 5월,2023,5,2023-05-01
A_2024_00080,MM,202305,,,510009,강북지역,100001,지수,93.8768778376889,지수,,서울>강북지역,지수,2023년 5월,2023,5,2023-05-01
A_2024_00080,MM,202305,,,500017,강원,100001,지수,99.7787436085011,지수,,강원,지수,2023년 5월,2023,5,2023-05-01
A_2024_00080,MM,202305,,,500009,경기,100001,지수,100.961554271095,지수,,경기,지수,2023년 5월,2023,5,2023-05-01
A_2024_00080,MM,202305,,,500023,경남,100001,지수,103.50262153826,지수,,경남,지수,2023년 5월,2023,5,2023-05-01
A_2024_00080,MM,202305,,,510012,경부1권,100001,지수,95.2590441867496,지수,,경기>경부1권,지수,2023년 5월,2023,5,2023-05-01
A_2024_00080,MM,202305,,,510013,경부2권,100001,지수,101.255083940761,지수,,경기>경부2권,지수,2023년 5월,2023,5,2023-05-01
A_2024_00080,MM,202305,,,500022,경북,100001,지수,101.027325962642,지수,,경북,지수,2023년 5월,2023,5,2023-05-01
A_2024_00080,MM,202305,,,510018,경원권,100001,지수,103.904165325123,지수,,경기>경원권,지수,2023년 5월,2023,5,2023-05-01
A_2024_00080,MM,202305,,,510017,경의권,100001,지수,104.396885130138,지수,,경기>경의권,지수,2023년 5월,2023,5,2023-05-01
A_2024_00080,MM,202305,,,500013,광주,100001,지수,102.898645371545,지수,,전남광주>광주,지수,2023년 5월,2023,5,2023-05-01
A_2024_00080,MM,202305,,,500012,대구,100001,지수,106.777268078982,지수,,대구,지수,2023년 5월,2023,5,2023-05-01
A_2024_00080,MM,202305,,,500014,대전,100001,지수,102.147088188585,지수,,대전,지수,2023년 5월,2023,5,2023-05-01
A_2024_00080,MM,202305,,,520010,도심권,100001,지수,89.8864607146465,지수,,서울>강북지역>도심권,지수,2023년 5월,2023,5,2023-05-01
A_2024_00080,MM,202305,,,520015,동남권,100001,지수,90.4771837551532,지수,,서울>강남지역>동남권,지수,2023년 5월,2023,5,2023-05-01
A_2024_00080,MM,202305,,,510015,동부1권,100001,지수,101.312366495613,지수,,경기>동부1권,지수,2023년 5월,2023,5,2023-05-01
A_2024_00080,MM,202305,,,510016,동부2권,100001,지수,102.270626228727,지수,,경기>동부2권,지수,2023년 5월,2023,5,2023-05-01
A_2024_00080,MM,202305,,,510022,동부산권,100001,지수,105.045627995718,지수,,부산>동부산권,지수,2023년 5월,2023,5,2023-05-01
A_2024_00080,MM,202305,,,520011,동북권,100001,지수,95.2153639182465,지수,,서울>강북지역>동북권,지수,2023년 5월,2023,5,2023-05-01
A_2024_00080,MM,202305,,,500011,부산,100001,지수,104.337581405884,지수,,부산,지수,2023년 5월,2023,5,2023-05-01
A_2024_00080,MM,202305,,,520014,서남권,100001,지수,94.7383303980595,지수,,서울>강남지역>서남권,지수,2023년 5월,2023,5,2023-05-01
A_2024_00080,MM,202305,,,510023,서부산권,100001,지수,103.637284601435,지수,,부산>서부산권,지수,2023년 5월,2023,5,2023-05-01
A_2024_00080,MM,202305,,,520012,서북권,100001,지수,93.039607979883,지수,,서울>강북지역>서북권,지수,2023년 5월,2023,5,2023-05-01
A_2024_00080,MM,202305,,,500008,서울,100001,지수,93.4549142625557,지수,,서울,지수,2023년 5월,2023,5,2023-05-01
A_2024_00080,MM,202305,,,510014,서해안권,100001,지수,101.013126740829,지수,,경기>서해안권,지수,2023년 5월,2023,5,2023-05-01
A_2024_00080,MM,202305,,,500016,세종,100001,지수,102.864846098482,지수,,세종,지수,2023년 5월,2023,5,2023-05-01
A_2024_00080,MM,202305,,,500002,수도권,100001,지수,97.8746207597948,지수,,수도권,지수,2023년 5월,2023,5,2023-05-01
A_2024_00080,MM,202305,,,500015,울산,100001,지수,102.50496683553,지수,,울산,지수,2023년 5월,2023,5,2023-05-01
A_2024_00080,MM,202305,,,500010,인천,100001,지수,104.348278424732,지수,,인천,지수,2023년 5월,2023,5,2023-05-01
A_2024_00080,MM,202305,,,500001,전국,100001,지수,99.3318506768074,지수,,전국,지수,2023년 5월,2023,5,2023-05-01
A_2024_00080,MM,202305,,,500021,전남,100001,지수,102.001607395141,지수,,전남광주>전남,지수,2023년 5월,2023,5,2023-05-01
A_2024_00080,MM,202305,,,500020,전북,100001,지수,102.486813706059,지수,,전북,지수,2023년 5월,2023,5,2023-05-01
A_2024_00080,MM,202305,,,500024,제주,100001,지수,104.14204741037,지수,,제주,지수,2023년 5월,2023,5,2023-05-01
A_2024_00080,MM,202305,,,510021,중부산권,100001,지수,104.204695151896,지수,,부산>중부산권,지수,2023년 5월,2023,5,2023-05-01
A_2024_00080,MM,202305,,,500003,지방권,100001,지수,103.254864959568,지수,,지방권,지수,2023년 5월,2023,5,2023-05-01
A_2024_00080,MM,202305,,,500019,충남,100001,지수,103.02475850204,지수,,충남,지수,2023년 5월,2023,5,2023-05-01
A_2024_00080,MM,202305,,,500018,충북,100001,지수,101.459208711106,지수,,충북,지수,2023년 5월,2023,5,2023-05-01
A_2024_00080,MM,202306,,,500005,5대광역시,100001,지수,104.025783881696,지수,,5대광역시,지수,2023년 6월,2023,6,2023-06-01
A_2024_00080,MM,202306,,,500004,6대광역시,100001,지수,104.08895982687,지수,,6대광역시,지수,2023년 6월,2023,6,2023-06-01
A_2024_00080,MM,202306,,,500007,8개도,100001,지수,102.265786295186,지수,,8개도,지수,2023년 6월,2023,6,2023-06-01
A_2024_00080,MM,202306,,,500006,9개도,100001,지수,101.276420439277,지수,,9개도,지수,2023년 6월,2023,6,2023-06-01
A_2024_00080,MM,202306,,,510010,강남지역,100001,지수,92.9233940139041,지수,,서울>강남지역,지수,2023년 6월,2023,6,2023-06-01
A_2024_00080,MM,202306,,,510009,강북지역,100001,지수,93.7507065338676,지수,,서울>강북지역,지수,2023년 6월,2023,6,2023-06-01
A_2024_00080,MM,202306,,,500017,강원,100001,지수,99.7097665354475,지수,,강원,지수,2023년 6월,2023,6,2023-06-01
A_2024_00080,MM,202306,,,500009,경기,100001,지수,100.795561294773,지수,,경기,지수,2023년 6월,2023,6,2023-06-01
A_2024_00080,MM,202306,,,500023,경남,100001,지수,103.405965551841,지수,,경남,지수,2023년 6월,2023,6,2023-06-01
A_2024_00080,MM,202306,,,510012,경부1권,100001,지수,95.2666026814531,지수,,경기>경부1권,지수,2023년 6월,2023,6,2023-06-01
A_2024_00080,MM,202306,,,510013,경부2권,100001,지수,101.178123691835,지수,,경기>경부2권,지수,2023년 6월,2023,6,2023-06-01
A_2024_00080,MM,202306,,,500022,경북,100001,지수,100.923801377956,지수,,경북,지수,2023년 6월,2023,6,2023-06-01
A_2024_00080,MM,202306,,,510018,경원권,100001,지수,103.727336834938,지수,,경기>경원권,지수,2023년 6월,2023,6,2023-06-01
A_2024_00080,MM,202306,,,510017,경의권,100001,지수,104.036290225333,지수,,경기>경의권,지수,2023년 6월,2023,6,2023-06-01
A_2024_00080,MM,202306,,,500013,광주,100001,지수,102.861150229086,지수,,전남광주>광주,지수,2023년 6월,2023,6,2023-06-01
A_2024_00080,MM,202306,,,500012,대구,100001,지수,106.588074981576,지수,,대구,지수,2023년 6월,2023,6,2023-06-01
A_2024_00080,MM,202306,,,500014,대전,100001,지수,102.060191544101,지수,,대전,지수,2023년 6월,2023,6,2023-06-01
A_2024_00080,MM,202306,,,520010,도심권,100001,지수,89.7805334069405,지수,,서울>강북지역>도심권,지수,2023년 6월,2023,6,2023-06-01
A_2024_00080,MM,202306,,,520015,동남권,100001,지수,90.5971689903972,지수,,서울>강남지역>동남권,지수,2023년 6월,2023,6,2023-06-01
A_2024_00080,MM,202306,,,510015,동부1권,100001,지수,101.188738734486,지수,,경기>동부1권,지수,2023년 6월,2023,6,2023-06-01
A_2024_00080,MM,202306,,,510016,동부2권,100001,지수,102.275791306863,지수,,경기>동부2권,지수,2023년 6월,2023,6,2023-06-01
A_2024_00080,MM,202306,,,510022,동부산권,100001,지수,104.59320312925,지수,,부산>동부산권,지수,2023년 6월,2023,6,2023-06-01
A_2024_00080,MM,202306,,,520011,동북권,100001,지수,95.050058842455,지수,,서울>강북지역>동북권,지수,2023년 6월,2023,6,2023-06-01
A_2024_00080,MM,202306,,,500011,부산,100001,지수,104.088359714674,지수,,부산,지수,2023년 6월,2023,6,2023-06-01
A_2024_00080,MM,202306,,,520014,서남권,100001,지수,94.4300578375726,지수,,서울>강남지역>서남권,지수,2023년 6월,2023,6,2023-06-01
A_2024_00080,MM,202306,,,510023,서부산권,100001,지수,103.563534839748,지수,,부산>서부산권,지수,2023년 6월,2023,6,2023-06-01
A_2024_00080,MM,202306,,,520012,서북권,100001,지수,92.9703585578064,지수,,서울>강북지역>서북권,지수,2023년 6월,2023,6,2023-06-01
A_2024_00080,MM,202306,,,500008,서울,100001,지수,93.323300991892,지수,,서울,지수,2023년 6월,2023,6,2023-06-01
A_2024_00080,MM,202306,,,510014,서해안권,100001,지수,100.770400721573,지수,,경기>서해안권,지수,2023년 6월,2023,6,2023-06-01
A_2024_00080,MM,202306,,,500016,세종,100001,지수,102.930141542093,지수,,세종,지수,2023년 6월,2023,6,2023-06-01
A_2024_00080,MM,202306,,,500002,수도권,100001,지수,97.7242884167763,지수,,수도권,지수,2023년 6월,2023,6,2023-06-01
A_2024_00080,MM,202306,,,500015,울산,100001,지수,102.225997699341,지수,,울산,지수,2023년 6월,2023,6,2023-06-01
A_2024_00080,MM,202306,,,500010,인천,100001,지수,104.176972040627,지수,,인천,지수,2023년 6월,2023,6,2023-06-01
A_2024_00080,MM,202306,,,500001,전국,100001,지수,99.1800302984387,지수,,전국,지수,2023년 6월,2023,6,2023-06-01
A_2024_00080,MM,202306,,,500021,전남,100001,지수,101.826728434302,지수,,전남광주>전남,지수,2023년 6월,2023,6,2023-06-01
A_2024_00080,MM,202306,,,500020,전북,100001,지수,102.334817795479,지수,,전북,지수,2023년 6월,2023,6,2023-06-01
A_2024_00080,MM,202306,,,500024,제주,100001,지수,103.937034489571,지수,,제주,지수,2023년 6월,2023,6,2023-06-01
A_2024_00080,MM,202306,,,510021,중부산권,100001,지수,104.002689385257,지수,,부산>중부산권,지수,2023년 6월,2023,6,2023-06-01
A_2024_00080,MM,202306,,,500003,지방권,100001,지수,103.099052197092,지수,,지방권,지수,2023년 6월,2023,6,2023-06-01
A_2024_00080,MM,202306,,,500019,충남,100001,지수,102.933921344808,지수,,충남,지수,2023년 6월,2023,6,2023-06-01
A_2024_00080,MM,202306,,,500018,충북,100001,지수,101.505617298238,지수,,충북,지수,2023년 6월,2023,6,2023-06-01
A_2024_00080,MM,202307,,,500005,5대광역시,100001,지수,103.812876950952,지수,,5대광역시,지수,2023년 7월,2023,7,2023-07-01
A_2024_00080,MM,202307,,,500004,6대광역시,100001,지수,103.931870363309,지수,,6대광역시,지수,2023년 7월,2023,7,2023-07-01
A_2024_00080,MM,202307,,,500007,8개도,100001,지수,102.214997927014,지수,,8개도,지수,2023년 7월,2023,7,2023-07-01
A_2024_00080,MM,202307,,,500006,9개도,100001,지수,101.169037900396,지수,,9개도,지수,2023년 7월,2023,7,2023-07-01
A_2024_00080,MM,202307,,,510010,강남지역,100001,지수,92.8993836012309,지수,,서울>강남지역,지수,2023년 7월,2023,7,2023-07-01
A_2024_00080,MM,202307,,,510009,강북지역,100001,지수,93.6721667611882,지수,,서울>강북지역,지수,2023년 7월,2023,7,2023-07-01
A_2024_00080,MM,202307,,,500017,강원,100001,지수,99.6749961826022,지수,,강원,지수,2023년 7월,2023,7,2023-07-01
A_2024_00080,MM,202307,,,500009,경기,100001,지수,100.661156066683,지수,,경기,지수,2023년 7월,2023,7,2023-07-01
A_2024_00080,MM,202307,,,500023,경남,100001,지수,103.367661731488,지수,,경남,지수,2023년 7월,2023,7,2023-07-01
A_2024_00080,MM,202307,,,510012,경부1권,100001,지수,95.3155426277337,지수,,경기>경부1권,지수,2023년 7월,2023,7,2023-07-01
A_2024_00080,MM,202307,,,510013,경부2권,100001,지수,101.026354585305,지수,,경기>경부2권,지수,2023년 7월,2023,7,2023-07-01
A_2024_00080,MM,202307,,,500022,경북,100001,지수,100.935285612065,지수,,경북,지수,2023년 7월,2023,7,2023-07-01
A_2024_00080,MM,202307,,,510018,경원권,100001,지수,103.447471334409,지수,,경기>경원권,지수,2023년 7월,2023,7,2023-07-01
A_2024_00080,MM,202307,,,510017,경의권,100001,지수,103.738842488156,지수,,경기>경의권,지수,2023년 7월,2023,7,2023-07-01
A_2024_00080,MM,202307,,,500013,광주,100001,지수,102.776489726015,지수,,전남광주>광주,지수,2023년 7월,2023,7,2023-07-01
A_2024_00080,MM,202307,,,500012,대구,100001,지수,106.280735583419,지수,,대구,지수,2023년 7월,2023,7,2023-07-01
A_2024_00080,MM,202307,,,500014,대전,100001,지수,101.962189073986,지수,,대전,지수,2023년 7월,2023,7,2023-07-01
A_2024_00080,MM,202307,,,520010,도심권,100001,지수,89.7802342510281,지수,,서울>강북지역>도심권,지수,2023년 7월,2023,7,2023-07-01
A_2024_00080,MM,202307,,,520015,동남권,100001,지수,90.5914117979681,지수,,서울>강남지역>동남권,지수,2023년 7월,2023,7,2023-07-01
A_2024_00080,MM,202307,,,510015,동부1권,100001,지수,101.065690210305,지수,,경기>동부1권,지수,2023년 7월,2023,7,2023-07-01
A_2024_00080,MM,202307,,,510016,동부2권,100001,지수,101.998270540635,지수,,경기>동부2권,지수,2023년 7월,2023,7,2023-07-01
A_2024_00080,MM,202307,,,510022,동부산권,100001,지수,104.28753165177,지수,,부산>동부산권,지수,2023년 7월,2023,7,2023-07-01
A_2024_00080,MM,202307,,,520011,동북권,100001,지수,94.9319195896342,지수,,서울>강북지역>동북권,지수,2023년 7월,2023,7,2023-07-01
A_2024_00080,MM,202307,,,500011,부산,100001,지수,103.866089924643,지수,,부산,지수,2023년 7월,2023,7,2023-07-01
A_2024_00080,MM,202307,,,520014,서남권,100001,지수,94.393879715168,지수,,서울>강남지역>서남권,지수,2023년 7월,2023,7,2023-07-01
A_2024_00080,MM,202307,,,510023,서부산권,100001,지수,103.492137488507,지수,,부산>서부산권,지수,2023년 7월,2023,7,2023-07-01
A_2024_00080,MM,202307,,,520012,서북권,100001,지수,92.9288893335005,지수,,서울>강북지역>서북권,지수,2023년 7월,2023,7,2023-07-01
A_2024_00080,MM,202307,,,500008,서울,100001,지수,93.2730111791221,지수,,서울,지수,2023년 7월,2023,7,2023-07-01
A_2024_00080,MM,202307,,,510014,서해안권,100001,지수,100.659842625616,지수,,경기>서해안권,지수,2023년 7월,2023,7,2023-07-01
A_2024_00080,MM,202307,,,500016,세종,100001,지수,102.884521156319,지수,,세종,지수,2023년 7월,2023,7,2023-07-01
A_2024_00080,MM,202307,,,500002,수도권,100001,지수,97.6369254428504,지수,,수도권,지수,2023년 7월,2023,7,2023-07-01
A_2024_00080,MM,202307,,,500015,울산,100001,지수,102.014553172539,지수,,울산,지수,2023년 7월,2023,7,2023-07-01
A_2024_00080,MM,202307,,,500010,인천,100001,지수,104.097620959934,지수,,인천,지수,2023년 7월,2023,7,2023-07-01
A_2024_00080,MM,202307,,,500001,전국,100001,지수,99.0818034798576,지수,,전국,지수,2023년 7월,2023,7,2023-07-01
A_2024_00080,MM,202307,,,500021,전남,100001,지수,101.721708734586,지수,,전남광주>전남,지수,2023년 7월,2023,7,2023-07-01
A_2024_00080,MM,202307,,,500020,전북,100001,지수,102.225128672859,지수,,전북,지수,2023년 7월,2023,7,2023-07-01
A_2024_00080,MM,202307,,,500024,제주,100001,지수,103.871914353648,지수,,제주,지수,2023년 7월,2023,7,2023-07-01
A_2024_00080,MM,202307,,,510021,중부산권,100001,지수,103.771443248761,지수,,부산>중부산권,지수,2023년 7월,2023,7,2023-07-01
A_2024_00080,MM,202307,,,500003,지방권,100001,지수,102.971409963579,지수,,지방권,지수,2023년 7월,2023,7,2023-07-01
A_2024_00080,MM,202307,,,500019,충남,100001,지수,102.834492435003,지수,,충남,지수,2023년 7월,2023,7,2023-07-01
A_2024_00080,MM,202307,,,500018,충북,100001,지수,101.494006179446,지수,,충북,지수,2023년 7월,2023,7,2023-07-01
A_2024_00080,MM,202308,,,500005,5대광역시,100001,지수,103.698691264503,지수,,5대광역시,지수,2023년 8월,2023,8,2023-08-01
A_2024_00080,MM,202308,,,500004,6대광역시,100001,지수,103.881048795005,지수,,6대광역시,지수,2023년 8월,2023,8,2023-08-01
A_2024_00080,MM,202308,,,500007,8개도,100001,지수,102.172663247446,지수,,8개도,지수,2023년 8월,2023,8,2023-08-01
A_2024_00080,MM,202308,,,500006,9개도,100001,지수,101.170376915618,지수,,9개도,지수,2023년 8월,2023,8,2023-08-01
A_2024_00080,MM,202308,,,510010,강남지역,100001,지수,92.9159892917749,지수,,서울>강남지역,지수,2023년 8월,2023,8,2023-08-01
A_2024_00080,MM,202308,,,510009,강북지역,100001,지수,93.6551006585854,지수,,서울>강북지역,지수,2023년 8월,2023,8,2023-08-01
A_2024_00080,MM,202308,,,500017,강원,100001,지수,99.6745576025632,지수,,강원,지수,2023년 8월,2023,8,2023-08-01
A_2024_00080,MM,202308,,,500009,경기,100001,지수,100.68379719183,지수,,경기,지수,2023년 8월,2023,8,2023-08-01
A_2024_00080,MM,202308,,,500023,경남,100001,지수,103.296082608952,지수,,경남,지수,2023년 8월,2023,8,2023-08-01
A_2024_00080,MM,202308,,,510012,경부1권,100001,지수,95.5638865572592,지수,,경기>경부1권,지수,2023년 8월,2023,8,2023-08-01
A_2024_00080,MM,202308,,,510013,경부2권,100001,지수,101.231644105254,지수,,경기>경부2권,지수,2023년 8월,2023,8,2023-08-01
A_2024_00080,MM,202308,,,500022,경북,100001,지수,100.880127945687,지수,,경북,지수,2023년 8월,2023,8,2023-08-01
A_2024_00080,MM,202308,,,510018,경원권,100001,지수,103.180308632939,지수,,경기>경원권,지수,2023년 8월,2023,8,2023-08-01
A_2024_00080,MM,202308,,,510017,경의권,100001,지수,103.594192145257,지수,,경기>경의권,지수,2023년 8월,2023,8,2023-08-01
A_2024_00080,MM,202308,,,500013,광주,100001,지수,102.712389192335,지수,,전남광주>광주,지수,2023년 8월,2023,8,2023-08-01
A_2024_00080,MM,202308,,,500012,대구,100001,지수,106.150892027648,지수,,대구,지수,2023년 8월,2023,8,2023-08-01
A_2024_00080,MM,202308,,,500014,대전,100001,지수,101.942749985892,지수,,대전,지수,2023년 8월,2023,8,2023-08-01
A_2024_00080,MM,202308,,,520010,도심권,100001,지수,89.8022831098723,지수,,서울>강북지역>도심권,지수,2023년 8월,2023,8,2023-08-01
A_2024_00080,MM,202308,,,520015,동남권,100001,지수,90.6554390493264,지수,,서울>강남지역>동남권,지수,2023년 8월,2023,8,2023-08-01
A_2024_00080,MM,202308,,,510015,동부1권,100001,지수,100.82045159925,지수,,경기>동부1권,지수,2023년 8월,2023,8,2023-08-01
A_2024_00080,MM,202308,,,510016,동부2권,100001,지수,101.943296878532,지수,,경기>동부2권,지수,2023년 8월,2023,8,2023-08-01
A_2024_00080,MM,202308,,,510022,동부산권,100001,지수,104.006443962102,지수,,부산>동부산권,지수,2023년 8월,2023,8,2023-08-01
A_2024_00080,MM,202308,,,520011,동북권,100001,지수,94.9079114433443,지수,,서울>강북지역>동북권,지수,2023년 8월,2023,8,2023-08-01
A_2024_00080,MM,202308,,,500011,부산,100001,지수,103.733850421367,지수,,부산,지수,2023년 8월,2023,8,2023-08-01
A_2024_00080,MM,202308,,,520014,서남권,100001,지수,94.3788541267471,지수,,서울>강남지역>서남권,지수,2023년 8월,2023,8,2023-08-01
A_2024_00080,MM,202308,,,510023,서부산권,100001,지수,103.441198645518,지수,,부산>서부산권,지수,2023년 8월,2023,8,2023-08-01
A_2024_00080,MM,202308,,,520012,서북권,100001,지수,92.9092977584707,지수,,서울>강북지역>서북권,지수,2023년 8월,2023,8,2023-08-01
A_2024_00080,MM,202308,,,500008,서울,100001,지수,93.2733858348083,지수,,서울,지수,2023년 8월,2023,8,2023-08-01
A_2024_00080,MM,202308,,,510014,서해안권,100001,지수,100.736944855388,지수,,경기>서해안권,지수,2023년 8월,2023,8,2023-08-01
A_2024_00080,MM,202308,,,500016,세종,100001,지수,103.03904010273,지수,,세종,지수,2023년 8월,2023,8,2023-08-01
A_2024_00080,MM,202308,,,500002,수도권,100001,지수,97.6507637064493,지수,,수도권,지수,2023년 8월,2023,8,2023-08-01
A_2024_00080,MM,202308,,,500015,울산,100001,지수,101.881077280426,지수,,울산,지수,2023년 8월,2023,8,2023-08-01
A_2024_00080,MM,202308,,,500010,인천,100001,지수,104.134965295457,지수,,인천,지수,2023년 8월,2023,8,2023-08-01
A_2024_00080,MM,202308,,,500001,전국,100001,지수,99.0716006052272,지수,,전국,지수,2023년 8월,2023,8,2023-08-01
A_2024_00080,MM,202308,,,500021,전남,100001,지수,101.585666582424,지수,,전남광주>전남,지수,2023년 8월,2023,8,2023-08-01
A_2024_00080,MM,202308,,,500020,전북,100001,지수,102.211882141606,지수,,전북,지수,2023년 8월,2023,8,2023-08-01
A_2024_00080,MM,202308,,,500024,제주,100001,지수,103.743908370951,지수,,제주,지수,2023년 8월,2023,8,2023-08-01
A_2024_00080,MM,202308,,,510021,중부산권,100001,지수,103.691158714796,지수,,부산>중부산권,지수,2023년 8월,2023,8,2023-08-01
A_2024_00080,MM,202308,,,500003,지방권,100001,지수,102.896097229543,지수,,지방권,지수,2023년 8월,2023,8,2023-08-01
A_2024_00080,MM,202308,,,500019,충남,100001,지수,102.902463060539,지수,,충남,지수,2023년 8월,2023,8,2023-08-01
A_2024_00080,MM,202308,,,500018,충북,100001,지수,101.502078545109,지수,,충북,지수,2023년 8월,2023,8,2023-08-01
A_2024_00080,MM,202309,,,500005,5대광역시,100001,지수,103.57811222512,지수,,5대광역시,지수,2023년 9월,2023,9,2023-09-01
A_2024_00080,MM,202309,,,500004,6대광역시,100001,지수,103.793737700638,지수,,6대광역시,지수,2023년 9월,2023,9,2023-09-01
A_2024_00080,MM,202309,,,500007,8개도,100001,지수,102.132257255135,지수,,8개도,지수,2023년 9월,2023,9,2023-09-01
A_2024_00080,MM,202309,,,500006,9개도,100001,지수,101.273047390012,지수,,9개도,지수,2023년 9월,2023,9,2023-09-01
A_2024_00080,MM,202309,,,510010,강남지역,100001,지수,92.9739007625279,지수,,서울>강남지역,지수,2023년 9월,2023,9,2023-09-01
A_2024_00080,MM,202309,,,510009,강북지역,100001,지수,93.7033092174303,지수,,서울>강북지역,지수,2023년 9월,2023,9,2023-09-01
A_2024_00080,MM,202309,,,500017,강원,100001,지수,99.762677071794,지수,,강원,지수,2023년 9월,2023,9,2023-09-01
A_2024_00080,MM,202309,,,500009,경기,100001,지수,100.856352905312,지수,,경기,지수,2023년 9월,2023,9,2023-09-01
A_2024_00080,MM,202309,,,500023,경남,100001,지수,103.091020617072,지수,,경남,지수,2023년 9월,2023,9,2023-09-01
A_2024_00080,MM,202309,,,510012,경부1권,100001,지수,95.8913028853768,지수,,경기>경부1권,지수,2023년 9월,2023,9,2023-09-01
A_2024_00080,MM,202309,,,510013,경부2권,100001,지수,101.378284512374,지수,,경기>경부2권,지수,2023년 9월,2023,9,2023-09-01
A_2024_00080,MM,202309,,,500022,경북,100001,지수,100.920526911184,지수,,경북,지수,2023년 9월,2023,9,2023-09-01
A_2024_00080,MM,202309,,,510018,경원권,100001,지수,103.213330903772,지수,,경기>경원권,지수,2023년 9월,2023,9,2023-09-01
A_2024_00080,MM,202309,,,510017,경의권,100001,지수,103.460445992343,지수,,경기>경의권,지수,2023년 9월,2023,9,2023-09-01
A_2024_00080,MM,202309,,,500013,광주,100001,지수,102.697155086338,지수,,전남광주>광주,지수,2023년 9월,2023,9,2023-09-01
A_2024_00080,MM,202309,,,500012,대구,100001,지수,105.987851199089,지수,,대구,지수,2023년 9월,2023,9,2023-09-01
A_2024_00080,MM,202309,,,500014,대전,100001,지수,101.927601944674,지수,,대전,지수,2023년 9월,2023,9,2023-09-01
A_2024_00080,MM,202309,,,520010,도심권,100001,지수,89.8443965345674,지수,,서울>강북지역>도심권,지수,2023년 9월,2023,9,2023-09-01
A_2024_00080,MM,202309,,,520015,동남권,100001,지수,90.7150625665738,지수,,서울>강남지역>동남권,지수,2023년 9월,2023,9,2023-09-01
A_2024_00080,MM,202309,,,510015,동부1권,100001,지수,100.934833286128,지수,,경기>동부1권,지수,2023년 9월,2023,9,2023-09-01
A_2024_00080,MM,202309,,,510016,동부2권,100001,지수,101.889500253449,지수,,경기>동부2권,지수,2023년 9월,2023,9,2023-09-01
A_2024_00080,MM,202309,,,510022,동부산권,100001,지수,103.820669740939,지수,,부산>동부산권,지수,2023년 9월,2023,9,2023-09-01
A_2024_00080,MM,202309,,,520011,동북권,100001,지수,94.9843451056534,지수,,서울>강북지역>동북권,지수,2023년 9월,2023,9,2023-09-01
A_2024_00080,MM,202309,,,500011,부산,100001,지수,103.577287811573,지수,,부산,지수,2023년 9월,2023,9,2023-09-01
A_2024_00080,MM,202309,,,520014,서남권,100001,지수,94.4355970756083,지수,,서울>강남지역>서남권,지수,2023년 9월,2023,9,2023-09-01
A_2024_00080,MM,202309,,,510023,서부산권,100001,지수,103.39068495156,지수,,부산>서부산권,지수,2023년 9월,2023,9,2023-09-01
A_2024_00080,MM,202309,,,520012,서북권,100001,지수,92.9134112169415,지수,,서울>강북지역>서북권,지수,2023년 9월,2023,9,2023-09-01
A_2024_00080,MM,202309,,,500008,서울,100001,지수,93.3266201907643,지수,,서울,지수,2023년 9월,2023,9,2023-09-01
A_2024_00080,MM,202309,,,510014,서해안권,100001,지수,101.020159637818,지수,,경기>서해안권,지수,2023년 9월,2023,9,2023-09-01
A_2024_00080,MM,202309,,,500016,세종,100001,지수,103.035448192754,지수,,세종,지수,2023년 9월,2023,9,2023-09-01
A_2024_00080,MM,202309,,,500002,수도권,100001,지수,97.7396267265668,지수,,수도권,지수,2023년 9월,2023,9,2023-09-01
A_2024_00080,MM,202309,,,500015,울산,100001,지수,101.848860878207,지수,,울산,지수,2023년 9월,2023,9,2023-09-01
A_2024_00080,MM,202309,,,500010,인천,100001,지수,104.093995535395,지수,,인천,지수,2023년 9월,2023,9,2023-09-01
A_2024_00080,MM,202309,,,500001,전국,100001,지수,99.1154220599814,지수,,전국,지수,2023년 9월,2023,9,2023-09-01
A_2024_00080,MM,202309,,,500021,전남,100001,지수,101.501156379154,지수,,전남광주>전남,지수,2023년 9월,2023,9,2023-09-01
A_2024_00080,MM,202309,,,500020,전북,100001,지수,102.232753361197,지수,,전북,지수,2023년 9월,2023,9,2023-09-01
A_2024_00080,MM,202309,,,500024,제주,100001,지수,103.667824733105,지수,,제주,지수,2023년 9월,2023,9,2023-09-01
A_2024_00080,MM,202309,,,510021,중부산권,100001,지수,103.512348033066,지수,,부산>중부산권,지수,2023년 9월,2023,9,2023-09-01
A_2024_00080,MM,202309,,,500003,지방권,100001,지수,102.818076077919,지수,,지방권,지수,2023년 9월,2023,9,2023-09-01
A_2024_00080,MM,202309,,,500019,충남,100001,지수,102.775578514698,지수,,충남,지수,2023년 9월,2023,9,2023-09-01
A_2024_00080,MM,202309,,,500018,충북,100001,지수,101.64703246243,지수,,충북,지수,2023년 9월,2023,9,2023-09-01
A_2024_00080,MM,202310,,,500005,5대광역시,100001,지수,103.44005967146,지수,,5대광역시,지수,2023년 10월,2023,10,2023-10-01
A_2024_00080,MM,202310,,,500004,6대광역시,100001,지수,103.657993448184,지수,,6대광역시,지수,2023년 10월,2023,10,2023-10-01
A_2024_00080,MM,202310,,,500007,8개도,100001,지수,102.116352439602,지수,,8개도,지수,2023년 10월,2023,10,2023-10-01
A_2024_00080,MM,202310,,,500006,9개도,100001,지수,101.326197520702,지수,,9개도,지수,2023년 10월,2023,10,2023-10-01
A_2024_00080,MM,202310,,,510010,강남지역,100001,지수,93.0289641035341,지수,,서울>강남지역,지수,2023년 10월,2023,10,2023-10-01
A_2024_00080,MM,202310,,,510009,강북지역,100001,지수,93.7231471495475,지수,,서울>강북지역,지수,2023년 10월,2023,10,2023-10-01
A_2024_00080,MM,202310,,,500017,강원,100001,지수,99.833215450059,지수,,강원,지수,2023년 10월,2023,10,2023-10-01
A_2024_00080,MM,202310,,,500009,경기,100001,지수,100.943285898826,지수,,경기,지수,2023년 10월,2023,10,2023-10-01
A_2024_00080,MM,202310,,,500023,경남,100001,지수,102.994397269529,지수,,경남,지수,2023년 10월,2023,10,2023-10-01
A_2024_00080,MM,202310,,,510012,경부1권,100001,지수,96.1981221513806,지수,,경기>경부1권,지수,2023년 10월,2023,10,2023-10-01
A_2024_00080,MM,202310,,,510013,경부2권,100001,지수,101.550107906034,지수,,경기>경부2권,지수,2023년 10월,2023,10,2023-10-01
A_2024_00080,MM,202310,,,500022,경북,100001,지수,100.868646889822,지수,,경북,지수,2023년 10월,2023,10,2023-10-01
A_2024_00080,MM,202310,,,510018,경원권,100001,지수,102.988855205196,지수,,경기>경원권,지수,2023년 10월,2023,10,2023-10-01
A_2024_00080,MM,202310,,,510017,경의권,100001,지수,103.368803787137,지수,,경기>경의권,지수,2023년 10월,2023,10,2023-10-01
A_2024_00080,MM,202310,,,500013,광주,100001,지수,102.692608014614,지수,,전남광주>광주,지수,2023년 10월,2023,10,2023-10-01
A_2024_00080,MM,202310,,,500012,대구,100001,지수,105.914381284006,지수,,대구,지수,2023년 10월,2023,10,2023-10-01
A_2024_00080,MM,202310,,,500014,대전,100001,지수,101.913563907129,지수,,대전,지수,2023년 10월,2023,10,2023-10-01
A_2024_00080,MM,202310,,,520010,도심권,100001,지수,89.9129983806404,지수,,서울>강북지역>도심권,지수,2023년 10월,2023,10,2023-10-01
A_2024_00080,MM,202310,,,520015,동남권,100001,지수,90.7641569024762,지수,,서울>강남지역>동남권,지수,2023년 10월,2023,10,2023-10-01
A_2024_00080,MM,202310,,,510015,동부1권,100001,지수,101.05727561282,지수,,경기>동부1권,지수,2023년 10월,2023,10,2023-10-01
A_2024_00080,MM,202310,,,510016,동부2권,100001,지수,101.902521016705,지수,,경기>동부2권,지수,2023년 10월,2023,10,2023-10-01
A_2024_00080,MM,202310,,,510022,동부산권,100001,지수,103.609890891632,지수,,부산>동부산권,지수,2023년 10월,2023,10,2023-10-01
A_2024_00080,MM,202310,,,520011,동북권,100001,지수,95.0269503491066,지수,,서울>강북지역>동북권,지수,2023년 10월,2023,10,2023-10-01
A_2024_00080,MM,202310,,,500011,부산,100001,지수,103.376017225762,지수,,부산,지수,2023년 10월,2023,10,2023-10-01
A_2024_00080,MM,202310,,,520014,서남권,100001,지수,94.4946130696838,지수,,서울>강남지역>서남권,지수,2023년 10월,2023,10,2023-10-01
A_2024_00080,MM,202310,,,510023,서부산권,100001,지수,103.337343321403,지수,,부산>서부산권,지수,2023년 10월,2023,10,2023-10-01
A_2024_00080,MM,202310,,,520012,서북권,100001,지수,92.8786532586177,지수,,서울>강북지역>서북권,지수,2023년 10월,2023,10,2023-10-01
A_2024_00080,MM,202310,,,500008,서울,100001,지수,93.3646997992438,지수,,서울,지수,2023년 10월,2023,10,2023-10-01
A_2024_00080,MM,202310,,,510014,서해안권,100001,지수,101.096456700483,지수,,경기>서해안권,지수,2023년 10월,2023,10,2023-10-01
A_2024_00080,MM,202310,,,500016,세종,100001,지수,103.020809001456,지수,,세종,지수,2023년 10월,2023,10,2023-10-01
A_2024_00080,MM,202310,,,500002,수도권,100001,지수,97.7757515687425,지수,,수도권,지수,2023년 10월,2023,10,2023-10-01
A_2024_00080,MM,202310,,,500015,울산,100001,지수,101.727207970442,지수,,울산,지수,2023년 10월,2023,10,2023-10-01
A_2024_00080,MM,202310,,,500010,인천,100001,지수,103.961468307777,지수,,인천,지수,2023년 10월,2023,10,2023-10-01
A_2024_00080,MM,202310,,,500001,전국,100001,지수,99.1219331072642,지수,,전국,지수,2023년 10월,2023,10,2023-10-01
A_2024_00080,MM,202310,,,500021,전남,100001,지수,101.44526541542,지수,,전남광주>전남,지수,2023년 10월,2023,10,2023-10-01
A_2024_00080,MM,202310,,,500020,전북,100001,지수,102.178698905445,지수,,전북,지수,2023년 10월,2023,10,2023-10-01
A_2024_00080,MM,202310,,,500024,제주,100001,지수,103.652195163525,지수,,제주,지수,2023년 10월,2023,10,2023-10-01
A_2024_00080,MM,202310,,,510021,중부산권,100001,지수,103.263051850894,지수,,부산>중부산권,지수,2023년 10월,2023,10,2023-10-01
A_2024_00080,MM,202310,,,500003,지방권,100001,지수,102.744593143585,지수,,지방권,지수,2023년 10월,2023,10,2023-10-01
A_2024_00080,MM,202310,,,500019,충남,100001,지수,102.804423394793,지수,,충남,지수,2023년 10월,2023,10,2023-10-01
A_2024_00080,MM,202310,,,500018,충북,100001,지수,101.755570921605,지수,,충북,지수,2023년 10월,2023,10,2023-10-01
A_2024_00080,MM,202311,,,500005,5대광역시,100001,지수,103.294060296006,지수,,5대광역시,지수,2023년 11월,2023,11,2023-11-01
A_2024_00080,MM,202311,,,500004,6대광역시,100001,지수,103.436861747404,지수,,6대광역시,지수,2023년 11월,2023,11,2023-11-01
A_2024_00080,MM,202311,,,500007,8개도,100001,지수,101.999469496548,지수,,8개도,지수,2023년 11월,2023,11,2023-11-01
A_2024_00080,MM,202311,,,500006,9개도,100001,지수,101.267048148801,지수,,9개도,지수,2023년 11월,2023,11,2023-11-01
A_2024_00080,MM,202311,,,510010,강남지역,100001,지수,92.9803140125442,지수,,서울>강남지역,지수,2023년 11월,2023,11,2023-11-01
A_2024_00080,MM,202311,,,510009,강북지역,100001,지수,93.6987791770372,지수,,서울>강북지역,지수,2023년 11월,2023,11,2023-11-01
A_2024_00080,MM,202311,,,500017,강원,100001,지수,99.8755804041956,지수,,강원,지수,2023년 11월,2023,11,2023-11-01
A_2024_00080,MM,202311,,,500009,경기,100001,지수,100.912403094589,지수,,경기,지수,2023년 11월,2023,11,2023-11-01
A_2024_00080,MM,202311,,,500023,경남,100001,지수,102.783556102423,지수,,경남,지수,2023년 11월,2023,11,2023-11-01
A_2024_00080,MM,202311,,,510012,경부1권,100001,지수,96.2962579196535,지수,,경기>경부1권,지수,2023년 11월,2023,11,2023-11-01
A_2024_00080,MM,202311,,,510013,경부2권,100001,지수,101.472201984504,지수,,경기>경부2권,지수,2023년 11월,2023,11,2023-11-01
A_2024_00080,MM,202311,,,500022,경북,100001,지수,100.468552639874,지수,,경북,지수,2023년 11월,2023,11,2023-11-01
A_2024_00080,MM,202311,,,510018,경원권,100001,지수,102.800464472022,지수,,경기>경원권,지수,2023년 11월,2023,11,2023-11-01
A_2024_00080,MM,202311,,,510017,경의권,100001,지수,103.219572941296,지수,,경기>경의권,지수,2023년 11월,2023,11,2023-11-01
A_2024_00080,MM,202311,,,500013,광주,100001,지수,102.666475163389,지수,,전남광주>광주,지수,2023년 11월,2023,11,2023-11-01
A_2024_00080,MM,202311,,,500012,대구,100001,지수,105.768102451571,지수,,대구,지수,2023년 11월,2023,11,2023-11-01
A_2024_00080,MM,202311,,,500014,대전,100001,지수,101.836786563757,지수,,대전,지수,2023년 11월,2023,11,2023-11-01
A_2024_00080,MM,202311,,,520010,도심권,100001,지수,89.9618676152758,지수,,서울>강북지역>도심권,지수,2023년 11월,2023,11,2023-11-01
A_2024_00080,MM,202311,,,520015,동남권,100001,지수,90.7161619149178,지수,,서울>강남지역>동남권,지수,2023년 11월,2023,11,2023-11-01
A_2024_00080,MM,202311,,,510015,동부1권,100001,지수,101.019514711107,지수,,경기>동부1권,지수,2023년 11월,2023,11,2023-11-01
A_2024_00080,MM,202311,,,510016,동부2권,100001,지수,101.856906520294,지수,,경기>동부2권,지수,2023년 11월,2023,11,2023-11-01
A_2024_00080,MM,202311,,,510022,동부산권,100001,지수,103.447945136837,지수,,부산>동부산권,지수,2023년 11월,2023,11,2023-11-01
A_2024_00080,MM,202311,,,520011,동북권,100001,지수,95.0013106640005,지수,,서울>강북지역>동북권,지수,2023년 11월,2023,11,2023-11-01
A_2024_00080,MM,202311,,,500011,부산,100001,지수,103.181822627664,지수,,부산,지수,2023년 11월,2023,11,2023-11-01
A_2024_00080,MM,202311,,,520014,서남권,100001,지수,94.4455493278027,지수,,서울>강남지역>서남권,지수,2023년 11월,2023,11,2023-11-01
A_2024_00080,MM,202311,,,510023,서부산권,100001,지수,103.287845441441,지수,,부산>서부산권,지수,2023년 11월,2023,11,2023-11-01
A_2024_00080,MM,202311,,,520012,서북권,100001,지수,92.8303954723009,지수,,서울>강북지역>서북권,지수,2023년 11월,2023,11,2023-11-01
A_2024_00080,MM,202311,,,500008,서울,100001,지수,93.3277574365382,지수,,서울,지수,2023년 11월,2023,11,2023-11-01
A_2024_00080,MM,202311,,,510014,서해안권,100001,지수,101.104569127964,지수,,경기>서해안권,지수,2023년 11월,2023,11,2023-11-01
A_2024_00080,MM,202311,,,500016,세종,100001,지수,102.862891002723,지수,,세종,지수,2023년 11월,2023,11,2023-11-01
A_2024_00080,MM,202311,,,500002,수도권,100001,지수,97.7049394759858,지수,,수도권,지수,2023년 11월,2023,11,2023-11-01
A_2024_00080,MM,202311,,,500015,울산,100001,지수,101.705740399838,지수,,울산,지수,2023년 11월,2023,11,2023-11-01
A_2024_00080,MM,202311,,,500010,인천,100001,지수,103.635723230045,지수,,인천,지수,2023년 11월,2023,11,2023-11-01
A_2024_00080,MM,202311,,,500001,전국,100001,지수,99.0349027441708,지수,,전국,지수,2023년 11월,2023,11,2023-11-01
A_2024_00080,MM,202311,,,500021,전남,100001,지수,101.380727827773,지수,,전남광주>전남,지수,2023년 11월,2023,11,2023-11-01
A_2024_00080,MM,202311,,,500020,전북,100001,지수,102.232752841403,지수,,전북,지수,2023년 11월,2023,11,2023-11-01
A_2024_00080,MM,202311,,,500024,제주,100001,지수,103.58830765909,지수,,제주,지수,2023년 11월,2023,11,2023-11-01
A_2024_00080,MM,202311,,,510021,중부산권,100001,지수,102.999291121858,지수,,부산>중부산권,지수,2023년 11월,2023,11,2023-11-01
A_2024_00080,MM,202311,,,500003,지방권,100001,지수,102.613798982978,지수,,지방권,지수,2023년 11월,2023,11,2023-11-01
A_2024_00080,MM,202311,,,500019,충남,100001,지수,102.772558582206,지수,,충남,지수,2023년 11월,2023,11,2023-11-01
A_2024_00080,MM,202311,,,500018,충북,100001,지수,101.835444926276,지수,,충북,지수,2023년 11월,2023,11,2023-11-01
A_2024_00080,MM,202312,,,500005,5대광역시,100001,지수,103.08953124017,지수,,5대광역시,지수,2023년 12월,2023,12,2023-12-01
A_2024_00080,MM,202312,,,500004,6대광역시,100001,지수,103.095856297206,지수,,6대광역시,지수,2023년 12월,2023,12,2023-12-01
A_2024_00080,MM,202312,,,500007,8개도,100001,지수,101.921597864175,지수,,8개도,지수,2023년 12월,2023,12,2023-12-01
A_2024_00080,MM,202312,,,500006,9개도,100001,지수,101.175238905503,지수,,9개도,지수,2023년 12월,2023,12,2023-12-01
A_2024_00080,MM,202312,,,510010,강남지역,100001,지수,92.9399055079592,지수,,서울>강남지역,지수,2023년 12월,2023,12,2023-12-01
A_2024_00080,MM,202312,,,510009,강북지역,100001,지수,93.6596636200206,지수,,서울>강북지역,지수,2023년 12월,2023,12,2023-12-01
A_2024_00080,MM,202312,,,500017,강원,100001,지수,99.9334514056887,지수,,강원,지수,2023년 12월,2023,12,2023-12-01
A_2024_00080,MM,202312,,,500009,경기,100001,지수,100.813763540969,지수,,경기,지수,2023년 12월,2023,12,2023-12-01
A_2024_00080,MM,202312,,,500023,경남,100001,지수,102.580453408158,지수,,경남,지수,2023년 12월,2023,12,2023-12-01
A_2024_00080,MM,202312,,,510012,경부1권,100001,지수,96.356204012452,지수,,경기>경부1권,지수,2023년 12월,2023,12,2023-12-01
A_2024_00080,MM,202312,,,510013,경부2권,100001,지수,101.364173679832,지수,,경기>경부2권,지수,2023년 12월,2023,12,2023-12-01
A_2024_00080,MM,202312,,,500022,경북,100001,지수,100.436501937655,지수,,경북,지수,2023년 12월,2023,12,2023-12-01
A_2024_00080,MM,202312,,,510018,경원권,100001,지수,102.649713955254,지수,,경기>경원권,지수,2023년 12월,2023,12,2023-12-01
A_2024_00080,MM,202312,,,510017,경의권,100001,지수,103.049432549781,지수,,경기>경의권,지수,2023년 12월,2023,12,2023-12-01
A_2024_00080,MM,202312,,,500013,광주,100001,지수,102.655210498556,지수,,전남광주>광주,지수,2023년 12월,2023,12,2023-12-01
A_2024_00080,MM,202312,,,500012,대구,100001,지수,105.538407932252,지수,,대구,지수,2023년 12월,2023,12,2023-12-01
A_2024_00080,MM,202312,,,500014,대전,100001,지수,101.757228465712,지수,,대전,지수,2023년 12월,2023,12,2023-12-01
A_2024_00080,MM,202312,,,520010,도심권,100001,지수,89.998125845175,지수,,서울>강북지역>도심권,지수,2023년 12월,2023,12,2023-12-01
A_2024_00080,MM,202312,,,520015,동남권,100001,지수,90.7273136548269,지수,,서울>강남지역>동남권,지수,2023년 12월,2023,12,2023-12-01
A_2024_00080,MM,202312,,,510015,동부1권,100001,지수,100.763879934136,지수,,경기>동부1권,지수,2023년 12월,2023,12,2023-12-01
A_2024_00080,MM,202312,,,510016,동부2권,100001,지수,101.697843791958,지수,,경기>동부2권,지수,2023년 12월,2023,12,2023-12-01
A_2024_00080,MM,202312,,,510022,동부산권,100001,지수,103.301531895563,지수,,부산>동부산권,지수,2023년 12월,2023,12,2023-12-01
A_2024_00080,MM,202312,,,520011,동북권,100001,지수,94.9600996260617,지수,,서울>강북지역>동북권,지수,2023년 12월,2023,12,2023-12-01
A_2024_00080,MM,202312,,,500011,부산,100001,지수,102.91231337024,지수,,부산,지수,2023년 12월,2023,12,2023-12-01
A_2024_00080,MM,202312,,,520014,서남권,100001,지수,94.3708057743407,지수,,서울>강남지역>서남권,지수,2023년 12월,2023,12,2023-12-01
A_2024_00080,MM,202312,,,510023,서부산권,100001,지수,103.198414734615,지수,,부산>서부산권,지수,2023년 12월,2023,12,2023-12-01
A_2024_00080,MM,202312,,,520012,서북권,100001,지수,92.7680168311783,지수,,서울>강북지역>서북권,지수,2023년 12월,2023,12,2023-12-01
A_2024_00080,MM,202312,,,500008,서울,100001,지수,93.2879718627799,지수,,서울,지수,2023년 12월,2023,12,2023-12-01
A_2024_00080,MM,202312,,,510014,서해안권,100001,지수,101.048492120161,지수,,경기>서해안권,지수,2023년 12월,2023,12,2023-12-01
A_2024_00080,MM,202312,,,500016,세종,100001,지수,102.778169436376,지수,,세종,지수,2023년 12월,2023,12,2023-12-01
A_2024_00080,MM,202312,,,500002,수도권,100001,지수,97.5800117841482,지수,,수도권,지수,2023년 12월,2023,12,2023-12-01
A_2024_00080,MM,202312,,,500015,울산,100001,지수,101.654466723012,지수,,울산,지수,2023년 12월,2023,12,2023-12-01
A_2024_00080,MM,202312,,,500010,인천,100001,지수,103.105150817427,지수,,인천,지수,2023년 12월,2023,12,2023-12-01
A_2024_00080,MM,202312,,,500001,전국,100001,지수,98.9065296628486,지수,,전국,지수,2023년 12월,2023,12,2023-12-01
A_2024_00080,MM,202312,,,500021,전남,100001,지수,101.303245565815,지수,,전남광주>전남,지수,2023년 12월,2023,12,2023-12-01
A_2024_00080,MM,202312,,,500020,전북,100001,지수,102.026565864356,지수,,전북,지수,2023년 12월,2023,12,2023-12-01
A_2024_00080,MM,202312,,,500024,제주,100001,지수,103.4833235708,지수,,제주,지수,2023년 12월,2023,12,2023-12-01
A_2024_00080,MM,202312,,,510021,중부산권,100001,지수,102.598182931009,지수,,부산>중부산권,지수,2023년 12월,2023,12,2023-12-01
A_2024_00080,MM,202312,,,500003,지방권,100001,지수,102.476142046905,지수,,지방권,지수,2023년 12월,2023,12,2023-12-01
A_2024_00080,MM,202312,,,500019,충남,100001,지수,102.696540342509,지수,,충남,지수,2023년 12월,2023,12,2023-12-01
A_2024_00080,MM,202312,,,500018,충북,100001,지수,101.907738963414,지수,,충북,지수,2023년 12월,2023,12,2023-12-01
A_2024_00080,MM,202401,,,500005,5대광역시,100001,지수,103.002456678817,지수,,5대광역시,지수,2024년 1월,2024,1,2024-01-01
A_2024_00080,MM,202401,,,500004,6대광역시,100001,지수,102.965569265195,지수,,6대광역시,지수,2024년 1월,2024,1,2024-01-01
A_2024_00080,MM,202401,,,500007,8개도,100001,지수,101.856151245403,지수,,8개도,지수,2024년 1월,2024,1,2024-01-01
A_2024_00080,MM,202401,,,500006,9개도,100001,지수,101.065330129205,지수,,9개도,지수,2024년 1월,2024,1,2024-01-01
A_2024_00080,MM,202401,,,510010,강남지역,100001,지수,92.8720249724904,지수,,서울>강남지역,지수,2024년 1월,2024,1,2024-01-01
A_2024_00080,MM,202401,,,510009,강북지역,100001,지수,93.6086930185516,지수,,서울>강북지역,지수,2024년 1월,2024,1,2024-01-01
A_2024_00080,MM,202401,,,500017,강원,100001,지수,99.9927888999356,지수,,강원,지수,2024년 1월,2024,1,2024-01-01
A_2024_00080,MM,202401,,,500009,경기,100001,지수,100.682345073269,지수,,경기,지수,2024년 1월,2024,1,2024-01-01
A_2024_00080,MM,202401,,,500023,경남,100001,지수,102.462157789864,지수,,경남,지수,2024년 1월,2024,1,2024-01-01
A_2024_00080,MM,202401,,,510012,경부1권,100001,지수,96.286048975629,지수,,경기>경부1권,지수,2024년 1월,2024,1,2024-01-01
A_2024_00080,MM,202401,,,510013,경부2권,100001,지수,101.248537354621,지수,,경기>경부2권,지수,2024년 1월,2024,1,2024-01-01
A_2024_00080,MM,202401,,,500022,경북,100001,지수,100.411863553897,지수,,경북,지수,2024년 1월,2024,1,2024-01-01
A_2024_00080,MM,202401,,,510018,경원권,100001,지수,102.379719234132,지수,,경기>경원권,지수,2024년 1월,2024,1,2024-01-01
A_2024_00080,MM,202401,,,510017,경의권,100001,지수,102.89643322659,지수,,경기>경의권,지수,2024년 1월,2024,1,2024-01-01
A_2024_00080,MM,202401,,,500013,광주,100001,지수,102.597620577557,지수,,전남광주>광주,지수,2024년 1월,2024,1,2024-01-01
A_2024_00080,MM,202401,,,500012,대구,100001,지수,105.404787145808,지수,,대구,지수,2024년 1월,2024,1,2024-01-01
A_2024_00080,MM,202401,,,500014,대전,100001,지수,101.703677056273,지수,,대전,지수,2024년 1월,2024,1,2024-01-01
A_2024_00080,MM,202401,,,520010,도심권,100001,지수,89.9910255466894,지수,,서울>강북지역>도심권,지수,2024년 1월,2024,1,2024-01-01
A_2024_00080,MM,202401,,,520015,동남권,100001,지수,90.6346957482656,지수,,서울>강남지역>동남권,지수,2024년 1월,2024,1,2024-01-01
A_2024_00080,MM,202401,,,510015,동부1권,100001,지수,100.522124377415,지수,,경기>동부1권,지수,2024년 1월,2024,1,2024-01-01
A_2024_00080,MM,202401,,,510016,동부2권,100001,지수,101.562022625109,지수,,경기>동부2권,지수,2024년 1월,2024,1,2024-01-01
A_2024_00080,MM,202401,,,510022,동부산권,100001,지수,103.251544290997,지수,,부산>동부산권,지수,2024년 1월,2024,1,2024-01-01
A_2024_00080,MM,202401,,,520011,동북권,100001,지수,94.8909152055578,지수,,서울>강북지역>동북권,지수,2024년 1월,2024,1,2024-01-01
A_2024_00080,MM,202401,,,500011,부산,100001,지수,102.819116929973,지수,,부산,지수,2024년 1월,2024,1,2024-01-01
A_2024_00080,MM,202401,,,520014,서남권,100001,지수,94.3193385282698,지수,,서울>강남지역>서남권,지수,2024년 1월,2024,1,2024-01-01
A_2024_00080,MM,202401,,,510023,서부산권,100001,지수,103.106293509959,지수,,부산>서부산권,지수,2024년 1월,2024,1,2024-01-01
A_2024_00080,MM,202401,,,520012,서북권,100001,지수,92.7315119712858,지수,,서울>강북지역>서북권,지수,2024년 1월,2024,1,2024-01-01
A_2024_00080,MM,202401,,,500008,서울,100001,지수,93.2282487756993,지수,,서울,지수,2024년 1월,2024,1,2024-01-01
A_2024_00080,MM,202401,,,510014,서해안권,100001,지수,100.963265668054,지수,,경기>서해안권,지수,2024년 1월,2024,1,2024-01-01
A_2024_00080,MM,202401,,,500016,세종,100001,지수,102.613633534224,지수,,세종,지수,2024년 1월,2024,1,2024-01-01
A_2024_00080,MM,202401,,,500002,수도권,100001,지수,97.4756285490702,지수,,수도권,지수,2024년 1월,2024,1,2024-01-01
A_2024_00080,MM,202401,,,500015,울산,100001,지수,101.627635052358,지수,,울산,지수,2024년 1월,2024,1,2024-01-01
A_2024_00080,MM,202401,,,500010,인천,100001,지수,102.915888305412,지수,,인천,지수,2024년 1월,2024,1,2024-01-01
A_2024_00080,MM,202401,,,500001,전국,100001,지수,98.8096867430042,지수,,전국,지수,2024년 1월,2024,1,2024-01-01
A_2024_00080,MM,202401,,,500021,전남,100001,지수,101.226814699578,지수,,전남광주>전남,지수,2024년 1월,2024,1,2024-01-01
A_2024_00080,MM,202401,,,500020,전북,100001,지수,101.978294322467,지수,,전북,지수,2024년 1월,2024,1,2024-01-01
A_2024_00080,MM,202401,,,500024,제주,100001,지수,103.435456948239,지수,,제주,지수,2024년 1월,2024,1,2024-01-01
A_2024_00080,MM,202401,,,510021,중부산권,100001,지수,102.481257398054,지수,,부산>중부산권,지수,2024년 1월,2024,1,2024-01-01
A_2024_00080,MM,202401,,,500003,지방권,100001,지수,102.400071384654,지수,,지방권,지수,2024년 1월,2024,1,2024-01-01
A_2024_00080,MM,202401,,,500019,충남,100001,지수,102.507303183584,지수,,충남,지수,2024년 1월,2024,1,2024-01-01
A_2024_00080,MM,202401,,,500018,충북,100001,지수,101.904326168315,지수,,충북,지수,2024년 1월,2024,1,2024-01-01
A_2024_00080,MM,202402,,,500005,5대광역시,100001,지수,102.828826340678,지수,,5대광역시,지수,2024년 2월,2024,2,2024-02-01
A_2024_00080,MM,202402,,,500004,6대광역시,100001,지수,102.856031764857,지수,,6대광역시,지수,2024년 2월,2024,2,2024-02-01
A_2024_00080,MM,202402,,,500007,8개도,100001,지수,101.832979334081,지수,,8개도,지수,2024년 2월,2024,2,2024-02-01
A_2024_00080,MM,202402,,,500006,9개도,100001,지수,100.949150707234,지수,,9개도,지수,2024년 2월,2024,2,2024-02-01
A_2024_00080,MM,202402,,,510010,강남지역,100001,지수,92.8297447928911,지수,,서울>강남지역,지수,2024년 2월,2024,2,2024-02-01
A_2024_00080,MM,202402,,,510009,강북지역,100001,지수,93.577657290256,지수,,서울>강북지역,지수,2024년 2월,2024,2,2024-02-01
A_2024_00080,MM,202402,,,500017,강원,100001,지수,99.9468459517261,지수,,강원,지수,2024년 2월,2024,2,2024-02-01
A_2024_00080,MM,202402,,,500009,경기,100001,지수,100.521216707606,지수,,경기,지수,2024년 2월,2024,2,2024-02-01
A_2024_00080,MM,202402,,,500023,경남,100001,지수,102.338207557487,지수,,경남,지수,2024년 2월,2024,2,2024-02-01
A_2024_00080,MM,202402,,,510012,경부1권,100001,지수,96.1410761151767,지수,,경기>경부1권,지수,2024년 2월,2024,2,2024-02-01
A_2024_00080,MM,202402,,,510013,경부2권,100001,지수,101.114807868902,지수,,경기>경부2권,지수,2024년 2월,2024,2,2024-02-01
A_2024_00080,MM,202402,,,500022,경북,100001,지수,100.461436291129,지수,,경북,지수,2024년 2월,2024,2,2024-02-01
A_2024_00080,MM,202402,,,510018,경원권,100001,지수,102.25736891825,지수,,경기>경원권,지수,2024년 2월,2024,2,2024-02-01
A_2024_00080,MM,202402,,,510017,경의권,100001,지수,102.632903092751,지수,,경기>경의권,지수,2024년 2월,2024,2,2024-02-01
A_2024_00080,MM,202402,,,500013,광주,100001,지수,102.515999543196,지수,,전남광주>광주,지수,2024년 2월,2024,2,2024-02-01
A_2024_00080,MM,202402,,,500012,대구,100001,지수,105.008198067743,지수,,대구,지수,2024년 2월,2024,2,2024-02-01
A_2024_00080,MM,202402,,,500014,대전,100001,지수,101.618022181443,지수,,대전,지수,2024년 2월,2024,2,2024-02-01
A_2024_00080,MM,202402,,,520010,도심권,100001,지수,90.0046359527791,지수,,서울>강북지역>도심권,지수,2024년 2월,2024,2,2024-02-01
A_2024_00080,MM,202402,,,520015,동남권,100001,지수,90.6278198937987,지수,,서울>강남지역>동남권,지수,2024년 2월,2024,2,2024-02-01
A_2024_00080,MM,202402,,,510015,동부1권,100001,지수,100.3536216266,지수,,경기>동부1권,지수,2024년 2월,2024,2,2024-02-01
A_2024_00080,MM,202402,,,510016,동부2권,100001,지수,101.397476916156,지수,,경기>동부2권,지수,2024년 2월,2024,2,2024-02-01
A_2024_00080,MM,202402,,,510022,동부산권,100001,지수,103.09777750788,지수,,부산>동부산권,지수,2024년 2월,2024,2,2024-02-01
A_2024_00080,MM,202402,,,520011,동북권,100001,지수,94.8612852582867,지수,,서울>강북지역>동북권,지수,2024년 2월,2024,2,2024-02-01
A_2024_00080,MM,202402,,,500011,부산,100001,지수,102.664942763603,지수,,부산,지수,2024년 2월,2024,2,2024-02-01
A_2024_00080,MM,202402,,,520014,서남권,100001,지수,94.2536214989139,지수,,서울>강남지역>서남권,지수,2024년 2월,2024,2,2024-02-01
A_2024_00080,MM,202402,,,510023,서부산권,100001,지수,103.022648941281,지수,,부산>서부산권,지수,2024년 2월,2024,2,2024-02-01
A_2024_00080,MM,202402,,,520012,서북권,100001,지수,92.6824812352974,지수,,서울>강북지역>서북권,지수,2024년 2월,2024,2,2024-02-01
A_2024_00080,MM,202402,,,500008,서울,100001,지수,93.1913925622682,지수,,서울,지수,2024년 2월,2024,2,2024-02-01
A_2024_00080,MM,202402,,,510014,서해안권,100001,지수,100.809876244223,지수,,경기>서해안권,지수,2024년 2월,2024,2,2024-02-01
A_2024_00080,MM,202402,,,500016,세종,100001,지수,102.388847356179,지수,,세종,지수,2024년 2월,2024,2,2024-02-01
A_2024_00080,MM,202402,,,500002,수도권,100001,지수,97.3914479062236,지수,,수도권,지수,2024년 2월,2024,2,2024-02-01
A_2024_00080,MM,202402,,,500015,울산,100001,지수,101.571459376203,지수,,울산,지수,2024년 2월,2024,2,2024-02-01
A_2024_00080,MM,202402,,,500010,인천,100001,지수,102.893842438553,지수,,인천,지수,2024년 2월,2024,2,2024-02-01
A_2024_00080,MM,202402,,,500001,전국,100001,지수,98.7226285961089,지수,,전국,지수,2024년 2월,2024,2,2024-02-01
A_2024_00080,MM,202402,,,500021,전남,100001,지수,101.248155971932,지수,,전남광주>전남,지수,2024년 2월,2024,2,2024-02-01
A_2024_00080,MM,202402,,,500020,전북,100001,지수,101.888033216743,지수,,전북,지수,2024년 2월,2024,2,2024-02-01
A_2024_00080,MM,202402,,,500024,제주,100001,지수,103.339220569512,지수,,제주,지수,2024년 2월,2024,2,2024-02-01
A_2024_00080,MM,202402,,,510021,중부산권,100001,지수,102.30152025216,지수,,부산>중부산권,지수,2024년 2월,2024,2,2024-02-01
A_2024_00080,MM,202402,,,500003,지방권,100001,지수,102.305176207402,지수,,지방권,지수,2024년 2월,2024,2,2024-02-01
A_2024_00080,MM,202402,,,500019,충남,100001,지수,102.575726511492,지수,,충남,지수,2024년 2월,2024,2,2024-02-01
A_2024_00080,MM,202402,,,500018,충북,100001,지수,101.924325012322,지수,,충북,지수,2024년 2월,2024,2,2024-02-01
A_2024_00080,MM,202403,,,500005,5대광역시,100001,지수,102.677377138259,지수,,5대광역시,지수,2024년 3월,2024,3,2024-03-01
A_2024_00080,MM,202403,,,500004,6대광역시,100001,지수,102.749648888733,지수,,6대광역시,지수,2024년 3월,2024,3,2024-03-01
A_2024_00080,MM,202403,,,500007,8개도,100001,지수,101.775341794272,지수,,8개도,지수,2024년 3월,2024,3,2024-03-01
A_2024_00080,MM,202403,,,500006,9개도,100001,지수,100.845607220079,지수,,9개도,지수,2024년 3월,2024,3,2024-03-01
A_2024_00080,MM,202403,,,510010,강남지역,100001,지수,92.8110828197828,지수,,서울>강남지역,지수,2024년 3월,2024,3,2024-03-01
A_2024_00080,MM,202403,,,510009,강북지역,100001,지수,93.5687282726899,지수,,서울>강북지역,지수,2024년 3월,2024,3,2024-03-01
A_2024_00080,MM,202403,,,500017,강원,100001,지수,99.8415906346025,지수,,강원,지수,2024년 3월,2024,3,2024-03-01
A_2024_00080,MM,202403,,,500009,경기,100001,지수,100.395511301052,지수,,경기,지수,2024년 3월,2024,3,2024-03-01
A_2024_00080,MM,202403,,,500023,경남,100001,지수,102.215701919049,지수,,경남,지수,2024년 3월,2024,3,2024-03-01
A_2024_00080,MM,202403,,,510012,경부1권,100001,지수,95.974830513873,지수,,경기>경부1권,지수,2024년 3월,2024,3,2024-03-01
A_2024_00080,MM,202403,,,510013,경부2권,100001,지수,100.971168039922,지수,,경기>경부2권,지수,2024년 3월,2024,3,2024-03-01
A_2024_00080,MM,202403,,,500022,경북,100001,지수,100.486459053723,지수,,경북,지수,2024년 3월,2024,3,2024-03-01
A_2024_00080,MM,202403,,,510018,경원권,100001,지수,102.163859461516,지수,,경기>경원권,지수,2024년 3월,2024,3,2024-03-01
A_2024_00080,MM,202403,,,510017,경의권,100001,지수,102.425143878168,지수,,경기>경의권,지수,2024년 3월,2024,3,2024-03-01
A_2024_00080,MM,202403,,,500013,광주,100001,지수,102.421558442314,지수,,전남광주>광주,지수,2024년 3월,2024,3,2024-03-01
A_2024_00080,MM,202403,,,500012,대구,100001,지수,104.70675265604,지수,,대구,지수,2024년 3월,2024,3,2024-03-01
A_2024_00080,MM,202403,,,500014,대전,100001,지수,101.52187530875,지수,,대전,지수,2024년 3월,2024,3,2024-03-01
A_2024_00080,MM,202403,,,520010,도심권,100001,지수,90.0305039267485,지수,,서울>강북지역>도심권,지수,2024년 3월,2024,3,2024-03-01
A_2024_00080,MM,202403,,,520015,동남권,100001,지수,90.6294541914902,지수,,서울>강남지역>동남권,지수,2024년 3월,2024,3,2024-03-01
A_2024_00080,MM,202403,,,510015,동부1권,100001,지수,100.211267226553,지수,,경기>동부1권,지수,2024년 3월,2024,3,2024-03-01
A_2024_00080,MM,202403,,,510016,동부2권,100001,지수,101.242823678764,지수,,경기>동부2권,지수,2024년 3월,2024,3,2024-03-01
A_2024_00080,MM,202403,,,510022,동부산권,100001,지수,102.932826889113,지수,,부산>동부산권,지수,2024년 3월,2024,3,2024-03-01
A_2024_00080,MM,202403,,,520011,동북권,100001,지수,94.8549686265119,지수,,서울>강북지역>동북권,지수,2024년 3월,2024,3,2024-03-01
A_2024_00080,MM,202403,,,500011,부산,100001,지수,102.527256917892,지수,,부산,지수,2024년 3월,2024,3,2024-03-01
A_2024_00080,MM,202403,,,520014,서남권,100001,지수,94.2215282154654,지수,,서울>강남지역>서남권,지수,2024년 3월,2024,3,2024-03-01
A_2024_00080,MM,202403,,,510023,서부산권,100001,지수,102.952198829898,지수,,부산>서부산권,지수,2024년 3월,2024,3,2024-03-01
A_2024_00080,MM,202403,,,520012,서북권,100001,지수,92.6570396736338,지수,,서울>강북지역>서북권,지수,2024년 3월,2024,3,2024-03-01
A_2024_00080,MM,202403,,,500008,서울,100001,지수,93.1774253405832,지수,,서울,지수,2024년 3월,2024,3,2024-03-01
A_2024_00080,MM,202403,,,510014,서해안권,100001,지수,100.73219014957,지수,,경기>서해안권,지수,2024년 3월,2024,3,2024-03-01
A_2024_00080,MM,202403,,,500016,세종,100001,지수,102.075053644202,지수,,세종,지수,2024년 3월,2024,3,2024-03-01
A_2024_00080,MM,202403,,,500002,수도권,100001,지수,97.329376840285,지수,,수도권,지수,2024년 3월,2024,3,2024-03-01
A_2024_00080,MM,202403,,,500015,울산,100001,지수,101.503833046654,지수,,울산,지수,2024년 3월,2024,3,2024-03-01
A_2024_00080,MM,202403,,,500010,인천,100001,지수,102.849055705256,지수,,인천,지수,2024년 3월,2024,3,2024-03-01
A_2024_00080,MM,202403,,,500001,전국,100001,지수,98.6496207142148,지수,,전국,지수,2024년 3월,2024,3,2024-03-01
A_2024_00080,MM,202403,,,500021,전남,100001,지수,101.197507429317,지수,,전남광주>전남,지수,2024년 3월,2024,3,2024-03-01
A_2024_00080,MM,202403,,,500020,전북,100001,지수,101.854008176199,지수,,전북,지수,2024년 3월,2024,3,2024-03-01
A_2024_00080,MM,202403,,,500024,제주,100001,지수,103.247100706641,지수,,제주,지수,2024년 3월,2024,3,2024-03-01
A_2024_00080,MM,202403,,,510021,중부산권,100001,지수,102.154417678132,지수,,부산>중부산권,지수,2024년 3월,2024,3,2024-03-01
A_2024_00080,MM,202403,,,500003,지방권,100001,지수,102.202197570503,지수,,지방권,지수,2024년 3월,2024,3,2024-03-01
A_2024_00080,MM,202403,,,500019,충남,100001,지수,102.579468353935,지수,,충남,지수,2024년 3월,2024,3,2024-03-01
A_2024_00080,MM,202403,,,500018,충북,100001,지수,101.779483917922,지수,,충북,지수,2024년 3월,2024,3,2024-03-01
A_2024_00080,MM,202404,,,500005,5대광역시,100001,지수,102.550963234049,지수,,5대광역시,지수,2024년 4월,2024,4,2024-04-01
A_2024_00080,MM,202404,,,500004,6대광역시,100001,지수,102.561727766557,지수,,6대광역시,지수,2024년 4월,2024,4,2024-04-01
A_2024_00080,MM,202404,,,500007,8개도,100001,지수,101.723785873696,지수,,8개도,지수,2024년 4월,2024,4,2024-04-01
A_2024_00080,MM,202404,,,500006,9개도,100001,지수,100.758565509162,지수,,9개도,지수,2024년 4월,2024,4,2024-04-01
A_2024_00080,MM,202404,,,510010,강남지역,100001,지수,92.7929203870367,지수,,서울>강남지역,지수,2024년 4월,2024,4,2024-04-01
A_2024_00080,MM,202404,,,510009,강북지역,100001,지수,93.5885194858162,지수,,서울>강북지역,지수,2024년 4월,2024,4,2024-04-01
A_2024_00080,MM,202404,,,500017,강원,100001,지수,99.8352551079798,지수,,강원,지수,2024년 4월,2024,4,2024-04-01
A_2024_00080,MM,202404,,,500009,경기,100001,지수,100.291348926749,지수,,경기,지수,2024년 4월,2024,4,2024-04-01
A_2024_00080,MM,202404,,,500023,경남,100001,지수,102.105293535546,지수,,경남,지수,2024년 4월,2024,4,2024-04-01
A_2024_00080,MM,202404,,,510012,경부1권,100001,지수,95.8152512510533,지수,,경기>경부1권,지수,2024년 4월,2024,4,2024-04-01
A_2024_00080,MM,202404,,,510013,경부2권,100001,지수,101.038472294403,지수,,경기>경부2권,지수,2024년 4월,2024,4,2024-04-01
A_2024_00080,MM,202404,,,500022,경북,100001,지수,100.554014430002,지수,,경북,지수,2024년 4월,2024,4,2024-04-01
A_2024_00080,MM,202404,,,510018,경원권,100001,지수,101.962783632581,지수,,경기>경원권,지수,2024년 4월,2024,4,2024-04-01
A_2024_00080,MM,202404,,,510017,경의권,100001,지수,102.181422180062,지수,,경기>경의권,지수,2024년 4월,2024,4,2024-04-01
A_2024_00080,MM,202404,,,500013,광주,100001,지수,102.331676581755,지수,,전남광주>광주,지수,2024년 4월,2024,4,2024-04-01
A_2024_00080,MM,202404,,,500012,대구,100001,지수,104.540114999778,지수,,대구,지수,2024년 4월,2024,4,2024-04-01
A_2024_00080,MM,202404,,,500014,대전,100001,지수,101.379233474388,지수,,대전,지수,2024년 4월,2024,4,2024-04-01
A_2024_00080,MM,202404,,,520010,도심권,100001,지수,90.0843458442245,지수,,서울>강북지역>도심권,지수,2024년 4월,2024,4,2024-04-01
A_2024_00080,MM,202404,,,520015,동남권,100001,지수,90.6294023388241,지수,,서울>강남지역>동남권,지수,2024년 4월,2024,4,2024-04-01
A_2024_00080,MM,202404,,,510015,동부1권,100001,지수,100.072839009977,지수,,경기>동부1권,지수,2024년 4월,2024,4,2024-04-01
A_2024_00080,MM,202404,,,510016,동부2권,100001,지수,101.1236804587,지수,,경기>동부2권,지수,2024년 4월,2024,4,2024-04-01
A_2024_00080,MM,202404,,,510022,동부산권,100001,지수,102.764994722462,지수,,부산>동부산권,지수,2024년 4월,2024,4,2024-04-01
A_2024_00080,MM,202404,,,520011,동북권,100001,지수,94.8806078957266,지수,,서울>강북지역>동북권,지수,2024년 4월,2024,4,2024-04-01
A_2024_00080,MM,202404,,,500011,부산,100001,지수,102.412160196084,지수,,부산,지수,2024년 4월,2024,4,2024-04-01
A_2024_00080,MM,202404,,,520014,서남권,100001,지수,94.1913854022062,지수,,서울>강남지역>서남권,지수,2024년 4월,2024,4,2024-04-01
A_2024_00080,MM,202404,,,510023,서부산권,100001,지수,102.888866580506,지수,,부산>서부산권,지수,2024년 4월,2024,4,2024-04-01
A_2024_00080,MM,202404,,,520012,서북권,100001,지수,92.655268942622,지수,,서울>강북지역>서북권,지수,2024년 4월,2024,4,2024-04-01
A_2024_00080,MM,202404,,,500008,서울,100001,지수,93.1775681683961,지수,,서울,지수,2024년 4월,2024,4,2024-04-01
A_2024_00080,MM,202404,,,510014,서해안권,100001,지수,100.650111405022,지수,,경기>서해안권,지수,2024년 4월,2024,4,2024-04-01
A_2024_00080,MM,202404,,,500016,세종,100001,지수,102.010839587995,지수,,세종,지수,2024년 4월,2024,4,2024-04-01
A_2024_00080,MM,202404,,,500002,수도권,100001,지수,97.2540398704806,지수,,수도권,지수,2024년 4월,2024,4,2024-04-01
A_2024_00080,MM,202404,,,500015,울산,100001,지수,101.382294937293,지수,,울산,지수,2024년 4월,2024,4,2024-04-01
A_2024_00080,MM,202404,,,500010,인천,100001,지수,102.577081016898,지수,,인천,지수,2024년 4월,2024,4,2024-04-01
A_2024_00080,MM,202404,,,500001,전국,100001,지수,98.5711861703068,지수,,전국,지수,2024년 4월,2024,4,2024-04-01
A_2024_00080,MM,202404,,,500021,전남,100001,지수,101.181212825496,지수,,전남광주>전남,지수,2024년 4월,2024,4,2024-04-01
A_2024_00080,MM,202404,,,500020,전북,100001,지수,101.807134862376,지수,,전북,지수,2024년 4월,2024,4,2024-04-01
A_2024_00080,MM,202404,,,500024,제주,100001,지수,103.123160442514,지수,,제주,지수,2024년 4월,2024,4,2024-04-01
A_2024_00080,MM,202404,,,510021,중부산권,100001,지수,102.049233928687,지수,,부산>중부산권,지수,2024년 4월,2024,4,2024-04-01
A_2024_00080,MM,202404,,,500003,지방권,100001,지수,102.115317847903,지수,,지방권,지수,2024년 4월,2024,4,2024-04-01
A_2024_00080,MM,202404,,,500019,충남,100001,지수,102.478321819227,지수,,충남,지수,2024년 4월,2024,4,2024-04-01
A_2024_00080,MM,202404,,,500018,충북,100001,지수,101.719935386185,지수,,충북,지수,2024년 4월,2024,4,2024-04-01
A_2024_00080,MM,202405,,,500005,5대광역시,100001,지수,102.403928274113,지수,,5대광역시,지수,2024년 5월,2024,5,2024-05-01
A_2024_00080,MM,202405,,,500004,6대광역시,100001,지수,102.4247255234,지수,,6대광역시,지수,2024년 5월,2024,5,2024-05-01
A_2024_00080,MM,202405,,,500007,8개도,100001,지수,101.64101267068,지수,,8개도,지수,2024년 5월,2024,5,2024-05-01
A_2024_00080,MM,202405,,,500006,9개도,100001,지수,100.564289726555,지수,,9개도,지수,2024년 5월,2024,5,2024-05-01
A_2024_00080,MM,202405,,,510010,강남지역,100001,지수,92.8053785426255,지수,,서울>강남지역,지수,2024년 5월,2024,5,2024-05-01
A_2024_00080,MM,202405,,,510009,강북지역,100001,지수,93.6333546149795,지수,,서울>강북지역,지수,2024년 5월,2024,5,2024-05-01
A_2024_00080,MM,202405,,,500017,강원,100001,지수,99.7345239114076,지수,,강원,지수,2024년 5월,2024,5,2024-05-01
A_2024_00080,MM,202405,,,500009,경기,100001,지수,100.04333579372,지수,,경기,지수,2024년 5월,2024,5,2024-05-01
A_2024_00080,MM,202405,,,500023,경남,100001,지수,101.974568915605,지수,,경남,지수,2024년 5월,2024,5,2024-05-01
A_2024_00080,MM,202405,,,510012,경부1권,100001,지수,95.6582514938737,지수,,경기>경부1권,지수,2024년 5월,2024,5,2024-05-01
A_2024_00080,MM,202405,,,510013,경부2권,100001,지수,100.574490484396,지수,,경기>경부2권,지수,2024년 5월,2024,5,2024-05-01
A_2024_00080,MM,202405,,,500022,경북,100001,지수,100.576025406718,지수,,경북,지수,2024년 5월,2024,5,2024-05-01
A_2024_00080,MM,202405,,,510018,경원권,100001,지수,101.658243672736,지수,,경기>경원권,지수,2024년 5월,2024,5,2024-05-01
A_2024_00080,MM,202405,,,510017,경의권,100001,지수,101.949234709254,지수,,경기>경의권,지수,2024년 5월,2024,5,2024-05-01
A_2024_00080,MM,202405,,,500013,광주,100001,지수,102.252455715692,지수,,전남광주>광주,지수,2024년 5월,2024,5,2024-05-01
A_2024_00080,MM,202405,,,500012,대구,100001,지수,104.272803660631,지수,,대구,지수,2024년 5월,2024,5,2024-05-01
A_2024_00080,MM,202405,,,500014,대전,100001,지수,101.267931293709,지수,,대전,지수,2024년 5월,2024,5,2024-05-01
A_2024_00080,MM,202405,,,520010,도심권,100001,지수,90.1647177869029,지수,,서울>강북지역>도심권,지수,2024년 5월,2024,5,2024-05-01
A_2024_00080,MM,202405,,,520015,동남권,100001,지수,90.6918291554773,지수,,서울>강남지역>동남권,지수,2024년 5월,2024,5,2024-05-01
A_2024_00080,MM,202405,,,510015,동부1권,100001,지수,99.8375988238226,지수,,경기>동부1권,지수,2024년 5월,2024,5,2024-05-01
A_2024_00080,MM,202405,,,510016,동부2권,100001,지수,100.916272835267,지수,,경기>동부2권,지수,2024년 5월,2024,5,2024-05-01
A_2024_00080,MM,202405,,,510022,동부산권,100001,지수,102.608175051253,지수,,부산>동부산권,지수,2024년 5월,2024,5,2024-05-01
A_2024_00080,MM,202405,,,520011,동북권,100001,지수,94.9325027780851,지수,,서울>강북지역>동북권,지수,2024년 5월,2024,5,2024-05-01
A_2024_00080,MM,202405,,,500011,부산,100001,지수,102.278066183795,지수,,부산,지수,2024년 5월,2024,5,2024-05-01
A_2024_00080,MM,202405,,,520014,서남권,100001,지수,94.1707864479607,지수,,서울>강남지역>서남권,지수,2024년 5월,2024,5,2024-05-01
A_2024_00080,MM,202405,,,510023,서부산권,100001,지수,102.779361419261,지수,,부산>서부산권,지수,2024년 5월,2024,5,2024-05-01
A_2024_00080,MM,202405,,,520012,서북권,100001,지수,92.6760325215258,지수,,서울>강북지역>서북권,지수,2024년 5월,2024,5,2024-05-01
A_2024_00080,MM,202405,,,500008,서울,100001,지수,93.2056391845593,지수,,서울,지수,2024년 5월,2024,5,2024-05-01
A_2024_00080,MM,202405,,,510014,서해안권,100001,지수,100.454796541793,지수,,경기>서해안권,지수,2024년 5월,2024,5,2024-05-01
A_2024_00080,MM,202405,,,500016,세종,100001,지수,101.706070464464,지수,,세종,지수,2024년 5월,2024,5,2024-05-01
A_2024_00080,MM,202405,,,500002,수도권,100001,지수,97.1536909176736,지수,,수도권,지수,2024년 5월,2024,5,2024-05-01
A_2024_00080,MM,202405,,,500015,울산,100001,지수,101.289393388144,지수,,울산,지수,2024년 5월,2024,5,2024-05-01
A_2024_00080,MM,202405,,,500010,인천,100001,지수,102.453779949522,지수,,인천,지수,2024년 5월,2024,5,2024-05-01
A_2024_00080,MM,202405,,,500001,전국,100001,지수,98.4671531582496,지수,,전국,지수,2024년 5월,2024,5,2024-05-01
A_2024_00080,MM,202405,,,500021,전남,100001,지수,101.157498245214,지수,,전남광주>전남,지수,2024년 5월,2024,5,2024-05-01
A_2024_00080,MM,202405,,,500020,전북,100001,지수,101.670837695882,지수,,전북,지수,2024년 5월,2024,5,2024-05-01
A_2024_00080,MM,202405,,,500024,제주,100001,지수,102.977158155359,지수,,제주,지수,2024년 5월,2024,5,2024-05-01
A_2024_00080,MM,202405,,,510021,중부산권,100001,지수,101.918602066915,지수,,부산>중부산권,지수,2024년 5월,2024,5,2024-05-01
A_2024_00080,MM,202405,,,500003,지방권,100001,지수,102.001248912717,지수,,지방권,지수,2024년 5월,2024,5,2024-05-01
A_2024_00080,MM,202405,,,500019,충남,100001,지수,102.391207908548,지수,,충남,지수,2024년 5월,2024,5,2024-05-01
A_2024_00080,MM,202405,,,500018,충북,100001,지수,101.638757698622,지수,,충북,지수,2024년 5월,2024,5,2024-05-01
A_2024_00080,MM,202406,,,500005,5대광역시,100001,지수,102.261988482642,지수,,5대광역시,지수,2024년 6월,2024,6,2024-06-01
A_2024_00080,MM,202406,,,500004,6대광역시,100001,지수,102.289553767653,지수,,6대광역시,지수,2024년 6월,2024,6,2024-06-01
A_2024_00080,MM,202406,,,500007,8개도,100001,지수,101.606244688597,지수,,8개도,지수,2024년 6월,2024,6,2024-06-01
A_2024_00080,MM,202406,,,500006,9개도,100001,지수,100.522509237574,지수,,9개도,지수,2024년 6월,2024,6,2024-06-01
A_2024_00080,MM,202406,,,510010,강남지역,100001,지수,92.9167451249984,지수,,서울>강남지역,지수,2024년 6월,2024,6,2024-06-01
A_2024_00080,MM,202406,,,510009,강북지역,100001,지수,93.7441820129012,지수,,서울>강북지역,지수,2024년 6월,2024,6,2024-06-01
A_2024_00080,MM,202406,,,500017,강원,100001,지수,99.771811520744,지수,,강원,지수,2024년 6월,2024,6,2024-06-01
A_2024_00080,MM,202406,,,500009,경기,100001,지수,99.9981794813795,지수,,경기,지수,2024년 6월,2024,6,2024-06-01
A_2024_00080,MM,202406,,,500023,경남,100001,지수,101.89287914476,지수,,경남,지수,2024년 6월,2024,6,2024-06-01
A_2024_00080,MM,202406,,,510012,경부1권,100001,지수,95.8837367624967,지수,,경기>경부1권,지수,2024년 6월,2024,6,2024-06-01
A_2024_00080,MM,202406,,,510013,경부2권,100001,지수,100.385539820148,지수,,경기>경부2권,지수,2024년 6월,2024,6,2024-06-01
A_2024_00080,MM,202406,,,500022,경북,100001,지수,100.578302122096,지수,,경북,지수,2024년 6월,2024,6,2024-06-01
A_2024_00080,MM,202406,,,510018,경원권,100001,지수,101.721142890629,지수,,경기>경원권,지수,2024년 6월,2024,6,2024-06-01
A_2024_00080,MM,202406,,,510017,경의권,100001,지수,101.865492801623,지수,,경기>경의권,지수,2024년 6월,2024,6,2024-06-01
A_2024_00080,MM,202406,,,500013,광주,100001,지수,102.167095757964,지수,,전남광주>광주,지수,2024년 6월,2024,6,2024-06-01
A_2024_00080,MM,202406,,,500012,대구,100001,지수,104.011310006853,지수,,대구,지수,2024년 6월,2024,6,2024-06-01
A_2024_00080,MM,202406,,,500014,대전,100001,지수,101.186905020049,지수,,대전,지수,2024년 6월,2024,6,2024-06-01
A_2024_00080,MM,202406,,,520010,도심권,100001,지수,90.2945875448356,지수,,서울>강북지역>도심권,지수,2024년 6월,2024,6,2024-06-01
A_2024_00080,MM,202406,,,520015,동남권,100001,지수,90.824617583362,지수,,서울>강남지역>동남권,지수,2024년 6월,2024,6,2024-06-01
A_2024_00080,MM,202406,,,510015,동부1권,100001,지수,99.7262003238718,지수,,경기>동부1권,지수,2024년 6월,2024,6,2024-06-01
A_2024_00080,MM,202406,,,510016,동부2권,100001,지수,100.868068010629,지수,,경기>동부2권,지수,2024년 6월,2024,6,2024-06-01
A_2024_00080,MM,202406,,,510022,동부산권,100001,지수,102.457343502228,지수,,부산>동부산권,지수,2024년 6월,2024,6,2024-06-01
A_2024_00080,MM,202406,,,520011,동북권,100001,지수,95.0280368524165,지수,,서울>강북지역>동북권,지수,2024년 6월,2024,6,2024-06-01
A_2024_00080,MM,202406,,,500011,부산,100001,지수,102.13853102673,지수,,부산,지수,2024년 6월,2024,6,2024-06-01
A_2024_00080,MM,202406,,,520014,서남권,100001,지수,94.2679545793899,지수,,서울>강남지역>서남권,지수,2024년 6월,2024,6,2024-06-01
A_2024_00080,MM,202406,,,510023,서부산권,100001,지수,102.693102545033,지수,,부산>서부산권,지수,2024년 6월,2024,6,2024-06-01
A_2024_00080,MM,202406,,,520012,서북권,100001,지수,92.8051946013657,지수,,서울>강북지역>서북권,지수,2024년 6월,2024,6,2024-06-01
A_2024_00080,MM,202406,,,500008,서울,100001,지수,93.316747021405,지수,,서울,지수,2024년 6월,2024,6,2024-06-01
A_2024_00080,MM,202406,,,510014,서해안권,100001,지수,100.388348088499,지수,,경기>서해안권,지수,2024년 6월,2024,6,2024-06-01
A_2024_00080,MM,202406,,,500016,세종,100001,지수,101.626293225303,지수,,세종,지수,2024년 6월,2024,6,2024-06-01
A_2024_00080,MM,202406,,,500002,수도권,100001,지수,97.1730655792945,지수,,수도권,지수,2024년 6월,2024,6,2024-06-01
A_2024_00080,MM,202406,,,500015,울산,100001,지수,101.238214684858,지수,,울산,지수,2024년 6월,2024,6,2024-06-01
A_2024_00080,MM,202406,,,500010,인천,100001,지수,102.327852493773,지수,,인천,지수,2024년 6월,2024,6,2024-06-01
A_2024_00080,MM,202406,,,500001,전국,100001,지수,98.4585056272739,지수,,전국,지수,2024년 6월,2024,6,2024-06-01
A_2024_00080,MM,202406,,,500021,전남,100001,지수,101.254869448743,지수,,전남광주>전남,지수,2024년 6월,2024,6,2024-06-01
A_2024_00080,MM,202406,,,500020,전북,100001,지수,101.588995515916,지수,,전북,지수,2024년 6월,2024,6,2024-06-01
A_2024_00080,MM,202406,,,500024,제주,100001,지수,102.897303144392,지수,,제주,지수,2024년 6월,2024,6,2024-06-01
A_2024_00080,MM,202406,,,510021,중부산권,100001,지수,101.766071032214,지수,,부산>중부산권,지수,2024년 6월,2024,6,2024-06-01
A_2024_00080,MM,202406,,,500003,지방권,100001,지수,101.915747085082,지수,,지방권,지수,2024년 6월,2024,6,2024-06-01
A_2024_00080,MM,202406,,,500019,충남,100001,지수,102.301866625427,지수,,충남,지수,2024년 6월,2024,6,2024-06-01
A_2024_00080,MM,202406,,,500018,충북,100001,지수,101.654653833747,지수,,충북,지수,2024년 6월,2024,6,2024-06-01
A_2024_00080,MM,202407,,,500005,5대광역시,100001,지수,102.097872989139,지수,,5대광역시,지수,2024년 7월,2024,7,2024-07-01
A_2024_00080,MM,202407,,,500004,6대광역시,100001,지수,102.129153793249,지수,,6대광역시,지수,2024년 7월,2024,7,2024-07-01
A_2024_00080,MM,202407,,,500007,8개도,100001,지수,101.558775971189,지수,,8개도,지수,2024년 7월,2024,7,2024-07-01
A_2024_00080,MM,202407,,,500006,9개도,100001,지수,100.471588874155,지수,,9개도,지수,2024년 7월,2024,7,2024-07-01
A_2024_00080,MM,202407,,,510010,강남지역,100001,지수,93.0578610052604,지수,,서울>강남지역,지수,2024년 7월,2024,7,2024-07-01
A_2024_00080,MM,202407,,,510009,강북지역,100001,지수,93.9144499375693,지수,,서울>강북지역,지수,2024년 7월,2024,7,2024-07-01
A_2024_00080,MM,202407,,,500017,강원,100001,지수,99.8657988231236,지수,,강원,지수,2024년 7월,2024,7,2024-07-01
A_2024_00080,MM,202407,,,500009,경기,100001,지수,99.9455983993246,지수,,경기,지수,2024년 7월,2024,7,2024-07-01
A_2024_00080,MM,202407,,,500023,경남,100001,지수,101.852772263904,지수,,경남,지수,2024년 7월,2024,7,2024-07-01
A_2024_00080,MM,202407,,,510012,경부1권,100001,지수,95.935387318704,지수,,경기>경부1권,지수,2024년 7월,2024,7,2024-07-01
A_2024_00080,MM,202407,,,510013,경부2권,100001,지수,100.093926466602,지수,,경기>경부2권,지수,2024년 7월,2024,7,2024-07-01
A_2024_00080,MM,202407,,,500022,경북,100001,지수,100.538596004099,지수,,경북,지수,2024년 7월,2024,7,2024-07-01
A_2024_00080,MM,202407,,,510018,경원권,100001,지수,101.783458551828,지수,,경기>경원권,지수,2024년 7월,2024,7,2024-07-01
A_2024_00080,MM,202407,,,510017,경의권,100001,지수,101.746581647342,지수,,경기>경의권,지수,2024년 7월,2024,7,2024-07-01
A_2024_00080,MM,202407,,,500013,광주,100001,지수,102.01008935256,지수,,전남광주>광주,지수,2024년 7월,2024,7,2024-07-01
A_2024_00080,MM,202407,,,500012,대구,100001,지수,103.587322497317,지수,,대구,지수,2024년 7월,2024,7,2024-07-01
A_2024_00080,MM,202407,,,500014,대전,100001,지수,101.166470734876,지수,,대전,지수,2024년 7월,2024,7,2024-07-01
A_2024_00080,MM,202407,,,520010,도심권,100001,지수,90.4711370901561,지수,,서울>강북지역>도심권,지수,2024년 7월,2024,7,2024-07-01
A_2024_00080,MM,202407,,,520015,동남권,100001,지수,90.9912952921301,지수,,서울>강남지역>동남권,지수,2024년 7월,2024,7,2024-07-01
A_2024_00080,MM,202407,,,510015,동부1권,100001,지수,99.7326623654963,지수,,경기>동부1권,지수,2024년 7월,2024,7,2024-07-01
A_2024_00080,MM,202407,,,510016,동부2권,100001,지수,100.967771426829,지수,,경기>동부2권,지수,2024년 7월,2024,7,2024-07-01
A_2024_00080,MM,202407,,,510022,동부산권,100001,지수,102.191263341639,지수,,부산>동부산권,지수,2024년 7월,2024,7,2024-07-01
A_2024_00080,MM,202407,,,520011,동북권,100001,지수,95.2011868827088,지수,,서울>강북지역>동북권,지수,2024년 7월,2024,7,2024-07-01
A_2024_00080,MM,202407,,,500011,부산,100001,지수,102.001871396079,지수,,부산,지수,2024년 7월,2024,7,2024-07-01
A_2024_00080,MM,202407,,,520014,서남권,100001,지수,94.3921342182689,지수,,서울>강남지역>서남권,지수,2024년 7월,2024,7,2024-07-01
A_2024_00080,MM,202407,,,510023,서부산권,100001,지수,102.596341109935,지수,,부산>서부산권,지수,2024년 7월,2024,7,2024-07-01
A_2024_00080,MM,202407,,,520012,서북권,100001,지수,92.9684517553647,지수,,서울>강북지역>서북권,지수,2024년 7월,2024,7,2024-07-01
A_2024_00080,MM,202407,,,500008,서울,100001,지수,93.4719199161254,지수,,서울,지수,2024년 7월,2024,7,2024-07-01
A_2024_00080,MM,202407,,,510014,서해안권,100001,지수,100.354359465621,지수,,경기>서해안권,지수,2024년 7월,2024,7,2024-07-01
A_2024_00080,MM,202407,,,500016,세종,100001,지수,101.556603298391,지수,,세종,지수,2024년 7월,2024,7,2024-07-01
A_2024_00080,MM,202407,,,500002,수도권,100001,지수,97.2067349232514,지수,,수도권,지수,2024년 7월,2024,7,2024-07-01
A_2024_00080,MM,202407,,,500015,울산,100001,지수,101.190655488226,지수,,울산,지수,2024년 7월,2024,7,2024-07-01
A_2024_00080,MM,202407,,,500010,인천,100001,지수,102.172527543064,지수,,인천,지수,2024년 7월,2024,7,2024-07-01
A_2024_00080,MM,202407,,,500001,전국,100001,지수,98.4557352389955,지수,,전국,지수,2024년 7월,2024,7,2024-07-01
A_2024_00080,MM,202407,,,500021,전남,100001,지수,101.202504739944,지수,,전남광주>전남,지수,2024년 7월,2024,7,2024-07-01
A_2024_00080,MM,202407,,,500020,전북,100001,지수,101.577241291593,지수,,전북,지수,2024년 7월,2024,7,2024-07-01
A_2024_00080,MM,202407,,,500024,제주,100001,지수,102.794860807589,지수,,제주,지수,2024년 7월,2024,7,2024-07-01
A_2024_00080,MM,202407,,,510021,중부산권,100001,지수,101.685119903772,지수,,부산>중부산권,지수,2024년 7월,2024,7,2024-07-01
A_2024_00080,MM,202407,,,500003,지방권,100001,지수,101.813149697021,지수,,지방권,지수,2024년 7월,2024,7,2024-07-01
A_2024_00080,MM,202407,,,500019,충남,100001,지수,102.198066067636,지수,,충남,지수,2024년 7월,2024,7,2024-07-01
A_2024_00080,MM,202407,,,500018,충북,100001,지수,101.614900891448,지수,,충북,지수,2024년 7월,2024,7,2024-07-01
A_2024_00080,MM,202408,,,500005,5대광역시,100001,지수,101.957008708779,지수,,5대광역시,지수,2024년 8월,2024,8,2024-08-01
A_2024_00080,MM,202408,,,500004,6대광역시,100001,지수,101.985783112224,지수,,6대광역시,지수,2024년 8월,2024,8,2024-08-01
A_2024_00080,MM,202408,,,500007,8개도,100001,지수,101.500742086922,지수,,8개도,지수,2024년 8월,2024,8,2024-08-01
A_2024_00080,MM,202408,,,500006,9개도,100001,지수,100.495039351748,지수,,9개도,지수,2024년 8월,2024,8,2024-08-01
A_2024_00080,MM,202408,,,510010,강남지역,100001,지수,93.3009787917237,지수,,서울>강남지역,지수,2024년 8월,2024,8,2024-08-01
A_2024_00080,MM,202408,,,510009,강북지역,100001,지수,94.0923259143481,지수,,서울>강북지역,지수,2024년 8월,2024,8,2024-08-01
A_2024_00080,MM,202408,,,500017,강원,100001,지수,100.052010699758,지수,,강원,지수,2024년 8월,2024,8,2024-08-01
A_2024_00080,MM,202408,,,500009,경기,100001,지수,100.008305925798,지수,,경기,지수,2024년 8월,2024,8,2024-08-01
A_2024_00080,MM,202408,,,500023,경남,100001,지수,101.779559616933,지수,,경남,지수,2024년 8월,2024,8,2024-08-01
A_2024_00080,MM,202408,,,510012,경부1권,100001,지수,96.1081598316557,지수,,경기>경부1권,지수,2024년 8월,2024,8,2024-08-01
A_2024_00080,MM,202408,,,510013,경부2권,100001,지수,100.132608419837,지수,,경기>경부2권,지수,2024년 8월,2024,8,2024-08-01
A_2024_00080,MM,202408,,,500022,경북,100001,지수,100.590943587131,지수,,경북,지수,2024년 8월,2024,8,2024-08-01
A_2024_00080,MM,202408,,,510018,경원권,100001,지수,101.800208774468,지수,,경기>경원권,지수,2024년 8월,2024,8,2024-08-01
A_2024_00080,MM,202408,,,510017,경의권,100001,지수,101.769300609714,지수,,경기>경의권,지수,2024년 8월,2024,8,2024-08-01
A_2024_00080,MM,202408,,,500013,광주,100001,지수,101.820815536899,지수,,전남광주>광주,지수,2024년 8월,2024,8,2024-08-01
A_2024_00080,MM,202408,,,500012,대구,100001,지수,103.281616886445,지수,,대구,지수,2024년 8월,2024,8,2024-08-01
A_2024_00080,MM,202408,,,500014,대전,100001,지수,101.132784884637,지수,,대전,지수,2024년 8월,2024,8,2024-08-01
A_2024_00080,MM,202408,,,520010,도심권,100001,지수,90.695819790595,지수,,서울>강북지역>도심권,지수,2024년 8월,2024,8,2024-08-01
A_2024_00080,MM,202408,,,520015,동남권,100001,지수,91.2860764173063,지수,,서울>강남지역>동남권,지수,2024년 8월,2024,8,2024-08-01
A_2024_00080,MM,202408,,,510015,동부1권,100001,지수,99.8437451277826,지수,,경기>동부1권,지수,2024년 8월,2024,8,2024-08-01
A_2024_00080,MM,202408,,,510016,동부2권,100001,지수,101.144367340533,지수,,경기>동부2권,지수,2024년 8월,2024,8,2024-08-01
A_2024_00080,MM,202408,,,510022,동부산권,100001,지수,101.950461380282,지수,,부산>동부산권,지수,2024년 8월,2024,8,2024-08-01
A_2024_00080,MM,202408,,,520011,동북권,100001,지수,95.3496335198929,지수,,서울>강북지역>동북권,지수,2024년 8월,2024,8,2024-08-01
A_2024_00080,MM,202408,,,500011,부산,100001,지수,101.880874870552,지수,,부산,지수,2024년 8월,2024,8,2024-08-01
A_2024_00080,MM,202408,,,520014,서남권,100001,지수,94.6010650617641,지수,,서울>강남지역>서남권,지수,2024년 8월,2024,8,2024-08-01
A_2024_00080,MM,202408,,,510023,서부산권,100001,지수,102.501300409646,지수,,부산>서부산권,지수,2024년 8월,2024,8,2024-08-01
A_2024_00080,MM,202408,,,520012,서북권,100001,지수,93.178090928172,지수,,서울>강북지역>서북권,지수,2024년 8월,2024,8,2024-08-01
A_2024_00080,MM,202408,,,500008,서울,100001,지수,93.6835811864632,지수,,서울,지수,2024년 8월,2024,8,2024-08-01
A_2024_00080,MM,202408,,,510014,서해안권,100001,지수,100.377306208042,지수,,경기>서해안권,지수,2024년 8월,2024,8,2024-08-01
A_2024_00080,MM,202408,,,500016,세종,100001,지수,101.475074374844,지수,,세종,지수,2024년 8월,2024,8,2024-08-01
A_2024_00080,MM,202408,,,500002,수도권,100001,지수,97.314084082808,지수,,수도권,지수,2024년 8월,2024,8,2024-08-01
A_2024_00080,MM,202408,,,500015,울산,100001,지수,101.119994869617,지수,,울산,지수,2024년 8월,2024,8,2024-08-01
A_2024_00080,MM,202408,,,500010,인천,100001,지수,102.025731747837,지수,,인천,지수,2024년 8월,2024,8,2024-08-01
A_2024_00080,MM,202408,,,500001,전국,100001,지수,98.5083160842251,지수,,전국,지수,2024년 8월,2024,8,2024-08-01
A_2024_00080,MM,202408,,,500021,전남,100001,지수,101.115697904149,지수,,전남광주>전남,지수,2024년 8월,2024,8,2024-08-01
A_2024_00080,MM,202408,,,500020,전북,100001,지수,101.458371205514,지수,,전북,지수,2024년 8월,2024,8,2024-08-01
A_2024_00080,MM,202408,,,500024,제주,100001,지수,102.612897638552,지수,,제주,지수,2024년 8월,2024,8,2024-08-01
A_2024_00080,MM,202408,,,510021,중부산권,100001,지수,101.619740329054,지수,,부산>중부산권,지수,2024년 8월,2024,8,2024-08-01
A_2024_00080,MM,202408,,,500003,지방권,100001,지수,101.715914081529,지수,,지방권,지수,2024년 8월,2024,8,2024-08-01
A_2024_00080,MM,202408,,,500019,충남,100001,지수,102.036845047735,지수,,충남,지수,2024년 8월,2024,8,2024-08-01
A_2024_00080,MM,202408,,,500018,충북,100001,지수,101.600297201351,지수,,충북,지수,2024년 8월,2024,8,2024-08-01
A_2024_00080,MM,202409,,,500005,5대광역시,100001,지수,101.847945271783,지수,,5대광역시,지수,2024년 9월,2024,9,2024-09-01
A_2024_00080,MM,202409,,,500004,6대광역시,100001,지수,101.866663887353,지수,,6대광역시,지수,2024년 9월,2024,9,2024-09-01
A_2024_00080,MM,202409,,,500007,8개도,100001,지수,101.430389588686,지수,,8개도,지수,2024년 9월,2024,9,2024-09-01
A_2024_00080,MM,202409,,,500006,9개도,100001,지수,100.501724419188,지수,,9개도,지수,2024년 9월,2024,9,2024-09-01
A_2024_00080,MM,202409,,,510010,강남지역,100001,지수,93.4896577313461,지수,,서울>강남지역,지수,2024년 9월,2024,9,2024-09-01
A_2024_00080,MM,202409,,,510009,강북지역,100001,지수,94.2760088971909,지수,,서울>강북지역,지수,2024년 9월,2024,9,2024-09-01
A_2024_00080,MM,202409,,,500017,강원,100001,지수,100.110421421719,지수,,강원,지수,2024년 9월,2024,9,2024-09-01
A_2024_00080,MM,202409,,,500009,경기,100001,지수,100.052149342063,지수,,경기,지수,2024년 9월,2024,9,2024-09-01
A_2024_00080,MM,202409,,,500023,경남,100001,지수,101.664370842469,지수,,경남,지수,2024년 9월,2024,9,2024-09-01
A_2024_00080,MM,202409,,,510012,경부1권,100001,지수,96.3162897787616,지수,,경기>경부1권,지수,2024년 9월,2024,9,2024-09-01
A_2024_00080,MM,202409,,,510013,경부2권,100001,지수,99.9533658872698,지수,,경기>경부2권,지수,2024년 9월,2024,9,2024-09-01
A_2024_00080,MM,202409,,,500022,경북,100001,지수,100.64840917986,지수,,경북,지수,2024년 9월,2024,9,2024-09-01
A_2024_00080,MM,202409,,,510018,경원권,100001,지수,101.746102208003,지수,,경기>경원권,지수,2024년 9월,2024,9,2024-09-01
A_2024_00080,MM,202409,,,510017,경의권,100001,지수,101.837242773356,지수,,경기>경의권,지수,2024년 9월,2024,9,2024-09-01
A_2024_00080,MM,202409,,,500013,광주,100001,지수,101.642260425347,지수,,전남광주>광주,지수,2024년 9월,2024,9,2024-09-01
A_2024_00080,MM,202409,,,500012,대구,100001,지수,103.049400741464,지수,,대구,지수,2024년 9월,2024,9,2024-09-01
A_2024_00080,MM,202409,,,500014,대전,100001,지수,101.107966458132,지수,,대전,지수,2024년 9월,2024,9,2024-09-01
A_2024_00080,MM,202409,,,520010,도심권,100001,지수,90.931417241303,지수,,서울>강북지역>도심권,지수,2024년 9월,2024,9,2024-09-01
A_2024_00080,MM,202409,,,520015,동남권,100001,지수,91.5531765133324,지수,,서울>강남지역>동남권,지수,2024년 9월,2024,9,2024-09-01
A_2024_00080,MM,202409,,,510015,동부1권,100001,지수,99.9732278264195,지수,,경기>동부1권,지수,2024년 9월,2024,9,2024-09-01
A_2024_00080,MM,202409,,,510016,동부2권,100001,지수,101.215996105306,지수,,경기>동부2권,지수,2024년 9월,2024,9,2024-09-01
A_2024_00080,MM,202409,,,510022,동부산권,100001,지수,101.833137773056,지수,,부산>동부산권,지수,2024년 9월,2024,9,2024-09-01
A_2024_00080,MM,202409,,,520011,동북권,100001,지수,95.5106597764715,지수,,서울>강북지역>동북권,지수,2024년 9월,2024,9,2024-09-01
A_2024_00080,MM,202409,,,500011,부산,100001,지수,101.794026715093,지수,,부산,지수,2024년 9월,2024,9,2024-09-01
A_2024_00080,MM,202409,,,520014,서남권,100001,지수,94.7379770422279,지수,,서울>강남지역>서남권,지수,2024년 9월,2024,9,2024-09-01
A_2024_00080,MM,202409,,,510023,서부산권,100001,지수,102.419131044003,지수,,부산>서부산권,지수,2024년 9월,2024,9,2024-09-01
A_2024_00080,MM,202409,,,520012,서북권,100001,지수,93.3806653072875,지수,,서울>강북지역>서북권,지수,2024년 9월,2024,9,2024-09-01
A_2024_00080,MM,202409,,,500008,서울,100001,지수,93.8698525257293,지수,,서울,지수,2024년 9월,2024,9,2024-09-01
A_2024_00080,MM,202409,,,510014,서해안권,100001,지수,100.431196959399,지수,,경기>서해안권,지수,2024년 9월,2024,9,2024-09-01
A_2024_00080,MM,202409,,,500016,세종,100001,지수,101.387340134133,지수,,세종,지수,2024년 9월,2024,9,2024-09-01
A_2024_00080,MM,202409,,,500002,수도권,100001,지수,97.4034561413416,지수,,수도권,지수,2024년 9월,2024,9,2024-09-01
A_2024_00080,MM,202409,,,500015,울산,100001,지수,101.03296203975,지수,,울산,지수,2024년 9월,2024,9,2024-09-01
A_2024_00080,MM,202409,,,500010,인천,100001,지수,101.892875651348,지수,,인천,지수,2024년 9월,2024,9,2024-09-01
A_2024_00080,MM,202409,,,500001,전국,100001,지수,98.5499465982905,지수,,전국,지수,2024년 9월,2024,9,2024-09-01
A_2024_00080,MM,202409,,,500021,전남,100001,지수,101.032215996719,지수,,전남광주>전남,지수,2024년 9월,2024,9,2024-09-01
A_2024_00080,MM,202409,,,500020,전북,100001,지수,101.312255869495,지수,,전북,지수,2024년 9월,2024,9,2024-09-01
A_2024_00080,MM,202409,,,500024,제주,100001,지수,102.453390102594,지수,,제주,지수,2024년 9월,2024,9,2024-09-01
A_2024_00080,MM,202409,,,510021,중부산권,100001,지수,101.547747439259,지수,,부산>중부산권,지수,2024년 9월,2024,9,2024-09-01
A_2024_00080,MM,202409,,,500003,지방권,100001,지수,101.627205807778,지수,,지방권,지수,2024년 9월,2024,9,2024-09-01
A_2024_00080,MM,202409,,,500019,충남,100001,지수,101.98126027228,지수,,충남,지수,2024년 9월,2024,9,2024-09-01
A_2024_00080,MM,202409,,,500018,충북,100001,지수,101.430907772795,지수,,충북,지수,2024년 9월,2024,9,2024-09-01
A_2024_00080,MM,202410,,,500005,5대광역시,100001,지수,101.710776459821,지수,,5대광역시,지수,2024년 10월,2024,10,2024-10-01
A_2024_00080,MM,202410,,,500004,6대광역시,100001,지수,101.690819883913,지수,,6대광역시,지수,2024년 10월,2024,10,2024-10-01
A_2024_00080,MM,202410,,,500007,8개도,100001,지수,101.38932978454,지수,,8개도,지수,2024년 10월,2024,10,2024-10-01
A_2024_00080,MM,202410,,,500006,9개도,100001,지수,100.550290333247,지수,,9개도,지수,2024년 10월,2024,10,2024-10-01
A_2024_00080,MM,202410,,,510010,강남지역,100001,지수,93.6500812661369,지수,,서울>강남지역,지수,2024년 10월,2024,10,2024-10-01
A_2024_00080,MM,202410,,,510009,강북지역,100001,지수,94.4602917558905,지수,,서울>강북지역,지수,2024년 10월,2024,10,2024-10-01
A_2024_00080,MM,202410,,,500017,강원,100001,지수,100.173297380285,지수,,강원,지수,2024년 10월,2024,10,2024-10-01
A_2024_00080,MM,202410,,,500009,경기,100001,지수,100.14399806122,지수,,경기,지수,2024년 10월,2024,10,2024-10-01
A_2024_00080,MM,202410,,,500023,경남,100001,지수,101.602127454365,지수,,경남,지수,2024년 10월,2024,10,2024-10-01
A_2024_00080,MM,202410,,,510012,경부1권,100001,지수,96.5406143934024,지수,,경기>경부1권,지수,2024년 10월,2024,10,2024-10-01
A_2024_00080,MM,202410,,,510013,경부2권,100001,지수,100.036389803154,지수,,경기>경부2권,지수,2024년 10월,2024,10,2024-10-01
A_2024_00080,MM,202410,,,500022,경북,100001,지수,100.619652144058,지수,,경북,지수,2024년 10월,2024,10,2024-10-01
A_2024_00080,MM,202410,,,510018,경원권,100001,지수,101.658897964227,지수,,경기>경원권,지수,2024년 10월,2024,10,2024-10-01
A_2024_00080,MM,202410,,,510017,경의권,100001,지수,101.735535295599,지수,,경기>경의권,지수,2024년 10월,2024,10,2024-10-01
A_2024_00080,MM,202410,,,500013,광주,100001,지수,101.525554486469,지수,,전남광주>광주,지수,2024년 10월,2024,10,2024-10-01
A_2024_00080,MM,202410,,,500012,대구,100001,지수,102.858632425862,지수,,대구,지수,2024년 10월,2024,10,2024-10-01
A_2024_00080,MM,202410,,,500014,대전,100001,지수,101.054586938662,지수,,대전,지수,2024년 10월,2024,10,2024-10-01
A_2024_00080,MM,202410,,,520010,도심권,100001,지수,91.0998778804279,지수,,서울>강북지역>도심권,지수,2024년 10월,2024,10,2024-10-01
A_2024_00080,MM,202410,,,520015,동남권,100001,지수,91.8026128066985,지수,,서울>강남지역>동남권,지수,2024년 10월,2024,10,2024-10-01
A_2024_00080,MM,202410,,,510015,동부1권,100001,지수,100.046838598288,지수,,경기>동부1권,지수,2024년 10월,2024,10,2024-10-01
A_2024_00080,MM,202410,,,510016,동부2권,100001,지수,101.366279229862,지수,,경기>동부2권,지수,2024년 10월,2024,10,2024-10-01
A_2024_00080,MM,202410,,,510022,동부산권,100001,지수,101.693791484984,지수,,부산>동부산권,지수,2024년 10월,2024,10,2024-10-01
A_2024_00080,MM,202410,,,520011,동북권,100001,지수,95.6925901845043,지수,,서울>강북지역>동북권,지수,2024년 10월,2024,10,2024-10-01
A_2024_00080,MM,202410,,,500011,부산,100001,지수,101.639373281201,지수,,부산,지수,2024년 10월,2024,10,2024-10-01
A_2024_00080,MM,202410,,,520014,서남권,100001,지수,94.8397533438947,지수,,서울>강남지역>서남권,지수,2024년 10월,2024,10,2024-10-01
A_2024_00080,MM,202410,,,510023,서부산권,100001,지수,102.315271815968,지수,,부산>서부산권,지수,2024년 10월,2024,10,2024-10-01
A_2024_00080,MM,202410,,,520012,서북권,100001,지수,93.574277896132,지수,,서울>강북지역>서북권,지수,2024년 10월,2024,10,2024-10-01
A_2024_00080,MM,202410,,,500008,서울,100001,지수,94.0417843542006,지수,,서울,지수,2024년 10월,2024,10,2024-10-01
A_2024_00080,MM,202410,,,510014,서해안권,100001,지수,100.569031328263,지수,,경기>서해안권,지수,2024년 10월,2024,10,2024-10-01
A_2024_00080,MM,202410,,,500016,세종,100001,지수,101.34399533889,지수,,세종,지수,2024년 10월,2024,10,2024-10-01
A_2024_00080,MM,202410,,,500002,수도권,100001,지수,97.492795645138,지수,,수도권,지수,2024년 10월,2024,10,2024-10-01
A_2024_00080,MM,202410,,,500015,울산,100001,지수,100.978340788999,지수,,울산,지수,2024년 10월,2024,10,2024-10-01
A_2024_00080,MM,202410,,,500010,인천,100001,지수,101.664230413367,지수,,인천,지수,2024년 10월,2024,10,2024-10-01
A_2024_00080,MM,202410,,,500001,전국,100001,지수,98.5920935859989,지수,,전국,지수,2024년 10월,2024,10,2024-10-01
A_2024_00080,MM,202410,,,500021,전남,100001,지수,100.967104554996,지수,,전남광주>전남,지수,2024년 10월,2024,10,2024-10-01
A_2024_00080,MM,202410,,,500020,전북,100001,지수,101.244416675169,지수,,전북,지수,2024년 10월,2024,10,2024-10-01
A_2024_00080,MM,202410,,,500024,제주,100001,지수,102.348024917982,지수,,제주,지수,2024년 10월,2024,10,2024-10-01
A_2024_00080,MM,202410,,,510021,중부산권,100001,지수,101.366582012142,지수,,부산>중부산권,지수,2024년 10월,2024,10,2024-10-01
A_2024_00080,MM,202410,,,500003,지방권,100001,지수,101.540743746233,지수,,지방권,지수,2024년 10월,2024,10,2024-10-01
A_2024_00080,MM,202410,,,500019,충남,100001,지수,101.992029490423,지수,,충남,지수,2024년 10월,2024,10,2024-10-01
A_2024_00080,MM,202410,,,500018,충북,100001,지수,101.375328779549,지수,,충북,지수,2024년 10월,2024,10,2024-10-01
A_2024_00080,MM,202411,,,500005,5대광역시,100001,지수,101.54640425591,지수,,5대광역시,지수,2024년 11월,2024,11,2024-11-01
A_2024_00080,MM,202411,,,500004,6대광역시,100001,지수,101.518625859109,지수,,6대광역시,지수,2024년 11월,2024,11,2024-11-01
A_2024_00080,MM,202411,,,500007,8개도,100001,지수,101.2649530033,지수,,8개도,지수,2024년 11월,2024,11,2024-11-01
A_2024_00080,MM,202411,,,500006,9개도,100001,지수,100.535190531834,지수,,9개도,지수,2024년 11월,2024,11,2024-11-01
A_2024_00080,MM,202411,,,510010,강남지역,100001,지수,93.7296937357409,지수,,서울>강남지역,지수,2024년 11월,2024,11,2024-11-01
A_2024_00080,MM,202411,,,510009,강북지역,100001,지수,94.6452927604697,지수,,서울>강북지역,지수,2024년 11월,2024,11,2024-11-01
A_2024_00080,MM,202411,,,500017,강원,100001,지수,100.170535675616,지수,,강원,지수,2024년 11월,2024,11,2024-11-01
A_2024_00080,MM,202411,,,500009,경기,100001,지수,100.181749220987,지수,,경기,지수,2024년 11월,2024,11,2024-11-01
A_2024_00080,MM,202411,,,500023,경남,100001,지수,101.51976878843,지수,,경남,지수,2024년 11월,2024,11,2024-11-01
A_2024_00080,MM,202411,,,510012,경부1권,100001,지수,96.7702138086439,지수,,경기>경부1권,지수,2024년 11월,2024,11,2024-11-01
A_2024_00080,MM,202411,,,510013,경부2권,100001,지수,100.101027763562,지수,,경기>경부2권,지수,2024년 11월,2024,11,2024-11-01
A_2024_00080,MM,202411,,,500022,경북,100001,지수,100.550286939542,지수,,경북,지수,2024년 11월,2024,11,2024-11-01
A_2024_00080,MM,202411,,,510018,경원권,100001,지수,101.691561329008,지수,,경기>경원권,지수,2024년 11월,2024,11,2024-11-01
A_2024_00080,MM,202411,,,510017,경의권,100001,지수,101.737554470326,지수,,경기>경의권,지수,2024년 11월,2024,11,2024-11-01
A_2024_00080,MM,202411,,,500013,광주,100001,지수,101.394967250879,지수,,전남광주>광주,지수,2024년 11월,2024,11,2024-11-01
A_2024_00080,MM,202411,,,500012,대구,100001,지수,102.644218193235,지수,,대구,지수,2024년 11월,2024,11,2024-11-01
A_2024_00080,MM,202411,,,500014,대전,100001,지수,101.004419215029,지수,,대전,지수,2024년 11월,2024,11,2024-11-01
A_2024_00080,MM,202411,,,520010,도심권,100001,지수,91.2498997321467,지수,,서울>강북지역>도심권,지수,2024년 11월,2024,11,2024-11-01
A_2024_00080,MM,202411,,,520015,동남권,100001,지수,91.9311928877575,지수,,서울>강남지역>동남권,지수,2024년 11월,2024,11,2024-11-01
A_2024_00080,MM,202411,,,510015,동부1권,100001,지수,99.960225272983,지수,,경기>동부1권,지수,2024년 11월,2024,11,2024-11-01
A_2024_00080,MM,202411,,,510016,동부2권,100001,지수,101.367458093233,지수,,경기>동부2권,지수,2024년 11월,2024,11,2024-11-01
A_2024_00080,MM,202411,,,510022,동부산권,100001,지수,101.502556886278,지수,,부산>동부산권,지수,2024년 11월,2024,11,2024-11-01
A_2024_00080,MM,202411,,,520011,동북권,100001,지수,95.8718487776604,지수,,서울>강북지역>동북권,지수,2024년 11월,2024,11,2024-11-01
A_2024_00080,MM,202411,,,500011,부산,100001,지수,101.442855359949,지수,,부산,지수,2024년 11월,2024,11,2024-11-01
A_2024_00080,MM,202411,,,520014,서남권,100001,지수,94.8871476559641,지수,,서울>강남지역>서남권,지수,2024년 11월,2024,11,2024-11-01
A_2024_00080,MM,202411,,,510023,서부산권,100001,지수,102.226327504985,지수,,부산>서부산권,지수,2024년 11월,2024,11,2024-11-01
A_2024_00080,MM,202411,,,520012,서북권,100001,지수,93.7808990204081,지수,,서울>강북지역>서북권,지수,2024년 11월,2024,11,2024-11-01
A_2024_00080,MM,202411,,,500008,서울,100001,지수,94.172205899195,지수,,서울,지수,2024년 11월,2024,11,2024-11-01
A_2024_00080,MM,202411,,,510014,서해안권,100001,지수,100.590446139793,지수,,경기>서해안권,지수,2024년 11월,2024,11,2024-11-01
A_2024_00080,MM,202411,,,500016,세종,100001,지수,101.240648592979,지수,,세종,지수,2024년 11월,2024,11,2024-11-01
A_2024_00080,MM,202411,,,500002,수도권,100001,지수,97.5465607443732,지수,,수도권,지수,2024년 11월,2024,11,2024-11-01
A_2024_00080,MM,202411,,,500015,울산,100001,지수,100.931345550789,지수,,울산,지수,2024년 11월,2024,11,2024-11-01
A_2024_00080,MM,202411,,,500010,인천,100001,지수,101.481362580269,지수,,인천,지수,2024년 11월,2024,11,2024-11-01
A_2024_00080,MM,202411,,,500001,전국,100001,지수,98.5929130614032,지수,,전국,지수,2024년 11월,2024,11,2024-11-01
A_2024_00080,MM,202411,,,500021,전남,100001,지수,100.969589765606,지수,,전남광주>전남,지수,2024년 11월,2024,11,2024-11-01
A_2024_00080,MM,202411,,,500020,전북,100001,지수,101.115855561215,지수,,전북,지수,2024년 11월,2024,11,2024-11-01
A_2024_00080,MM,202411,,,500024,제주,100001,지수,102.141734238958,지수,,제주,지수,2024년 11월,2024,11,2024-11-01
A_2024_00080,MM,202411,,,510021,중부산권,100001,지수,101.128680360093,지수,,부산>중부산권,지수,2024년 11월,2024,11,2024-11-01
A_2024_00080,MM,202411,,,500003,지방권,100001,지수,101.397566677266,지수,,지방권,지수,2024년 11월,2024,11,2024-11-01
A_2024_00080,MM,202411,,,500019,충남,100001,지수,101.744350861455,지수,,충남,지수,2024년 11월,2024,11,2024-11-01
A_2024_00080,MM,202411,,,500018,충북,100001,지수,101.213841765413,지수,,충북,지수,2024년 11월,2024,11,2024-11-01
A_2024_00080,MM,202412,,,500005,5대광역시,100001,지수,101.416077579675,지수,,5대광역시,지수,2024년 12월,2024,12,2024-12-01
A_2024_00080,MM,202412,,,500004,6대광역시,100001,지수,101.33612820668,지수,,6대광역시,지수,2024년 12월,2024,12,2024-12-01
A_2024_00080,MM,202412,,,500007,8개도,100001,지수,101.13456504114,지수,,8개도,지수,2024년 12월,2024,12,2024-12-01
A_2024_00080,MM,202412,,,500006,9개도,100001,지수,100.466776073589,지수,,9개도,지수,2024년 12월,2024,12,2024-12-01
A_2024_00080,MM,202412,,,510010,강남지역,100001,지수,93.7656302030676,지수,,서울>강남지역,지수,2024년 12월,2024,12,2024-12-01
A_2024_00080,MM,202412,,,510009,강북지역,100001,지수,94.7669548601806,지수,,서울>강북지역,지수,2024년 12월,2024,12,2024-12-01
A_2024_00080,MM,202412,,,500017,강원,100001,지수,100.116313486132,지수,,강원,지수,2024년 12월,2024,12,2024-12-01
A_2024_00080,MM,202412,,,500009,경기,100001,지수,100.143345391801,지수,,경기,지수,2024년 12월,2024,12,2024-12-01
A_2024_00080,MM,202412,,,500023,경남,100001,지수,101.434488441863,지수,,경남,지수,2024년 12월,2024,12,2024-12-01
A_2024_00080,MM,202412,,,510012,경부1권,100001,지수,96.8635120556616,지수,,경기>경부1권,지수,2024년 12월,2024,12,2024-12-01
A_2024_00080,MM,202412,,,510013,경부2권,100001,지수,100.091335754371,지수,,경기>경부2권,지수,2024년 12월,2024,12,2024-12-01
A_2024_00080,MM,202412,,,500022,경북,100001,지수,100.364224596246,지수,,경북,지수,2024년 12월,2024,12,2024-12-01
A_2024_00080,MM,202412,,,510018,경원권,100001,지수,101.557700037738,지수,,경기>경원권,지수,2024년 12월,2024,12,2024-12-01
A_2024_00080,MM,202412,,,510017,경의권,100001,지수,101.666707528087,지수,,경기>경의권,지수,2024년 12월,2024,12,2024-12-01
A_2024_00080,MM,202412,,,500013,광주,100001,지수,101.249108823542,지수,,전남광주>광주,지수,2024년 12월,2024,12,2024-12-01
A_2024_00080,MM,202412,,,500012,대구,100001,지수,102.419870161474,지수,,대구,지수,2024년 12월,2024,12,2024-12-01
A_2024_00080,MM,202412,,,500014,대전,100001,지수,100.95744377761,지수,,대전,지수,2024년 12월,2024,12,2024-12-01
A_2024_00080,MM,202412,,,520010,도심권,100001,지수,91.3889409659521,지수,,서울>강북지역>도심권,지수,2024년 12월,2024,12,2024-12-01
A_2024_00080,MM,202412,,,520015,동남권,100001,지수,92.010799785726,지수,,서울>강남지역>동남권,지수,2024년 12월,2024,12,2024-12-01
A_2024_00080,MM,202412,,,510015,동부1권,100001,지수,99.8173670127106,지수,,경기>동부1권,지수,2024년 12월,2024,12,2024-12-01
A_2024_00080,MM,202412,,,510016,동부2권,100001,지수,101.280881580259,지수,,경기>동부2권,지수,2024년 12월,2024,12,2024-12-01
A_2024_00080,MM,202412,,,510022,동부산권,100001,지수,101.322993719979,지수,,부산>동부산권,지수,2024년 12월,2024,12,2024-12-01
A_2024_00080,MM,202412,,,520011,동북권,100001,지수,95.9889137206986,지수,,서울>강북지역>동북권,지수,2024년 12월,2024,12,2024-12-01
A_2024_00080,MM,202412,,,500011,부산,100001,지수,101.312670614511,지수,,부산,지수,2024년 12월,2024,12,2024-12-01
A_2024_00080,MM,202412,,,520014,서남권,100001,지수,94.8943852467936,지수,,서울>강남지역>서남권,지수,2024년 12월,2024,12,2024-12-01
A_2024_00080,MM,202412,,,510023,서부산권,100001,지수,102.116482940344,지수,,부산>서부산권,지수,2024년 12월,2024,12,2024-12-01
A_2024_00080,MM,202412,,,520012,서북권,100001,지수,93.9039600095912,지수,,서울>강북지역>서북권,지수,2024년 12월,2024,12,2024-12-01
A_2024_00080,MM,202412,,,500008,서울,100001,지수,94.2494500803966,지수,,서울,지수,2024년 12월,2024,12,2024-12-01
A_2024_00080,MM,202412,,,510014,서해안권,100001,지수,100.566223993855,지수,,경기>서해안권,지수,2024년 12월,2024,12,2024-12-01
A_2024_00080,MM,202412,,,500016,세종,100001,지수,101.122132929023,지수,,세종,지수,2024년 12월,2024,12,2024-12-01
A_2024_00080,MM,202412,,,500002,수도권,100001,지수,97.5356299591237,지수,,수도권,지수,2024년 12월,2024,12,2024-12-01
A_2024_00080,MM,202412,,,500015,울산,100001,지수,100.873838113844,지수,,울산,지수,2024년 12월,2024,12,2024-12-01
A_2024_00080,MM,202412,,,500010,인천,100001,지수,101.227727393879,지수,,인천,지수,2024년 12월,2024,12,2024-12-01
A_2024_00080,MM,202412,,,500001,전국,100001,지수,98.5498488247522,지수,,전국,지수,2024년 12월,2024,12,2024-12-01
A_2024_00080,MM,202412,,,500021,전남,100001,지수,100.858999886948,지수,,전남광주>전남,지수,2024년 12월,2024,12,2024-12-01
A_2024_00080,MM,202412,,,500020,전북,100001,지수,100.829523005254,지수,,전북,지수,2024년 12월,2024,12,2024-12-01
A_2024_00080,MM,202412,,,500024,제주,100001,지수,102.016608384968,지수,,제주,지수,2024년 12월,2024,12,2024-12-01
A_2024_00080,MM,202412,,,510021,중부산권,100001,지수,101.017997518408,지수,,부산>중부산권,지수,2024년 12월,2024,12,2024-12-01
A_2024_00080,MM,202412,,,500003,지방권,100001,지수,101.267262046929,지수,,지방권,지수,2024년 12월,2024,12,2024-12-01
A_2024_00080,MM,202412,,,500019,충남,100001,지수,101.638805520959,지수,,충남,지수,2024년 12월,2024,12,2024-12-01
A_2024_00080,MM,202412,,,500018,충북,100001,지수,101.121642009856,지수,,충북,지수,2024년 12월,2024,12,2024-12-01
A_2024_00080,MM,202501,,,500005,5대광역시,100001,지수,101.257866519372,지수,,5대광역시,지수,2025년 1월,2025,1,2025-01-01
A_2024_00080,MM,202501,,,500004,6대광역시,100001,지수,101.182532565352,지수,,6대광역시,지수,2025년 1월,2025,1,2025-01-01
A_2024_00080,MM,202501,,,500007,8개도,100001,지수,101.057210379341,지수,,8개도,지수,2025년 1월,2025,1,2025-01-01
A_2024_00080,MM,202501,,,500006,9개도,100001,지수,100.377727944015,지수,,9개도,지수,2025년 1월,2025,1,2025-01-01
A_2024_00080,MM,202501,,,510010,강남지역,100001,지수,93.7933322849043,지수,,서울>강남지역,지수,2025년 1월,2025,1,2025-01-01
A_2024_00080,MM,202501,,,510009,강북지역,100001,지수,94.8338895638404,지수,,서울>강북지역,지수,2025년 1월,2025,1,2025-01-01
A_2024_00080,MM,202501,,,500017,강원,100001,지수,100.06622340525,지수,,강원,지수,2025년 1월,2025,1,2025-01-01
A_2024_00080,MM,202501,,,500009,경기,100001,지수,100.048632609662,지수,,경기,지수,2025년 1월,2025,1,2025-01-01
A_2024_00080,MM,202501,,,500023,경남,100001,지수,101.334377566744,지수,,경남,지수,2025년 1월,2025,1,2025-01-01
A_2024_00080,MM,202501,,,510012,경부1권,100001,지수,96.9357407874992,지수,,경기>경부1권,지수,2025년 1월,2025,1,2025-01-01
A_2024_00080,MM,202501,,,510013,경부2권,100001,지수,100.047626414068,지수,,경기>경부2권,지수,2025년 1월,2025,1,2025-01-01
A_2024_00080,MM,202501,,,500022,경북,100001,지수,100.334913197895,지수,,경북,지수,2025년 1월,2025,1,2025-01-01
A_2024_00080,MM,202501,,,510018,경원권,100001,지수,101.47460517644,지수,,경기>경원권,지수,2025년 1월,2025,1,2025-01-01
A_2024_00080,MM,202501,,,510017,경의권,100001,지수,101.487870262127,지수,,경기>경의권,지수,2025년 1월,2025,1,2025-01-01
A_2024_00080,MM,202501,,,500013,광주,100001,지수,101.144978012431,지수,,전남광주>광주,지수,2025년 1월,2025,1,2025-01-01
A_2024_00080,MM,202501,,,500012,대구,100001,지수,102.175159812586,지수,,대구,지수,2025년 1월,2025,1,2025-01-01
A_2024_00080,MM,202501,,,500014,대전,100001,지수,100.874356011565,지수,,대전,지수,2025년 1월,2025,1,2025-01-01
A_2024_00080,MM,202501,,,520010,도심권,100001,지수,91.4987744879725,지수,,서울>강북지역>도심권,지수,2025년 1월,2025,1,2025-01-01
A_2024_00080,MM,202501,,,520015,동남권,100001,지수,92.0706956292993,지수,,서울>강남지역>동남권,지수,2025년 1월,2025,1,2025-01-01
A_2024_00080,MM,202501,,,510015,동부1권,100001,지수,99.7361424844461,지수,,경기>동부1권,지수,2025년 1월,2025,1,2025-01-01
A_2024_00080,MM,202501,,,510016,동부2권,100001,지수,101.168922777882,지수,,경기>동부2권,지수,2025년 1월,2025,1,2025-01-01
A_2024_00080,MM,202501,,,510022,동부산권,100001,지수,101.065764189529,지수,,부산>동부산권,지수,2025년 1월,2025,1,2025-01-01
A_2024_00080,MM,202501,,,520011,동북권,100001,지수,96.0361798664605,지수,,서울>강북지역>동북권,지수,2025년 1월,2025,1,2025-01-01
A_2024_00080,MM,202501,,,500011,부산,100001,지수,101.148859595374,지수,,부산,지수,2025년 1월,2025,1,2025-01-01
A_2024_00080,MM,202501,,,520014,서남권,100001,지수,94.9009449842221,지수,,서울>강남지역>서남권,지수,2025년 1월,2025,1,2025-01-01
A_2024_00080,MM,202501,,,510023,서부산권,100001,지수,101.944258877673,지수,,부산>서부산권,지수,2025년 1월,2025,1,2025-01-01
A_2024_00080,MM,202501,,,520012,서북권,100001,지수,93.9881283572905,지수,,서울>강북지역>서북권,지수,2025년 1월,2025,1,2025-01-01
A_2024_00080,MM,202501,,,500008,서울,100001,지수,94.2960505904008,지수,,서울,지수,2025년 1월,2025,1,2025-01-01
A_2024_00080,MM,202501,,,510014,서해안권,100001,지수,100.41082325912,지수,,경기>서해안권,지수,2025년 1월,2025,1,2025-01-01
A_2024_00080,MM,202501,,,500016,세종,100001,지수,101.024431335397,지수,,세종,지수,2025년 1월,2025,1,2025-01-01
A_2024_00080,MM,202501,,,500002,수도권,100001,지수,97.5012430909341,지수,,수도권,지수,2025년 1월,2025,1,2025-01-01
A_2024_00080,MM,202501,,,500015,울산,100001,지수,100.778500275192,지수,,울산,지수,2025년 1월,2025,1,2025-01-01
A_2024_00080,MM,202501,,,500010,인천,100001,지수,101.080420653898,지수,,인천,지수,2025년 1월,2025,1,2025-01-01
A_2024_00080,MM,202501,,,500001,전국,100001,지수,98.4935664578973,지수,,전국,지수,2025년 1월,2025,1,2025-01-01
A_2024_00080,MM,202501,,,500021,전남,100001,지수,100.861358713739,지수,,전남광주>전남,지수,2025년 1월,2025,1,2025-01-01
A_2024_00080,MM,202501,,,500020,전북,100001,지수,100.771608243533,지수,,전북,지수,2025년 1월,2025,1,2025-01-01
A_2024_00080,MM,202501,,,500024,제주,100001,지수,101.877013539157,지수,,제주,지수,2025년 1월,2025,1,2025-01-01
A_2024_00080,MM,202501,,,510021,중부산권,100001,지수,100.907915331239,지수,,부산>중부산권,지수,2025년 1월,2025,1,2025-01-01
A_2024_00080,MM,202501,,,500003,지방권,100001,지수,101.151601542945,지수,,지방권,지수,2025년 1월,2025,1,2025-01-01
A_2024_00080,MM,202501,,,500019,충남,100001,지수,101.497119020328,지수,,충남,지수,2025년 1월,2025,1,2025-01-01
A_2024_00080,MM,202501,,,500018,충북,100001,지수,101.10302872941,지수,,충북,지수,2025년 1월,2025,1,2025-01-01
A_2024_00080,MM,202502,,,500005,5대광역시,100001,지수,101.138266178569,지수,,5대광역시,지수,2025년 2월,2025,2,2025-02-01
A_2024_00080,MM,202502,,,500004,6대광역시,100001,지수,101.028387877479,지수,,6대광역시,지수,2025년 2월,2025,2,2025-02-01
A_2024_00080,MM,202502,,,500007,8개도,100001,지수,100.985819629186,지수,,8개도,지수,2025년 2월,2025,2,2025-02-01
A_2024_00080,MM,202502,,,500006,9개도,100001,지수,100.313480904284,지수,,9개도,지수,2025년 2월,2025,2,2025-02-01
A_2024_00080,MM,202502,,,510010,강남지역,100001,지수,93.8865349156964,지수,,서울>강남지역,지수,2025년 2월,2025,2,2025-02-01
A_2024_00080,MM,202502,,,510009,강북지역,100001,지수,94.9291555929228,지수,,서울>강북지역,지수,2025년 2월,2025,2,2025-02-01
A_2024_00080,MM,202502,,,500017,강원,100001,지수,100.102824769778,지수,,강원,지수,2025년 2월,2025,2,2025-02-01
A_2024_00080,MM,202502,,,500009,경기,100001,지수,99.9878459818998,지수,,경기,지수,2025년 2월,2025,2,2025-02-01
A_2024_00080,MM,202502,,,500023,경남,100001,지수,101.244065404987,지수,,경남,지수,2025년 2월,2025,2,2025-02-01
A_2024_00080,MM,202502,,,510012,경부1권,100001,지수,96.9268072678721,지수,,경기>경부1권,지수,2025년 2월,2025,2,2025-02-01
A_2024_00080,MM,202502,,,510013,경부2권,100001,지수,100.054371646834,지수,,경기>경부2권,지수,2025년 2월,2025,2,2025-02-01
A_2024_00080,MM,202502,,,500022,경북,100001,지수,100.305810986883,지수,,경북,지수,2025년 2월,2025,2,2025-02-01
A_2024_00080,MM,202502,,,510018,경원권,100001,지수,101.362078349188,지수,,경기>경원권,지수,2025년 2월,2025,2,2025-02-01
A_2024_00080,MM,202502,,,510017,경의권,100001,지수,101.35047386186,지수,,경기>경의권,지수,2025년 2월,2025,2,2025-02-01
A_2024_00080,MM,202502,,,500013,광주,100001,지수,101.081497846922,지수,,전남광주>광주,지수,2025년 2월,2025,2,2025-02-01
A_2024_00080,MM,202502,,,500012,대구,100001,지수,101.923740542254,지수,,대구,지수,2025년 2월,2025,2,2025-02-01
A_2024_00080,MM,202502,,,500014,대전,100001,지수,100.843672668684,지수,,대전,지수,2025년 2월,2025,2,2025-02-01
A_2024_00080,MM,202502,,,520010,도심권,100001,지수,91.6723204253172,지수,,서울>강북지역>도심권,지수,2025년 2월,2025,2,2025-02-01
A_2024_00080,MM,202502,,,520015,동남권,100001,지수,92.2537618024472,지수,,서울>강남지역>동남권,지수,2025년 2월,2025,2,2025-02-01
A_2024_00080,MM,202502,,,510015,동부1권,100001,지수,99.6588331661485,지수,,경기>동부1권,지수,2025년 2월,2025,2,2025-02-01
A_2024_00080,MM,202502,,,510016,동부2권,100001,지수,101.129741253423,지수,,경기>동부2권,지수,2025년 2월,2025,2,2025-02-01
A_2024_00080,MM,202502,,,510022,동부산권,100001,지수,100.975865626051,지수,,부산>동부산권,지수,2025년 2월,2025,2,2025-02-01
A_2024_00080,MM,202502,,,520011,동북권,100001,지수,96.1146321588485,지수,,서울>강북지역>동북권,지수,2025년 2월,2025,2,2025-02-01
A_2024_00080,MM,202502,,,500011,부산,100001,지수,101.035293074218,지수,,부산,지수,2025년 2월,2025,2,2025-02-01
A_2024_00080,MM,202502,,,520014,서남권,100001,지수,94.93519463502,지수,,서울>강남지역>서남권,지수,2025년 2월,2025,2,2025-02-01
A_2024_00080,MM,202502,,,510023,서부산권,100001,지수,101.79909874311,지수,,부산>서부산권,지수,2025년 2월,2025,2,2025-02-01
A_2024_00080,MM,202502,,,520012,서북권,100001,지수,94.083539847186,지수,,서울>강북지역>서북권,지수,2025년 2월,2025,2,2025-02-01
A_2024_00080,MM,202502,,,500008,서울,100001,지수,94.3902485691926,지수,,서울,지수,2025년 2월,2025,2,2025-02-01
A_2024_00080,MM,202502,,,510014,서해안권,100001,지수,100.339688987886,지수,,경기>서해안권,지수,2025년 2월,2025,2,2025-02-01
A_2024_00080,MM,202502,,,500016,세종,100001,지수,100.827741377017,지수,,세종,지수,2025년 2월,2025,2,2025-02-01
A_2024_00080,MM,202502,,,500002,수도권,100001,지수,97.4959685923625,지수,,수도권,지수,2025년 2월,2025,2,2025-02-01
A_2024_00080,MM,202502,,,500015,울산,100001,지수,100.715633880674,지수,,울산,지수,2025년 2월,2025,2,2025-02-01
A_2024_00080,MM,202502,,,500010,인천,100001,지수,100.879215919381,지수,,인천,지수,2025년 2월,2025,2,2025-02-01
A_2024_00080,MM,202502,,,500001,전국,100001,지수,98.464174553519,지수,,전국,지수,2025년 2월,2025,2,2025-02-01
A_2024_00080,MM,202502,,,500021,전남,100001,지수,100.781797342903,지수,,전남광주>전남,지수,2025년 2월,2025,2,2025-02-01
A_2024_00080,MM,202502,,,500020,전북,100001,지수,100.69511221224,지수,,전북,지수,2025년 2월,2025,2,2025-02-01
A_2024_00080,MM,202502,,,500024,제주,100001,지수,101.717050649684,지수,,제주,지수,2025년 2월,2025,2,2025-02-01
A_2024_00080,MM,202502,,,510021,중부산권,100001,지수,100.792806761852,지수,,부산>중부산권,지수,2025년 2월,2025,2,2025-02-01
A_2024_00080,MM,202502,,,500003,지방권,100001,지수,101.056848754318,지수,,지방권,지수,2025년 2월,2025,2,2025-02-01
A_2024_00080,MM,202502,,,500019,충남,100001,지수,101.437417905831,지수,,충남,지수,2025년 2월,2025,2,2025-02-01
A_2024_00080,MM,202502,,,500018,충북,100001,지수,101.02836241042,지수,,충북,지수,2025년 2월,2025,2,2025-02-01
A_2024_00080,MM,202503,,,500005,5대광역시,100001,지수,101.04945743535,지수,,5대광역시,지수,2025년 3월,2025,3,2025-03-01
A_2024_00080,MM,202503,,,500004,6대광역시,100001,지수,100.944032297726,지수,,6대광역시,지수,2025년 3월,2025,3,2025-03-01
A_2024_00080,MM,202503,,,500007,8개도,100001,지수,100.921159959419,지수,,8개도,지수,2025년 3월,2025,3,2025-03-01
A_2024_00080,MM,202503,,,500006,9개도,100001,지수,100.295489936992,지수,,9개도,지수,2025년 3월,2025,3,2025-03-01
A_2024_00080,MM,202503,,,510010,강남지역,100001,지수,94.0262533367428,지수,,서울>강남지역,지수,2025년 3월,2025,3,2025-03-01
A_2024_00080,MM,202503,,,510009,강북지역,100001,지수,95.0609388796154,지수,,서울>강북지역,지수,2025년 3월,2025,3,2025-03-01
A_2024_00080,MM,202503,,,500017,강원,100001,지수,100.166360467869,지수,,강원,지수,2025년 3월,2025,3,2025-03-01
A_2024_00080,MM,202503,,,500009,경기,100001,지수,99.9924703797825,지수,,경기,지수,2025년 3월,2025,3,2025-03-01
A_2024_00080,MM,202503,,,500023,경남,100001,지수,101.152697382855,지수,,경남,지수,2025년 3월,2025,3,2025-03-01
A_2024_00080,MM,202503,,,510012,경부1권,100001,지수,97.203166925585,지수,,경기>경부1권,지수,2025년 3월,2025,3,2025-03-01
A_2024_00080,MM,202503,,,510013,경부2권,100001,지수,100.0249130171,지수,,경기>경부2권,지수,2025년 3월,2025,3,2025-03-01
A_2024_00080,MM,202503,,,500022,경북,100001,지수,100.3180823766,지수,,경북,지수,2025년 3월,2025,3,2025-03-01
A_2024_00080,MM,202503,,,510018,경원권,100001,지수,101.223287765927,지수,,경기>경원권,지수,2025년 3월,2025,3,2025-03-01
A_2024_00080,MM,202503,,,510017,경의권,100001,지수,101.273575788208,지수,,경기>경의권,지수,2025년 3월,2025,3,2025-03-01
A_2024_00080,MM,202503,,,500013,광주,100001,지수,100.966963200535,지수,,전남광주>광주,지수,2025년 3월,2025,3,2025-03-01
A_2024_00080,MM,202503,,,500012,대구,100001,지수,101.722611589829,지수,,대구,지수,2025년 3월,2025,3,2025-03-01
A_2024_00080,MM,202503,,,500014,대전,100001,지수,100.788052386966,지수,,대전,지수,2025년 3월,2025,3,2025-03-01
A_2024_00080,MM,202503,,,520010,도심권,100001,지수,91.9308724403797,지수,,서울>강북지역>도심권,지수,2025년 3월,2025,3,2025-03-01
A_2024_00080,MM,202503,,,520015,동남권,100001,지수,92.480471893114,지수,,서울>강남지역>동남권,지수,2025년 3월,2025,3,2025-03-01
A_2024_00080,MM,202503,,,510015,동부1권,100001,지수,99.5642964343461,지수,,경기>동부1권,지수,2025년 3월,2025,3,2025-03-01
A_2024_00080,MM,202503,,,510016,동부2권,100001,지수,100.945991940275,지수,,경기>동부2권,지수,2025년 3월,2025,3,2025-03-01
A_2024_00080,MM,202503,,,510022,동부산권,100001,지수,100.902607652843,지수,,부산>동부산권,지수,2025년 3월,2025,3,2025-03-01
A_2024_00080,MM,202503,,,520011,동북권,100001,지수,96.2076822857267,지수,,서울>강북지역>동북권,지수,2025년 3월,2025,3,2025-03-01
A_2024_00080,MM,202503,,,500011,부산,100001,지수,100.97135882296,지수,,부산,지수,2025년 3월,2025,3,2025-03-01
A_2024_00080,MM,202503,,,520014,서남권,100001,지수,95.0179264718764,지수,,서울>강남지역>서남권,지수,2025년 3월,2025,3,2025-03-01
A_2024_00080,MM,202503,,,510023,서부산권,100001,지수,101.663079470137,지수,,부산>서부산권,지수,2025년 3월,2025,3,2025-03-01
A_2024_00080,MM,202503,,,520012,서북권,100001,지수,94.2345492157782,지수,,서울>강북지역>서북권,지수,2025년 3월,2025,3,2025-03-01
A_2024_00080,MM,202503,,,500008,서울,100001,지수,94.5261473236934,지수,,서울,지수,2025년 3월,2025,3,2025-03-01
A_2024_00080,MM,202503,,,510014,서해안권,100001,지수,100.372263483514,지수,,경기>서해안권,지수,2025년 3월,2025,3,2025-03-01
A_2024_00080,MM,202503,,,500016,세종,100001,지수,100.737224413949,지수,,세종,지수,2025년 3월,2025,3,2025-03-01
A_2024_00080,MM,202503,,,500002,수도권,100001,지수,97.5521749555468,지수,,수도권,지수,2025년 3월,2025,3,2025-03-01
A_2024_00080,MM,202503,,,500015,울산,100001,지수,100.656148673283,지수,,울산,지수,2025년 3월,2025,3,2025-03-01
A_2024_00080,MM,202503,,,500010,인천,100001,지수,100.800924286021,지수,,인천,지수,2025년 3월,2025,3,2025-03-01
A_2024_00080,MM,202503,,,500001,전국,100001,지수,98.4846705003677,지수,,전국,지수,2025년 3월,2025,3,2025-03-01
A_2024_00080,MM,202503,,,500021,전남,100001,지수,100.730761902957,지수,,전남광주>전남,지수,2025년 3월,2025,3,2025-03-01
A_2024_00080,MM,202503,,,500020,전북,100001,지수,100.58732460985,지수,,전북,지수,2025년 3월,2025,3,2025-03-01
A_2024_00080,MM,202503,,,500024,제주,100001,지수,101.598156946205,지수,,제주,지수,2025년 3월,2025,3,2025-03-01
A_2024_00080,MM,202503,,,510021,중부산권,100001,지수,100.759767541857,지수,,부산>중부산권,지수,2025년 3월,2025,3,2025-03-01
A_2024_00080,MM,202503,,,500003,지방권,100001,지수,100.980652553376,지수,,지방권,지수,2025년 3월,2025,3,2025-03-01
A_2024_00080,MM,202503,,,500019,충남,100001,지수,101.323666806842,지수,,충남,지수,2025년 3월,2025,3,2025-03-01
A_2024_00080,MM,202503,,,500018,충북,100001,지수,100.939732605595,지수,,충북,지수,2025년 3월,2025,3,2025-03-01
A_2024_00080,MM,202504,,,500005,5대광역시,100001,지수,100.940509665689,지수,,5대광역시,지수,2025년 4월,2025,4,2025-04-01
A_2024_00080,MM,202504,,,500004,6대광역시,100001,지수,100.832212784302,지수,,6대광역시,지수,2025년 4월,2025,4,2025-04-01
A_2024_00080,MM,202504,,,500007,8개도,100001,지수,100.859117641248,지수,,8개도,지수,2025년 4월,2025,4,2025-04-01
A_2024_00080,MM,202504,,,500006,9개도,100001,지수,100.274354852671,지수,,9개도,지수,2025년 4월,2025,4,2025-04-01
A_2024_00080,MM,202504,,,510010,강남지역,100001,지수,94.132367013805,지수,,서울>강남지역,지수,2025년 4월,2025,4,2025-04-01
A_2024_00080,MM,202504,,,510009,강북지역,100001,지수,95.1943769090756,지수,,서울>강북지역,지수,2025년 4월,2025,4,2025-04-01
A_2024_00080,MM,202504,,,500017,강원,100001,지수,100.270941666467,지수,,강원,지수,2025년 4월,2025,4,2025-04-01
A_2024_00080,MM,202504,,,500009,경기,100001,지수,99.9910620221124,지수,,경기,지수,2025년 4월,2025,4,2025-04-01
A_2024_00080,MM,202504,,,500023,경남,100001,지수,101.07017145778,지수,,경남,지수,2025년 4월,2025,4,2025-04-01
A_2024_00080,MM,202504,,,510012,경부1권,100001,지수,97.3156782850609,지수,,경기>경부1권,지수,2025년 4월,2025,4,2025-04-01
A_2024_00080,MM,202504,,,510013,경부2권,100001,지수,99.9821094467787,지수,,경기>경부2권,지수,2025년 4월,2025,4,2025-04-01
A_2024_00080,MM,202504,,,500022,경북,100001,지수,100.279654395643,지수,,경북,지수,2025년 4월,2025,4,2025-04-01
A_2024_00080,MM,202504,,,510018,경원권,100001,지수,101.165971701523,지수,,경기>경원권,지수,2025년 4월,2025,4,2025-04-01
A_2024_00080,MM,202504,,,510017,경의권,100001,지수,101.246292289549,지수,,경기>경의권,지수,2025년 4월,2025,4,2025-04-01
A_2024_00080,MM,202504,,,500013,광주,100001,지수,100.859162839602,지수,,전남광주>광주,지수,2025년 4월,2025,4,2025-04-01
A_2024_00080,MM,202504,,,500012,대구,100001,지수,101.518568599911,지수,,대구,지수,2025년 4월,2025,4,2025-04-01
A_2024_00080,MM,202504,,,500014,대전,100001,지수,100.719717037372,지수,,대전,지수,2025년 4월,2025,4,2025-04-01
A_2024_00080,MM,202504,,,520010,도심권,100001,지수,92.1628125785701,지수,,서울>강북지역>도심권,지수,2025년 4월,2025,4,2025-04-01
A_2024_00080,MM,202504,,,520015,동남권,100001,지수,92.5727494464328,지수,,서울>강남지역>동남권,지수,2025년 4월,2025,4,2025-04-01
A_2024_00080,MM,202504,,,510015,동부1권,100001,지수,99.6121654635242,지수,,경기>동부1권,지수,2025년 4월,2025,4,2025-04-01
A_2024_00080,MM,202504,,,510016,동부2권,100001,지수,100.914687863662,지수,,경기>동부2권,지수,2025년 4월,2025,4,2025-04-01
A_2024_00080,MM,202504,,,510022,동부산권,100001,지수,100.771708028746,지수,,부산>동부산권,지수,2025년 4월,2025,4,2025-04-01
A_2024_00080,MM,202504,,,520011,동북권,100001,지수,96.3225495747068,지수,,서울>강북지역>동북권,지수,2025년 4월,2025,4,2025-04-01
A_2024_00080,MM,202504,,,500011,부산,100001,지수,100.87120521038,지수,,부산,지수,2025년 4월,2025,4,2025-04-01
A_2024_00080,MM,202504,,,520014,서남권,100001,지수,95.1330231010914,지수,,서울>강남지역>서남권,지수,2025년 4월,2025,4,2025-04-01
A_2024_00080,MM,202504,,,510023,서부산권,100001,지수,101.541063151222,지수,,부산>서부산권,지수,2025년 4월,2025,4,2025-04-01
A_2024_00080,MM,202504,,,520012,서북권,100001,지수,94.3638634024331,지수,,서울>강북지역>서북권,지수,2025년 4월,2025,4,2025-04-01
A_2024_00080,MM,202504,,,500008,서울,100001,지수,94.6454259413991,지수,,서울,지수,2025년 4월,2025,4,2025-04-01
A_2024_00080,MM,202504,,,510014,서해안권,100001,지수,100.351571066518,지수,,경기>서해안권,지수,2025년 4월,2025,4,2025-04-01
A_2024_00080,MM,202504,,,500016,세종,100001,지수,100.683870988716,지수,,세종,지수,2025년 4월,2025,4,2025-04-01
A_2024_00080,MM,202504,,,500002,수도권,100001,지수,97.5932610725526,지수,,수도권,지수,2025년 4월,2025,4,2025-04-01
A_2024_00080,MM,202504,,,500015,울산,100001,지수,100.617740871789,지수,,울산,지수,2025년 4월,2025,4,2025-04-01
A_2024_00080,MM,202504,,,500010,인천,100001,지수,100.685211694103,지수,,인천,지수,2025년 4월,2025,4,2025-04-01
A_2024_00080,MM,202504,,,500001,전국,100001,지수,98.4921303707578,지수,,전국,지수,2025년 4월,2025,4,2025-04-01
A_2024_00080,MM,202504,,,500021,전남,100001,지수,100.668682012648,지수,,전남광주>전남,지수,2025년 4월,2025,4,2025-04-01
A_2024_00080,MM,202504,,,500020,전북,100001,지수,100.518292060317,지수,,전북,지수,2025년 4월,2025,4,2025-04-01
A_2024_00080,MM,202504,,,500024,제주,100001,지수,101.471320779708,지수,,제주,지수,2025년 4월,2025,4,2025-04-01
A_2024_00080,MM,202504,,,510021,중부산권,100001,지수,100.684082134669,지수,,부산>중부산권,지수,2025년 4월,2025,4,2025-04-01
A_2024_00080,MM,202504,,,500003,지방권,100001,지수,100.896594369506,지수,,지방권,지수,2025년 4월,2025,4,2025-04-01
A_2024_00080,MM,202504,,,500019,충남,100001,지수,101.214802029796,지수,,충남,지수,2025년 4월,2025,4,2025-04-01
A_2024_00080,MM,202504,,,500018,충북,100001,지수,100.919889280062,지수,,충북,지수,2025년 4월,2025,4,2025-04-01
A_2024_00080,MM,202505,,,500005,5대광역시,100001,지수,100.744733272742,지수,,5대광역시,지수,2025년 5월,2025,5,2025-05-01
A_2024_00080,MM,202505,,,500004,6대광역시,100001,지수,100.669001139724,지수,,6대광역시,지수,2025년 5월,2025,5,2025-05-01
A_2024_00080,MM,202505,,,500007,8개도,100001,지수,100.691228880887,지수,,8개도,지수,2025년 5월,2025,5,2025-05-01
A_2024_00080,MM,202505,,,500006,9개도,100001,지수,100.158337929027,지수,,9개도,지수,2025년 5월,2025,5,2025-05-01
A_2024_00080,MM,202505,,,510010,강남지역,100001,지수,94.2694848885664,지수,,서울>강남지역,지수,2025년 5월,2025,5,2025-05-01
A_2024_00080,MM,202505,,,510009,강북지역,100001,지수,95.3756588951593,지수,,서울>강북지역,지수,2025년 5월,2025,5,2025-05-01
A_2024_00080,MM,202505,,,500017,강원,100001,지수,100.137642680096,지수,,강원,지수,2025년 5월,2025,5,2025-05-01
A_2024_00080,MM,202505,,,500009,경기,100001,지수,99.9000772059651,지수,,경기,지수,2025년 5월,2025,5,2025-05-01
A_2024_00080,MM,202505,,,500023,경남,100001,지수,100.942068682095,지수,,경남,지수,2025년 5월,2025,5,2025-05-01
A_2024_00080,MM,202505,,,510012,경부1권,100001,지수,97.5841290667767,지수,,경기>경부1권,지수,2025년 5월,2025,5,2025-05-01
A_2024_00080,MM,202505,,,510013,경부2권,100001,지수,99.8000138722781,지수,,경기>경부2권,지수,2025년 5월,2025,5,2025-05-01
A_2024_00080,MM,202505,,,500022,경북,100001,지수,100.173428087683,지수,,경북,지수,2025년 5월,2025,5,2025-05-01
A_2024_00080,MM,202505,,,510018,경원권,100001,지수,100.935852065335,지수,,경기>경원권,지수,2025년 5월,2025,5,2025-05-01
A_2024_00080,MM,202505,,,510017,경의권,100001,지수,101.054651297268,지수,,경기>경의권,지수,2025년 5월,2025,5,2025-05-01
A_2024_00080,MM,202505,,,500013,광주,100001,지수,100.702930092077,지수,,전남광주>광주,지수,2025년 5월,2025,5,2025-05-01
A_2024_00080,MM,202505,,,500012,대구,100001,지수,101.201975772649,지수,,대구,지수,2025년 5월,2025,5,2025-05-01
A_2024_00080,MM,202505,,,500014,대전,100001,지수,100.375982192768,지수,,대전,지수,2025년 5월,2025,5,2025-05-01
A_2024_00080,MM,202505,,,520010,도심권,100001,지수,92.4828000247488,지수,,서울>강북지역>도심권,지수,2025년 5월,2025,5,2025-05-01
A_2024_00080,MM,202505,,,520015,동남권,100001,지수,92.7596807503205,지수,,서울>강남지역>동남권,지수,2025년 5월,2025,5,2025-05-01
A_2024_00080,MM,202505,,,510015,동부1권,100001,지수,99.5820190652767,지수,,경기>동부1권,지수,2025년 5월,2025,5,2025-05-01
A_2024_00080,MM,202505,,,510016,동부2권,100001,지수,100.853688305905,지수,,경기>동부2권,지수,2025년 5월,2025,5,2025-05-01
A_2024_00080,MM,202505,,,510022,동부산권,100001,지수,100.607499113776,지수,,부산>동부산권,지수,2025년 5월,2025,5,2025-05-01
A_2024_00080,MM,202505,,,520011,동북권,100001,지수,96.4292504717971,지수,,서울>강북지역>동북권,지수,2025년 5월,2025,5,2025-05-01
A_2024_00080,MM,202505,,,500011,부산,100001,지수,100.71821543434,지수,,부산,지수,2025년 5월,2025,5,2025-05-01
A_2024_00080,MM,202505,,,520014,서남권,100001,지수,95.2377368331632,지수,,서울>강남지역>서남권,지수,2025년 5월,2025,5,2025-05-01
A_2024_00080,MM,202505,,,510023,서부산권,100001,지수,101.393174348936,지수,,부산>서부산권,지수,2025년 5월,2025,5,2025-05-01
A_2024_00080,MM,202505,,,520012,서북권,100001,지수,94.6198357185757,지수,,서울>강북지역>서북권,지수,2025년 5월,2025,5,2025-05-01
A_2024_00080,MM,202505,,,500008,서울,100001,지수,94.803817848088,지수,,서울,지수,2025년 5월,2025,5,2025-05-01
A_2024_00080,MM,202505,,,510014,서해안권,100001,지수,100.204111466492,지수,,경기>서해안권,지수,2025년 5월,2025,5,2025-05-01
A_2024_00080,MM,202505,,,500016,세종,100001,지수,100.556175017405,지수,,세종,지수,2025년 5월,2025,5,2025-05-01
A_2024_00080,MM,202505,,,500002,수도권,100001,지수,97.6164344125275,지수,,수도권,지수,2025년 5월,2025,5,2025-05-01
A_2024_00080,MM,202505,,,500015,울산,100001,지수,100.561605813491,지수,,울산,지수,2025년 5월,2025,5,2025-05-01
A_2024_00080,MM,202505,,,500010,인천,100001,지수,100.566164126418,지수,,인천,지수,2025년 5월,2025,5,2025-05-01
A_2024_00080,MM,202505,,,500001,전국,100001,지수,98.4604204513469,지수,,전국,지수,2025년 5월,2025,5,2025-05-01
A_2024_00080,MM,202505,,,500021,전남,100001,지수,100.485939297018,지수,,전남광주>전남,지수,2025년 5월,2025,5,2025-05-01
A_2024_00080,MM,202505,,,500020,전북,100001,지수,100.436091112942,지수,,전북,지수,2025년 5월,2025,5,2025-05-01
A_2024_00080,MM,202505,,,500024,제주,100001,지수,101.280044127889,지수,,제주,지수,2025년 5월,2025,5,2025-05-01
A_2024_00080,MM,202505,,,510021,중부산권,100001,지수,100.535339191459,지수,,부산>중부산권,지수,2025년 5월,2025,5,2025-05-01
A_2024_00080,MM,202505,,,500003,지방권,100001,지수,100.71577524015,지수,,지방권,지수,2025년 5월,2025,5,2025-05-01
A_2024_00080,MM,202505,,,500019,충남,100001,지수,100.847636946801,지수,,충남,지수,2025년 5월,2025,5,2025-05-01
A_2024_00080,MM,202505,,,500018,충북,100001,지수,100.844474159772,지수,,충북,지수,2025년 5월,2025,5,2025-05-01
A_2024_00080,MM,202506,,,500005,5대광역시,100001,지수,100.653429961052,지수,,5대광역시,지수,2025년 6월,2025,6,2025-06-01
A_2024_00080,MM,202506,,,500004,6대광역시,100001,지수,100.539538584315,지수,,6대광역시,지수,2025년 6월,2025,6,2025-06-01
A_2024_00080,MM,202506,,,500007,8개도,100001,지수,100.583227246263,지수,,8개도,지수,2025년 6월,2025,6,2025-06-01
A_2024_00080,MM,202506,,,500006,9개도,100001,지수,100.146230511208,지수,,9개도,지수,2025년 6월,2025,6,2025-06-01
A_2024_00080,MM,202506,,,510010,강남지역,100001,지수,94.4988219644268,지수,,서울>강남지역,지수,2025년 6월,2025,6,2025-06-01
A_2024_00080,MM,202506,,,510009,강북지역,100001,지수,95.7233320960806,지수,,서울>강북지역,지수,2025년 6월,2025,6,2025-06-01
A_2024_00080,MM,202506,,,500017,강원,100001,지수,100.184531173807,지수,,강원,지수,2025년 6월,2025,6,2025-06-01
A_2024_00080,MM,202506,,,500009,경기,100001,지수,99.9342940220728,지수,,경기,지수,2025년 6월,2025,6,2025-06-01
A_2024_00080,MM,202506,,,500023,경남,100001,지수,100.845956209913,지수,,경남,지수,2025년 6월,2025,6,2025-06-01
A_2024_00080,MM,202506,,,510012,경부1권,100001,지수,97.9202564253731,지수,,경기>경부1권,지수,2025년 6월,2025,6,2025-06-01
A_2024_00080,MM,202506,,,510013,경부2권,100001,지수,99.8801701086838,지수,,경기>경부2권,지수,2025년 6월,2025,6,2025-06-01
A_2024_00080,MM,202506,,,500022,경북,100001,지수,100.065676115011,지수,,경북,지수,2025년 6월,2025,6,2025-06-01
A_2024_00080,MM,202506,,,510018,경원권,100001,지수,100.831438044735,지수,,경기>경원권,지수,2025년 6월,2025,6,2025-06-01
A_2024_00080,MM,202506,,,510017,경의권,100001,지수,100.981778227835,지수,,경기>경의권,지수,2025년 6월,2025,6,2025-06-01
A_2024_00080,MM,202506,,,500013,광주,100001,지수,100.634164528075,지수,,전남광주>광주,지수,2025년 6월,2025,6,2025-06-01
A_2024_00080,MM,202506,,,500012,대구,100001,지수,100.98921079833,지수,,대구,지수,2025년 6월,2025,6,2025-06-01
A_2024_00080,MM,202506,,,500014,대전,100001,지수,100.31584541252,지수,,대전,지수,2025년 6월,2025,6,2025-06-01
A_2024_00080,MM,202506,,,520010,도심권,100001,지수,93.0265234213541,지수,,서울>강북지역>도심권,지수,2025년 6월,2025,6,2025-06-01
A_2024_00080,MM,202506,,,520015,동남권,100001,지수,93.0917555863138,지수,,서울>강남지역>동남권,지수,2025년 6월,2025,6,2025-06-01
A_2024_00080,MM,202506,,,510015,동부1권,100001,지수,99.6887377956867,지수,,경기>동부1권,지수,2025년 6월,2025,6,2025-06-01
A_2024_00080,MM,202506,,,510016,동부2권,100001,지수,100.847431714174,지수,,경기>동부2권,지수,2025년 6월,2025,6,2025-06-01
A_2024_00080,MM,202506,,,510022,동부산권,100001,지수,100.590587299647,지수,,부산>동부산권,지수,2025년 6월,2025,6,2025-06-01
A_2024_00080,MM,202506,,,520011,동북권,100001,지수,96.6875303707455,지수,,서울>강북지역>동북권,지수,2025년 6월,2025,6,2025-06-01
A_2024_00080,MM,202506,,,500011,부산,100001,지수,100.652240126987,지수,,부산,지수,2025년 6월,2025,6,2025-06-01
A_2024_00080,MM,202506,,,520014,서남권,100001,지수,95.4003457550699,지수,,서울>강남지역>서남권,지수,2025년 6월,2025,6,2025-06-01
A_2024_00080,MM,202506,,,510023,서부산권,100001,지수,101.200230528456,지수,,부산>서부산권,지수,2025년 6월,2025,6,2025-06-01
A_2024_00080,MM,202506,,,520012,서북권,100001,지수,95.0467932546163,지수,,서울>강북지역>서북권,지수,2025년 6월,2025,6,2025-06-01
A_2024_00080,MM,202506,,,500008,서울,100001,지수,95.0901318911571,지수,,서울,지수,2025년 6월,2025,6,2025-06-01
A_2024_00080,MM,202506,,,510014,서해안권,100001,지수,100.150933707192,지수,,경기>서해안권,지수,2025년 6월,2025,6,2025-06-01
A_2024_00080,MM,202506,,,500016,세종,100001,지수,100.500449343801,지수,,세종,지수,2025년 6월,2025,6,2025-06-01
A_2024_00080,MM,202506,,,500002,수도권,100001,지수,97.7419761952371,지수,,수도권,지수,2025년 6월,2025,6,2025-06-01
A_2024_00080,MM,202506,,,500015,울산,100001,지수,100.48755338923,지수,,울산,지수,2025년 6월,2025,6,2025-06-01
A_2024_00080,MM,202506,,,500010,인천,100001,지수,100.384954287022,지수,,인천,지수,2025년 6월,2025,6,2025-06-01
A_2024_00080,MM,202506,,,500001,전국,100001,지수,98.525220238658,지수,,전국,지수,2025년 6월,2025,6,2025-06-01
A_2024_00080,MM,202506,,,500021,전남,100001,지수,100.388222485065,지수,,전남광주>전남,지수,2025년 6월,2025,6,2025-06-01
A_2024_00080,MM,202506,,,500020,전북,100001,지수,100.340459198706,지수,,전북,지수,2025년 6월,2025,6,2025-06-01
A_2024_00080,MM,202506,,,500024,제주,100001,지수,101.074484232177,지수,,제주,지수,2025년 6월,2025,6,2025-06-01
A_2024_00080,MM,202506,,,510021,중부산권,100001,지수,100.488327921677,지수,,부산>중부산권,지수,2025년 6월,2025,6,2025-06-01
A_2024_00080,MM,202506,,,500003,지방권,100001,지수,100.615868617994,지수,,지방권,지수,2025년 6월,2025,6,2025-06-01
A_2024_00080,MM,202506,,,500019,충남,100001,지수,100.676220360855,지수,,충남,지수,2025년 6월,2025,6,2025-06-01
A_2024_00080,MM,202506,,,500018,충북,100001,지수,100.850125358591,지수,,충북,지수,2025년 6월,2025,6,2025-06-01
A_2024_00080,MM,202507,,,500005,5대광역시,100001,지수,100.555260346331,지수,,5대광역시,지수,2025년 7월,2025,7,2025-07-01
A_2024_00080,MM,202507,,,500004,6대광역시,100001,지수,100.476553103056,지수,,6대광역시,지수,2025년 7월,2025,7,2025-07-01
A_2024_00080,MM,202507,,,500007,8개도,100001,지수,100.484321440501,지수,,8개도,지수,2025년 7월,2025,7,2025-07-01
A_2024_00080,MM,202507,,,500006,9개도,100001,지수,100.115126615691,지수,,9개도,지수,2025년 7월,2025,7,2025-07-01
A_2024_00080,MM,202507,,,510010,강남지역,100001,지수,94.7344295039119,지수,,서울>강남지역,지수,2025년 7월,2025,7,2025-07-01
A_2024_00080,MM,202507,,,510009,강북지역,100001,지수,96.0597150077858,지수,,서울>강북지역,지수,2025년 7월,2025,7,2025-07-01
A_2024_00080,MM,202507,,,500017,강원,100001,지수,100.230435852018,지수,,강원,지수,2025년 7월,2025,7,2025-07-01
A_2024_00080,MM,202507,,,500009,경기,100001,지수,99.9359833345161,지수,,경기,지수,2025년 7월,2025,7,2025-07-01
A_2024_00080,MM,202507,,,500023,경남,100001,지수,100.753196727879,지수,,경남,지수,2025년 7월,2025,7,2025-07-01
A_2024_00080,MM,202507,,,510012,경부1권,100001,지수,98.3182284412926,지수,,경기>경부1권,지수,2025년 7월,2025,7,2025-07-01
A_2024_00080,MM,202507,,,510013,경부2권,100001,지수,99.8670930034324,지수,,경기>경부2권,지수,2025년 7월,2025,7,2025-07-01
A_2024_00080,MM,202507,,,500022,경북,100001,지수,100.007381333428,지수,,경북,지수,2025년 7월,2025,7,2025-07-01
A_2024_00080,MM,202507,,,510018,경원권,100001,지수,100.734969310875,지수,,경기>경원권,지수,2025년 7월,2025,7,2025-07-01
A_2024_00080,MM,202507,,,510017,경의권,100001,지수,100.834756307154,지수,,경기>경의권,지수,2025년 7월,2025,7,2025-07-01
A_2024_00080,MM,202507,,,500013,광주,100001,지수,100.504284832493,지수,,전남광주>광주,지수,2025년 7월,2025,7,2025-07-01
A_2024_00080,MM,202507,,,500012,대구,100001,지수,100.858767101119,지수,,대구,지수,2025년 7월,2025,7,2025-07-01
A_2024_00080,MM,202507,,,500014,대전,100001,지수,100.263355471086,지수,,대전,지수,2025년 7월,2025,7,2025-07-01
A_2024_00080,MM,202507,,,520010,도심권,100001,지수,93.6215728551836,지수,,서울>강북지역>도심권,지수,2025년 7월,2025,7,2025-07-01
A_2024_00080,MM,202507,,,520015,동남권,100001,지수,93.37359083781,지수,,서울>강남지역>동남권,지수,2025년 7월,2025,7,2025-07-01
A_2024_00080,MM,202507,,,510015,동부1권,100001,지수,99.7461370208744,지수,,경기>동부1권,지수,2025년 7월,2025,7,2025-07-01
A_2024_00080,MM,202507,,,510016,동부2권,100001,지수,100.881987721199,지수,,경기>동부2권,지수,2025년 7월,2025,7,2025-07-01
A_2024_00080,MM,202507,,,510022,동부산권,100001,지수,100.457706518763,지수,,부산>동부산권,지수,2025년 7월,2025,7,2025-07-01
A_2024_00080,MM,202507,,,520011,동북권,100001,지수,96.9125442889507,지수,,서울>강북지역>동북권,지수,2025년 7월,2025,7,2025-07-01
A_2024_00080,MM,202507,,,500011,부산,100001,지수,100.554126634968,지수,,부산,지수,2025년 7월,2025,7,2025-07-01
A_2024_00080,MM,202507,,,520014,서남권,100001,지수,95.6059558024803,지수,,서울>강남지역>서남권,지수,2025년 7월,2025,7,2025-07-01
A_2024_00080,MM,202507,,,510023,서부산권,100001,지수,101.035831759575,지수,,부산>서부산권,지수,2025년 7월,2025,7,2025-07-01
A_2024_00080,MM,202507,,,520012,서북권,100001,지수,95.4774175157325,지수,,서울>강북지역>서북권,지수,2025년 7월,2025,7,2025-07-01
A_2024_00080,MM,202507,,,500008,서울,100001,지수,95.3742349361092,지수,,서울,지수,2025년 7월,2025,7,2025-07-01
A_2024_00080,MM,202507,,,510014,서해안권,100001,지수,100.06054488063,지수,,경기>서해안권,지수,2025년 7월,2025,7,2025-07-01
A_2024_00080,MM,202507,,,500016,세종,100001,지수,100.376972836424,지수,,세종,지수,2025년 7월,2025,7,2025-07-01
A_2024_00080,MM,202507,,,500002,수도권,100001,지수,97.8744339254354,지수,,수도권,지수,2025년 7월,2025,7,2025-07-01
A_2024_00080,MM,202507,,,500015,울산,100001,지수,100.408760193644,지수,,울산,지수,2025년 7월,2025,7,2025-07-01
A_2024_00080,MM,202507,,,500010,인천,100001,지수,100.369680085032,지수,,인천,지수,2025년 7월,2025,7,2025-07-01
A_2024_00080,MM,202507,,,500001,전국,100001,지수,98.5952994043783,지수,,전국,지수,2025년 7월,2025,7,2025-07-01
A_2024_00080,MM,202507,,,500021,전남,100001,지수,100.307824040827,지수,,전남광주>전남,지수,2025년 7월,2025,7,2025-07-01
A_2024_00080,MM,202507,,,500020,전북,100001,지수,100.280378280303,지수,,전북,지수,2025년 7월,2025,7,2025-07-01
A_2024_00080,MM,202507,,,500024,제주,100001,지수,100.925347395362,지수,,제주,지수,2025년 7월,2025,7,2025-07-01
A_2024_00080,MM,202507,,,510021,중부산권,100001,지수,100.432830469985,지수,,부산>중부산권,지수,2025년 7월,2025,7,2025-07-01
A_2024_00080,MM,202507,,,500003,지방권,100001,지수,100.517195637019,지수,,지방권,지수,2025년 7월,2025,7,2025-07-01
A_2024_00080,MM,202507,,,500019,충남,100001,지수,100.510655863915,지수,,충남,지수,2025년 7월,2025,7,2025-07-01
A_2024_00080,MM,202507,,,500018,충북,100001,지수,100.681257959409,지수,,충북,지수,2025년 7월,2025,7,2025-07-01
A_2024_00080,MM,202508,,,500005,5대광역시,100001,지수,100.455535689618,지수,,5대광역시,지수,2025년 8월,2025,8,2025-08-01
A_2024_00080,MM,202508,,,500004,6대광역시,100001,지수,100.376700463527,지수,,6대광역시,지수,2025년 8월,2025,8,2025-08-01
A_2024_00080,MM,202508,,,500007,8개도,100001,지수,100.381703382603,지수,,8개도,지수,2025년 8월,2025,8,2025-08-01
A_2024_00080,MM,202508,,,500006,9개도,100001,지수,100.07394196096,지수,,9개도,지수,2025년 8월,2025,8,2025-08-01
A_2024_00080,MM,202508,,,510010,강남지역,100001,지수,95.1835974976116,지수,,서울>강남지역,지수,2025년 8월,2025,8,2025-08-01
A_2024_00080,MM,202508,,,510009,강북지역,100001,지수,96.5243932958243,지수,,서울>강북지역,지수,2025년 8월,2025,8,2025-08-01
A_2024_00080,MM,202508,,,500017,강원,100001,지수,100.136292336454,지수,,강원,지수,2025년 8월,2025,8,2025-08-01
A_2024_00080,MM,202508,,,500009,경기,100001,지수,99.9245400468626,지수,,경기,지수,2025년 8월,2025,8,2025-08-01
A_2024_00080,MM,202508,,,500023,경남,100001,지수,100.623991579586,지수,,경남,지수,2025년 8월,2025,8,2025-08-01
A_2024_00080,MM,202508,,,510012,경부1권,100001,지수,98.5394218668164,지수,,경기>경부1권,지수,2025년 8월,2025,8,2025-08-01
A_2024_00080,MM,202508,,,510013,경부2권,100001,지수,99.8912525390851,지수,,경기>경부2권,지수,2025년 8월,2025,8,2025-08-01
A_2024_00080,MM,202508,,,500022,경북,100001,지수,99.9732257233615,지수,,경북,지수,2025년 8월,2025,8,2025-08-01
A_2024_00080,MM,202508,,,510018,경원권,100001,지수,100.680402779603,지수,,경기>경원권,지수,2025년 8월,2025,8,2025-08-01
A_2024_00080,MM,202508,,,510017,경의권,100001,지수,100.768688723836,지수,,경기>경의권,지수,2025년 8월,2025,8,2025-08-01
A_2024_00080,MM,202508,,,500013,광주,100001,지수,100.379414794045,지수,,전남광주>광주,지수,2025년 8월,2025,8,2025-08-01
A_2024_00080,MM,202508,,,500012,대구,100001,지수,100.703104558966,지수,,대구,지수,2025년 8월,2025,8,2025-08-01
A_2024_00080,MM,202508,,,500014,대전,100001,지수,100.205523060828,지수,,대전,지수,2025년 8월,2025,8,2025-08-01
A_2024_00080,MM,202508,,,520010,도심권,100001,지수,94.4371853566753,지수,,서울>강북지역>도심권,지수,2025년 8월,2025,8,2025-08-01
A_2024_00080,MM,202508,,,520015,동남권,100001,지수,93.919173362504,지수,,서울>강남지역>동남권,지수,2025년 8월,2025,8,2025-08-01
A_2024_00080,MM,202508,,,510015,동부1권,100001,지수,99.7308480133184,지수,,경기>동부1권,지수,2025년 8월,2025,8,2025-08-01
A_2024_00080,MM,202508,,,510016,동부2권,100001,지수,100.781705378813,지수,,경기>동부2권,지수,2025년 8월,2025,8,2025-08-01
A_2024_00080,MM,202508,,,510022,동부산권,100001,지수,100.377486603214,지수,,부산>동부산권,지수,2025년 8월,2025,8,2025-08-01
A_2024_00080,MM,202508,,,520011,동북권,100001,지수,97.2963719724895,지수,,서울>강북지역>동북권,지수,2025년 8월,2025,8,2025-08-01
A_2024_00080,MM,202508,,,500011,부산,100001,지수,100.457455341956,지수,,부산,지수,2025년 8월,2025,8,2025-08-01
A_2024_00080,MM,202508,,,520014,서남권,100001,지수,95.9926531332384,지수,,서울>강남지역>서남권,지수,2025년 8월,2025,8,2025-08-01
A_2024_00080,MM,202508,,,510023,서부산권,100001,지수,100.884462650117,지수,,부산>서부산권,지수,2025년 8월,2025,8,2025-08-01
A_2024_00080,MM,202508,,,520012,서북권,100001,지수,95.9534801228082,지수,,서울>강북지역>서북권,지수,2025년 8월,2025,8,2025-08-01
A_2024_00080,MM,202508,,,500008,서울,100001,지수,95.8308748000509,지수,,서울,지수,2025년 8월,2025,8,2025-08-01
A_2024_00080,MM,202508,,,510014,서해안권,100001,지수,99.9910771318739,지수,,경기>서해안권,지수,2025년 8월,2025,8,2025-08-01
A_2024_00080,MM,202508,,,500016,세종,100001,지수,100.308559924412,지수,,세종,지수,2025년 8월,2025,8,2025-08-01
A_2024_00080,MM,202508,,,500002,수도권,100001,지수,98.0714650894325,지수,,수도권,지수,2025년 8월,2025,8,2025-08-01
A_2024_00080,MM,202508,,,500015,울산,100001,지수,100.356129705277,지수,,울산,지수,2025년 8월,2025,8,2025-08-01
A_2024_00080,MM,202508,,,500010,인천,100001,지수,100.269653922578,지수,,인천,지수,2025년 8월,2025,8,2025-08-01
A_2024_00080,MM,202508,,,500001,전국,100001,지수,98.7117128068265,지수,,전국,지수,2025년 8월,2025,8,2025-08-01
A_2024_00080,MM,202508,,,500021,전남,100001,지수,100.188118147046,지수,,전남광주>전남,지수,2025년 8월,2025,8,2025-08-01
A_2024_00080,MM,202508,,,500020,전북,100001,지수,100.188017702003,지수,,전북,지수,2025년 8월,2025,8,2025-08-01
A_2024_00080,MM,202508,,,500024,제주,100001,지수,100.747123623374,지수,,제주,지수,2025년 8월,2025,8,2025-08-01
A_2024_00080,MM,202508,,,510021,중부산권,100001,지수,100.346901061107,지수,,부산>중부산권,지수,2025년 8월,2025,8,2025-08-01
A_2024_00080,MM,202508,,,500003,지방권,100001,지수,100.416096216348,지수,,지방권,지수,2025년 8월,2025,8,2025-08-01
A_2024_00080,MM,202508,,,500019,충남,100001,지수,100.464613609817,지수,,충남,지수,2025년 8월,2025,8,2025-08-01
A_2024_00080,MM,202508,,,500018,충북,100001,지수,100.524381488439,지수,,충북,지수,2025년 8월,2025,8,2025-08-01
A_2024_00080,MM,202509,,,500005,5대광역시,100001,지수,100.355525088498,지수,,5대광역시,지수,2025년 9월,2025,9,2025-09-01
A_2024_00080,MM,202509,,,500004,6대광역시,100001,지수,100.293054026296,지수,,6대광역시,지수,2025년 9월,2025,9,2025-09-01
A_2024_00080,MM,202509,,,500007,8개도,100001,지수,100.314107751333,지수,,8개도,지수,2025년 9월,2025,9,2025-09-01
A_2024_00080,MM,202509,,,500006,9개도,100001,지수,100.020250409943,지수,,9개도,지수,2025년 9월,2025,9,2025-09-01
A_2024_00080,MM,202509,,,510010,강남지역,100001,지수,95.8072888373897,지수,,서울>강남지역,지수,2025년 9월,2025,9,2025-09-01
A_2024_00080,MM,202509,,,510009,강북지역,100001,지수,97.2379896525123,지수,,서울>강북지역,지수,2025년 9월,2025,9,2025-09-01
A_2024_00080,MM,202509,,,500017,강원,100001,지수,100.138707594273,지수,,강원,지수,2025년 9월,2025,9,2025-09-01
A_2024_00080,MM,202509,,,500009,경기,100001,지수,99.8775836670662,지수,,경기,지수,2025년 9월,2025,9,2025-09-01
A_2024_00080,MM,202509,,,500023,경남,100001,지수,100.508907968105,지수,,경남,지수,2025년 9월,2025,9,2025-09-01
A_2024_00080,MM,202509,,,510012,경부1권,100001,지수,98.6810163084099,지수,,경기>경부1권,지수,2025년 9월,2025,9,2025-09-01
A_2024_00080,MM,202509,,,510013,경부2권,100001,지수,99.8670718771179,지수,,경기>경부2권,지수,2025년 9월,2025,9,2025-09-01
A_2024_00080,MM,202509,,,500022,경북,100001,지수,100.006002906606,지수,,경북,지수,2025년 9월,2025,9,2025-09-01
A_2024_00080,MM,202509,,,510018,경원권,100001,지수,100.532761355939,지수,,경기>경원권,지수,2025년 9월,2025,9,2025-09-01
A_2024_00080,MM,202509,,,510017,경의권,100001,지수,100.571684326435,지수,,경기>경의권,지수,2025년 9월,2025,9,2025-09-01
A_2024_00080,MM,202509,,,500013,광주,100001,지수,100.259679768672,지수,,전남광주>광주,지수,2025년 9월,2025,9,2025-09-01
A_2024_00080,MM,202509,,,500012,대구,100001,지수,100.571155582241,지수,,대구,지수,2025년 9월,2025,9,2025-09-01
A_2024_00080,MM,202509,,,500014,대전,100001,지수,100.151836886723,지수,,대전,지수,2025년 9월,2025,9,2025-09-01
A_2024_00080,MM,202509,,,520010,도심권,100001,지수,95.4824671515238,지수,,서울>강북지역>도심권,지수,2025년 9월,2025,9,2025-09-01
A_2024_00080,MM,202509,,,520015,동남권,100001,지수,94.7334808736241,지수,,서울>강남지역>동남권,지수,2025년 9월,2025,9,2025-09-01
A_2024_00080,MM,202509,,,510015,동부1권,100001,지수,99.7131809774999,지수,,경기>동부1권,지수,2025년 9월,2025,9,2025-09-01
A_2024_00080,MM,202509,,,510016,동부2권,100001,지수,100.714395164766,지수,,경기>동부2권,지수,2025년 9월,2025,9,2025-09-01
A_2024_00080,MM,202509,,,510022,동부산권,100001,지수,100.278558823549,지수,,부산>동부산권,지수,2025년 9월,2025,9,2025-09-01
A_2024_00080,MM,202509,,,520011,동북권,100001,지수,97.8494045126951,지수,,서울>강북지역>동북권,지수,2025년 9월,2025,9,2025-09-01
A_2024_00080,MM,202509,,,500011,부산,100001,지수,100.3545764625,지수,,부산,지수,2025년 9월,2025,9,2025-09-01
A_2024_00080,MM,202509,,,520014,서남권,100001,지수,96.4931994644517,지수,,서울>강남지역>서남권,지수,2025년 9월,2025,9,2025-09-01
A_2024_00080,MM,202509,,,510023,서부산권,100001,지수,100.755689021716,지수,,부산>서부산권,지수,2025년 9월,2025,9,2025-09-01
A_2024_00080,MM,202509,,,520012,서북권,100001,지수,96.819189011946,지수,,서울>강북지역>서북권,지수,2025년 9월,2025,9,2025-09-01
A_2024_00080,MM,202509,,,500008,서울,100001,지수,96.4978192444027,지수,,서울,지수,2025년 9월,2025,9,2025-09-01
A_2024_00080,MM,202509,,,510014,서해안권,100001,지수,99.9246047457419,지수,,경기>서해안권,지수,2025년 9월,2025,9,2025-09-01
A_2024_00080,MM,202509,,,500016,세종,100001,지수,100.174698396432,지수,,세종,지수,2025년 9월,2025,9,2025-09-01
A_2024_00080,MM,202509,,,500002,수도권,100001,지수,98.3568171258197,지수,,수도권,지수,2025년 9월,2025,9,2025-09-01
A_2024_00080,MM,202509,,,500015,울산,100001,지수,100.284839922425,지수,,울산,지수,2025년 9월,2025,9,2025-09-01
A_2024_00080,MM,202509,,,500010,인천,100001,지수,100.208211342494,지수,,인천,지수,2025년 9월,2025,9,2025-09-01
A_2024_00080,MM,202509,,,500001,전국,100001,지수,98.8971725965601,지수,,전국,지수,2025년 9월,2025,9,2025-09-01
A_2024_00080,MM,202509,,,500021,전남,100001,지수,100.174336922043,지수,,전남광주>전남,지수,2025년 9월,2025,9,2025-09-01
A_2024_00080,MM,202509,,,500020,전북,100001,지수,100.118270879445,지수,,전북,지수,2025년 9월,2025,9,2025-09-01
A_2024_00080,MM,202509,,,500024,제주,100001,지수,100.581500624652,지수,,제주,지수,2025년 9월,2025,9,2025-09-01
A_2024_00080,MM,202509,,,510021,중부산권,100001,지수,100.251190356227,지수,,부산>중부산권,지수,2025년 9월,2025,9,2025-09-01
A_2024_00080,MM,202509,,,500003,지방권,100001,지수,100.332948667539,지수,,지방권,지수,2025년 9월,2025,9,2025-09-01
A_2024_00080,MM,202509,,,500019,충남,100001,지수,100.364258281827,지수,,충남,지수,2025년 9월,2025,9,2025-09-01
A_2024_00080,MM,202509,,,500018,충북,100001,지수,100.467556699366,지수,,충북,지수,2025년 9월,2025,9,2025-09-01
A_2024_00080,MM,202510,,,500005,5대광역시,100001,지수,100.277348992345,지수,,5대광역시,지수,2025년 10월,2025,10,2025-10-01
A_2024_00080,MM,202510,,,500004,6대광역시,100001,지수,100.28091846486,지수,,6대광역시,지수,2025년 10월,2025,10,2025-10-01
A_2024_00080,MM,202510,,,500007,8개도,100001,지수,100.226270708235,지수,,8개도,지수,2025년 10월,2025,10,2025-10-01
A_2024_00080,MM,202510,,,500006,9개도,100001,지수,100.018134795093,지수,,9개도,지수,2025년 10월,2025,10,2025-10-01
A_2024_00080,MM,202510,,,510010,강남지역,100001,지수,96.9504249675201,지수,,서울>강남지역,지수,2025년 10월,2025,10,2025-10-01
A_2024_00080,MM,202510,,,510009,강북지역,100001,지수,98.0457113100551,지수,,서울>강북지역,지수,2025년 10월,2025,10,2025-10-01
A_2024_00080,MM,202510,,,500017,강원,100001,지수,100.080854811676,지수,,강원,지수,2025년 10월,2025,10,2025-10-01
A_2024_00080,MM,202510,,,500009,경기,100001,지수,99.9170212748362,지수,,경기,지수,2025년 10월,2025,10,2025-10-01
A_2024_00080,MM,202510,,,500023,경남,100001,지수,100.393803962052,지수,,경남,지수,2025년 10월,2025,10,2025-10-01
A_2024_00080,MM,202510,,,510012,경부1권,100001,지수,99.1526241052653,지수,,경기>경부1권,지수,2025년 10월,2025,10,2025-10-01
A_2024_00080,MM,202510,,,510013,경부2권,100001,지수,99.9006264637221,지수,,경기>경부2권,지수,2025년 10월,2025,10,2025-10-01
A_2024_00080,MM,202510,,,500022,경북,100001,지수,100.015602390619,지수,,경북,지수,2025년 10월,2025,10,2025-10-01
A_2024_00080,MM,202510,,,510018,경원권,100001,지수,100.400182605778,지수,,경기>경원권,지수,2025년 10월,2025,10,2025-10-01
A_2024_00080,MM,202510,,,510017,경의권,100001,지수,100.417369229436,지수,,경기>경의권,지수,2025년 10월,2025,10,2025-10-01
A_2024_00080,MM,202510,,,500013,광주,100001,지수,100.202309751178,지수,,전남광주>광주,지수,2025년 10월,2025,10,2025-10-01
A_2024_00080,MM,202510,,,500012,대구,100001,지수,100.439993604639,지수,,대구,지수,2025년 10월,2025,10,2025-10-01
A_2024_00080,MM,202510,,,500014,대전,100001,지수,100.090393436283,지수,,대전,지수,2025년 10월,2025,10,2025-10-01
A_2024_00080,MM,202510,,,520010,도심권,100001,지수,96.5776248101078,지수,,서울>강북지역>도심권,지수,2025년 10월,2025,10,2025-10-01
A_2024_00080,MM,202510,,,520015,동남권,100001,지수,96.2713964693934,지수,,서울>강남지역>동남권,지수,2025년 10월,2025,10,2025-10-01
A_2024_00080,MM,202510,,,510015,동부1권,100001,지수,99.8271395435162,지수,,경기>동부1권,지수,2025년 10월,2025,10,2025-10-01
A_2024_00080,MM,202510,,,510016,동부2권,100001,지수,100.636695600602,지수,,경기>동부2권,지수,2025년 10월,2025,10,2025-10-01
A_2024_00080,MM,202510,,,510022,동부산권,100001,지수,100.245058561152,지수,,부산>동부산권,지수,2025년 10월,2025,10,2025-10-01
A_2024_00080,MM,202510,,,520011,동북권,100001,지수,98.4874069756968,지수,,서울>강북지역>동북권,지수,2025년 10월,2025,10,2025-10-01
A_2024_00080,MM,202510,,,500011,부산,100001,지수,100.281056186182,지수,,부산,지수,2025년 10월,2025,10,2025-10-01
A_2024_00080,MM,202510,,,520014,서남권,100001,지수,97.3826653529181,지수,,서울>강남지역>서남권,지수,2025년 10월,2025,10,2025-10-01
A_2024_00080,MM,202510,,,510023,서부산권,100001,지수,100.596615051701,지수,,부산>서부산권,지수,2025년 10월,2025,10,2025-10-01
A_2024_00080,MM,202510,,,520012,서북권,100001,지수,97.8110485085765,지수,,서울>강북지역>서북권,지수,2025년 10월,2025,10,2025-10-01
A_2024_00080,MM,202510,,,500008,서울,100001,지수,97.4795577393647,지수,,서울,지수,2025년 10월,2025,10,2025-10-01
A_2024_00080,MM,202510,,,510014,서해안권,100001,지수,99.8947350925906,지수,,경기>서해안권,지수,2025년 10월,2025,10,2025-10-01
A_2024_00080,MM,202510,,,500016,세종,100001,지수,100.160250717143,지수,,세종,지수,2025년 10월,2025,10,2025-10-01
A_2024_00080,MM,202510,,,500002,수도권,100001,지수,98.8402585368508,지수,,수도권,지수,2025년 10월,2025,10,2025-10-01
A_2024_00080,MM,202510,,,500015,울산,100001,지수,100.243321033954,지수,,울산,지수,2025년 10월,2025,10,2025-10-01
A_2024_00080,MM,202510,,,500010,인천,100001,지수,100.285769973031,지수,,인천,지수,2025년 10월,2025,10,2025-10-01
A_2024_00080,MM,202510,,,500001,전국,100001,지수,99.2265422135244,지수,,전국,지수,2025년 10월,2025,10,2025-10-01
A_2024_00080,MM,202510,,,500021,전남,100001,지수,100.083682498586,지수,,전남광주>전남,지수,2025년 10월,2025,10,2025-10-01
A_2024_00080,MM,202510,,,500020,전북,100001,지수,100.030899502559,지수,,전북,지수,2025년 10월,2025,10,2025-10-01
A_2024_00080,MM,202510,,,500024,제주,100001,지수,100.40568479841,지수,,제주,지수,2025년 10월,2025,10,2025-10-01
A_2024_00080,MM,202510,,,510021,중부산권,100001,지수,100.186770700318,지수,,부산>중부산권,지수,2025년 10월,2025,10,2025-10-01
A_2024_00080,MM,202510,,,500003,지방권,100001,지수,100.249994536963,지수,,지방권,지수,2025년 10월,2025,10,2025-10-01
A_2024_00080,MM,202510,,,500019,충남,100001,지수,100.249938756864,지수,,충남,지수,2025년 10월,2025,10,2025-10-01
A_2024_00080,MM,202510,,,500018,충북,100001,지수,100.411685242559,지수,,충북,지수,2025년 10월,2025,10,2025-10-01
A_2024_00080,MM,202511,,,500005,5대광역시,100001,지수,100.181318063198,지수,,5대광역시,지수,2025년 11월,2025,11,2025-11-01
A_2024_00080,MM,202511,,,500004,6대광역시,100001,지수,100.197435185072,지수,,6대광역시,지수,2025년 11월,2025,11,2025-11-01
A_2024_00080,MM,202511,,,500007,8개도,100001,지수,100.126989582536,지수,,8개도,지수,2025년 11월,2025,11,2025-11-01
A_2024_00080,MM,202511,,,500006,9개도,100001,지수,99.9917261848455,지수,,9개도,지수,2025년 11월,2025,11,2025-11-01
A_2024_00080,MM,202511,,,510010,강남지역,100001,지수,98.0045609346184,지수,,서울>강남지역,지수,2025년 11월,2025,11,2025-11-01
A_2024_00080,MM,202511,,,510009,강북지역,100001,지수,98.7004688987894,지수,,서울>강북지역,지수,2025년 11월,2025,11,2025-11-01
A_2024_00080,MM,202511,,,500017,강원,100001,지수,100.039569104333,지수,,강원,지수,2025년 11월,2025,11,2025-11-01
A_2024_00080,MM,202511,,,500009,경기,100001,지수,99.9259789931188,지수,,경기,지수,2025년 11월,2025,11,2025-11-01
A_2024_00080,MM,202511,,,500023,경남,100001,지수,100.109075113612,지수,,경남,지수,2025년 11월,2025,11,2025-11-01
A_2024_00080,MM,202511,,,510012,경부1권,100001,지수,99.4464506284611,지수,,경기>경부1권,지수,2025년 11월,2025,11,2025-11-01
A_2024_00080,MM,202511,,,510013,경부2권,100001,지수,99.9508973937945,지수,,경기>경부2권,지수,2025년 11월,2025,11,2025-11-01
A_2024_00080,MM,202511,,,500022,경북,100001,지수,99.9737763706047,지수,,경북,지수,2025년 11월,2025,11,2025-11-01
A_2024_00080,MM,202511,,,510018,경원권,100001,지수,100.260751473352,지수,,경기>경원권,지수,2025년 11월,2025,11,2025-11-01
A_2024_00080,MM,202511,,,510017,경의권,100001,지수,100.26453761436,지수,,경기>경의권,지수,2025년 11월,2025,11,2025-11-01
A_2024_00080,MM,202511,,,500013,광주,100001,지수,100.095393417527,지수,,전남광주>광주,지수,2025년 11월,2025,11,2025-11-01
A_2024_00080,MM,202511,,,500012,대구,100001,지수,100.328842795614,지수,,대구,지수,2025년 11월,2025,11,2025-11-01
A_2024_00080,MM,202511,,,500014,대전,100001,지수,100.05682368477,지수,,대전,지수,2025년 11월,2025,11,2025-11-01
A_2024_00080,MM,202511,,,520010,도심권,100001,지수,97.7299010244152,지수,,서울>강북지역>도심권,지수,2025년 11월,2025,11,2025-11-01
A_2024_00080,MM,202511,,,520015,동남권,100001,지수,97.6451790421371,지수,,서울>강남지역>동남권,지수,2025년 11월,2025,11,2025-11-01
A_2024_00080,MM,202511,,,510015,동부1권,100001,지수,99.9517008502904,지수,,경기>동부1권,지수,2025년 11월,2025,11,2025-11-01
A_2024_00080,MM,202511,,,510016,동부2권,100001,지수,100.517161062949,지수,,경기>동부2권,지수,2025년 11월,2025,11,2025-11-01
A_2024_00080,MM,202511,,,510022,동부산권,100001,지수,100.172381397715,지수,,부산>동부산권,지수,2025년 11월,2025,11,2025-11-01
A_2024_00080,MM,202511,,,520011,동북권,100001,지수,98.9771399164094,지수,,서울>강북지역>동북권,지수,2025년 11월,2025,11,2025-11-01
A_2024_00080,MM,202511,,,500011,부산,100001,지수,100.173720965941,지수,,부산,지수,2025년 11월,2025,11,2025-11-01
A_2024_00080,MM,202511,,,520014,서남권,100001,지수,98.2327024759095,지수,,서울>강남지역>서남권,지수,2025년 11월,2025,11,2025-11-01
A_2024_00080,MM,202511,,,510023,서부산권,100001,지수,100.391527302424,지수,,부산>서부산권,지수,2025년 11월,2025,11,2025-11-01
A_2024_00080,MM,202511,,,520012,서북권,100001,지수,98.5698727078599,지수,,서울>강북지역>서북권,지수,2025년 11월,2025,11,2025-11-01
A_2024_00080,MM,202511,,,500008,서울,100001,지수,98.3411153803572,지수,,서울,지수,2025년 11월,2025,11,2025-11-01
A_2024_00080,MM,202511,,,510014,서해안권,100001,지수,99.8372230470736,지수,,경기>서해안권,지수,2025년 11월,2025,11,2025-11-01
A_2024_00080,MM,202511,,,500016,세종,100001,지수,100.020062897865,지수,,세종,지수,2025년 11월,2025,11,2025-11-01
A_2024_00080,MM,202511,,,500002,수도권,100001,지수,99.2346988444607,지수,,수도권,지수,2025년 11월,2025,11,2025-11-01
A_2024_00080,MM,202511,,,500015,울산,100001,지수,100.169083436254,지수,,울산,지수,2025년 11월,2025,11,2025-11-01
A_2024_00080,MM,202511,,,500010,인천,100001,지수,100.219344277547,지수,,인천,지수,2025년 11월,2025,11,2025-11-01
A_2024_00080,MM,202511,,,500001,전국,100001,지수,99.4865176435345,지수,,전국,지수,2025년 11월,2025,11,2025-11-01
A_2024_00080,MM,202511,,,500021,전남,100001,지수,100.053575517563,지수,,전남광주>전남,지수,2025년 11월,2025,11,2025-11-01
A_2024_00080,MM,202511,,,500020,전북,100001,지수,100.050141333567,지수,,전북,지수,2025년 11월,2025,11,2025-11-01
A_2024_00080,MM,202511,,,500024,제주,100001,지수,100.261341612267,지수,,제주,지수,2025년 11월,2025,11,2025-11-01
A_2024_00080,MM,202511,,,510021,중부산권,100001,지수,100.095867970052,지수,,부산>중부산권,지수,2025년 11월,2025,11,2025-11-01
A_2024_00080,MM,202511,,,500003,지방권,100001,지수,100.15205337179,지수,,지방권,지수,2025년 11월,2025,11,2025-11-01
A_2024_00080,MM,202511,,,500019,충남,100001,지수,100.212103539447,지수,,충남,지수,2025년 11월,2025,11,2025-11-01
A_2024_00080,MM,202511,,,500018,충북,100001,지수,100.284739686159,지수,,충북,지수,2025년 11월,2025,11,2025-11-01
A_2024_00080,MM,202512,,,500005,5대광역시,100001,지수,100.08446147451,지수,,5대광역시,지수,2025년 12월,2025,12,2025-12-01
A_2024_00080,MM,202512,,,500004,6대광역시,100001,지수,100.104429876066,지수,,6대광역시,지수,2025년 12월,2025,12,2025-12-01
A_2024_00080,MM,202512,,,500007,8개도,100001,지수,100.084129724092,지수,,8개도,지수,2025년 12월,2025,12,2025-12-01
A_2024_00080,MM,202512,,,500006,9개도,100001,지수,100.024320712763,지수,,9개도,지수,2025년 12월,2025,12,2025-12-01
A_2024_00080,MM,202512,,,510010,강남지역,100001,지수,99.0520214487194,지수,,서울>강남지역,지수,2025년 12월,2025,12,2025-12-01
A_2024_00080,MM,202512,,,510009,강북지역,100001,지수,99.3806386333549,지수,,서울>강북지역,지수,2025년 12월,2025,12,2025-12-01
A_2024_00080,MM,202512,,,500017,강원,100001,지수,100.052914264565,지수,,강원,지수,2025년 12월,2025,12,2025-12-01
A_2024_00080,MM,202512,,,500009,경기,100001,지수,99.9952331741709,지수,,경기,지수,2025년 12월,2025,12,2025-12-01
A_2024_00080,MM,202512,,,500023,경남,100001,지수,100.07594170684,지수,,경남,지수,2025년 12월,2025,12,2025-12-01
A_2024_00080,MM,202512,,,510012,경부1권,100001,지수,99.7066249901861,지수,,경기>경부1권,지수,2025년 12월,2025,12,2025-12-01
A_2024_00080,MM,202512,,,510013,경부2권,100001,지수,99.9695089142266,지수,,경기>경부2권,지수,2025년 12월,2025,12,2025-12-01
A_2024_00080,MM,202512,,,500022,경북,100001,지수,100.039328893249,지수,,경북,지수,2025년 12월,2025,12,2025-12-01
A_2024_00080,MM,202512,,,510018,경원권,100001,지수,100.070501635393,지수,,경기>경원권,지수,2025년 12월,2025,12,2025-12-01
A_2024_00080,MM,202512,,,510017,경의권,100001,지수,100.149180992107,지수,,경기>경의권,지수,2025년 12월,2025,12,2025-12-01
A_2024_00080,MM,202512,,,500013,광주,100001,지수,100.041170177078,지수,,전남광주>광주,지수,2025년 12월,2025,12,2025-12-01
A_2024_00080,MM,202512,,,500012,대구,100001,지수,100.168048863878,지수,,대구,지수,2025년 12월,2025,12,2025-12-01
A_2024_00080,MM,202512,,,500014,대전,100001,지수,100.045969356684,지수,,대전,지수,2025년 12월,2025,12,2025-12-01
A_2024_00080,MM,202512,,,520010,도심권,100001,지수,98.9465566720907,지수,,서울>강북지역>도심권,지수,2025년 12월,2025,12,2025-12-01
A_2024_00080,MM,202512,,,520015,동남권,100001,지수,98.8750137614416,지수,,서울>강남지역>동남권,지수,2025년 12월,2025,12,2025-12-01
A_2024_00080,MM,202512,,,510015,동부1권,100001,지수,100.087512823008,지수,,경기>동부1권,지수,2025년 12월,2025,12,2025-12-01
A_2024_00080,MM,202512,,,510016,동부2권,100001,지수,100.319826066204,지수,,경기>동부2권,지수,2025년 12월,2025,12,2025-12-01
A_2024_00080,MM,202512,,,510022,동부산권,100001,지수,100.065460484671,지수,,부산>동부산권,지수,2025년 12월,2025,12,2025-12-01
A_2024_00080,MM,202512,,,520011,동북권,100001,지수,99.5200090303562,지수,,서울>강북지역>동북권,지수,2025년 12월,2025,12,2025-12-01
A_2024_00080,MM,202512,,,500011,부산,100001,지수,100.070518752174,지수,,부산,지수,2025년 12월,2025,12,2025-12-01
A_2024_00080,MM,202512,,,520014,서남권,100001,지수,99.164216057721,지수,,서울>강남지역>서남권,지수,2025년 12월,2025,12,2025-12-01
A_2024_00080,MM,202512,,,510023,서부산권,100001,지수,100.183053035758,지수,,부산>서부산권,지수,2025년 12월,2025,12,2025-12-01
A_2024_00080,MM,202512,,,520012,서북권,100001,지수,99.2952191618782,지수,,서울>강북지역>서북권,지수,2025년 12월,2025,12,2025-12-01
A_2024_00080,MM,202512,,,500008,서울,100001,지수,99.2111014640373,지수,,서울,지수,2025년 12월,2025,12,2025-12-01
A_2024_00080,MM,202512,,,510014,서해안권,100001,지수,99.9719221277308,지수,,경기>서해안권,지수,2025년 12월,2025,12,2025-12-01
A_2024_00080,MM,202512,,,500016,세종,100001,지수,99.9493610677841,지수,,세종,지수,2025년 12월,2025,12,2025-12-01
A_2024_00080,MM,202512,,,500002,수도권,100001,지수,99.6529334396072,지수,,수도권,지수,2025년 12월,2025,12,2025-12-01
A_2024_00080,MM,202512,,,500015,울산,100001,지수,100.090872029947,지수,,울산,지수,2025년 12월,2025,12,2025-12-01
A_2024_00080,MM,202512,,,500010,인천,100001,지수,100.131575510046,지수,,인천,지수,2025년 12월,2025,12,2025-12-01
A_2024_00080,MM,202512,,,500001,전국,100001,지수,99.7713812670148,지수,,전국,지수,2025년 12월,2025,12,2025-12-01
A_2024_00080,MM,202512,,,500021,전남,100001,지수,100.033355048753,지수,,전남광주>전남,지수,2025년 12월,2025,12,2025-12-01
A_2024_00080,MM,202512,,,500020,전북,100001,지수,100.073199372171,지수,,전북,지수,2025년 12월,2025,12,2025-12-01
A_2024_00080,MM,202512,,,500024,제주,100001,지수,100.150311402463,지수,,제주,지수,2025년 12월,2025,12,2025-12-01
A_2024_00080,MM,202512,,,510021,중부산권,100001,지수,100.032629857353,지수,,부산>중부산권,지수,2025년 12월,2025,12,2025-12-01
A_2024_00080,MM,202512,,,500003,지방권,100001,지수,100.083664158908,지수,,지방권,지수,2025년 12월,2025,12,2025-12-01
A_2024_00080,MM,202512,,,500019,충남,100001,지수,100.093331222833,지수,,충남,지수,2025년 12월,2025,12,2025-12-01
A_2024_00080,MM,202512,,,500018,충북,100001,지수,100.128825106367,지수,,충북,지수,2025년 12월,2025,12,2025-12-01
A_2024_00080,MM,202601,,,500005,5대광역시,100001,지수,100.0,지수,,5대광역시,지수,2026년 1월,2026,1,2026-01-01
A_2024_00080,MM,202601,,,500004,6대광역시,100001,지수,100.0,지수,,6대광역시,지수,2026년 1월,2026,1,2026-01-01
A_2024_00080,MM,202601,,,500007,8개도,100001,지수,100.0,지수,,8개도,지수,2026년 1월,2026,1,2026-01-01
A_2024_00080,MM,202601,,,500006,9개도,100001,지수,100.0,지수,,9개도,지수,2026년 1월,2026,1,2026-01-01
A_2024_00080,MM,202601,,,510010,강남지역,100001,지수,100.0,지수,,서울>강남지역,지수,2026년 1월,2026,1,2026-01-01
A_2024_00080,MM,202601,,,510009,강북지역,100001,지수,100.0,지수,,서울>강북지역,지수,2026년 1월,2026,1,2026-01-01
A_2024_00080,MM,202601,,,500017,강원,100001,지수,100.0,지수,,강원,지수,2026년 1월,2026,1,2026-01-01
A_2024_00080,MM,202601,,,500009,경기,100001,지수,100.0,지수,,경기,지수,2026년 1월,2026,1,2026-01-01
A_2024_00080,MM,202601,,,500023,경남,100001,지수,100.0,지수,,경남,지수,2026년 1월,2026,1,2026-01-01
A_2024_00080,MM,202601,,,510012,경부1권,100001,지수,100.0,지수,,경기>경부1권,지수,2026년 1월,2026,1,2026-01-01
A_2024_00080,MM,202601,,,510013,경부2권,100001,지수,100.0,지수,,경기>경부2권,지수,2026년 1월,2026,1,2026-01-01
A_2024_00080,MM,202601,,,500022,경북,100001,지수,100.0,지수,,경북,지수,2026년 1월,2026,1,2026-01-01
A_2024_00080,MM,202601,,,510018,경원권,100001,지수,100.0,지수,,경기>경원권,지수,2026년 1월,2026,1,2026-01-01
A_2024_00080,MM,202601,,,510017,경의권,100001,지수,100.0,지수,,경기>경의권,지수,2026년 1월,2026,1,2026-01-01
A_2024_00080,MM,202601,,,500013,광주,100001,지수,100.0,지수,,전남광주>광주,지수,2026년 1월,2026,1,2026-01-01
A_2024_00080,MM,202601,,,500012,대구,100001,지수,100.0,지수,,대구,지수,2026년 1월,2026,1,2026-01-01
A_2024_00080,MM,202601,,,500014,대전,100001,지수,100.0,지수,,대전,지수,2026년 1월,2026,1,2026-01-01
A_2024_00080,MM,202601,,,520010,도심권,100001,지수,100.0,지수,,서울>강북지역>도심권,지수,2026년 1월,2026,1,2026-01-01
A_2024_00080,MM,202601,,,520015,동남권,100001,지수,100.0,지수,,서울>강남지역>동남권,지수,2026년 1월,2026,1,2026-01-01
A_2024_00080,MM,202601,,,510015,동부1권,100001,지수,100.0,지수,,경기>동부1권,지수,2026년 1월,2026,1,2026-01-01
A_2024_00080,MM,202601,,,510016,동부2권,100001,지수,100.0,지수,,경기>동부2권,지수,2026년 1월,2026,1,2026-01-01
A_2024_00080,MM,202601,,,510022,동부산권,100001,지수,100.0,지수,,부산>동부산권,지수,2026년 1월,2026,1,2026-01-01
A_2024_00080,MM,202601,,,520011,동북권,100001,지수,100.0,지수,,서울>강북지역>동북권,지수,2026년 1월,2026,1,2026-01-01
A_2024_00080,MM,202601,,,500011,부산,100001,지수,100.0,지수,,부산,지수,2026년 1월,2026,1,2026-01-01
A_2024_00080,MM,202601,,,520014,서남권,100001,지수,100.0,지수,,서울>강남지역>서남권,지수,2026년 1월,2026,1,2026-01-01
A_2024_00080,MM,202601,,,510023,서부산권,100001,지수,100.0,지수,,부산>서부산권,지수,2026년 1월,2026,1,2026-01-01
A_2024_00080,MM,202601,,,520012,서북권,100001,지수,100.0,지수,,서울>강북지역>서북권,지수,2026년 1월,2026,1,2026-01-01
A_2024_00080,MM,202601,,,500008,서울,100001,지수,100.0,지수,,서울,지수,2026년 1월,2026,1,2026-01-01
A_2024_00080,MM,202601,,,510014,서해안권,100001,지수,100.0,지수,,경기>서해안권,지수,2026년 1월,2026,1,2026-01-01
A_2024_00080,MM,202601,,,500016,세종,100001,지수,100.0,지수,,세종,지수,2026년 1월,2026,1,2026-01-01
A_2024_00080,MM,202601,,,500002,수도권,100001,지수,100.0,지수,,수도권,지수,2026년 1월,2026,1,2026-01-01
A_2024_00080,MM,202601,,,500015,울산,100001,지수,100.0,지수,,울산,지수,2026년 1월,2026,1,2026-01-01
A_2024_00080,MM,202601,,,500010,인천,100001,지수,100.0,지수,,인천,지수,2026년 1월,2026,1,2026-01-01
A_2024_00080,MM,202601,,,500001,전국,100001,지수,100.0,지수,,전국,지수,2026년 1월,2026,1,2026-01-01
A_2024_00080,MM,202601,,,500021,전남,100001,지수,100.0,지수,,전남광주>전남,지수,2026년 1월,2026,1,2026-01-01
A_2024_00080,MM,202601,,,500020,전북,100001,지수,100.0,지수,,전북,지수,2026년 1월,2026,1,2026-01-01
A_2024_00080,MM,202601,,,500024,제주,100001,지수,100.0,지수,,제주,지수,2026년 1월,2026,1,2026-01-01
A_2024_00080,MM,202601,,,510021,중부산권,100001,지수,100.0,지수,,부산>중부산권,지수,2026년 1월,2026,1,2026-01-01
A_2024_00080,MM,202601,,,500003,지방권,100001,지수,100.0,지수,,지방권,지수,2026년 1월,2026,1,2026-01-01
A_2024_00080,MM,202601,,,500019,충남,100001,지수,100.0,지수,,충남,지수,2026년 1월,2026,1,2026-01-01
A_2024_00080,MM,202601,,,500018,충북,100001,지수,100.0,지수,,충북,지수,2026년 1월,2026,1,2026-01-01
A_2024_00080,MM,202602,,,500005,5대광역시,100001,지수,99.9442713345199,지수,,5대광역시,지수,2026년 2월,2026,2,2026-02-01
A_2024_00080,MM,202602,,,500004,6대광역시,100001,지수,99.9225873645705,지수,,6대광역시,지수,2026년 2월,2026,2,2026-02-01
A_2024_00080,MM,202602,,,500007,8개도,100001,지수,99.9527712311768,지수,,8개도,지수,2026년 2월,2026,2,2026-02-01
A_2024_00080,MM,202602,,,500006,9개도,100001,지수,100.068855004171,지수,,9개도,지수,2026년 2월,2026,2,2026-02-01
A_2024_00080,MM,202602,,,510010,강남지역,100001,지수,100.58445680014,지수,,서울>강남지역,지수,2026년 2월,2026,2,2026-02-01
A_2024_00080,MM,202602,,,510009,강북지역,100001,지수,100.689387317905,지수,,서울>강북지역,지수,2026년 2월,2026,2,2026-02-01
A_2024_00080,MM,202602,,,500017,강원,100001,지수,100.014755854565,지수,,강원,지수,2026년 2월,2026,2,2026-02-01
A_2024_00080,MM,202602,,,500009,경기,100001,지수,100.127621354248,지수,,경기,지수,2026년 2월,2026,2,2026-02-01
A_2024_00080,MM,202602,,,500023,경남,100001,지수,99.9163641856396,지수,,경남,지수,2026년 2월,2026,2,2026-02-01
A_2024_00080,MM,202602,,,510012,경부1권,100001,지수,100.27965474899,지수,,경기>경부1권,지수,2026년 2월,2026,2,2026-02-01
A_2024_00080,MM,202602,,,510013,경부2권,100001,지수,100.135419943719,지수,,경기>경부2권,지수,2026년 2월,2026,2,2026-02-01
A_2024_00080,MM,202602,,,500022,경북,100001,지수,100.08550435698,지수,,경북,지수,2026년 2월,2026,2,2026-02-01
A_2024_00080,MM,202602,,,510018,경원권,100001,지수,99.9019287134472,지수,,경기>경원권,지수,2026년 2월,2026,2,2026-02-01
A_2024_00080,MM,202602,,,510017,경의권,100001,지수,99.9940837228337,지수,,경기>경의권,지수,2026년 2월,2026,2,2026-02-01
A_2024_00080,MM,202602,,,500013,광주,100001,지수,99.9264974912406,지수,,전남광주>광주,지수,2026년 2월,2026,2,2026-02-01
A_2024_00080,MM,202602,,,500012,대구,100001,지수,99.9444184280282,지수,,대구,지수,2026년 2월,2026,2,2026-02-01
A_2024_00080,MM,202602,,,500014,대전,100001,지수,99.9370744577209,지수,,대전,지수,2026년 2월,2026,2,2026-02-01
A_2024_00080,MM,202602,,,520010,도심권,100001,지수,100.812439071122,지수,,서울>강북지역>도심권,지수,2026년 2월,2026,2,2026-02-01
A_2024_00080,MM,202602,,,520015,동남권,100001,지수,100.634633518607,지수,,서울>강남지역>동남권,지수,2026년 2월,2026,2,2026-02-01
A_2024_00080,MM,202602,,,510015,동부1권,100001,지수,100.382030590397,지수,,경기>동부1권,지수,2026년 2월,2026,2,2026-02-01
A_2024_00080,MM,202602,,,510016,동부2권,100001,지수,99.9290445606308,지수,,경기>동부2권,지수,2026년 2월,2026,2,2026-02-01
A_2024_00080,MM,202602,,,510022,동부산권,100001,지수,99.9334840905888,지수,,부산>동부산권,지수,2026년 2월,2026,2,2026-02-01
A_2024_00080,MM,202602,,,520011,동북권,100001,지수,100.664140093044,지수,,서울>강북지역>동북권,지수,2026년 2월,2026,2,2026-02-01
A_2024_00080,MM,202602,,,500011,부산,100001,지수,99.9356364915945,지수,,부산,지수,2026년 2월,2026,2,2026-02-01
A_2024_00080,MM,202602,,,520014,서남권,100001,지수,100.552948105696,지수,,서울>강남지역>서남권,지수,2026년 2월,2026,2,2026-02-01
A_2024_00080,MM,202602,,,510023,서부산권,100001,지수,99.8307655388705,지수,,부산>서부산권,지수,2026년 2월,2026,2,2026-02-01
A_2024_00080,MM,202602,,,520012,서북권,100001,지수,100.689481726406,지수,,서울>강북지역>서북권,지수,2026년 2월,2026,2,2026-02-01
A_2024_00080,MM,202602,,,500008,서울,100001,지수,100.635333056125,지수,,서울,지수,2026년 2월,2026,2,2026-02-01
A_2024_00080,MM,202602,,,510014,서해안권,100001,지수,100.081058256728,지수,,경기>서해안권,지수,2026년 2월,2026,2,2026-02-01
A_2024_00080,MM,202602,,,500016,세종,100001,지수,99.9220082643117,지수,,세종,지수,2026년 2월,2026,2,2026-02-01
A_2024_00080,MM,202602,,,500002,수도권,100001,지수,100.331803794189,지수,,수도권,지수,2026년 2월,2026,2,2026-02-01
A_2024_00080,MM,202602,,,500015,울산,100001,지수,100.01960774962,지수,,울산,지수,2026년 2월,2026,2,2026-02-01
A_2024_00080,MM,202602,,,500010,인천,100001,지수,99.8930622369087,지수,,인천,지수,2026년 2월,2026,2,2026-02-01
A_2024_00080,MM,202602,,,500001,전국,100001,지수,100.224851142175,지수,,전국,지수,2026년 2월,2026,2,2026-02-01
A_2024_00080,MM,202602,,,500021,전남,100001,지수,99.9995692521294,지수,,전남광주>전남,지수,2026년 2월,2026,2,2026-02-01
A_2024_00080,MM,202602,,,500020,전북,100001,지수,99.9577954140538,지수,,전북,지수,2026년 2월,2026,2,2026-02-01
A_2024_00080,MM,202602,,,500024,제주,100001,지수,99.793196240647,지수,,제주,지수,2026년 2월,2026,2,2026-02-01
A_2024_00080,MM,202602,,,510021,중부산권,100001,지수,99.9748477331591,지수,,부산>중부산권,지수,2026년 2월,2026,2,2026-02-01
A_2024_00080,MM,202602,,,500003,지방권,100001,지수,99.9486479868208,지수,,지방권,지수,2026년 2월,2026,2,2026-02-01
A_2024_00080,MM,202602,,,500019,충남,100001,지수,100.004980994186,지수,,충남,지수,2026년 2월,2026,2,2026-02-01
A_2024_00080,MM,202602,,,500018,충북,100001,지수,99.8588956704457,지수,,충북,지수,2026년 2월,2026,2,2026-02-01
A_2024_00080,MM,202603,,,500005,5대광역시,100001,지수,99.8610054413374,지수,,5대광역시,지수,2026년 3월,2026,3,2026-03-01
A_2024_00080,MM,202603,,,500004,6대광역시,100001,지수,99.8278380614391,지수,,6대광역시,지수,2026년 3월,2026,3,2026-03-01
A_2024_00080,MM,202603,,,500007,8개도,100001,지수,99.890724003733,지수,,8개도,지수,2026년 3월,2026,3,2026-03-01
A_2024_00080,MM,202603,,,500006,9개도,100001,지수,100.098343461116,지수,,9개도,지수,2026년 3월,2026,3,2026-03-01
A_2024_00080,MM,202603,,,510010,강남지역,100001,지수,101.053228242894,지수,,서울>강남지역,지수,2026년 3월,2026,3,2026-03-01
A_2024_00080,MM,202603,,,510009,강북지역,100001,지수,101.281711934551,지수,,서울>강북지역,지수,2026년 3월,2026,3,2026-03-01
A_2024_00080,MM,202603,,,500017,강원,100001,지수,99.9967948992867,지수,,강원,지수,2026년 3월,2026,3,2026-03-01
A_2024_00080,MM,202603,,,500009,경기,100001,지수,100.203521385538,지수,,경기,지수,2026년 3월,2026,3,2026-03-01
A_2024_00080,MM,202603,,,500023,경남,100001,지수,99.8359847730692,지수,,경남,지수,2026년 3월,2026,3,2026-03-01
A_2024_00080,MM,202603,,,510012,경부1권,100001,지수,100.564434122649,지수,,경기>경부1권,지수,2026년 3월,2026,3,2026-03-01
A_2024_00080,MM,202603,,,510013,경부2권,100001,지수,100.229522840154,지수,,경기>경부2권,지수,2026년 3월,2026,3,2026-03-01
A_2024_00080,MM,202603,,,500022,경북,100001,지수,100.07450628546,지수,,경북,지수,2026년 3월,2026,3,2026-03-01
A_2024_00080,MM,202603,,,510018,경원권,100001,지수,99.798023817722,지수,,경기>경원권,지수,2026년 3월,2026,3,2026-03-01
A_2024_00080,MM,202603,,,510017,경의권,100001,지수,99.8280667798235,지수,,경기>경의권,지수,2026년 3월,2026,3,2026-03-01
A_2024_00080,MM,202603,,,500013,광주,100001,지수,99.7582592628775,지수,,전남광주>광주,지수,2026년 3월,2026,3,2026-03-01
A_2024_00080,MM,202603,,,500012,대구,100001,지수,99.7916159146323,지수,,대구,지수,2026년 3월,2026,3,2026-03-01
A_2024_00080,MM,202603,,,500014,대전,100001,지수,99.8880233629004,지수,,대전,지수,2026년 3월,2026,3,2026-03-01
A_2024_00080,MM,202603,,,520010,도심권,100001,지수,101.619734945939,지수,,서울>강북지역>도심권,지수,2026년 3월,2026,3,2026-03-01
A_2024_00080,MM,202603,,,520015,동남권,100001,지수,101.043752486596,지수,,서울>강남지역>동남권,지수,2026년 3월,2026,3,2026-03-01
A_2024_00080,MM,202603,,,510015,동부1권,100001,지수,100.71460776389,지수,,경기>동부1권,지수,2026년 3월,2026,3,2026-03-01
A_2024_00080,MM,202603,,,510016,동부2권,100001,지수,99.8381178607089,지수,,경기>동부2권,지수,2026년 3월,2026,3,2026-03-01
A_2024_00080,MM,202603,,,510022,동부산권,100001,지수,99.8413521141266,지수,,부산>동부산권,지수,2026년 3월,2026,3,2026-03-01
A_2024_00080,MM,202603,,,520011,동북권,100001,지수,101.228676120676,지수,,서울>강북지역>동북권,지수,2026년 3월,2026,3,2026-03-01
A_2024_00080,MM,202603,,,500011,부산,100001,지수,99.8701331713636,지수,,부산,지수,2026년 3월,2026,3,2026-03-01
A_2024_00080,MM,202603,,,520014,서남권,100001,지수,101.059181457305,지수,,서울>강남지역>서남권,지수,2026년 3월,2026,3,2026-03-01
A_2024_00080,MM,202603,,,510023,서부산권,100001,지수,99.6736612168652,지수,,부산>서부산권,지수,2026년 3월,2026,3,2026-03-01
A_2024_00080,MM,202603,,,520012,서북권,100001,지수,101.254095999806,지수,,서울>강북지역>서북권,지수,2026년 3월,2026,3,2026-03-01
A_2024_00080,MM,202603,,,500008,서울,100001,지수,101.163975380822,지수,,서울,지수,2026년 3월,2026,3,2026-03-01
A_2024_00080,MM,202603,,,510014,서해안권,100001,지수,100.105396336603,지수,,경기>서해안권,지수,2026년 3월,2026,3,2026-03-01
A_2024_00080,MM,202603,,,500016,세종,100001,지수,99.8550837783278,지수,,세종,지수,2026년 3월,2026,3,2026-03-01
A_2024_00080,MM,202603,,,500002,수도권,100001,지수,100.592134167586,지수,,수도권,지수,2026년 3월,2026,3,2026-03-01
A_2024_00080,MM,202603,,,500015,울산,100001,지수,99.9672138680059,지수,,울산,지수,2026년 3월,2026,3,2026-03-01
A_2024_00080,MM,202603,,,500010,인천,100001,지수,99.7826831427116,지수,,인천,지수,2026년 3월,2026,3,2026-03-01
A_2024_00080,MM,202603,,,500001,전국,100001,지수,100.392174945686,지수,,전국,지수,2026년 3월,2026,3,2026-03-01
A_2024_00080,MM,202603,,,500021,전남,100001,지수,99.9680383328235,지수,,전남광주>전남,지수,2026년 3월,2026,3,2026-03-01
A_2024_00080,MM,202603,,,500020,전북,100001,지수,99.9166658659104,지수,,전북,지수,2026년 3월,2026,3,2026-03-01
A_2024_00080,MM,202603,,,500024,제주,100001,지수,99.6302895434346,지수,,제주,지수,2026년 3월,2026,3,2026-03-01
A_2024_00080,MM,202603,,,510021,중부산권,100001,지수,99.9570950270442,지수,,부산>중부산권,지수,2026년 3월,2026,3,2026-03-01
A_2024_00080,MM,202603,,,500003,지방권,100001,지수,99.876638228502,지수,,지방권,지수,2026년 3월,2026,3,2026-03-01
A_2024_00080,MM,202603,,,500019,충남,100001,지수,99.9408642278321,지수,,충남,지수,2026년 3월,2026,3,2026-03-01
A_2024_00080,MM,202603,,,500018,충북,100001,지수,99.8398705169186,지수,,충북,지수,2026년 3월,2026,3,2026-03-01
A_2024_00080,MM,202604,,,500005,5대광역시,100001,지수,99.7527898035647,지수,,5대광역시,지수,2026년 4월,2026,4,2026-04-01
A_2024_00080,MM,202604,,,500004,6대광역시,100001,지수,99.713253703403,지수,,6대광역시,지수,2026년 4월,2026,4,2026-04-01
A_2024_00080,MM,202604,,,500007,8개도,100001,지수,99.8406160910622,지수,,8개도,지수,2026년 4월,2026,4,2026-04-01
A_2024_00080,MM,202604,,,500006,9개도,100001,지수,100.100759788697,지수,,9개도,지수,2026년 4월,2026,4,2026-04-01
A_2024_00080,MM,202604,,,510010,강남지역,100001,지수,101.624753386237,지수,,서울>강남지역,지수,2026년 4월,2026,4,2026-04-01
A_2024_00080,MM,202604,,,510009,강북지역,100001,지수,101.961347498838,지수,,서울>강북지역,지수,2026년 4월,2026,4,2026-04-01
A_2024_00080,MM,202604,,,500017,강원,100001,지수,99.9909487529166,지수,,강원,지수,2026년 4월,2026,4,2026-04-01
A_2024_00080,MM,202604,,,500009,경기,100001,지수,100.232598144038,지수,,경기,지수,2026년 4월,2026,4,2026-04-01
A_2024_00080,MM,202604,,,500023,경남,100001,지수,99.7800866658056,지수,,경남,지수,2026년 4월,2026,4,2026-04-01
A_2024_00080,MM,202604,,,510012,경부1권,100001,지수,100.861513807527,지수,,경기>경부1권,지수,2026년 4월,2026,4,2026-04-01
A_2024_00080,MM,202604,,,510013,경부2권,100001,지수,100.301274920619,지수,,경기>경부2권,지수,2026년 4월,2026,4,2026-04-01
A_2024_00080,MM,202604,,,500022,경북,100001,지수,100.104318682683,지수,,경북,지수,2026년 4월,2026,4,2026-04-01
A_2024_00080,MM,202604,,,510018,경원권,100001,지수,99.7173242323999,지수,,경기>경원권,지수,2026년 4월,2026,4,2026-04-01
A_2024_00080,MM,202604,,,510017,경의권,100001,지수,99.6775499476001,지수,,경기>경의권,지수,2026년 4월,2026,4,2026-04-01
A_2024_00080,MM,202604,,,500013,광주,100001,지수,99.614907488719,지수,,전남광주>광주,지수,2026년 4월,2026,4,2026-04-01
A_2024_00080,MM,202604,,,500012,대구,100001,지수,99.5585930008733,지수,,대구,지수,2026년 4월,2026,4,2026-04-01
A_2024_00080,MM,202604,,,500014,대전,100001,지수,99.8552654773605,지수,,대전,지수,2026년 4월,2026,4,2026-04-01
A_2024_00080,MM,202604,,,520010,도심권,100001,지수,102.325897582865,지수,,서울>강북지역>도심권,지수,2026년 4월,2026,4,2026-04-01
A_2024_00080,MM,202604,,,520015,동남권,100001,지수,101.608693554453,지수,,서울>강남지역>동남권,지수,2026년 4월,2026,4,2026-04-01
A_2024_00080,MM,202604,,,510015,동부1권,100001,지수,100.835157826636,지수,,경기>동부1권,지수,2026년 4월,2026,4,2026-04-01
A_2024_00080,MM,202604,,,510016,동부2권,100001,지수,99.6778357332759,지수,,경기>동부2권,지수,2026년 4월,2026,4,2026-04-01
A_2024_00080,MM,202604,,,510022,동부산권,100001,지수,99.6820736108708,지수,,부산>동부산권,지수,2026년 4월,2026,4,2026-04-01
A_2024_00080,MM,202604,,,520011,동북권,100001,지수,101.919944606921,지수,,서울>강북지역>동북권,지수,2026년 4월,2026,4,2026-04-01
A_2024_00080,MM,202604,,,500011,부산,100001,지수,99.7738591750869,지수,,부산,지수,2026년 4월,2026,4,2026-04-01
A_2024_00080,MM,202604,,,520014,서남권,100001,지수,101.634843622988,지수,,서울>강남지역>서남권,지수,2026년 4월,2026,4,2026-04-01
A_2024_00080,MM,202604,,,510023,서부산권,100001,지수,99.4837452946365,지수,,부산>서부산권,지수,2026년 4월,2026,4,2026-04-01
A_2024_00080,MM,202604,,,520012,서북권,100001,지수,101.904465009324,지수,,서울>강북지역>서북권,지수,2026년 4월,2026,4,2026-04-01
A_2024_00080,MM,202604,,,500008,서울,100001,지수,101.787858101637,지수,,서울,지수,2026년 4월,2026,4,2026-04-01
A_2024_00080,MM,202604,,,510014,서해안권,100001,지수,100.086723575843,지수,,경기>서해안권,지수,2026년 4월,2026,4,2026-04-01
A_2024_00080,MM,202604,,,500016,세종,100001,지수,99.6660302800462,지수,,세종,지수,2026년 4월,2026,4,2026-04-01
A_2024_00080,MM,202604,,,500002,수도권,100001,지수,100.874970336704,지수,,수도권,지수,2026년 4월,2026,4,2026-04-01
A_2024_00080,MM,202604,,,500015,울산,100001,지수,99.945967239764,지수,,울산,지수,2026년 4월,2026,4,2026-04-01
A_2024_00080,MM,202604,,,500010,인천,100001,지수,99.6594323286988,지수,,인천,지수,2026년 4월,2026,4,2026-04-01
A_2024_00080,MM,202604,,,500001,전국,100001,지수,100.573786610524,지수,,전국,지수,2026년 4월,2026,4,2026-04-01
A_2024_00080,MM,202604,,,500021,전남,100001,지수,99.9929959465993,지수,,전남광주>전남,지수,2026년 4월,2026,4,2026-04-01
A_2024_00080,MM,202604,,,500020,전북,100001,지수,99.917972885994,지수,,전북,지수,2026년 4월,2026,4,2026-04-01
A_2024_00080,MM,202604,,,500024,제주,100001,지수,99.4498764348524,지수,,제주,지수,2026년 4월,2026,4,2026-04-01
A_2024_00080,MM,202604,,,510021,중부산권,100001,지수,99.9291736499286,지수,,부산>중부산권,지수,2026년 4월,2026,4,2026-04-01
A_2024_00080,MM,202604,,,500003,지방권,100001,지수,99.7986631460528,지수,,지방권,지수,2026년 4월,2026,4,2026-04-01
A_2024_00080,MM,202604,,,500019,충남,100001,지수,99.8655819281944,지수,,충남,지수,2026년 4월,2026,4,2026-04-01
A_2024_00080,MM,202604,,,500018,충북,100001,지수,99.7843383486416,지수,,충북,지수,2026년 4월,2026,4,2026-04-01
A_2024_00080,MM,202605,,,500005,5대광역시,100001,지수,99.6454436370038,지수,,5대광역시,지수,2026년 5월,2026,5,2026-05-01
A_2024_00080,MM,202605,,,500004,6대광역시,100001,지수,99.5391295933541,지수,,6대광역시,지수,2026년 5월,2026,5,2026-05-01
A_2024_00080,MM,202605,,,500007,8개도,100001,지수,99.761286176993,지수,,8개도,지수,2026년 5월,2026,5,2026-05-01
A_2024_00080,MM,202605,,,500006,9개도,100001,지수,100.036950570429,지수,,9개도,지수,2026년 5월,2026,5,2026-05-01
A_2024_00080,MM,202605,,,510010,강남지역,100001,지수,102.335516463373,지수,,서울>강남지역,지수,2026년 5월,2026,5,2026-05-01
A_2024_00080,MM,202605,,,510009,강북지역,100001,지수,102.796447271473,지수,,서울>강북지역,지수,2026년 5월,2026,5,2026-05-01
A_2024_00080,MM,202605,,,500017,강원,100001,지수,100.044077859732,지수,,강원,지수,2026년 5월,2026,5,2026-05-01
A_2024_00080,MM,202605,,,500009,경기,100001,지수,100.176671202083,지수,,경기,지수,2026년 5월,2026,5,2026-05-01
A_2024_00080,MM,202605,,,500023,경남,100001,지수,99.6684578756195,지수,,경남,지수,2026년 5월,2026,5,2026-05-01
A_2024_00080,MM,202605,,,510012,경부1권,100001,지수,101.170503068587,지수,,경기>경부1권,지수,2026년 5월,2026,5,2026-05-01
A_2024_00080,MM,202605,,,510013,경부2권,100001,지수,100.387765012956,지수,,경기>경부2권,지수,2026년 5월,2026,5,2026-05-01
A_2024_00080,MM,202605,,,500022,경북,100001,지수,100.052519445427,지수,,경북,지수,2026년 5월,2026,5,2026-05-01
A_2024_00080,MM,202605,,,510018,경원권,100001,지수,99.6001747406458,지수,,경기>경원권,지수,2026년 5월,2026,5,2026-05-01
A_2024_00080,MM,202605,,,510017,경의권,100001,지수,99.3482545104119,지수,,경기>경의권,지수,2026년 5월,2026,5,2026-05-01
A_2024_00080,MM,202605,,,500013,광주,100001,지수,99.3508999945036,지수,,전남광주>광주,지수,2026년 5월,2026,5,2026-05-01
A_2024_00080,MM,202605,,,500012,대구,100001,지수,99.4358062348388,지수,,대구,지수,2026년 5월,2026,5,2026-05-01
A_2024_00080,MM,202605,,,500014,대전,100001,지수,99.7692702593147,지수,,대전,지수,2026년 5월,2026,5,2026-05-01
A_2024_00080,MM,202605,,,520010,도심권,100001,지수,103.105136667794,지수,,서울>강북지역>도심권,지수,2026년 5월,2026,5,2026-05-01
A_2024_00080,MM,202605,,,520015,동남권,100001,지수,102.444390062537,지수,,서울>강남지역>동남권,지수,2026년 5월,2026,5,2026-05-01
A_2024_00080,MM,202605,,,510015,동부1권,100001,지수,100.70082663378,지수,,경기>동부1권,지수,2026년 5월,2026,5,2026-05-01
A_2024_00080,MM,202605,,,510016,동부2권,100001,지수,99.5010439037896,지수,,경기>동부2권,지수,2026년 5월,2026,5,2026-05-01
A_2024_00080,MM,202605,,,510022,동부산권,100001,지수,99.5683714257377,지수,,부산>동부산권,지수,2026년 5월,2026,5,2026-05-01
A_2024_00080,MM,202605,,,520011,동북권,100001,지수,102.794688503644,지수,,서울>강북지역>동북권,지수,2026년 5월,2026,5,2026-05-01
A_2024_00080,MM,202605,,,500011,부산,100001,지수,99.670327388295,지수,,부산,지수,2026년 5월,2026,5,2026-05-01
A_2024_00080,MM,202605,,,520014,서남권,100001,지수,102.267180219392,지수,,서울>강남지역>서남권,지수,2026년 5월,2026,5,2026-05-01
A_2024_00080,MM,202605,,,510023,서부산권,100001,지수,99.3049907594266,지수,,부산>서부산권,지수,2026년 5월,2026,5,2026-05-01
A_2024_00080,MM,202605,,,520012,서북권,100001,지수,102.691113066691,지수,,서울>강북지역>서북권,지수,2026년 5월,2026,5,2026-05-01
A_2024_00080,MM,202605,,,500008,서울,100001,지수,102.558803147683,지수,,서울,지수,2026년 5월,2026,5,2026-05-01
A_2024_00080,MM,202605,,,510014,서해안권,100001,지수,99.9844910699017,지수,,경기>서해안권,지수,2026년 5월,2026,5,2026-05-01
A_2024_00080,MM,202605,,,500016,세종,100001,지수,99.5037002131407,지수,,세종,지수,2026년 5월,2026,5,2026-05-01
A_2024_00080,MM,202605,,,500002,수도권,100001,지수,101.17052592909,지수,,수도권,지수,2026년 5월,2026,5,2026-05-01
A_2024_00080,MM,202605,,,500015,울산,100001,지수,99.9165325139193,지수,,울산,지수,2026년 5월,2026,5,2026-05-01
A_2024_00080,MM,202605,,,500010,인천,100001,지수,99.3945165649023,지수,,인천,지수,2026년 5월,2026,5,2026-05-01
A_2024_00080,MM,202605,,,500001,전국,100001,지수,100.760087520228,지수,,전국,지수,2026년 5월,2026,5,2026-05-01
A_2024_00080,MM,202605,,,500021,전남,100001,지수,99.9907328511696,지수,,전남광주>전남,지수,2026년 5월,2026,5,2026-05-01
A_2024_00080,MM,202605,,,500020,전북,100001,지수,99.9152188376858,지수,,전북,지수,2026년 5월,2026,5,2026-05-01
A_2024_00080,MM,202605,,,500024,제주,100001,지수,99.2308035817183,지수,,제주,지수,2026년 5월,2026,5,2026-05-01
A_2024_00080,MM,202605,,,510021,중부산권,100001,지수,99.8585857417518,지수,,부산>중부산권,지수,2026년 5월,2026,5,2026-05-01
A_2024_00080,MM,202605,,,500003,지방권,100001,지수,99.7058201666502,지수,,지방권,지수,2026년 5월,2026,5,2026-05-01
A_2024_00080,MM,202605,,,500019,충남,100001,지수,99.811770934355,지수,,충남,지수,2026년 5월,2026,5,2026-05-01
A_2024_00080,MM,202605,,,500018,충북,100001,지수,99.6817285483725,지수,,충북,지수,2026년 5월,2026,5,2026-05-01
A_2024_00080,MM,202606,,,500005,5대광역시,100001,지수,99.554653651472,지수,,5대광역시,지수,2026년 6월,2026,6,2026-06-01
A_2024_00080,MM,202606,,,500004,6대광역시,100001,지수,99.5051283411055,지수,,6대광역시,지수,2026년 6월,2026,6,2026-06-01
A_2024_00080,MM,202606,,,500007,8개도,100001,지수,99.6821011517874,지수,,8개도,지수,2026년 6월,2026,6,2026-06-01
A_2024_00080,MM,202606,,,500006,9개도,100001,지수,100.078724238276,지수,,9개도,지수,2026년 6월,2026,6,2026-06-01
A_2024_00080,MM,202606,,,510010,강남지역,100001,지수,103.152272531906,지수,,서울>강남지역,지수,2026년 6월,2026,6,2026-06-01
A_2024_00080,MM,202606,,,510009,강북지역,100001,지수,103.748106538592,지수,,서울>강북지역,지수,2026년 6월,2026,6,2026-06-01
A_2024_00080,MM,202606,,,500017,강원,100001,지수,100.12669926516,지수,,강원,지수,2026년 6월,2026,6,2026-06-01
A_2024_00080,MM,202606,,,500009,경기,100001,지수,100.279936249147,지수,,경기,지수,2026년 6월,2026,6,2026-06-01
A_2024_00080,MM,202606,,,500023,경남,100001,지수,99.5131374439751,지수,,경남,지수,2026년 6월,2026,6,2026-06-01
A_2024_00080,MM,202606,,,510012,경부1권,100001,지수,101.766725604395,지수,,경기>경부1권,지수,2026년 6월,2026,6,2026-06-01
A_2024_00080,MM,202606,,,510013,경부2권,100001,지수,100.454979481358,지수,,경기>경부2권,지수,2026년 6월,2026,6,2026-06-01
A_2024_00080,MM,202606,,,500022,경북,100001,지수,99.9832511342397,지수,,경북,지수,2026년 6월,2026,6,2026-06-01
A_2024_00080,MM,202606,,,510018,경원권,100001,지수,99.5436611708438,지수,,경기>경원권,지수,2026년 6월,2026,6,2026-06-01
A_2024_00080,MM,202606,,,510017,경의권,100001,지수,99.1724320986041,지수,,경기>경의권,지수,2026년 6월,2026,6,2026-06-01
A_2024_00080,MM,202606,,,500013,광주,100001,지수,99.1668813012234,지수,,전남광주>광주,지수,2026년 6월,2026,6,2026-06-01
A_2024_00080,MM,202606,,,500012,대구,100001,지수,99.3098953966006,지수,,대구,지수,2026년 6월,2026,6,2026-06-01
A_2024_00080,MM,202606,,,500014,대전,100001,지수,99.7350494860224,지수,,대전,지수,2026년 6월,2026,6,2026-06-01
A_2024_00080,MM,202606,,,520010,도심권,100001,지수,104.030105088408,지수,,서울>강북지역>도심권,지수,2026년 6월,2026,6,2026-06-01
A_2024_00080,MM,202606,,,520015,동남권,100001,지수,103.305262101407,지수,,서울>강남지역>동남권,지수,2026년 6월,2026,6,2026-06-01
A_2024_00080,MM,202606,,,510015,동부1권,100001,지수,100.875672749222,지수,,경기>동부1권,지수,2026년 6월,2026,6,2026-06-01
A_2024_00080,MM,202606,,,510016,동부2권,100001,지수,99.4154557674146,지수,,경기>동부2권,지수,2026년 6월,2026,6,2026-06-01
A_2024_00080,MM,202606,,,510022,동부산권,100001,지수,99.4846086902964,지수,,부산>동부산권,지수,2026년 6월,2026,6,2026-06-01
A_2024_00080,MM,202606,,,520011,동북권,100001,지수,103.841017176425,지수,,서울>강북지역>동북권,지수,2026년 6월,2026,6,2026-06-01
A_2024_00080,MM,202606,,,500011,부산,100001,지수,99.5646253344117,지수,,부산,지수,2026년 6월,2026,6,2026-06-01
A_2024_00080,MM,202606,,,520014,서남권,100001,지수,103.056278929083,지수,,서울>강남지역>서남권,지수,2026년 6월,2026,6,2026-06-01
A_2024_00080,MM,202606,,,510023,서부산권,100001,지수,99.1155301006712,지수,,부산>서부산권,지수,2026년 6월,2026,6,2026-06-01
A_2024_00080,MM,202606,,,520012,서북권,100001,지수,103.489953390371,지수,,서울>강북지역>서북권,지수,2026년 6월,2026,6,2026-06-01
A_2024_00080,MM,202606,,,500008,서울,100001,지수,103.440815605677,지수,,서울,지수,2026년 6월,2026,6,2026-06-01
A_2024_00080,MM,202606,,,510014,서해안권,100001,지수,100.047562797397,지수,,경기>서해안권,지수,2026년 6월,2026,6,2026-06-01
A_2024_00080,MM,202606,,,500016,세종,100001,지수,99.3676780645396,지수,,세종,지수,2026년 6월,2026,6,2026-06-01
A_2024_00080,MM,202606,,,500002,수도권,100001,지수,101.621685667648,지수,,수도권,지수,2026년 6월,2026,6,2026-06-01
A_2024_00080,MM,202606,,,500015,울산,100001,지수,99.9716469975294,지수,,울산,지수,2026년 6월,2026,6,2026-06-01
A_2024_00080,MM,202606,,,500010,인천,100001,지수,99.4377164866676,지수,,인천,지수,2026년 6월,2026,6,2026-06-01
A_2024_00080,MM,202606,,,500001,전국,100001,지수,101.059967930957,지수,,전국,지수,2026년 6월,2026,6,2026-06-01
A_2024_00080,MM,202606,,,500021,전남,100001,지수,100.035073748957,지수,,전남광주>전남,지수,2026년 6월,2026,6,2026-06-01
A_2024_00080,MM,202606,,,500020,전북,100001,지수,99.9716509951591,지수,,전북,지수,2026년 6월,2026,6,2026-06-01
A_2024_00080,MM,202606,,,500024,제주,100001,지수,98.9968503774612,지수,,제주,지수,2026년 6월,2026,6,2026-06-01
A_2024_00080,MM,202606,,,510021,중부산권,100001,지수,99.7714795905847,지수,,부산>중부산권,지수,2026년 6월,2026,6,2026-06-01
A_2024_00080,MM,202606,,,500003,지방권,100001,지수,99.6209333909313,지수,,지방권,지수,2026년 6월,2026,6,2026-06-01
A_2024_00080,MM,202606,,,500019,충남,100001,지수,99.7385741495818,지수,,충남,지수,2026년 6월,2026,6,2026-06-01
A_2024_00080,MM,202606,,,500018,충북,100001,지수,99.6420480609508,지수,,충북,지수,2026년 6월,2026,6,2026-06-01
