STATBL_ID,DTACYCLE_CD,WRTTIME_IDTFR_ID,GRP_ID,GRP_NM,CLS_ID,CLS_NM,ITM_ID,ITM_NM,DTA_VAL,UI_NM,GRP_FULLNM,CLS_FULLNM,ITM_FULLNM,WRTTIME_DESC,YEAR,MONTH,DATE
A_2024_00085,MM,201801,,,500005,5대광역시,100001,지수,104.641731797233,지수,,5대광역시,지수,2018년 1월,2018,1,2018-01-01
A_2024_00085,MM,201801,,,500004,6대광역시,100001,지수,102.972210937389,지수,,6대광역시,지수,2018년 1월,2018,1,2018-01-01
A_2024_00085,MM,201801,,,500007,8개도,100001,지수,106.171985059121,지수,,8개도,지수,2018년 1월,2018,1,2018-01-01
A_2024_00085,MM,201801,,,500006,9개도,100001,지수,101.593145191065,지수,,9개도,지수,2018년 1월,2018,1,2018-01-01
A_2024_00085,MM,201801,,,510010,강남지역,100001,지수,98.7899385602594,지수,,서울>강남지역,지수,2018년 1월,2018,1,2018-01-01
A_2024_00085,MM,201801,,,510009,강북지역,100001,지수,97.3082653783489,지수,,서울>강북지역,지수,2018년 1월,2018,1,2018-01-01
A_2024_00085,MM,201801,,,500017,강원,100001,지수,103.398317407016,지수,,강원,지수,2018년 1월,2018,1,2018-01-01
A_2024_00085,MM,201801,,,500009,경기,100001,지수,99.348316194368,지수,,경기,지수,2018년 1월,2018,1,2018-01-01
A_2024_00085,MM,201801,,,500023,경남,100001,지수,111.944812648398,지수,,경남,지수,2018년 1월,2018,1,2018-01-01
A_2024_00085,MM,201801,,,510012,경부1권,100001,지수,97.4366466517435,지수,,경기>경부1권,지수,2018년 1월,2018,1,2018-01-01
A_2024_00085,MM,201801,,,510013,경부2권,100001,지수,97.3639960516313,지수,,경기>경부2권,지수,2018년 1월,2018,1,2018-01-01
A_2024_00085,MM,201801,,,500022,경북,100001,지수,103.746639849867,지수,,경북,지수,2018년 1월,2018,1,2018-01-01
A_2024_00085,MM,201801,,,510018,경원권,100001,지수,101.871852011212,지수,,경기>경원권,지수,2018년 1월,2018,1,2018-01-01
A_2024_00085,MM,201801,,,510017,경의권,100001,지수,106.884225455418,지수,,경기>경의권,지수,2018년 1월,2018,1,2018-01-01
A_2024_00085,MM,201801,,,500013,광주,100001,지수,100.248133749171,지수,,전남광주>광주,지수,2018년 1월,2018,1,2018-01-01
A_2024_00085,MM,201801,,,500012,대구,100001,지수,104.510291549319,지수,,대구,지수,2018년 1월,2018,1,2018-01-01
A_2024_00085,MM,201801,,,500014,대전,100001,지수,100.770911025157,지수,,대전,지수,2018년 1월,2018,1,2018-01-01
A_2024_00085,MM,201801,,,520010,도심권,100001,지수,96.5627209559542,지수,,서울>강북지역>도심권,지수,2018년 1월,2018,1,2018-01-01
A_2024_00085,MM,201801,,,520015,동남권,100001,지수,96.2157524905341,지수,,서울>강남지역>동남권,지수,2018년 1월,2018,1,2018-01-01
A_2024_00085,MM,201801,,,510015,동부1권,100001,지수,99.0578431193287,지수,,경기>동부1권,지수,2018년 1월,2018,1,2018-01-01
A_2024_00085,MM,201801,,,510016,동부2권,100001,지수,102.902043049281,지수,,경기>동부2권,지수,2018년 1월,2018,1,2018-01-01
A_2024_00085,MM,201801,,,510022,동부산권,100001,지수,108.716846526817,지수,,부산>동부산권,지수,2018년 1월,2018,1,2018-01-01
A_2024_00085,MM,201801,,,520011,동북권,100001,지수,98.3508253936003,지수,,서울>강북지역>동북권,지수,2018년 1월,2018,1,2018-01-01
A_2024_00085,MM,201801,,,500011,부산,100001,지수,104.858578188041,지수,,부산,지수,2018년 1월,2018,1,2018-01-01
A_2024_00085,MM,201801,,,520014,서남권,100001,지수,100.48421994055,지수,,서울>강남지역>서남권,지수,2018년 1월,2018,1,2018-01-01
A_2024_00085,MM,201801,,,510023,서부산권,100001,지수,103.333505201095,지수,,부산>서부산권,지수,2018년 1월,2018,1,2018-01-01
A_2024_00085,MM,201801,,,520012,서북권,100001,지수,95.8948528214721,지수,,서울>강북지역>서북권,지수,2018년 1월,2018,1,2018-01-01
A_2024_00085,MM,201801,,,500008,서울,100001,지수,98.067670791161,지수,,서울,지수,2018년 1월,2018,1,2018-01-01
A_2024_00085,MM,201801,,,510014,서해안권,100001,지수,98.2095719549781,지수,,경기>서해안권,지수,2018년 1월,2018,1,2018-01-01
A_2024_00085,MM,201801,,,500016,세종,100001,지수,106.826652267141,지수,,세종,지수,2018년 1월,2018,1,2018-01-01
A_2024_00085,MM,201801,,,500002,수도권,100001,지수,98.9288622465068,지수,,수도권,지수,2018년 1월,2018,1,2018-01-01
A_2024_00085,MM,201801,,,500015,울산,100001,지수,111.708902268917,지수,,울산,지수,2018년 1월,2018,1,2018-01-01
A_2024_00085,MM,201801,,,500010,인천,100001,지수,100.755618503311,지수,,인천,지수,2018년 1월,2018,1,2018-01-01
A_2024_00085,MM,201801,,,500001,전국,100001,지수,100.72184391218,지수,,전국,지수,2018년 1월,2018,1,2018-01-01
A_2024_00085,MM,201801,,,500021,전남,100001,지수,101.131554225663,지수,,전남광주>전남,지수,2018년 1월,2018,1,2018-01-01
A_2024_00085,MM,201801,,,500020,전북,100001,지수,105.349470226701,지수,,전북,지수,2018년 1월,2018,1,2018-01-01
A_2024_00085,MM,201801,,,500024,제주,100001,지수,108.024350796663,지수,,제주,지수,2018년 1월,2018,1,2018-01-01
A_2024_00085,MM,201801,,,510021,중부산권,100001,지수,103.347195435478,지수,,부산>중부산권,지수,2018년 1월,2018,1,2018-01-01
A_2024_00085,MM,201801,,,500003,지방권,100001,지수,105.420375035664,지수,,지방권,지수,2018년 1월,2018,1,2018-01-01
A_2024_00085,MM,201801,,,500019,충남,100001,지수,106.984852422204,지수,,충남,지수,2018년 1월,2018,1,2018-01-01
A_2024_00085,MM,201801,,,500018,충북,100001,지수,103.301038785301,지수,,충북,지수,2018년 1월,2018,1,2018-01-01
A_2024_00085,MM,201802,,,500005,5대광역시,100001,지수,104.609188839335,지수,,5대광역시,지수,2018년 2월,2018,2,2018-02-01
A_2024_00085,MM,201802,,,500004,6대광역시,100001,지수,102.963325935549,지수,,6대광역시,지수,2018년 2월,2018,2,2018-02-01
A_2024_00085,MM,201802,,,500007,8개도,100001,지수,106.11409620685,지수,,8개도,지수,2018년 2월,2018,2,2018-02-01
A_2024_00085,MM,201802,,,500006,9개도,100001,지수,101.598781043385,지수,,9개도,지수,2018년 2월,2018,2,2018-02-01
A_2024_00085,MM,201802,,,510010,강남지역,100001,지수,98.9540897920294,지수,,서울>강남지역,지수,2018년 2월,2018,2,2018-02-01
A_2024_00085,MM,201802,,,510009,강북지역,100001,지수,97.4962882050794,지수,,서울>강북지역,지수,2018년 2월,2018,2,2018-02-01
A_2024_00085,MM,201802,,,500017,강원,100001,지수,103.29836232504,지수,,강원,지수,2018년 2월,2018,2,2018-02-01
A_2024_00085,MM,201802,,,500009,경기,100001,지수,99.3850442092254,지수,,경기,지수,2018년 2월,2018,2,2018-02-01
A_2024_00085,MM,201802,,,500023,경남,100001,지수,111.774134356796,지수,,경남,지수,2018년 2월,2018,2,2018-02-01
A_2024_00085,MM,201802,,,510012,경부1권,100001,지수,97.4894010729697,지수,,경기>경부1권,지수,2018년 2월,2018,2,2018-02-01
A_2024_00085,MM,201802,,,510013,경부2권,100001,지수,97.4980636093479,지수,,경기>경부2권,지수,2018년 2월,2018,2,2018-02-01
A_2024_00085,MM,201802,,,500022,경북,100001,지수,103.621402086238,지수,,경북,지수,2018년 2월,2018,2,2018-02-01
A_2024_00085,MM,201802,,,510018,경원권,100001,지수,101.983389654422,지수,,경기>경원권,지수,2018년 2월,2018,2,2018-02-01
A_2024_00085,MM,201802,,,510017,경의권,100001,지수,106.810153127692,지수,,경기>경의권,지수,2018년 2월,2018,2,2018-02-01
A_2024_00085,MM,201802,,,500013,광주,100001,지수,100.266323064377,지수,,전남광주>광주,지수,2018년 2월,2018,2,2018-02-01
A_2024_00085,MM,201802,,,500012,대구,100001,지수,104.518529523714,지수,,대구,지수,2018년 2월,2018,2,2018-02-01
A_2024_00085,MM,201802,,,500014,대전,100001,지수,100.810208229754,지수,,대전,지수,2018년 2월,2018,2,2018-02-01
A_2024_00085,MM,201802,,,520010,도심권,100001,지수,96.8105071297165,지수,,서울>강북지역>도심권,지수,2018년 2월,2018,2,2018-02-01
A_2024_00085,MM,201802,,,520015,동남권,100001,지수,96.4291388717474,지수,,서울>강남지역>동남권,지수,2018년 2월,2018,2,2018-02-01
A_2024_00085,MM,201802,,,510015,동부1권,100001,지수,99.0386334342103,지수,,경기>동부1권,지수,2018년 2월,2018,2,2018-02-01
A_2024_00085,MM,201802,,,510016,동부2권,100001,지수,102.964632907769,지수,,경기>동부2권,지수,2018년 2월,2018,2,2018-02-01
A_2024_00085,MM,201802,,,510022,동부산권,100001,지수,108.704367307572,지수,,부산>동부산권,지수,2018년 2월,2018,2,2018-02-01
A_2024_00085,MM,201802,,,520011,동북권,100001,지수,98.3949630559415,지수,,서울>강북지역>동북권,지수,2018년 2월,2018,2,2018-02-01
A_2024_00085,MM,201802,,,500011,부산,100001,지수,104.797222402443,지수,,부산,지수,2018년 2월,2018,2,2018-02-01
A_2024_00085,MM,201802,,,520014,서남권,100001,지수,100.614937349667,지수,,서울>강남지역>서남권,지수,2018년 2월,2018,2,2018-02-01
A_2024_00085,MM,201802,,,510023,서부산권,100001,지수,103.381413445529,지수,,부산>서부산권,지수,2018년 2월,2018,2,2018-02-01
A_2024_00085,MM,201802,,,520012,서북권,100001,지수,96.2747561353696,지수,,서울>강북지역>서북권,지수,2018년 2월,2018,2,2018-02-01
A_2024_00085,MM,201802,,,500008,서울,100001,지수,98.2436073783461,지수,,서울,지수,2018년 2월,2018,2,2018-02-01
A_2024_00085,MM,201802,,,510014,서해안권,100001,지수,98.2312476786693,지수,,경기>서해안권,지수,2018년 2월,2018,2,2018-02-01
A_2024_00085,MM,201802,,,500016,세종,100001,지수,106.788426542478,지수,,세종,지수,2018년 2월,2018,2,2018-02-01
A_2024_00085,MM,201802,,,500002,수도권,100001,지수,99.0278784437181,지수,,수도권,지수,2018년 2월,2018,2,2018-02-01
A_2024_00085,MM,201802,,,500015,울산,100001,지수,111.631814975107,지수,,울산,지수,2018년 2월,2018,2,2018-02-01
A_2024_00085,MM,201802,,,500010,인천,100001,지수,100.777588977881,지수,,인천,지수,2018년 2월,2018,2,2018-02-01
A_2024_00085,MM,201802,,,500001,전국,100001,지수,100.781030676537,지수,,전국,지수,2018년 2월,2018,2,2018-02-01
A_2024_00085,MM,201802,,,500021,전남,100001,지수,101.157273022842,지수,,전남광주>전남,지수,2018년 2월,2018,2,2018-02-01
A_2024_00085,MM,201802,,,500020,전북,100001,지수,105.374236831819,지수,,전북,지수,2018년 2월,2018,2,2018-02-01
A_2024_00085,MM,201802,,,500024,제주,100001,지수,108.037819371376,지수,,제주,지수,2018년 2월,2018,2,2018-02-01
A_2024_00085,MM,201802,,,510021,중부산권,100001,지수,103.218477956715,지수,,부산>중부산권,지수,2018년 2월,2018,2,2018-02-01
A_2024_00085,MM,201802,,,500003,지방권,100001,지수,105.374991490015,지수,,지방권,지수,2018년 2월,2018,2,2018-02-01
A_2024_00085,MM,201802,,,500019,충남,100001,지수,106.858811594648,지수,,충남,지수,2018년 2월,2018,2,2018-02-01
A_2024_00085,MM,201802,,,500018,충북,100001,지수,103.501019395563,지수,,충북,지수,2018년 2월,2018,2,2018-02-01
A_2024_00085,MM,201803,,,500005,5대광역시,100001,지수,104.518821899032,지수,,5대광역시,지수,2018년 3월,2018,3,2018-03-01
A_2024_00085,MM,201803,,,500004,6대광역시,100001,지수,102.892935771851,지수,,6대광역시,지수,2018년 3월,2018,3,2018-03-01
A_2024_00085,MM,201803,,,500007,8개도,100001,지수,105.950688456236,지수,,8개도,지수,2018년 3월,2018,3,2018-03-01
A_2024_00085,MM,201803,,,500006,9개도,100001,지수,101.54057519142,지수,,9개도,지수,2018년 3월,2018,3,2018-03-01
A_2024_00085,MM,201803,,,510010,강남지역,100001,지수,98.8843724150144,지수,,서울>강남지역,지수,2018년 3월,2018,3,2018-03-01
A_2024_00085,MM,201803,,,510009,강북지역,100001,지수,97.5798478475617,지수,,서울>강북지역,지수,2018년 3월,2018,3,2018-03-01
A_2024_00085,MM,201803,,,500017,강원,100001,지수,103.236558240112,지수,,강원,지수,2018년 3월,2018,3,2018-03-01
A_2024_00085,MM,201803,,,500009,경기,100001,지수,99.3783919139854,지수,,경기,지수,2018년 3월,2018,3,2018-03-01
A_2024_00085,MM,201803,,,500023,경남,100001,지수,111.316061123277,지수,,경남,지수,2018년 3월,2018,3,2018-03-01
A_2024_00085,MM,201803,,,510012,경부1권,100001,지수,97.4544512480759,지수,,경기>경부1권,지수,2018년 3월,2018,3,2018-03-01
A_2024_00085,MM,201803,,,510013,경부2권,100001,지수,97.558235338377,지수,,경기>경부2권,지수,2018년 3월,2018,3,2018-03-01
A_2024_00085,MM,201803,,,500022,경북,100001,지수,103.541213375944,지수,,경북,지수,2018년 3월,2018,3,2018-03-01
A_2024_00085,MM,201803,,,510018,경원권,100001,지수,101.856516022725,지수,,경기>경원권,지수,2018년 3월,2018,3,2018-03-01
A_2024_00085,MM,201803,,,510017,경의권,100001,지수,106.683799814122,지수,,경기>경의권,지수,2018년 3월,2018,3,2018-03-01
A_2024_00085,MM,201803,,,500013,광주,100001,지수,100.314670983943,지수,,전남광주>광주,지수,2018년 3월,2018,3,2018-03-01
A_2024_00085,MM,201803,,,500012,대구,100001,지수,104.461893292703,지수,,대구,지수,2018년 3월,2018,3,2018-03-01
A_2024_00085,MM,201803,,,500014,대전,100001,지수,100.768824237284,지수,,대전,지수,2018년 3월,2018,3,2018-03-01
A_2024_00085,MM,201803,,,520010,도심권,100001,지수,96.9105931711105,지수,,서울>강북지역>도심권,지수,2018년 3월,2018,3,2018-03-01
A_2024_00085,MM,201803,,,520015,동남권,100001,지수,96.1685863352092,지수,,서울>강남지역>동남권,지수,2018년 3월,2018,3,2018-03-01
A_2024_00085,MM,201803,,,510015,동부1권,100001,지수,99.0275831321524,지수,,경기>동부1권,지수,2018년 3월,2018,3,2018-03-01
A_2024_00085,MM,201803,,,510016,동부2권,100001,지수,102.97578282619,지수,,경기>동부2권,지수,2018년 3월,2018,3,2018-03-01
A_2024_00085,MM,201803,,,510022,동부산권,100001,지수,108.459389763442,지수,,부산>동부산권,지수,2018년 3월,2018,3,2018-03-01
A_2024_00085,MM,201803,,,520011,동북권,100001,지수,98.4360257375698,지수,,서울>강북지역>동북권,지수,2018년 3월,2018,3,2018-03-01
A_2024_00085,MM,201803,,,500011,부산,100001,지수,104.699154319214,지수,,부산,지수,2018년 3월,2018,3,2018-03-01
A_2024_00085,MM,201803,,,520014,서남권,100001,지수,100.674681251573,지수,,서울>강남지역>서남권,지수,2018년 3월,2018,3,2018-03-01
A_2024_00085,MM,201803,,,510023,서부산권,100001,지수,103.433086030701,지수,,부산>서부산권,지수,2018년 3월,2018,3,2018-03-01
A_2024_00085,MM,201803,,,520012,서북권,100001,지수,96.4154459150753,지수,,서울>강북지역>서북권,지수,2018년 3월,2018,3,2018-03-01
A_2024_00085,MM,201803,,,500008,서울,100001,지수,98.2494322441913,지수,,서울,지수,2018년 3월,2018,3,2018-03-01
A_2024_00085,MM,201803,,,510014,서해안권,100001,지수,98.255201379987,지수,,경기>서해안권,지수,2018년 3월,2018,3,2018-03-01
A_2024_00085,MM,201803,,,500016,세종,100001,지수,106.682021385079,지수,,세종,지수,2018년 3월,2018,3,2018-03-01
A_2024_00085,MM,201803,,,500002,수도권,100001,지수,99.0216003270532,지수,,수도권,지수,2018년 3월,2018,3,2018-03-01
A_2024_00085,MM,201803,,,500015,울산,100001,지수,111.366884906396,지수,,울산,지수,2018년 3월,2018,3,2018-03-01
A_2024_00085,MM,201803,,,500010,인천,100001,지수,100.733288957036,지수,,인천,지수,2018년 3월,2018,3,2018-03-01
A_2024_00085,MM,201803,,,500001,전국,100001,지수,100.741317369803,지수,,전국,지수,2018년 3월,2018,3,2018-03-01
A_2024_00085,MM,201803,,,500021,전남,100001,지수,101.09122969916,지수,,전남광주>전남,지수,2018년 3월,2018,3,2018-03-01
A_2024_00085,MM,201803,,,500020,전북,100001,지수,105.375861099354,지수,,전북,지수,2018년 3월,2018,3,2018-03-01
A_2024_00085,MM,201803,,,500024,제주,100001,지수,107.888677136877,지수,,제주,지수,2018년 3월,2018,3,2018-03-01
A_2024_00085,MM,201803,,,510021,중부산권,100001,지수,103.145194629035,지수,,부산>중부산권,지수,2018년 3월,2018,3,2018-03-01
A_2024_00085,MM,201803,,,500003,지방권,100001,지수,105.247614017711,지수,,지방권,지수,2018년 3월,2018,3,2018-03-01
A_2024_00085,MM,201803,,,500019,충남,100001,지수,106.675204888919,지수,,충남,지수,2018년 3월,2018,3,2018-03-01
A_2024_00085,MM,201803,,,500018,충북,100001,지수,103.361989847379,지수,,충북,지수,2018년 3월,2018,3,2018-03-01
A_2024_00085,MM,201804,,,500005,5대광역시,100001,지수,104.426230182313,지수,,5대광역시,지수,2018년 4월,2018,4,2018-04-01
A_2024_00085,MM,201804,,,500004,6대광역시,100001,지수,102.82723120897,지수,,6대광역시,지수,2018년 4월,2018,4,2018-04-01
A_2024_00085,MM,201804,,,500007,8개도,100001,지수,105.820218728353,지수,,8개도,지수,2018년 4월,2018,4,2018-04-01
A_2024_00085,MM,201804,,,500006,9개도,100001,지수,101.493183064307,지수,,9개도,지수,2018년 4월,2018,4,2018-04-01
A_2024_00085,MM,201804,,,510010,강남지역,100001,지수,98.7708904607608,지수,,서울>강남지역,지수,2018년 4월,2018,4,2018-04-01
A_2024_00085,MM,201804,,,510009,강북지역,100001,지수,97.6384427010482,지수,,서울>강북지역,지수,2018년 4월,2018,4,2018-04-01
A_2024_00085,MM,201804,,,500017,강원,100001,지수,103.140573378741,지수,,강원,지수,2018년 4월,2018,4,2018-04-01
A_2024_00085,MM,201804,,,500009,경기,100001,지수,99.371763915125,지수,,경기,지수,2018년 4월,2018,4,2018-04-01
A_2024_00085,MM,201804,,,500023,경남,100001,지수,110.918628303629,지수,,경남,지수,2018년 4월,2018,4,2018-04-01
A_2024_00085,MM,201804,,,510012,경부1권,100001,지수,97.4590577112307,지수,,경기>경부1권,지수,2018년 4월,2018,4,2018-04-01
A_2024_00085,MM,201804,,,510013,경부2권,100001,지수,97.5739655206421,지수,,경기>경부2권,지수,2018년 4월,2018,4,2018-04-01
A_2024_00085,MM,201804,,,500022,경북,100001,지수,103.444971065528,지수,,경북,지수,2018년 4월,2018,4,2018-04-01
A_2024_00085,MM,201804,,,510018,경원권,100001,지수,101.833964009746,지수,,경기>경원권,지수,2018년 4월,2018,4,2018-04-01
A_2024_00085,MM,201804,,,510017,경의권,100001,지수,106.645064141132,지수,,경기>경의권,지수,2018년 4월,2018,4,2018-04-01
A_2024_00085,MM,201804,,,500013,광주,100001,지수,100.313296522183,지수,,전남광주>광주,지수,2018년 4월,2018,4,2018-04-01
A_2024_00085,MM,201804,,,500012,대구,100001,지수,104.461893292703,지수,,대구,지수,2018년 4월,2018,4,2018-04-01
A_2024_00085,MM,201804,,,500014,대전,100001,지수,100.770072852291,지수,,대전,지수,2018년 4월,2018,4,2018-04-01
A_2024_00085,MM,201804,,,520010,도심권,100001,지수,96.9589446316059,지수,,서울>강북지역>도심권,지수,2018년 4월,2018,4,2018-04-01
A_2024_00085,MM,201804,,,520015,동남권,100001,지수,95.9149479050163,지수,,서울>강남지역>동남권,지수,2018년 4월,2018,4,2018-04-01
A_2024_00085,MM,201804,,,510015,동부1권,100001,지수,98.9913265100497,지수,,경기>동부1권,지수,2018년 4월,2018,4,2018-04-01
A_2024_00085,MM,201804,,,510016,동부2권,100001,지수,102.965186634354,지수,,경기>동부2권,지수,2018년 4월,2018,4,2018-04-01
A_2024_00085,MM,201804,,,510022,동부산권,100001,지수,108.436984382006,지수,,부산>동부산권,지수,2018년 4월,2018,4,2018-04-01
A_2024_00085,MM,201804,,,520011,동북권,100001,지수,98.4352223537659,지수,,서울>강북지역>동북권,지수,2018년 4월,2018,4,2018-04-01
A_2024_00085,MM,201804,,,500011,부산,100001,지수,104.582952417319,지수,,부산,지수,2018년 4월,2018,4,2018-04-01
A_2024_00085,MM,201804,,,520014,서남권,100001,지수,100.6565932417,지수,,서울>강남지역>서남권,지수,2018년 4월,2018,4,2018-04-01
A_2024_00085,MM,201804,,,510023,서부산권,100001,지수,103.393845989007,지수,,부산>서부산권,지수,2018년 4월,2018,4,2018-04-01
A_2024_00085,MM,201804,,,520012,서북권,100001,지수,96.5645361837307,지수,,서울>강북지역>서북권,지수,2018년 4월,2018,4,2018-04-01
A_2024_00085,MM,201804,,,500008,서울,100001,지수,98.2206840734797,지수,,서울,지수,2018년 4월,2018,4,2018-04-01
A_2024_00085,MM,201804,,,510014,서해안권,100001,지수,98.255506981373,지수,,경기>서해안권,지수,2018년 4월,2018,4,2018-04-01
A_2024_00085,MM,201804,,,500016,세종,100001,지수,106.627835791386,지수,,세종,지수,2018년 4월,2018,4,2018-04-01
A_2024_00085,MM,201804,,,500002,수도권,100001,지수,99.0013079768735,지수,,수도권,지수,2018년 4월,2018,4,2018-04-01
A_2024_00085,MM,201804,,,500015,울산,100001,지수,111.035321320571,지수,,울산,지수,2018년 4월,2018,4,2018-04-01
A_2024_00085,MM,201804,,,500010,인천,100001,지수,100.70270582335,지수,,인천,지수,2018년 4월,2018,4,2018-04-01
A_2024_00085,MM,201804,,,500001,전국,100001,지수,100.69578985666,지수,,전국,지수,2018년 4월,2018,4,2018-04-01
A_2024_00085,MM,201804,,,500021,전남,100001,지수,101.09528774831,지수,,전남광주>전남,지수,2018년 4월,2018,4,2018-04-01
A_2024_00085,MM,201804,,,500020,전북,100001,지수,105.364038054197,지수,,전북,지수,2018년 4월,2018,4,2018-04-01
A_2024_00085,MM,201804,,,500024,제주,100001,지수,107.705425117584,지수,,제주,지수,2018년 4월,2018,4,2018-04-01
A_2024_00085,MM,201804,,,510021,중부산권,100001,지수,102.94911725087,지수,,부산>중부산권,지수,2018년 4월,2018,4,2018-04-01
A_2024_00085,MM,201804,,,500003,지방권,100001,지수,105.135986687883,지수,,지방권,지수,2018년 4월,2018,4,2018-04-01
A_2024_00085,MM,201804,,,500019,충남,100001,지수,106.633865647639,지수,,충남,지수,2018년 4월,2018,4,2018-04-01
A_2024_00085,MM,201804,,,500018,충북,100001,지수,103.301702858248,지수,,충북,지수,2018년 4월,2018,4,2018-04-01
A_2024_00085,MM,201805,,,500005,5대광역시,100001,지수,104.345921828256,지수,,5대광역시,지수,2018년 5월,2018,5,2018-05-01
A_2024_00085,MM,201805,,,500004,6대광역시,100001,지수,102.730712147591,지수,,6대광역시,지수,2018년 5월,2018,5,2018-05-01
A_2024_00085,MM,201805,,,500007,8개도,100001,지수,105.630767621239,지수,,8개도,지수,2018년 5월,2018,5,2018-05-01
A_2024_00085,MM,201805,,,500006,9개도,100001,지수,101.376626522746,지수,,9개도,지수,2018년 5월,2018,5,2018-05-01
A_2024_00085,MM,201805,,,510010,강남지역,100001,지수,98.6973216293236,지수,,서울>강남지역,지수,2018년 5월,2018,5,2018-05-01
A_2024_00085,MM,201805,,,510009,강북지역,100001,지수,97.6594975173411,지수,,서울>강북지역,지수,2018년 5월,2018,5,2018-05-01
A_2024_00085,MM,201805,,,500017,강원,100001,지수,102.925258346494,지수,,강원,지수,2018년 5월,2018,5,2018-05-01
A_2024_00085,MM,201805,,,500009,경기,100001,지수,99.2910093684546,지수,,경기,지수,2018년 5월,2018,5,2018-05-01
A_2024_00085,MM,201805,,,500023,경남,100001,지수,110.414811254756,지수,,경남,지수,2018년 5월,2018,5,2018-05-01
A_2024_00085,MM,201805,,,510012,경부1권,100001,지수,97.3470484082302,지수,,경기>경부1권,지수,2018년 5월,2018,5,2018-05-01
A_2024_00085,MM,201805,,,510013,경부2권,100001,지수,97.5246558727036,지수,,경기>경부2권,지수,2018년 5월,2018,5,2018-05-01
A_2024_00085,MM,201805,,,500022,경북,100001,지수,103.279928966401,지수,,경북,지수,2018년 5월,2018,5,2018-05-01
A_2024_00085,MM,201805,,,510018,경원권,100001,지수,101.736802833978,지수,,경기>경원권,지수,2018년 5월,2018,5,2018-05-01
A_2024_00085,MM,201805,,,510017,경의권,100001,지수,106.476994817948,지수,,경기>경의권,지수,2018년 5월,2018,5,2018-05-01
A_2024_00085,MM,201805,,,500013,광주,100001,지수,100.438870336803,지수,,전남광주>광주,지수,2018년 5월,2018,5,2018-05-01
A_2024_00085,MM,201805,,,500012,대구,100001,지수,104.453953566323,지수,,대구,지수,2018년 5월,2018,5,2018-05-01
A_2024_00085,MM,201805,,,500014,대전,100001,지수,100.759376887475,지수,,대전,지수,2018년 5월,2018,5,2018-05-01
A_2024_00085,MM,201805,,,520010,도심권,100001,지수,96.9806283641178,지수,,서울>강북지역>도심권,지수,2018년 5월,2018,5,2018-05-01
A_2024_00085,MM,201805,,,520015,동남권,100001,지수,95.7119655782727,지수,,서울>강남지역>동남권,지수,2018년 5월,2018,5,2018-05-01
A_2024_00085,MM,201805,,,510015,동부1권,100001,지수,98.9370584069206,지수,,경기>동부1권,지수,2018년 5월,2018,5,2018-05-01
A_2024_00085,MM,201805,,,510016,동부2권,100001,지수,102.945378972137,지수,,경기>동부2권,지수,2018년 5월,2018,5,2018-05-01
A_2024_00085,MM,201805,,,510022,동부산권,100001,지수,108.373157583434,지수,,부산>동부산권,지수,2018년 5월,2018,5,2018-05-01
A_2024_00085,MM,201805,,,520011,동북권,100001,지수,98.3985592948669,지수,,서울>강북지역>동북권,지수,2018년 5월,2018,5,2018-05-01
A_2024_00085,MM,201805,,,500011,부산,100001,지수,104.485958311025,지수,,부산,지수,2018년 5월,2018,5,2018-05-01
A_2024_00085,MM,201805,,,520014,서남권,100001,지수,100.671300128003,지수,,서울>강남지역>서남권,지수,2018년 5월,2018,5,2018-05-01
A_2024_00085,MM,201805,,,510023,서부산권,100001,지수,103.293551134438,지수,,부산>서부산권,지수,2018년 5월,2018,5,2018-05-01
A_2024_00085,MM,201805,,,520012,서북권,100001,지수,96.6703755129212,지수,,서울>강북지역>서북권,지수,2018년 5월,2018,5,2018-05-01
A_2024_00085,MM,201805,,,500008,서울,100001,지수,98.1936768841685,지수,,서울,지수,2018년 5월,2018,5,2018-05-01
A_2024_00085,MM,201805,,,510014,서해안권,100001,지수,98.182113205383,지수,,경기>서해안권,지수,2018년 5월,2018,5,2018-05-01
A_2024_00085,MM,201805,,,500016,세종,100001,지수,106.549197635469,지수,,세종,지수,2018년 5월,2018,5,2018-05-01
A_2024_00085,MM,201805,,,500002,수도권,100001,지수,98.9401385657579,지수,,수도권,지수,2018년 5월,2018,5,2018-05-01
A_2024_00085,MM,201805,,,500015,울산,100001,지수,110.6875698144,지수,,울산,지수,2018년 5월,2018,5,2018-05-01
A_2024_00085,MM,201805,,,500010,인천,100001,지수,100.58505866523,지수,,인천,지수,2018년 5월,2018,5,2018-05-01
A_2024_00085,MM,201805,,,500001,전국,100001,지수,100.614057152511,지수,,전국,지수,2018년 5월,2018,5,2018-05-01
A_2024_00085,MM,201805,,,500021,전남,100001,지수,101.063495843117,지수,,전남광주>전남,지수,2018년 5월,2018,5,2018-05-01
A_2024_00085,MM,201805,,,500020,전북,100001,지수,105.289245484939,지수,,전북,지수,2018년 5월,2018,5,2018-05-01
A_2024_00085,MM,201805,,,500024,제주,100001,지수,107.636724451665,지수,,제주,지수,2018년 5월,2018,5,2018-05-01
A_2024_00085,MM,201805,,,510021,중부산권,100001,지수,102.835189266138,지수,,부산>중부산권,지수,2018년 5월,2018,5,2018-05-01
A_2024_00085,MM,201805,,,500003,지방권,100001,지수,105.000429039708,지수,,지방권,지수,2018년 5월,2018,5,2018-05-01
A_2024_00085,MM,201805,,,500019,충남,100001,지수,106.50221812515,지수,,충남,지수,2018년 5월,2018,5,2018-05-01
A_2024_00085,MM,201805,,,500018,충북,100001,지수,103.143850136173,지수,,충북,지수,2018년 5월,2018,5,2018-05-01
A_2024_00085,MM,201806,,,500005,5대광역시,100001,지수,104.258765825874,지수,,5대광역시,지수,2018년 6월,2018,6,2018-06-01
A_2024_00085,MM,201806,,,500004,6대광역시,100001,지수,102.66555691345,지수,,6대광역시,지수,2018년 6월,2018,6,2018-06-01
A_2024_00085,MM,201806,,,500007,8개도,100001,지수,105.443147988044,지수,,8개도,지수,2018년 6월,2018,6,2018-06-01
A_2024_00085,MM,201806,,,500006,9개도,100001,지수,101.23516179259,지수,,9개도,지수,2018년 6월,2018,6,2018-06-01
A_2024_00085,MM,201806,,,510010,강남지역,100001,지수,98.6422652345572,지수,,서울>강남지역,지수,2018년 6월,2018,6,2018-06-01
A_2024_00085,MM,201806,,,510009,강북지역,100001,지수,97.6933316400197,지수,,서울>강북지역,지수,2018년 6월,2018,6,2018-06-01
A_2024_00085,MM,201806,,,500017,강원,100001,지수,102.715824002765,지수,,강원,지수,2018년 6월,2018,6,2018-06-01
A_2024_00085,MM,201806,,,500009,경기,100001,지수,99.1722262084354,지수,,경기,지수,2018년 6월,2018,6,2018-06-01
A_2024_00085,MM,201806,,,500023,경남,100001,지수,110.059471664306,지수,,경남,지수,2018년 6월,2018,6,2018-06-01
A_2024_00085,MM,201806,,,510012,경부1권,100001,지수,97.2034826838213,지수,,경기>경부1권,지수,2018년 6월,2018,6,2018-06-01
A_2024_00085,MM,201806,,,510013,경부2권,100001,지수,97.0972252664424,지수,,경기>경부2권,지수,2018년 6월,2018,6,2018-06-01
A_2024_00085,MM,201806,,,500022,경북,100001,지수,103.024792787148,지수,,경북,지수,2018년 6월,2018,6,2018-06-01
A_2024_00085,MM,201806,,,510018,경원권,100001,지수,101.660549809565,지수,,경기>경원권,지수,2018년 6월,2018,6,2018-06-01
A_2024_00085,MM,201806,,,510017,경의권,100001,지수,106.340169964416,지수,,경기>경의권,지수,2018년 6월,2018,6,2018-06-01
A_2024_00085,MM,201806,,,500013,광주,100001,지수,100.638432546251,지수,,전남광주>광주,지수,2018년 6월,2018,6,2018-06-01
A_2024_00085,MM,201806,,,500012,대구,100001,지수,104.433357890732,지수,,대구,지수,2018년 6월,2018,6,2018-06-01
A_2024_00085,MM,201806,,,500014,대전,100001,지수,100.750521797915,지수,,대전,지수,2018년 6월,2018,6,2018-06-01
A_2024_00085,MM,201806,,,520010,도심권,100001,지수,96.9799821888767,지수,,서울>강북지역>도심권,지수,2018년 6월,2018,6,2018-06-01
A_2024_00085,MM,201806,,,520015,동남권,100001,지수,95.564347088492,지수,,서울>강남지역>동남권,지수,2018년 6월,2018,6,2018-06-01
A_2024_00085,MM,201806,,,510015,동부1권,100001,지수,98.8589987321128,지수,,경기>동부1권,지수,2018년 6월,2018,6,2018-06-01
A_2024_00085,MM,201806,,,510016,동부2권,100001,지수,102.89347701869,지수,,경기>동부2권,지수,2018년 6월,2018,6,2018-06-01
A_2024_00085,MM,201806,,,510022,동부산권,100001,지수,108.358887850927,지수,,부산>동부산권,지수,2018년 6월,2018,6,2018-06-01
A_2024_00085,MM,201806,,,520011,동북권,100001,지수,98.3887198518253,지수,,서울>강북지역>동북권,지수,2018년 6월,2018,6,2018-06-01
A_2024_00085,MM,201806,,,500011,부산,100001,지수,104.36722455674,지수,,부산,지수,2018년 6월,2018,6,2018-06-01
A_2024_00085,MM,201806,,,520014,서남권,100001,지수,100.679508897241,지수,,서울>강남지역>서남권,지수,2018년 6월,2018,6,2018-06-01
A_2024_00085,MM,201806,,,510023,서부산권,100001,지수,103.17937742522,지수,,부산>서부산권,지수,2018년 6월,2018,6,2018-06-01
A_2024_00085,MM,201806,,,520012,서북권,100001,지수,96.7794237558073,지수,,서울>강북지역>서북권,지수,2018년 6월,2018,6,2018-06-01
A_2024_00085,MM,201806,,,500008,서울,100001,지수,98.1823413375819,지수,,서울,지수,2018년 6월,2018,6,2018-06-01
A_2024_00085,MM,201806,,,510014,서해안권,100001,지수,98.161395527273,지수,,경기>서해안권,지수,2018년 6월,2018,6,2018-06-01
A_2024_00085,MM,201806,,,500016,세종,100001,지수,106.480011096419,지수,,세종,지수,2018년 6월,2018,6,2018-06-01
A_2024_00085,MM,201806,,,500002,수도권,100001,지수,98.8828785494986,지수,,수도권,지수,2018년 6월,2018,6,2018-06-01
A_2024_00085,MM,201806,,,500015,울산,100001,지수,110.378045613751,지수,,울산,지수,2018년 6월,2018,6,2018-06-01
A_2024_00085,MM,201806,,,500010,인천,100001,지수,100.548649649641,지수,,인천,지수,2018년 6월,2018,6,2018-06-01
A_2024_00085,MM,201806,,,500001,전국,100001,지수,100.534472953419,지수,,전국,지수,2018년 6월,2018,6,2018-06-01
A_2024_00085,MM,201806,,,500021,전남,100001,지수,101.050868761712,지수,,전남광주>전남,지수,2018년 6월,2018,6,2018-06-01
A_2024_00085,MM,201806,,,500020,전북,100001,지수,105.284026782447,지수,,전북,지수,2018년 6월,2018,6,2018-06-01
A_2024_00085,MM,201806,,,500024,제주,100001,지수,107.538937460446,지수,,제주,지수,2018년 6월,2018,6,2018-06-01
A_2024_00085,MM,201806,,,510021,중부산권,100001,지수,102.657703383579,지수,,부산>중부산권,지수,2018년 6월,2018,6,2018-06-01
A_2024_00085,MM,201806,,,500003,지방권,100001,지수,104.862449880389,지수,,지방권,지수,2018년 6월,2018,6,2018-06-01
A_2024_00085,MM,201806,,,500019,충남,100001,지수,106.353296037229,지수,,충남,지수,2018년 6월,2018,6,2018-06-01
A_2024_00085,MM,201806,,,500018,충북,100001,지수,102.947072498456,지수,,충북,지수,2018년 6월,2018,6,2018-06-01
A_2024_00085,MM,201807,,,500005,5대광역시,100001,지수,104.139410844373,지수,,5대광역시,지수,2018년 7월,2018,7,2018-07-01
A_2024_00085,MM,201807,,,500004,6대광역시,100001,지수,102.573749803433,지수,,6대광역시,지수,2018년 7월,2018,7,2018-07-01
A_2024_00085,MM,201807,,,500007,8개도,100001,지수,105.204432520966,지수,,8개도,지수,2018년 7월,2018,7,2018-07-01
A_2024_00085,MM,201807,,,500006,9개도,100001,지수,101.110066707876,지수,,9개도,지수,2018년 7월,2018,7,2018-07-01
A_2024_00085,MM,201807,,,510010,강남지역,100001,지수,98.7370172551751,지수,,서울>강남지역,지수,2018년 7월,2018,7,2018-07-01
A_2024_00085,MM,201807,,,510009,강북지역,100001,지수,97.7467875787267,지수,,서울>강북지역,지수,2018년 7월,2018,7,2018-07-01
A_2024_00085,MM,201807,,,500017,강원,100001,지수,102.460348788596,지수,,강원,지수,2018년 7월,2018,7,2018-07-01
A_2024_00085,MM,201807,,,500009,경기,100001,지수,99.1030366150042,지수,,경기,지수,2018년 7월,2018,7,2018-07-01
A_2024_00085,MM,201807,,,500023,경남,100001,지수,109.47976667266,지수,,경남,지수,2018년 7월,2018,7,2018-07-01
A_2024_00085,MM,201807,,,510012,경부1권,100001,지수,97.1326508931264,지수,,경기>경부1권,지수,2018년 7월,2018,7,2018-07-01
A_2024_00085,MM,201807,,,510013,경부2권,100001,지수,96.9542223894659,지수,,경기>경부2권,지수,2018년 7월,2018,7,2018-07-01
A_2024_00085,MM,201807,,,500022,경북,100001,지수,102.80365073019,지수,,경북,지수,2018년 7월,2018,7,2018-07-01
A_2024_00085,MM,201807,,,510018,경원권,100001,지수,101.593274067608,지수,,경기>경원권,지수,2018년 7월,2018,7,2018-07-01
A_2024_00085,MM,201807,,,510017,경의권,100001,지수,106.214421942112,지수,,경기>경의권,지수,2018년 7월,2018,7,2018-07-01
A_2024_00085,MM,201807,,,500013,광주,100001,지수,100.603882866805,지수,,전남광주>광주,지수,2018년 7월,2018,7,2018-07-01
A_2024_00085,MM,201807,,,500012,대구,100001,지수,104.410814738189,지수,,대구,지수,2018년 7월,2018,7,2018-07-01
A_2024_00085,MM,201807,,,500014,대전,100001,지수,100.722290457333,지수,,대전,지수,2018년 7월,2018,7,2018-07-01
A_2024_00085,MM,201807,,,520010,도심권,100001,지수,97.0477442056802,지수,,서울>강북지역>도심권,지수,2018년 7월,2018,7,2018-07-01
A_2024_00085,MM,201807,,,520015,동남권,100001,지수,95.5921292109503,지수,,서울>강남지역>동남권,지수,2018년 7월,2018,7,2018-07-01
A_2024_00085,MM,201807,,,510015,동부1권,100001,지수,98.8112742633196,지수,,경기>동부1권,지수,2018년 7월,2018,7,2018-07-01
A_2024_00085,MM,201807,,,510016,동부2권,100001,지수,102.870844856189,지수,,경기>동부2권,지수,2018년 7월,2018,7,2018-07-01
A_2024_00085,MM,201807,,,510022,동부산권,100001,지수,108.258746761148,지수,,부산>동부산권,지수,2018년 7월,2018,7,2018-07-01
A_2024_00085,MM,201807,,,520011,동북권,100001,지수,98.4263229723698,지수,,서울>강북지역>동북권,지수,2018년 7월,2018,7,2018-07-01
A_2024_00085,MM,201807,,,500011,부산,100001,지수,104.246158048368,지수,,부산,지수,2018년 7월,2018,7,2018-07-01
A_2024_00085,MM,201807,,,520014,서남권,100001,지수,100.820004753407,지수,,서울>강남지역>서남권,지수,2018년 7월,2018,7,2018-07-01
A_2024_00085,MM,201807,,,510023,서부산권,100001,지수,103.068964308917,지수,,부산>서부산권,지수,2018년 7월,2018,7,2018-07-01
A_2024_00085,MM,201807,,,520012,서북권,100001,지수,96.8517145106528,지수,,서울>강북지역>서북권,지수,2018년 7월,2018,7,2018-07-01
A_2024_00085,MM,201807,,,500008,서울,100001,지수,98.2567891537895,지수,,서울,지수,2018년 7월,2018,7,2018-07-01
A_2024_00085,MM,201807,,,510014,서해안권,100001,지수,98.1198812077284,지수,,경기>서해안권,지수,2018년 7월,2018,7,2018-07-01
A_2024_00085,MM,201807,,,500016,세종,100001,지수,106.474169172969,지수,,세종,지수,2018년 7월,2018,7,2018-07-01
A_2024_00085,MM,201807,,,500002,수도권,100001,지수,98.8819878737443,지수,,수도권,지수,2018년 7월,2018,7,2018-07-01
A_2024_00085,MM,201807,,,500015,울산,100001,지수,109.888996735876,지수,,울산,지수,2018년 7월,2018,7,2018-07-01
A_2024_00085,MM,201807,,,500010,인천,100001,지수,100.492858431934,지수,,인천,지수,2018년 7월,2018,7,2018-07-01
A_2024_00085,MM,201807,,,500001,전국,100001,지수,100.484152759547,지수,,전국,지수,2018년 7월,2018,7,2018-07-01
A_2024_00085,MM,201807,,,500021,전남,100001,지수,100.998046584483,지수,,전남광주>전남,지수,2018년 7월,2018,7,2018-07-01
A_2024_00085,MM,201807,,,500020,전북,100001,지수,105.303930659995,지수,,전북,지수,2018년 7월,2018,7,2018-07-01
A_2024_00085,MM,201807,,,500024,제주,100001,지수,107.278029074628,지수,,제주,지수,2018년 7월,2018,7,2018-07-01
A_2024_00085,MM,201807,,,510021,중부산권,100001,지수,102.521250584401,지수,,부산>중부산권,지수,2018년 7월,2018,7,2018-07-01
A_2024_00085,MM,201807,,,500003,지방권,100001,지수,104.682998690686,지수,,지방권,지수,2018년 7월,2018,7,2018-07-01
A_2024_00085,MM,201807,,,500019,충남,100001,지수,106.14010935464,지수,,충남,지수,2018년 7월,2018,7,2018-07-01
A_2024_00085,MM,201807,,,500018,충북,100001,지수,102.902850640292,지수,,충북,지수,2018년 7월,2018,7,2018-07-01
A_2024_00085,MM,201808,,,500005,5대광역시,100001,지수,104.012476763308,지수,,5대광역시,지수,2018년 8월,2018,8,2018-08-01
A_2024_00085,MM,201808,,,500004,6대광역시,100001,지수,102.434433319764,지수,,6대광역시,지수,2018년 8월,2018,8,2018-08-01
A_2024_00085,MM,201808,,,500007,8개도,100001,지수,104.960917415261,지수,,8개도,지수,2018년 8월,2018,8,2018-08-01
A_2024_00085,MM,201808,,,500006,9개도,100001,지수,100.952475395431,지수,,9개도,지수,2018년 8월,2018,8,2018-08-01
A_2024_00085,MM,201808,,,510010,강남지역,100001,지수,98.91938996251,지수,,서울>강남지역,지수,2018년 8월,2018,8,2018-08-01
A_2024_00085,MM,201808,,,510009,강북지역,100001,지수,97.835344038334,지수,,서울>강북지역,지수,2018년 8월,2018,8,2018-08-01
A_2024_00085,MM,201808,,,500017,강원,100001,지수,102.186419628347,지수,,강원,지수,2018년 8월,2018,8,2018-08-01
A_2024_00085,MM,201808,,,500009,경기,100001,지수,98.9877714251013,지수,,경기,지수,2018년 8월,2018,8,2018-08-01
A_2024_00085,MM,201808,,,500023,경남,100001,지수,108.879509956218,지수,,경남,지수,2018년 8월,2018,8,2018-08-01
A_2024_00085,MM,201808,,,510012,경부1권,100001,지수,97.0807103242766,지수,,경기>경부1권,지수,2018년 8월,2018,8,2018-08-01
A_2024_00085,MM,201808,,,510013,경부2권,100001,지수,96.6618572939587,지수,,경기>경부2권,지수,2018년 8월,2018,8,2018-08-01
A_2024_00085,MM,201808,,,500022,경북,100001,지수,102.577379357464,지수,,경북,지수,2018년 8월,2018,8,2018-08-01
A_2024_00085,MM,201808,,,510018,경원권,100001,지수,101.457992819438,지수,,경기>경원권,지수,2018년 8월,2018,8,2018-08-01
A_2024_00085,MM,201808,,,510017,경의권,100001,지수,105.692295229246,지수,,경기>경의권,지수,2018년 8월,2018,8,2018-08-01
A_2024_00085,MM,201808,,,500013,광주,100001,지수,100.614536735507,지수,,전남광주>광주,지수,2018년 8월,2018,8,2018-08-01
A_2024_00085,MM,201808,,,500012,대구,100001,지수,104.352705498908,지수,,대구,지수,2018년 8월,2018,8,2018-08-01
A_2024_00085,MM,201808,,,500014,대전,100001,지수,100.700412820675,지수,,대전,지수,2018년 8월,2018,8,2018-08-01
A_2024_00085,MM,201808,,,520010,도심권,100001,지수,97.1353644628141,지수,,서울>강북지역>도심권,지수,2018년 8월,2018,8,2018-08-01
A_2024_00085,MM,201808,,,520015,동남권,100001,지수,95.8008617026186,지수,,서울>강남지역>동남권,지수,2018년 8월,2018,8,2018-08-01
A_2024_00085,MM,201808,,,510015,동부1권,100001,지수,98.6828776851089,지수,,경기>동부1권,지수,2018년 8월,2018,8,2018-08-01
A_2024_00085,MM,201808,,,510016,동부2권,100001,지수,102.79697975781,지수,,경기>동부2권,지수,2018년 8월,2018,8,2018-08-01
A_2024_00085,MM,201808,,,510022,동부산권,100001,지수,108.182593323181,지수,,부산>동부산권,지수,2018년 8월,2018,8,2018-08-01
A_2024_00085,MM,201808,,,520011,동북권,100001,지수,98.4801598166833,지수,,서울>강북지역>동북권,지수,2018년 8월,2018,8,2018-08-01
A_2024_00085,MM,201808,,,500011,부산,100001,지수,104.124594862263,지수,,부산,지수,2018년 8월,2018,8,2018-08-01
A_2024_00085,MM,201808,,,520014,서남권,100001,지수,100.984214600248,지수,,서울>강남지역>서남권,지수,2018년 8월,2018,8,2018-08-01
A_2024_00085,MM,201808,,,510023,서부산권,100001,지수,102.902077898789,지수,,부산>서부산권,지수,2018년 8월,2018,8,2018-08-01
A_2024_00085,MM,201808,,,520012,서북권,100001,지수,96.991741646618,지수,,서울>강북지역>서북권,지수,2018년 8월,2018,8,2018-08-01
A_2024_00085,MM,201808,,,500008,서울,100001,지수,98.3930169695964,지수,,서울,지수,2018년 8월,2018,8,2018-08-01
A_2024_00085,MM,201808,,,510014,서해안권,100001,지수,98.1318394940191,지수,,경기>서해안권,지수,2018년 8월,2018,8,2018-08-01
A_2024_00085,MM,201808,,,500016,세종,100001,지수,106.479717261891,지수,,세종,지수,2018년 8월,2018,8,2018-08-01
A_2024_00085,MM,201808,,,500002,수도권,100001,지수,98.8770380706021,지수,,수도권,지수,2018년 8월,2018,8,2018-08-01
A_2024_00085,MM,201808,,,500015,울산,100001,지수,109.359240925877,지수,,울산,지수,2018년 8월,2018,8,2018-08-01
A_2024_00085,MM,201808,,,500010,인천,100001,지수,100.337413785642,지수,,인천,지수,2018년 8월,2018,8,2018-08-01
A_2024_00085,MM,201808,,,500001,전국,100001,지수,100.429137220649,지수,,전국,지수,2018년 8월,2018,8,2018-08-01
A_2024_00085,MM,201808,,,500021,전남,100001,지수,101.063981269623,지수,,전남광주>전남,지수,2018년 8월,2018,8,2018-08-01
A_2024_00085,MM,201808,,,500020,전북,100001,지수,105.233057712699,지수,,전북,지수,2018년 8월,2018,8,2018-08-01
A_2024_00085,MM,201808,,,500024,제주,100001,지수,106.931782742945,지수,,제주,지수,2018년 8월,2018,8,2018-08-01
A_2024_00085,MM,201808,,,510021,중부산권,100001,지수,102.391670953707,지수,,부산>중부산권,지수,2018년 8월,2018,8,2018-08-01
A_2024_00085,MM,201808,,,500003,지방권,100001,지수,104.497409599311,지수,,지방권,지수,2018년 8월,2018,8,2018-08-01
A_2024_00085,MM,201808,,,500019,충남,100001,지수,105.95579594211,지수,,충남,지수,2018년 8월,2018,8,2018-08-01
A_2024_00085,MM,201808,,,500018,충북,100001,지수,102.933116799686,지수,,충북,지수,2018년 8월,2018,8,2018-08-01
A_2024_00085,MM,201809,,,500005,5대광역시,100001,지수,103.912896031464,지수,,5대광역시,지수,2018년 9월,2018,9,2018-09-01
A_2024_00085,MM,201809,,,500004,6대광역시,100001,지수,102.368549432143,지수,,6대광역시,지수,2018년 9월,2018,9,2018-09-01
A_2024_00085,MM,201809,,,500007,8개도,100001,지수,104.709600569173,지수,,8개도,지수,2018년 9월,2018,9,2018-09-01
A_2024_00085,MM,201809,,,500006,9개도,100001,지수,100.847334340202,지수,,9개도,지수,2018년 9월,2018,9,2018-09-01
A_2024_00085,MM,201809,,,510010,강남지역,100001,지수,99.0538673662487,지수,,서울>강남지역,지수,2018년 9월,2018,9,2018-09-01
A_2024_00085,MM,201809,,,510009,강북지역,100001,지수,97.9701102617256,지수,,서울>강북지역,지수,2018년 9월,2018,9,2018-09-01
A_2024_00085,MM,201809,,,500017,강원,100001,지수,102.113719037978,지수,,강원,지수,2018년 9월,2018,9,2018-09-01
A_2024_00085,MM,201809,,,500009,경기,100001,지수,98.9547664912818,지수,,경기,지수,2018년 9월,2018,9,2018-09-01
A_2024_00085,MM,201809,,,500023,경남,100001,지수,108.291239771058,지수,,경남,지수,2018년 9월,2018,9,2018-09-01
A_2024_00085,MM,201809,,,510012,경부1권,100001,지수,97.154486620554,지수,,경기>경부1권,지수,2018년 9월,2018,9,2018-09-01
A_2024_00085,MM,201809,,,510013,경부2권,100001,지수,96.6289151036381,지수,,경기>경부2권,지수,2018년 9월,2018,9,2018-09-01
A_2024_00085,MM,201809,,,500022,경북,100001,지수,102.34969568736,지수,,경북,지수,2018년 9월,2018,9,2018-09-01
A_2024_00085,MM,201809,,,510018,경원권,100001,지수,101.355022481896,지수,,경기>경원권,지수,2018년 9월,2018,9,2018-09-01
A_2024_00085,MM,201809,,,510017,경의권,100001,지수,105.510023864489,지수,,경기>경의권,지수,2018년 9월,2018,9,2018-09-01
A_2024_00085,MM,201809,,,500013,광주,100001,지수,100.609275820528,지수,,전남광주>광주,지수,2018년 9월,2018,9,2018-09-01
A_2024_00085,MM,201809,,,500012,대구,100001,지수,104.346526209896,지수,,대구,지수,2018년 9월,2018,9,2018-09-01
A_2024_00085,MM,201809,,,500014,대전,100001,지수,100.740354705774,지수,,대전,지수,2018년 9월,2018,9,2018-09-01
A_2024_00085,MM,201809,,,520010,도심권,100001,지수,97.2654308300448,지수,,서울>강북지역>도심권,지수,2018년 9월,2018,9,2018-09-01
A_2024_00085,MM,201809,,,520015,동남권,100001,지수,95.9319400518365,지수,,서울>강남지역>동남권,지수,2018년 9월,2018,9,2018-09-01
A_2024_00085,MM,201809,,,510015,동부1권,100001,지수,98.670587535005,지수,,경기>동부1권,지수,2018년 9월,2018,9,2018-09-01
A_2024_00085,MM,201809,,,510016,동부2권,100001,지수,102.875366733831,지수,,경기>동부2권,지수,2018년 9월,2018,9,2018-09-01
A_2024_00085,MM,201809,,,510022,동부산권,100001,지수,108.136242702677,지수,,부산>동부산권,지수,2018년 9월,2018,9,2018-09-01
A_2024_00085,MM,201809,,,520011,동북권,100001,지수,98.5773167431543,지수,,서울>강북지역>동북권,지수,2018년 9월,2018,9,2018-09-01
A_2024_00085,MM,201809,,,500011,부산,100001,지수,104.015321187309,지수,,부산,지수,2018년 9월,2018,9,2018-09-01
A_2024_00085,MM,201809,,,520014,서남권,100001,지수,101.120924157268,지수,,서울>강남지역>서남권,지수,2018년 9월,2018,9,2018-09-01
A_2024_00085,MM,201809,,,510023,서부산권,100001,지수,102.72516198523,지수,,부산>서부산권,지수,2018년 9월,2018,9,2018-09-01
A_2024_00085,MM,201809,,,520012,서북권,100001,지수,97.1834326337727,지수,,서울>강북지역>서북권,지수,2018년 9월,2018,9,2018-09-01
A_2024_00085,MM,201809,,,500008,서울,100001,지수,98.5276461656658,지수,,서울,지수,2018년 9월,2018,9,2018-09-01
A_2024_00085,MM,201809,,,510014,서해안권,100001,지수,98.0852181797107,지수,,경기>서해안권,지수,2018년 9월,2018,9,2018-09-01
A_2024_00085,MM,201809,,,500016,세종,100001,지수,106.405343890162,지수,,세종,지수,2018년 9월,2018,9,2018-09-01
A_2024_00085,MM,201809,,,500002,수도권,100001,지수,98.9229157865122,지수,,수도권,지수,2018년 9월,2018,9,2018-09-01
A_2024_00085,MM,201809,,,500015,울산,100001,지수,108.872990367063,지수,,울산,지수,2018년 9월,2018,9,2018-09-01
A_2024_00085,MM,201809,,,500010,인천,100001,지수,100.315583112866,지수,,인천,지수,2018년 9월,2018,9,2018-09-01
A_2024_00085,MM,201809,,,500001,전국,100001,지수,100.413297905259,지수,,전국,지수,2018년 9월,2018,9,2018-09-01
A_2024_00085,MM,201809,,,500021,전남,100001,지수,101.108622833375,지수,,전남광주>전남,지수,2018년 9월,2018,9,2018-09-01
A_2024_00085,MM,201809,,,500020,전북,100001,지수,105.236630753492,지수,,전북,지수,2018년 9월,2018,9,2018-09-01
A_2024_00085,MM,201809,,,500024,제주,100001,지수,106.584145604751,지수,,제주,지수,2018년 9월,2018,9,2018-09-01
A_2024_00085,MM,201809,,,510021,중부산권,100001,지수,102.273130091321,지수,,부산>중부산권,지수,2018년 9월,2018,9,2018-09-01
A_2024_00085,MM,201809,,,500003,지방권,100001,지수,104.320930939719,지수,,지방권,지수,2018년 9월,2018,9,2018-09-01
A_2024_00085,MM,201809,,,500019,충남,100001,지수,105.670116018381,지수,,충남,지수,2018년 9월,2018,9,2018-09-01
A_2024_00085,MM,201809,,,500018,충북,100001,지수,102.807317781945,지수,,충북,지수,2018년 9월,2018,9,2018-09-01
A_2024_00085,MM,201810,,,500005,5대광역시,100001,지수,103.798320036282,지수,,5대광역시,지수,2018년 10월,2018,10,2018-10-01
A_2024_00085,MM,201810,,,500004,6대광역시,100001,지수,102.336411388383,지수,,6대광역시,지수,2018년 10월,2018,10,2018-10-01
A_2024_00085,MM,201810,,,500007,8개도,100001,지수,104.439340331872,지수,,8개도,지수,2018년 10월,2018,10,2018-10-01
A_2024_00085,MM,201810,,,500006,9개도,100001,지수,100.732000964117,지수,,9개도,지수,2018년 10월,2018,10,2018-10-01
A_2024_00085,MM,201810,,,510010,강남지역,100001,지수,99.1325639462788,지수,,서울>강남지역,지수,2018년 10월,2018,10,2018-10-01
A_2024_00085,MM,201810,,,510009,강북지역,100001,지수,98.1007649157944,지수,,서울>강북지역,지수,2018년 10월,2018,10,2018-10-01
A_2024_00085,MM,201810,,,500017,강원,100001,지수,101.882748855414,지수,,강원,지수,2018년 10월,2018,10,2018-10-01
A_2024_00085,MM,201810,,,500009,경기,100001,지수,98.9160455443095,지수,,경기,지수,2018년 10월,2018,10,2018-10-01
A_2024_00085,MM,201810,,,500023,경남,100001,지수,107.516057839515,지수,,경남,지수,2018년 10월,2018,10,2018-10-01
A_2024_00085,MM,201810,,,510012,경부1권,100001,지수,97.1957797336057,지수,,경기>경부1권,지수,2018년 10월,2018,10,2018-10-01
A_2024_00085,MM,201810,,,510013,경부2권,100001,지수,96.5996729429358,지수,,경기>경부2권,지수,2018년 10월,2018,10,2018-10-01
A_2024_00085,MM,201810,,,500022,경북,100001,지수,102.077679068023,지수,,경북,지수,2018년 10월,2018,10,2018-10-01
A_2024_00085,MM,201810,,,510018,경원권,100001,지수,101.331862767675,지수,,경기>경원권,지수,2018년 10월,2018,10,2018-10-01
A_2024_00085,MM,201810,,,510017,경의권,100001,지수,105.486712749327,지수,,경기>경의권,지수,2018년 10월,2018,10,2018-10-01
A_2024_00085,MM,201810,,,500013,광주,100001,지수,100.642469763833,지수,,전남광주>광주,지수,2018년 10월,2018,10,2018-10-01
A_2024_00085,MM,201810,,,500012,대구,100001,지수,104.35107244408,지수,,대구,지수,2018년 10월,2018,10,2018-10-01
A_2024_00085,MM,201810,,,500014,대전,100001,지수,100.805556788861,지수,,대전,지수,2018년 10월,2018,10,2018-10-01
A_2024_00085,MM,201810,,,520010,도심권,100001,지수,97.4909179407368,지수,,서울>강북지역>도심권,지수,2018년 10월,2018,10,2018-10-01
A_2024_00085,MM,201810,,,520015,동남권,100001,지수,96.0144471199349,지수,,서울>강남지역>동남권,지수,2018년 10월,2018,10,2018-10-01
A_2024_00085,MM,201810,,,510015,동부1권,100001,지수,98.6632613753623,지수,,경기>동부1권,지수,2018년 10월,2018,10,2018-10-01
A_2024_00085,MM,201810,,,510016,동부2권,100001,지수,102.780723371747,지수,,경기>동부2권,지수,2018년 10월,2018,10,2018-10-01
A_2024_00085,MM,201810,,,510022,동부산권,100001,지수,108.042118708993,지수,,부산>동부산권,지수,2018년 10월,2018,10,2018-10-01
A_2024_00085,MM,201810,,,520011,동북권,100001,지수,98.644704978752,지수,,서울>강북지역>동북권,지수,2018년 10월,2018,10,2018-10-01
A_2024_00085,MM,201810,,,500011,부산,100001,지수,103.919117439523,지수,,부산,지수,2018년 10월,2018,10,2018-10-01
A_2024_00085,MM,201810,,,520014,서남권,100001,지수,101.196960193622,지수,,서울>강남지역>서남권,지수,2018년 10월,2018,10,2018-10-01
A_2024_00085,MM,201810,,,510023,서부산권,100001,지수,102.672693997684,지수,,부산>서부산권,지수,2018년 10월,2018,10,2018-10-01
A_2024_00085,MM,201810,,,520012,서북권,100001,지수,97.3777000718127,지수,,서울>강북지역>서북권,지수,2018년 10월,2018,10,2018-10-01
A_2024_00085,MM,201810,,,500008,서울,100001,지수,98.6319141866594,지수,,서울,지수,2018년 10월,2018,10,2018-10-01
A_2024_00085,MM,201810,,,510014,서해안권,100001,지수,98.0022114507741,지수,,경기>서해안권,지수,2018년 10월,2018,10,2018-10-01
A_2024_00085,MM,201810,,,500016,세종,100001,지수,106.332872371422,지수,,세종,지수,2018년 10월,2018,10,2018-10-01
A_2024_00085,MM,201810,,,500002,수도권,100001,지수,98.9665269928887,지수,,수도권,지수,2018년 10월,2018,10,2018-10-01
A_2024_00085,MM,201810,,,500015,울산,100001,지수,108.06713614688,지수,,울산,지수,2018년 10월,2018,10,2018-10-01
A_2024_00085,MM,201810,,,500010,인천,100001,지수,100.391314523306,지수,,인천,지수,2018년 10월,2018,10,2018-10-01
A_2024_00085,MM,201810,,,500001,전국,100001,지수,100.390998737716,지수,,전국,지수,2018년 10월,2018,10,2018-10-01
A_2024_00085,MM,201810,,,500021,전남,100001,지수,101.177783332292,지수,,전남광주>전남,지수,2018년 10월,2018,10,2018-10-01
A_2024_00085,MM,201810,,,500020,전북,100001,지수,105.182456903868,지수,,전북,지수,2018년 10월,2018,10,2018-10-01
A_2024_00085,MM,201810,,,500024,제주,100001,지수,106.294296856325,지수,,제주,지수,2018년 10월,2018,10,2018-10-01
A_2024_00085,MM,201810,,,510021,중부산권,100001,지수,102.159583013033,지수,,부산>중부산권,지수,2018년 10월,2018,10,2018-10-01
A_2024_00085,MM,201810,,,500003,지방권,100001,지수,104.127455775087,지수,,지방권,지수,2018년 10월,2018,10,2018-10-01
A_2024_00085,MM,201810,,,500019,충남,100001,지수,105.520022840191,지수,,충남,지수,2018년 10월,2018,10,2018-10-01
A_2024_00085,MM,201810,,,500018,충북,100001,지수,102.776258322107,지수,,충북,지수,2018년 10월,2018,10,2018-10-01
A_2024_00085,MM,201811,,,500005,5대광역시,100001,지수,103.690179521407,지수,,5대광역시,지수,2018년 11월,2018,11,2018-11-01
A_2024_00085,MM,201811,,,500004,6대광역시,100001,지수,102.279624170916,지수,,6대광역시,지수,2018년 11월,2018,11,2018-11-01
A_2024_00085,MM,201811,,,500007,8개도,100001,지수,104.158952253354,지수,,8개도,지수,2018년 11월,2018,11,2018-11-01
A_2024_00085,MM,201811,,,500006,9개도,100001,지수,100.590289333184,지수,,9개도,지수,2018년 11월,2018,11,2018-11-01
A_2024_00085,MM,201811,,,510010,강남지역,100001,지수,99.1181031187234,지수,,서울>강남지역,지수,2018년 11월,2018,11,2018-11-01
A_2024_00085,MM,201811,,,510009,강북지역,100001,지수,98.1497564429378,지수,,서울>강북지역,지수,2018년 11월,2018,11,2018-11-01
A_2024_00085,MM,201811,,,500017,강원,100001,지수,101.691054834637,지수,,강원,지수,2018년 11월,2018,11,2018-11-01
A_2024_00085,MM,201811,,,500009,경기,100001,지수,98.8430404764874,지수,,경기,지수,2018년 11월,2018,11,2018-11-01
A_2024_00085,MM,201811,,,500023,경남,100001,지수,106.660136642396,지수,,경남,지수,2018년 11월,2018,11,2018-11-01
A_2024_00085,MM,201811,,,510012,경부1권,100001,지수,97.1376699089491,지수,,경기>경부1권,지수,2018년 11월,2018,11,2018-11-01
A_2024_00085,MM,201811,,,510013,경부2권,100001,지수,96.4446431778076,지수,,경기>경부2권,지수,2018년 11월,2018,11,2018-11-01
A_2024_00085,MM,201811,,,500022,경북,100001,지수,101.795612970082,지수,,경북,지수,2018년 11월,2018,11,2018-11-01
A_2024_00085,MM,201811,,,510018,경원권,100001,지수,101.262776192714,지수,,경기>경원권,지수,2018년 11월,2018,11,2018-11-01
A_2024_00085,MM,201811,,,510017,경의권,100001,지수,105.464464626359,지수,,경기>경의권,지수,2018년 11월,2018,11,2018-11-01
A_2024_00085,MM,201811,,,500013,광주,100001,지수,100.565543719528,지수,,전남광주>광주,지수,2018년 11월,2018,11,2018-11-01
A_2024_00085,MM,201811,,,500012,대구,100001,지수,104.335625156199,지수,,대구,지수,2018년 11월,2018,11,2018-11-01
A_2024_00085,MM,201811,,,500014,대전,100001,지수,100.878017321316,지수,,대전,지수,2018년 11월,2018,11,2018-11-01
A_2024_00085,MM,201811,,,520010,도심권,100001,지수,97.4757079929278,지수,,서울>강북지역>도심권,지수,2018년 11월,2018,11,2018-11-01
A_2024_00085,MM,201811,,,520015,동남권,100001,지수,95.9597697062855,지수,,서울>강남지역>동남권,지수,2018년 11월,2018,11,2018-11-01
A_2024_00085,MM,201811,,,510015,동부1권,100001,지수,98.6383794407493,지수,,경기>동부1권,지수,2018년 11월,2018,11,2018-11-01
A_2024_00085,MM,201811,,,510016,동부2권,100001,지수,102.669433240599,지수,,경기>동부2권,지수,2018년 11월,2018,11,2018-11-01
A_2024_00085,MM,201811,,,510022,동부산권,100001,지수,107.885754210185,지수,,부산>동부산권,지수,2018년 11월,2018,11,2018-11-01
A_2024_00085,MM,201811,,,520011,동북권,100001,지수,98.7034764460623,지수,,서울>강북지역>동북권,지수,2018년 11월,2018,11,2018-11-01
A_2024_00085,MM,201811,,,500011,부산,100001,지수,103.828529408128,지수,,부산,지수,2018년 11월,2018,11,2018-11-01
A_2024_00085,MM,201811,,,520014,서남권,100001,지수,101.210024888651,지수,,서울>강남지역>서남권,지수,2018년 11월,2018,11,2018-11-01
A_2024_00085,MM,201811,,,510023,서부산권,100001,지수,102.603602636413,지수,,부산>서부산권,지수,2018년 11월,2018,11,2018-11-01
A_2024_00085,MM,201811,,,520012,서북권,100001,지수,97.4323819985201,지수,,서울>강북지역>서북권,지수,2018년 11월,2018,11,2018-11-01
A_2024_00085,MM,201811,,,500008,서울,100001,지수,98.648664501124,지수,,서울,지수,2018년 11월,2018,11,2018-11-01
A_2024_00085,MM,201811,,,510014,서해안권,100001,지수,97.930100321329,지수,,경기>서해안권,지수,2018년 11월,2018,11,2018-11-01
A_2024_00085,MM,201811,,,500016,세종,100001,지수,106.269440317235,지수,,세종,지수,2018년 11월,2018,11,2018-11-01
A_2024_00085,MM,201811,,,500002,수도권,100001,지수,98.9468740745814,지수,,수도권,지수,2018년 11월,2018,11,2018-11-01
A_2024_00085,MM,201811,,,500015,울산,100001,지수,107.393463295333,지수,,울산,지수,2018년 11월,2018,11,2018-11-01
A_2024_00085,MM,201811,,,500010,인천,100001,지수,100.401833783569,지수,,인천,지수,2018년 11월,2018,11,2018-11-01
A_2024_00085,MM,201811,,,500001,전국,100001,지수,100.322394282043,지수,,전국,지수,2018년 11월,2018,11,2018-11-01
A_2024_00085,MM,201811,,,500021,전남,100001,지수,101.263034906647,지수,,전남광주>전남,지수,2018년 11월,2018,11,2018-11-01
A_2024_00085,MM,201811,,,500020,전북,100001,지수,105.20747418918,지수,,전북,지수,2018년 11월,2018,11,2018-11-01
A_2024_00085,MM,201811,,,500024,제주,100001,지수,106.167335764829,지수,,제주,지수,2018년 11월,2018,11,2018-11-01
A_2024_00085,MM,201811,,,510021,중부산권,100001,지수,102.096844874342,지수,,부산>중부산권,지수,2018년 11월,2018,11,2018-11-01
A_2024_00085,MM,201811,,,500003,지방권,100001,지수,103.931947482946,지수,,지방권,지수,2018년 11월,2018,11,2018-11-01
A_2024_00085,MM,201811,,,500019,충남,100001,지수,105.270998089325,지수,,충남,지수,2018년 11월,2018,11,2018-11-01
A_2024_00085,MM,201811,,,500018,충북,100001,지수,102.635674588319,지수,,충북,지수,2018년 11월,2018,11,2018-11-01
A_2024_00085,MM,201812,,,500005,5대광역시,100001,지수,103.513647253042,지수,,5대광역시,지수,2018년 12월,2018,12,2018-12-01
A_2024_00085,MM,201812,,,500004,6대광역시,100001,지수,102.202123615797,지수,,6대광역시,지수,2018년 12월,2018,12,2018-12-01
A_2024_00085,MM,201812,,,500007,8개도,100001,지수,103.810614856958,지수,,8개도,지수,2018년 12월,2018,12,2018-12-01
A_2024_00085,MM,201812,,,500006,9개도,100001,지수,100.418738066489,지수,,9개도,지수,2018년 12월,2018,12,2018-12-01
A_2024_00085,MM,201812,,,510010,강남지역,100001,지수,99.0702601934231,지수,,서울>강남지역,지수,2018년 12월,2018,12,2018-12-01
A_2024_00085,MM,201812,,,510009,강북지역,100001,지수,98.12940696009,지수,,서울>강북지역,지수,2018년 12월,2018,12,2018-12-01
A_2024_00085,MM,201812,,,500017,강원,100001,지수,101.524675734432,지수,,강원,지수,2018년 12월,2018,12,2018-12-01
A_2024_00085,MM,201812,,,500009,경기,100001,지수,98.7592675312125,지수,,경기,지수,2018년 12월,2018,12,2018-12-01
A_2024_00085,MM,201812,,,500023,경남,100001,지수,105.703914296561,지수,,경남,지수,2018년 12월,2018,12,2018-12-01
A_2024_00085,MM,201812,,,510012,경부1권,100001,지수,97.0803563125809,지수,,경기>경부1권,지수,2018년 12월,2018,12,2018-12-01
A_2024_00085,MM,201812,,,510013,경부2권,100001,지수,96.3130491048961,지수,,경기>경부2권,지수,2018년 12월,2018,12,2018-12-01
A_2024_00085,MM,201812,,,500022,경북,100001,지수,101.51131357377,지수,,경북,지수,2018년 12월,2018,12,2018-12-01
A_2024_00085,MM,201812,,,510018,경원권,100001,지수,101.156186793873,지수,,경기>경원권,지수,2018년 12월,2018,12,2018-12-01
A_2024_00085,MM,201812,,,510017,경의권,100001,지수,105.183077128942,지수,,경기>경의권,지수,2018년 12월,2018,12,2018-12-01
A_2024_00085,MM,201812,,,500013,광주,100001,지수,100.296313613807,지수,,전남광주>광주,지수,2018년 12월,2018,12,2018-12-01
A_2024_00085,MM,201812,,,500012,대구,100001,지수,104.310480358352,지수,,대구,지수,2018년 12월,2018,12,2018-12-01
A_2024_00085,MM,201812,,,500014,대전,100001,지수,100.93353791151,지수,,대전,지수,2018년 12월,2018,12,2018-12-01
A_2024_00085,MM,201812,,,520010,도심권,100001,지수,97.4912152728066,지수,,서울>강북지역>도심권,지수,2018년 12월,2018,12,2018-12-01
A_2024_00085,MM,201812,,,520015,동남권,100001,지수,95.8443173586052,지수,,서울>강남지역>동남권,지수,2018년 12월,2018,12,2018-12-01
A_2024_00085,MM,201812,,,510015,동부1권,100001,지수,98.6187312007947,지수,,경기>동부1권,지수,2018년 12월,2018,12,2018-12-01
A_2024_00085,MM,201812,,,510016,동부2권,100001,지수,102.484069828834,지수,,경기>동부2권,지수,2018년 12월,2018,12,2018-12-01
A_2024_00085,MM,201812,,,510022,동부산권,100001,지수,107.661103413401,지수,,부산>동부산권,지수,2018년 12월,2018,12,2018-12-01
A_2024_00085,MM,201812,,,520011,동북권,100001,지수,98.6910521749285,지수,,서울>강북지역>동북권,지수,2018년 12월,2018,12,2018-12-01
A_2024_00085,MM,201812,,,500011,부산,100001,지수,103.667060223807,지수,,부산,지수,2018년 12월,2018,12,2018-12-01
A_2024_00085,MM,201812,,,520014,서남권,100001,지수,101.208517057706,지수,,서울>강남지역>서남권,지수,2018년 12월,2018,12,2018-12-01
A_2024_00085,MM,201812,,,510023,서부산권,100001,지수,102.530499524303,지수,,부산>서부산권,지수,2018년 12월,2018,12,2018-12-01
A_2024_00085,MM,201812,,,520012,서북권,100001,지수,97.389022287911,지수,,서울>강북지역>서북권,지수,2018년 12월,2018,12,2018-12-01
A_2024_00085,MM,201812,,,500008,서울,100001,지수,98.6143391213572,지수,,서울,지수,2018년 12월,2018,12,2018-12-01
A_2024_00085,MM,201812,,,510014,서해안권,100001,지수,97.8856395379816,지수,,경기>서해안권,지수,2018년 12월,2018,12,2018-12-01
A_2024_00085,MM,201812,,,500016,세종,100001,지수,106.263363740858,지수,,세종,지수,2018년 12월,2018,12,2018-12-01
A_2024_00085,MM,201812,,,500002,수도권,100001,지수,98.9054702488917,지수,,수도권,지수,2018년 12월,2018,12,2018-12-01
A_2024_00085,MM,201812,,,500015,울산,100001,지수,106.547049527276,지수,,울산,지수,2018년 12월,2018,12,2018-12-01
A_2024_00085,MM,201812,,,500010,인천,100001,지수,100.45433718145,지수,,인천,지수,2018년 12월,2018,12,2018-12-01
A_2024_00085,MM,201812,,,500001,전국,100001,지수,100.219138315091,지수,,전국,지수,2018년 12월,2018,12,2018-12-01
A_2024_00085,MM,201812,,,500021,전남,100001,지수,101.24145470436,지수,,전남광주>전남,지수,2018년 12월,2018,12,2018-12-01
A_2024_00085,MM,201812,,,500020,전북,100001,지수,105.155592620155,지수,,전북,지수,2018년 12월,2018,12,2018-12-01
A_2024_00085,MM,201812,,,500024,제주,100001,지수,106.088391071578,지수,,제주,지수,2018년 12월,2018,12,2018-12-01
A_2024_00085,MM,201812,,,510021,중부산권,100001,지수,101.937084246287,지수,,부산>중부산권,지수,2018년 12월,2018,12,2018-12-01
A_2024_00085,MM,201812,,,500003,지방권,100001,지수,103.668633564792,지수,,지방권,지수,2018년 12월,2018,12,2018-12-01
A_2024_00085,MM,201812,,,500019,충남,100001,지수,105.059977324749,지수,,충남,지수,2018년 12월,2018,12,2018-12-01
A_2024_00085,MM,201812,,,500018,충북,100001,지수,101.965535756989,지수,,충북,지수,2018년 12월,2018,12,2018-12-01
A_2024_00085,MM,201901,,,500005,5대광역시,100001,지수,103.420229551248,지수,,5대광역시,지수,2019년 1월,2019,1,2019-01-01
A_2024_00085,MM,201901,,,500004,6대광역시,100001,지수,102.125845228642,지수,,6대광역시,지수,2019년 1월,2019,1,2019-01-01
A_2024_00085,MM,201901,,,500007,8개도,100001,지수,103.659084887752,지수,,8개도,지수,2019년 1월,2019,1,2019-01-01
A_2024_00085,MM,201901,,,500006,9개도,100001,지수,100.288506091535,지수,,9개도,지수,2019년 1월,2019,1,2019-01-01
A_2024_00085,MM,201901,,,510010,강남지역,100001,지수,98.9218525625983,지수,,서울>강남지역,지수,2019년 1월,2019,1,2019-01-01
A_2024_00085,MM,201901,,,510009,강북지역,100001,지수,98.060445304644,지수,,서울>강북지역,지수,2019년 1월,2019,1,2019-01-01
A_2024_00085,MM,201901,,,500017,강원,100001,지수,101.370375224628,지수,,강원,지수,2019년 1월,2019,1,2019-01-01
A_2024_00085,MM,201901,,,500009,경기,100001,지수,98.6394311975454,지수,,경기,지수,2019년 1월,2019,1,2019-01-01
A_2024_00085,MM,201901,,,500023,경남,100001,지수,105.517541805082,지수,,경남,지수,2019년 1월,2019,1,2019-01-01
A_2024_00085,MM,201901,,,510012,경부1권,100001,지수,96.9686892594581,지수,,경기>경부1권,지수,2019년 1월,2019,1,2019-01-01
A_2024_00085,MM,201901,,,510013,경부2권,100001,지수,96.305185700156,지수,,경기>경부2권,지수,2019년 1월,2019,1,2019-01-01
A_2024_00085,MM,201901,,,500022,경북,100001,지수,101.42347979629,지수,,경북,지수,2019년 1월,2019,1,2019-01-01
A_2024_00085,MM,201901,,,510018,경원권,100001,지수,101.096882206956,지수,,경기>경원권,지수,2019년 1월,2019,1,2019-01-01
A_2024_00085,MM,201901,,,510017,경의권,100001,지수,105.146576937258,지수,,경기>경의권,지수,2019년 1월,2019,1,2019-01-01
A_2024_00085,MM,201901,,,500013,광주,100001,지수,100.296508250508,지수,,전남광주>광주,지수,2019년 1월,2019,1,2019-01-01
A_2024_00085,MM,201901,,,500012,대구,100001,지수,104.310480358352,지수,,대구,지수,2019년 1월,2019,1,2019-01-01
A_2024_00085,MM,201901,,,500014,대전,100001,지수,100.960104813459,지수,,대전,지수,2019년 1월,2019,1,2019-01-01
A_2024_00085,MM,201901,,,520010,도심권,100001,지수,97.435977763961,지수,,서울>강북지역>도심권,지수,2019년 1월,2019,1,2019-01-01
A_2024_00085,MM,201901,,,520015,동남권,100001,지수,95.5845445855592,지수,,서울>강남지역>동남권,지수,2019년 1월,2019,1,2019-01-01
A_2024_00085,MM,201901,,,510015,동부1권,100001,지수,98.6187312007947,지수,,경기>동부1권,지수,2019년 1월,2019,1,2019-01-01
A_2024_00085,MM,201901,,,510016,동부2권,100001,지수,102.361553984955,지수,,경기>동부2권,지수,2019년 1월,2019,1,2019-01-01
A_2024_00085,MM,201901,,,510022,동부산권,100001,지수,107.521017630771,지수,,부산>동부산권,지수,2019년 1월,2019,1,2019-01-01
A_2024_00085,MM,201901,,,520011,동북권,100001,지수,98.6558052436033,지수,,서울>강북지역>동북권,지수,2019년 1월,2019,1,2019-01-01
A_2024_00085,MM,201901,,,500011,부산,100001,지수,103.586701803337,지수,,부산,지수,2019년 1월,2019,1,2019-01-01
A_2024_00085,MM,201901,,,520014,서남권,100001,지수,101.137019528791,지수,,서울>강남지역>서남권,지수,2019년 1월,2019,1,2019-01-01
A_2024_00085,MM,201901,,,510023,서부산권,100001,지수,102.501779838005,지수,,부산>서부산권,지수,2019년 1월,2019,1,2019-01-01
A_2024_00085,MM,201901,,,520012,서북권,100001,지수,97.2642547717877,지수,,서울>강북지역>서북권,지수,2019년 1월,2019,1,2019-01-01
A_2024_00085,MM,201901,,,500008,서울,100001,지수,98.5047283640516,지수,,서울,지수,2019년 1월,2019,1,2019-01-01
A_2024_00085,MM,201901,,,510014,서해안권,100001,지수,97.6516081509653,지수,,경기>서해안권,지수,2019년 1월,2019,1,2019-01-01
A_2024_00085,MM,201901,,,500016,세종,100001,지수,106.234316487118,지수,,세종,지수,2019년 1월,2019,1,2019-01-01
A_2024_00085,MM,201901,,,500002,수도권,100001,지수,98.7996251160702,지수,,수도권,지수,2019년 1월,2019,1,2019-01-01
A_2024_00085,MM,201901,,,500015,울산,100001,지수,105.979387960999,지수,,울산,지수,2019년 1월,2019,1,2019-01-01
A_2024_00085,MM,201901,,,500010,인천,100001,지수,100.400542639322,지수,,인천,지수,2019년 1월,2019,1,2019-01-01
A_2024_00085,MM,201901,,,500001,전국,100001,지수,100.10854018965,지수,,전국,지수,2019년 1월,2019,1,2019-01-01
A_2024_00085,MM,201901,,,500021,전남,100001,지수,101.252665494147,지수,,전남광주>전남,지수,2019년 1월,2019,1,2019-01-01
A_2024_00085,MM,201901,,,500020,전북,100001,지수,105.155166502483,지수,,전북,지수,2019년 1월,2019,1,2019-01-01
A_2024_00085,MM,201901,,,500024,제주,100001,지수,105.967088704133,지수,,제주,지수,2019년 1월,2019,1,2019-01-01
A_2024_00085,MM,201901,,,510021,중부산권,100001,지수,101.869606220856,지수,,부산>중부산권,지수,2019년 1월,2019,1,2019-01-01
A_2024_00085,MM,201901,,,500003,지방권,100001,지수,103.545574698193,지수,,지방권,지수,2019년 1월,2019,1,2019-01-01
A_2024_00085,MM,201901,,,500019,충남,100001,지수,104.664680432571,지수,,충남,지수,2019년 1월,2019,1,2019-01-01
A_2024_00085,MM,201901,,,500018,충북,100001,지수,101.85912331773,지수,,충북,지수,2019년 1월,2019,1,2019-01-01
A_2024_00085,MM,201902,,,500005,5대광역시,100001,지수,103.347890892929,지수,,5대광역시,지수,2019년 2월,2019,2,2019-02-01
A_2024_00085,MM,201902,,,500004,6대광역시,100001,지수,102.06498579329,지수,,6대광역시,지수,2019년 2월,2019,2,2019-02-01
A_2024_00085,MM,201902,,,500007,8개도,100001,지수,103.564054535363,지수,,8개도,지수,2019년 2월,2019,2,2019-02-01
A_2024_00085,MM,201902,,,500006,9개도,100001,지수,100.184004421235,지수,,9개도,지수,2019년 2월,2019,2,2019-02-01
A_2024_00085,MM,201902,,,510010,강남지역,100001,지수,98.7861090088304,지수,,서울>강남지역,지수,2019년 2월,2019,2,2019-02-01
A_2024_00085,MM,201902,,,510009,강북지역,100001,지수,97.9478879310336,지수,,서울>강북지역,지수,2019년 2월,2019,2,2019-02-01
A_2024_00085,MM,201902,,,500017,강원,100001,지수,101.184147035615,지수,,강원,지수,2019년 2월,2019,2,2019-02-01
A_2024_00085,MM,201902,,,500009,경기,100001,지수,98.5303142677576,지수,,경기,지수,2019년 2월,2019,2,2019-02-01
A_2024_00085,MM,201902,,,500023,경남,100001,지수,105.286903124209,지수,,경남,지수,2019년 2월,2019,2,2019-02-01
A_2024_00085,MM,201902,,,510012,경부1권,100001,지수,96.8103398540086,지수,,경기>경부1권,지수,2019년 2월,2019,2,2019-02-01
A_2024_00085,MM,201902,,,510013,경부2권,100001,지수,96.2719384493666,지수,,경기>경부2권,지수,2019년 2월,2019,2,2019-02-01
A_2024_00085,MM,201902,,,500022,경북,100001,지수,101.323187839545,지수,,경북,지수,2019년 2월,2019,2,2019-02-01
A_2024_00085,MM,201902,,,510018,경원권,100001,지수,101.052392006365,지수,,경기>경원권,지수,2019년 2월,2019,2,2019-02-01
A_2024_00085,MM,201902,,,510017,경의권,100001,지수,105.116337073589,지수,,경기>경의권,지수,2019년 2월,2019,2,2019-02-01
A_2024_00085,MM,201902,,,500013,광주,100001,지수,100.296199082933,지수,,전남광주>광주,지수,2019년 2월,2019,2,2019-02-01
A_2024_00085,MM,201902,,,500012,대구,100001,지수,104.324533152254,지수,,대구,지수,2019년 2월,2019,2,2019-02-01
A_2024_00085,MM,201902,,,500014,대전,100001,지수,100.952791013618,지수,,대전,지수,2019년 2월,2019,2,2019-02-01
A_2024_00085,MM,201902,,,520010,도심권,100001,지수,97.3407845851535,지수,,서울>강북지역>도심권,지수,2019년 2월,2019,2,2019-02-01
A_2024_00085,MM,201902,,,520015,동남권,100001,지수,95.3049060397167,지수,,서울>강남지역>동남권,지수,2019년 2월,2019,2,2019-02-01
A_2024_00085,MM,201902,,,510015,동부1권,100001,지수,98.5578519878791,지수,,경기>동부1권,지수,2019년 2월,2019,2,2019-02-01
A_2024_00085,MM,201902,,,510016,동부2권,100001,지수,102.315206450004,지수,,경기>동부2권,지수,2019년 2월,2019,2,2019-02-01
A_2024_00085,MM,201902,,,510022,동부산권,100001,지수,107.43495006067,지수,,부산>동부산권,지수,2019년 2월,2019,2,2019-02-01
A_2024_00085,MM,201902,,,520011,동북권,100001,지수,98.5478244894741,지수,,서울>강북지역>동북권,지수,2019년 2월,2019,2,2019-02-01
A_2024_00085,MM,201902,,,500011,부산,100001,지수,103.516361774582,지수,,부산,지수,2019년 2월,2019,2,2019-02-01
A_2024_00085,MM,201902,,,520014,서남권,100001,지수,101.100837673484,지수,,서울>강남지역>서남권,지수,2019년 2월,2019,2,2019-02-01
A_2024_00085,MM,201902,,,510023,서부산권,100001,지수,102.44140077491,지수,,부산>서부산권,지수,2019년 2월,2019,2,2019-02-01
A_2024_00085,MM,201902,,,520012,서북권,100001,지수,97.1392290273354,지수,,서울>강북지역>서북권,지수,2019년 2월,2019,2,2019-02-01
A_2024_00085,MM,201902,,,500008,서울,100001,지수,98.3803014367745,지수,,서울,지수,2019년 2월,2019,2,2019-02-01
A_2024_00085,MM,201902,,,510014,서해안권,100001,지수,97.4816757424042,지수,,경기>서해안권,지수,2019년 2월,2019,2,2019-02-01
A_2024_00085,MM,201902,,,500016,세종,100001,지수,106.18544971421,지수,,세종,지수,2019년 2월,2019,2,2019-02-01
A_2024_00085,MM,201902,,,500002,수도권,100001,지수,98.6924371801161,지수,,수도권,지수,2019년 2월,2019,2,2019-02-01
A_2024_00085,MM,201902,,,500015,울산,100001,지수,105.599943008092,지수,,울산,지수,2019년 2월,2019,2,2019-02-01
A_2024_00085,MM,201902,,,500010,인천,100001,지수,100.354749031439,지수,,인천,지수,2019년 2월,2019,2,2019-02-01
A_2024_00085,MM,201902,,,500001,전국,100001,지수,100.007782375672,지수,,전국,지수,2019년 2월,2019,2,2019-02-01
A_2024_00085,MM,201902,,,500021,전남,100001,지수,101.312885122193,지수,,전남광주>전남,지수,2019년 2월,2019,2,2019-02-01
A_2024_00085,MM,201902,,,500020,전북,100001,지수,105.161503674557,지수,,전북,지수,2019년 2월,2019,2,2019-02-01
A_2024_00085,MM,201902,,,500024,제주,100001,지수,105.91667353337,지수,,제주,지수,2019년 2월,2019,2,2019-02-01
A_2024_00085,MM,201902,,,510021,중부산권,100001,지수,101.804002261518,지수,,부산>중부산권,지수,2019년 2월,2019,2,2019-02-01
A_2024_00085,MM,201902,,,500003,지방권,100001,지수,103.461656316536,지수,,지방권,지수,2019년 2월,2019,2,2019-02-01
A_2024_00085,MM,201902,,,500019,충남,100001,지수,104.598119060555,지수,,충남,지수,2019년 2월,2019,2,2019-02-01
A_2024_00085,MM,201902,,,500018,충북,100001,지수,101.785747415075,지수,,충북,지수,2019년 2월,2019,2,2019-02-01
A_2024_00085,MM,201903,,,500005,5대광역시,100001,지수,103.234042038169,지수,,5대광역시,지수,2019년 3월,2019,3,2019-03-01
A_2024_00085,MM,201903,,,500004,6대광역시,100001,지수,101.982136963864,지수,,6대광역시,지수,2019년 3월,2019,3,2019-03-01
A_2024_00085,MM,201903,,,500007,8개도,100001,지수,103.410390425593,지수,,8개도,지수,2019년 3월,2019,3,2019-03-01
A_2024_00085,MM,201903,,,500006,9개도,100001,지수,100.06658545175,지수,,9개도,지수,2019년 3월,2019,3,2019-03-01
A_2024_00085,MM,201903,,,510010,강남지역,100001,지수,98.632014295931,지수,,서울>강남지역,지수,2019년 3월,2019,3,2019-03-01
A_2024_00085,MM,201903,,,510009,강북지역,100001,지수,97.8679134856633,지수,,서울>강북지역,지수,2019년 3월,2019,3,2019-03-01
A_2024_00085,MM,201903,,,500017,강원,100001,지수,101.079819192348,지수,,강원,지수,2019년 3월,2019,3,2019-03-01
A_2024_00085,MM,201903,,,500009,경기,100001,지수,98.4305843021179,지수,,경기,지수,2019년 3월,2019,3,2019-03-01
A_2024_00085,MM,201903,,,500023,경남,100001,지수,105.155677556335,지수,,경남,지수,2019년 3월,2019,3,2019-03-01
A_2024_00085,MM,201903,,,510012,경부1권,100001,지수,96.5648790272268,지수,,경기>경부1권,지수,2019년 3월,2019,3,2019-03-01
A_2024_00085,MM,201903,,,510013,경부2권,100001,지수,96.1938453385513,지수,,경기>경부2권,지수,2019년 3월,2019,3,2019-03-01
A_2024_00085,MM,201903,,,500022,경북,100001,지수,101.083495278684,지수,,경북,지수,2019년 3월,2019,3,2019-03-01
A_2024_00085,MM,201903,,,510018,경원권,100001,지수,100.939246904273,지수,,경기>경원권,지수,2019년 3월,2019,3,2019-03-01
A_2024_00085,MM,201903,,,510017,경의권,100001,지수,105.076895714177,지수,,경기>경의권,지수,2019년 3월,2019,3,2019-03-01
A_2024_00085,MM,201903,,,500013,광주,100001,지수,100.294284787124,지수,,전남광주>광주,지수,2019년 3월,2019,3,2019-03-01
A_2024_00085,MM,201903,,,500012,대구,100001,지수,104.324533152254,지수,,대구,지수,2019년 3월,2019,3,2019-03-01
A_2024_00085,MM,201903,,,500014,대전,100001,지수,101.007353120206,지수,,대전,지수,2019년 3월,2019,3,2019-03-01
A_2024_00085,MM,201903,,,520010,도심권,100001,지수,97.2671862460642,지수,,서울>강북지역>도심권,지수,2019년 3월,2019,3,2019-03-01
A_2024_00085,MM,201903,,,520015,동남권,100001,지수,95.0479666463841,지수,,서울>강남지역>동남권,지수,2019년 3월,2019,3,2019-03-01
A_2024_00085,MM,201903,,,510015,동부1권,100001,지수,98.5377109255308,지수,,경기>동부1권,지수,2019년 3월,2019,3,2019-03-01
A_2024_00085,MM,201903,,,510016,동부2권,100001,지수,102.112526323986,지수,,경기>동부2권,지수,2019년 3월,2019,3,2019-03-01
A_2024_00085,MM,201903,,,510022,동부산권,100001,지수,107.335181310416,지수,,부산>동부산권,지수,2019년 3월,2019,3,2019-03-01
A_2024_00085,MM,201903,,,520011,동북권,100001,지수,98.4662067632289,지수,,서울>강북지역>동북권,지수,2019년 3월,2019,3,2019-03-01
A_2024_00085,MM,201903,,,500011,부산,100001,지수,103.382834781934,지수,,부산,지수,2019년 3월,2019,3,2019-03-01
A_2024_00085,MM,201903,,,520014,서남권,100001,지수,101.018121044443,지수,,서울>강남지역>서남권,지수,2019년 3월,2019,3,2019-03-01
A_2024_00085,MM,201903,,,510023,서부산권,100001,지수,102.156118341621,지수,,부산>서부산권,지수,2019년 3월,2019,3,2019-03-01
A_2024_00085,MM,201903,,,520012,서북권,100001,지수,97.0597807377609,지수,,서울>강북지역>서북권,지수,2019년 3월,2019,3,2019-03-01
A_2024_00085,MM,201903,,,500008,서울,100001,지수,98.2623840852592,지수,,서울,지수,2019년 3월,2019,3,2019-03-01
A_2024_00085,MM,201903,,,510014,서해안권,100001,지수,97.3987825996942,지수,,경기>서해안권,지수,2019년 3월,2019,3,2019-03-01
A_2024_00085,MM,201903,,,500016,세종,100001,지수,106.041904706127,지수,,세종,지수,2019년 3월,2019,3,2019-03-01
A_2024_00085,MM,201903,,,500002,수도권,100001,지수,98.5925023046828,지수,,수도권,지수,2019년 3월,2019,3,2019-03-01
A_2024_00085,MM,201903,,,500015,울산,100001,지수,105.0909277301,지수,,울산,지수,2019년 3월,2019,3,2019-03-01
A_2024_00085,MM,201903,,,500010,인천,100001,지수,100.312581480479,지수,,인천,지수,2019년 3월,2019,3,2019-03-01
A_2024_00085,MM,201903,,,500001,전국,100001,지수,99.8983276264705,지수,,전국,지수,2019년 3월,2019,3,2019-03-01
A_2024_00085,MM,201903,,,500021,전남,100001,지수,101.354132029981,지수,,전남광주>전남,지수,2019년 3월,2019,3,2019-03-01
A_2024_00085,MM,201903,,,500020,전북,100001,지수,105.040084260659,지수,,전북,지수,2019년 3월,2019,3,2019-03-01
A_2024_00085,MM,201903,,,500024,제주,100001,지수,105.789889651809,지수,,제주,지수,2019년 3월,2019,3,2019-03-01
A_2024_00085,MM,201903,,,510021,중부산권,100001,지수,101.708095706707,지수,,부산>중부산권,지수,2019년 3월,2019,3,2019-03-01
A_2024_00085,MM,201903,,,500003,지방권,100001,지수,103.327250982422,지수,,지방권,지수,2019년 3월,2019,3,2019-03-01
A_2024_00085,MM,201903,,,500019,충남,100001,지수,104.395903685056,지수,,충남,지수,2019년 3월,2019,3,2019-03-01
A_2024_00085,MM,201903,,,500018,충북,100001,지수,101.613244680596,지수,,충북,지수,2019년 3월,2019,3,2019-03-01
A_2024_00085,MM,201904,,,500005,5대광역시,100001,지수,103.101147269555,지수,,5대광역시,지수,2019년 4월,2019,4,2019-04-01
A_2024_00085,MM,201904,,,500004,6대광역시,100001,지수,101.920087248646,지수,,6대광역시,지수,2019년 4월,2019,4,2019-04-01
A_2024_00085,MM,201904,,,500007,8개도,100001,지수,103.215227937754,지수,,8개도,지수,2019년 4월,2019,4,2019-04-01
A_2024_00085,MM,201904,,,500006,9개도,100001,지수,99.9153174610805,지수,,9개도,지수,2019년 4월,2019,4,2019-04-01
A_2024_00085,MM,201904,,,510010,강남지역,100001,지수,98.4910992439388,지수,,서울>강남지역,지수,2019년 4월,2019,4,2019-04-01
A_2024_00085,MM,201904,,,510009,강북지역,100001,지수,97.8306984505627,지수,,서울>강북지역,지수,2019년 4월,2019,4,2019-04-01
A_2024_00085,MM,201904,,,500017,강원,100001,지수,100.911985199052,지수,,강원,지수,2019년 4월,2019,4,2019-04-01
A_2024_00085,MM,201904,,,500009,경기,100001,지수,98.3007487766279,지수,,경기,지수,2019년 4월,2019,4,2019-04-01
A_2024_00085,MM,201904,,,500023,경남,100001,지수,104.780080228032,지수,,경남,지수,2019년 4월,2019,4,2019-04-01
A_2024_00085,MM,201904,,,510012,경부1권,100001,지수,96.25990698184,지수,,경기>경부1권,지수,2019년 4월,2019,4,2019-04-01
A_2024_00085,MM,201904,,,510013,경부2권,100001,지수,96.17047360688,지수,,경기>경부2권,지수,2019년 4월,2019,4,2019-04-01
A_2024_00085,MM,201904,,,500022,경북,100001,지수,100.87046896091,지수,,경북,지수,2019년 4월,2019,4,2019-04-01
A_2024_00085,MM,201904,,,510018,경원권,100001,지수,100.747866445673,지수,,경기>경원권,지수,2019년 4월,2019,4,2019-04-01
A_2024_00085,MM,201904,,,510017,경의권,100001,지수,104.962834285078,지수,,경기>경의권,지수,2019년 4월,2019,4,2019-04-01
A_2024_00085,MM,201904,,,500013,광주,100001,지수,100.310339058278,지수,,전남광주>광주,지수,2019년 4월,2019,4,2019-04-01
A_2024_00085,MM,201904,,,500012,대구,100001,지수,104.334557748958,지수,,대구,지수,2019년 4월,2019,4,2019-04-01
A_2024_00085,MM,201904,,,500014,대전,100001,지수,100.980109167867,지수,,대전,지수,2019년 4월,2019,4,2019-04-01
A_2024_00085,MM,201904,,,520010,도심권,100001,지수,97.2103976132006,지수,,서울>강북지역>도심권,지수,2019년 4월,2019,4,2019-04-01
A_2024_00085,MM,201904,,,520015,동남권,100001,지수,94.8499801778341,지수,,서울>강남지역>동남권,지수,2019년 4월,2019,4,2019-04-01
A_2024_00085,MM,201904,,,510015,동부1권,100001,지수,98.5222844636369,지수,,경기>동부1권,지수,2019년 4월,2019,4,2019-04-01
A_2024_00085,MM,201904,,,510016,동부2권,100001,지수,101.933183847345,지수,,경기>동부2권,지수,2019년 4월,2019,4,2019-04-01
A_2024_00085,MM,201904,,,510022,동부산권,100001,지수,107.282820125428,지수,,부산>동부산권,지수,2019년 4월,2019,4,2019-04-01
A_2024_00085,MM,201904,,,520011,동북권,100001,지수,98.4244365178164,지수,,서울>강북지역>동북권,지수,2019년 4월,2019,4,2019-04-01
A_2024_00085,MM,201904,,,500011,부산,100001,지수,103.252761646424,지수,,부산,지수,2019년 4월,2019,4,2019-04-01
A_2024_00085,MM,201904,,,520014,서남권,100001,지수,100.916933585699,지수,,서울>강남지역>서남권,지수,2019년 4월,2019,4,2019-04-01
A_2024_00085,MM,201904,,,510023,서부산권,100001,지수,101.843311057003,지수,,부산>서부산권,지수,2019년 4월,2019,4,2019-04-01
A_2024_00085,MM,201904,,,520012,서북권,100001,지수,97.0358488947495,지수,,서울>강북지역>서북권,지수,2019년 4월,2019,4,2019-04-01
A_2024_00085,MM,201904,,,500008,서울,100001,지수,98.1720634487497,지수,,서울,지수,2019년 4월,2019,4,2019-04-01
A_2024_00085,MM,201904,,,510014,서해안권,100001,지수,97.2660611821544,지수,,경기>서해안권,지수,2019년 4월,2019,4,2019-04-01
A_2024_00085,MM,201904,,,500016,세종,100001,지수,105.703664104144,지수,,세종,지수,2019년 4월,2019,4,2019-04-01
A_2024_00085,MM,201904,,,500002,수도권,100001,지수,98.5033339269327,지수,,수도권,지수,2019년 4월,2019,4,2019-04-01
A_2024_00085,MM,201904,,,500015,울산,100001,지수,104.44458432911,지수,,울산,지수,2019년 4월,2019,4,2019-04-01
A_2024_00085,MM,201904,,,500010,인천,100001,지수,100.343571972897,지수,,인천,지수,2019년 4월,2019,4,2019-04-01
A_2024_00085,MM,201904,,,500001,전국,100001,지수,99.7880463503524,지수,,전국,지수,2019년 4월,2019,4,2019-04-01
A_2024_00085,MM,201904,,,500021,전남,100001,지수,101.389815852018,지수,,전남광주>전남,지수,2019년 4월,2019,4,2019-04-01
A_2024_00085,MM,201904,,,500020,전북,100001,지수,104.930550848319,지수,,전북,지수,2019년 4월,2019,4,2019-04-01
A_2024_00085,MM,201904,,,500024,제주,100001,지수,105.630048093275,지수,,제주,지수,2019년 4월,2019,4,2019-04-01
A_2024_00085,MM,201904,,,510021,중부산권,100001,지수,101.603747644201,지수,,부산>중부산권,지수,2019년 4월,2019,4,2019-04-01
A_2024_00085,MM,201904,,,500003,지방권,100001,지수,103.161670555607,지수,,지방권,지수,2019년 4월,2019,4,2019-04-01
A_2024_00085,MM,201904,,,500019,충남,100001,지수,104.197895760882,지수,,충남,지수,2019년 4월,2019,4,2019-04-01
A_2024_00085,MM,201904,,,500018,충북,100001,지수,101.464406061358,지수,,충북,지수,2019년 4월,2019,4,2019-04-01
A_2024_00085,MM,201905,,,500005,5대광역시,100001,지수,102.943821235514,지수,,5대광역시,지수,2019년 5월,2019,5,2019-05-01
A_2024_00085,MM,201905,,,500004,6대광역시,100001,지수,101.777545588654,지수,,6대광역시,지수,2019년 5월,2019,5,2019-05-01
A_2024_00085,MM,201905,,,500007,8개도,100001,지수,102.97318758918,지수,,8개도,지수,2019년 5월,2019,5,2019-05-01
A_2024_00085,MM,201905,,,500006,9개도,100001,지수,99.739940749279,지수,,9개도,지수,2019년 5월,2019,5,2019-05-01
A_2024_00085,MM,201905,,,510010,강남지역,100001,지수,98.4144305342926,지수,,서울>강남지역,지수,2019년 5월,2019,5,2019-05-01
A_2024_00085,MM,201905,,,510009,강북지역,100001,지수,97.7938320030298,지수,,서울>강북지역,지수,2019년 5월,2019,5,2019-05-01
A_2024_00085,MM,201905,,,500017,강원,100001,지수,100.589526698364,지수,,강원,지수,2019년 5월,2019,5,2019-05-01
A_2024_00085,MM,201905,,,500009,경기,100001,지수,98.1579417792306,지수,,경기,지수,2019년 5월,2019,5,2019-05-01
A_2024_00085,MM,201905,,,500023,경남,100001,지수,104.42515022305,지수,,경남,지수,2019년 5월,2019,5,2019-05-01
A_2024_00085,MM,201905,,,510012,경부1권,100001,지수,96.072920122337,지수,,경기>경부1권,지수,2019년 5월,2019,5,2019-05-01
A_2024_00085,MM,201905,,,510013,경부2권,100001,지수,96.0176925377009,지수,,경기>경부2권,지수,2019년 5월,2019,5,2019-05-01
A_2024_00085,MM,201905,,,500022,경북,100001,지수,100.642117230621,지수,,경북,지수,2019년 5월,2019,5,2019-05-01
A_2024_00085,MM,201905,,,510018,경원권,100001,지수,100.578911121562,지수,,경기>경원권,지수,2019년 5월,2019,5,2019-05-01
A_2024_00085,MM,201905,,,510017,경의권,100001,지수,104.723527595767,지수,,경기>경의권,지수,2019년 5월,2019,5,2019-05-01
A_2024_00085,MM,201905,,,500013,광주,100001,지수,100.26946148925,지수,,전남광주>광주,지수,2019년 5월,2019,5,2019-05-01
A_2024_00085,MM,201905,,,500012,대구,100001,지수,104.253396165177,지수,,대구,지수,2019년 5월,2019,5,2019-05-01
A_2024_00085,MM,201905,,,500014,대전,100001,지수,101.034352890431,지수,,대전,지수,2019년 5월,2019,5,2019-05-01
A_2024_00085,MM,201905,,,520010,도심권,100001,지수,97.092492996344,지수,,서울>강북지역>도심권,지수,2019년 5월,2019,5,2019-05-01
A_2024_00085,MM,201905,,,520015,동남권,100001,지수,94.769679776461,지수,,서울>강남지역>동남권,지수,2019년 5월,2019,5,2019-05-01
A_2024_00085,MM,201905,,,510015,동부1권,100001,지수,98.4709934735383,지수,,경기>동부1권,지수,2019년 5월,2019,5,2019-05-01
A_2024_00085,MM,201905,,,510016,동부2권,100001,지수,101.654739068395,지수,,경기>동부2권,지수,2019년 5월,2019,5,2019-05-01
A_2024_00085,MM,201905,,,510022,동부산권,100001,지수,107.10080299345,지수,,부산>동부산권,지수,2019년 5월,2019,5,2019-05-01
A_2024_00085,MM,201905,,,520011,동북권,100001,지수,98.3949500817996,지수,,서울>강북지역>동북권,지수,2019년 5월,2019,5,2019-05-01
A_2024_00085,MM,201905,,,500011,부산,100001,지수,103.092344669825,지수,,부산,지수,2019년 5월,2019,5,2019-05-01
A_2024_00085,MM,201905,,,520014,서남권,100001,지수,100.842864097528,지수,,서울>강남지역>서남권,지수,2019년 5월,2019,5,2019-05-01
A_2024_00085,MM,201905,,,510023,서부산권,100001,지수,101.686459618954,지수,,부산>서부산권,지수,2019년 5월,2019,5,2019-05-01
A_2024_00085,MM,201905,,,520012,서북권,100001,지수,97.0138684960032,지수,,서울>강북지역>서북권,지수,2019년 5월,2019,5,2019-05-01
A_2024_00085,MM,201905,,,500008,서울,100001,지수,98.1148060675188,지수,,서울,지수,2019년 5월,2019,5,2019-05-01
A_2024_00085,MM,201905,,,510014,서해안권,100001,지수,97.1506919292113,지수,,경기>서해안권,지수,2019년 5월,2019,5,2019-05-01
A_2024_00085,MM,201905,,,500016,세종,100001,지수,105.540815742026,지수,,세종,지수,2019년 5월,2019,5,2019-05-01
A_2024_00085,MM,201905,,,500002,수도권,100001,지수,98.402437947967,지수,,수도권,지수,2019년 5월,2019,5,2019-05-01
A_2024_00085,MM,201905,,,500015,울산,100001,지수,103.81269708884,지수,,울산,지수,2019년 5월,2019,5,2019-05-01
A_2024_00085,MM,201905,,,500010,인천,100001,지수,100.220495545871,지수,,인천,지수,2019년 5월,2019,5,2019-05-01
A_2024_00085,MM,201905,,,500001,전국,100001,지수,99.6595023076085,지수,,전국,지수,2019년 5월,2019,5,2019-05-01
A_2024_00085,MM,201905,,,500021,전남,100001,지수,101.43455303819,지수,,전남광주>전남,지수,2019년 5월,2019,5,2019-05-01
A_2024_00085,MM,201905,,,500020,전북,100001,지수,104.792506547688,지수,,전북,지수,2019년 5월,2019,5,2019-05-01
A_2024_00085,MM,201905,,,500024,제주,100001,지수,105.476830155577,지수,,제주,지수,2019년 5월,2019,5,2019-05-01
A_2024_00085,MM,201905,,,510021,중부산권,100001,지수,101.453542112379,지수,,부산>중부산권,지수,2019년 5월,2019,5,2019-05-01
A_2024_00085,MM,201905,,,500003,지방권,100001,지수,102.960767094231,지수,,지방권,지수,2019년 5월,2019,5,2019-05-01
A_2024_00085,MM,201905,,,500019,충남,100001,지수,103.85729241371,지수,,충남,지수,2019년 5월,2019,5,2019-05-01
A_2024_00085,MM,201905,,,500018,충북,100001,지수,101.205461540058,지수,,충북,지수,2019년 5월,2019,5,2019-05-01
A_2024_00085,MM,201906,,,500005,5대광역시,100001,지수,102.799439696941,지수,,5대광역시,지수,2019년 6월,2019,6,2019-06-01
A_2024_00085,MM,201906,,,500004,6대광역시,100001,지수,101.637513859738,지수,,6대광역시,지수,2019년 6월,2019,6,2019-06-01
A_2024_00085,MM,201906,,,500007,8개도,100001,지수,102.738728093437,지수,,8개도,지수,2019년 6월,2019,6,2019-06-01
A_2024_00085,MM,201906,,,500006,9개도,100001,지수,99.5362761824044,지수,,9개도,지수,2019년 6월,2019,6,2019-06-01
A_2024_00085,MM,201906,,,510010,강남지역,100001,지수,98.3356514038864,지수,,서울>강남지역,지수,2019년 6월,2019,6,2019-06-01
A_2024_00085,MM,201906,,,510009,강북지역,100001,지수,97.7519323895602,지수,,서울>강북지역,지수,2019년 6월,2019,6,2019-06-01
A_2024_00085,MM,201906,,,500017,강원,100001,지수,100.341688182247,지수,,강원,지수,2019년 6월,2019,6,2019-06-01
A_2024_00085,MM,201906,,,500009,경기,100001,지수,97.9693331596372,지수,,경기,지수,2019년 6월,2019,6,2019-06-01
A_2024_00085,MM,201906,,,500023,경남,100001,지수,104.095420712075,지수,,경남,지수,2019년 6월,2019,6,2019-06-01
A_2024_00085,MM,201906,,,510012,경부1권,100001,지수,95.9121402682527,지수,,경기>경부1권,지수,2019년 6월,2019,6,2019-06-01
A_2024_00085,MM,201906,,,510013,경부2권,100001,지수,95.837745274504,지수,,경기>경부2권,지수,2019년 6월,2019,6,2019-06-01
A_2024_00085,MM,201906,,,500022,경북,100001,지수,100.380322751417,지수,,경북,지수,2019년 6월,2019,6,2019-06-01
A_2024_00085,MM,201906,,,510018,경원권,100001,지수,100.518838191484,지수,,경기>경원권,지수,2019년 6월,2019,6,2019-06-01
A_2024_00085,MM,201906,,,510017,경의권,100001,지수,104.536471323744,지수,,경기>경의권,지수,2019년 6월,2019,6,2019-06-01
A_2024_00085,MM,201906,,,500013,광주,100001,지수,100.305507876468,지수,,전남광주>광주,지수,2019년 6월,2019,6,2019-06-01
A_2024_00085,MM,201906,,,500012,대구,100001,지수,104.262507333644,지수,,대구,지수,2019년 6월,2019,6,2019-06-01
A_2024_00085,MM,201906,,,500014,대전,100001,지수,101.052643904626,지수,,대전,지수,2019년 6월,2019,6,2019-06-01
A_2024_00085,MM,201906,,,520010,도심권,100001,지수,96.9644396289627,지수,,서울>강북지역>도심권,지수,2019년 6월,2019,6,2019-06-01
A_2024_00085,MM,201906,,,520015,동남권,100001,지수,94.6938406463138,지수,,서울>강남지역>동남권,지수,2019년 6월,2019,6,2019-06-01
A_2024_00085,MM,201906,,,510015,동부1권,100001,지수,98.4223995145374,지수,,경기>동부1권,지수,2019년 6월,2019,6,2019-06-01
A_2024_00085,MM,201906,,,510016,동부2권,100001,지수,101.428092003206,지수,,경기>동부2권,지수,2019년 6월,2019,6,2019-06-01
A_2024_00085,MM,201906,,,510022,동부산권,100001,지수,106.917509786475,지수,,부산>동부산권,지수,2019년 6월,2019,6,2019-06-01
A_2024_00085,MM,201906,,,520011,동북권,100001,지수,98.3621607006905,지수,,서울>강북지역>동북권,지수,2019년 6월,2019,6,2019-06-01
A_2024_00085,MM,201906,,,500011,부산,100001,지수,102.9353607996,지수,,부산,지수,2019년 6월,2019,6,2019-06-01
A_2024_00085,MM,201906,,,520014,서남권,100001,지수,100.762125473246,지수,,서울>강남지역>서남권,지수,2019년 6월,2019,6,2019-06-01
A_2024_00085,MM,201906,,,510023,서부산권,100001,지수,101.540138786864,지수,,부산>서부산권,지수,2019년 6월,2019,6,2019-06-01
A_2024_00085,MM,201906,,,520012,서북권,100001,지수,96.985895851123,지수,,서울>강북지역>서북권,지수,2019년 6월,2019,6,2019-06-01
A_2024_00085,MM,201906,,,500008,서울,100001,지수,98.054009088822,지수,,서울,지수,2019년 6월,2019,6,2019-06-01
A_2024_00085,MM,201906,,,510014,서해안권,100001,지수,96.8829559544357,지수,,경기>서해안권,지수,2019년 6월,2019,6,2019-06-01
A_2024_00085,MM,201906,,,500016,세종,100001,지수,105.249130306771,지수,,세종,지수,2019년 6월,2019,6,2019-06-01
A_2024_00085,MM,201906,,,500002,수도권,100001,지수,98.2798935072824,지수,,수도권,지수,2019년 6월,2019,6,2019-06-01
A_2024_00085,MM,201906,,,500015,울산,100001,지수,103.136586936342,지수,,울산,지수,2019년 6월,2019,6,2019-06-01
A_2024_00085,MM,201906,,,500010,인천,100001,지수,100.08621478645,지수,,인천,지수,2019년 6월,2019,6,2019-06-01
A_2024_00085,MM,201906,,,500001,전국,100001,지수,99.5179674896495,지수,,전국,지수,2019년 6월,2019,6,2019-06-01
A_2024_00085,MM,201906,,,500021,전남,100001,지수,101.412218057399,지수,,전남광주>전남,지수,2019년 6월,2019,6,2019-06-01
A_2024_00085,MM,201906,,,500020,전북,100001,지수,104.696070919169,지수,,전북,지수,2019년 6월,2019,6,2019-06-01
A_2024_00085,MM,201906,,,500024,제주,100001,지수,105.295170160899,지수,,제주,지수,2019년 6월,2019,6,2019-06-01
A_2024_00085,MM,201906,,,510021,중부산권,100001,지수,101.306669233593,지수,,부산>중부산권,지수,2019년 6월,2019,6,2019-06-01
A_2024_00085,MM,201906,,,500003,지방권,100001,지수,102.769559574237,지수,,지방권,지수,2019년 6월,2019,6,2019-06-01
A_2024_00085,MM,201906,,,500019,충남,100001,지수,103.522720230451,지수,,충남,지수,2019년 6월,2019,6,2019-06-01
A_2024_00085,MM,201906,,,500018,충북,100001,지수,101.035577690294,지수,,충북,지수,2019년 6월,2019,6,2019-06-01
A_2024_00085,MM,201907,,,500005,5대광역시,100001,지수,102.638218722098,지수,,5대광역시,지수,2019년 7월,2019,7,2019-07-01
A_2024_00085,MM,201907,,,500004,6대광역시,100001,지수,101.465079042503,지수,,6대광역시,지수,2019년 7월,2019,7,2019-07-01
A_2024_00085,MM,201907,,,500007,8개도,100001,지수,102.481549164923,지수,,8개도,지수,2019년 7월,2019,7,2019-07-01
A_2024_00085,MM,201907,,,500006,9개도,100001,지수,99.3690472910118,지수,,9개도,지수,2019년 7월,2019,7,2019-07-01
A_2024_00085,MM,201907,,,510010,강남지역,100001,지수,98.3002803598272,지수,,서울>강남지역,지수,2019년 7월,2019,7,2019-07-01
A_2024_00085,MM,201907,,,510009,강북지역,100001,지수,97.7273648858534,지수,,서울>강북지역,지수,2019년 7월,2019,7,2019-07-01
A_2024_00085,MM,201907,,,500017,강원,100001,지수,100.048848829183,지수,,강원,지수,2019년 7월,2019,7,2019-07-01
A_2024_00085,MM,201907,,,500009,경기,100001,지수,97.8461081752215,지수,,경기,지수,2019년 7월,2019,7,2019-07-01
A_2024_00085,MM,201907,,,500023,경남,100001,지수,103.680381748826,지수,,경남,지수,2019년 7월,2019,7,2019-07-01
A_2024_00085,MM,201907,,,510012,경부1권,100001,지수,95.9060653432899,지수,,경기>경부1권,지수,2019년 7월,2019,7,2019-07-01
A_2024_00085,MM,201907,,,510013,경부2권,100001,지수,95.666605856369,지수,,경기>경부2권,지수,2019년 7월,2019,7,2019-07-01
A_2024_00085,MM,201907,,,500022,경북,100001,지수,100.228296700219,지수,,경북,지수,2019년 7월,2019,7,2019-07-01
A_2024_00085,MM,201907,,,510018,경원권,100001,지수,100.31450967642,지수,,경기>경원권,지수,2019년 7월,2019,7,2019-07-01
A_2024_00085,MM,201907,,,510017,경의권,100001,지수,104.395698126356,지수,,경기>경의권,지수,2019년 7월,2019,7,2019-07-01
A_2024_00085,MM,201907,,,500013,광주,100001,지수,100.28645396984,지수,,전남광주>광주,지수,2019년 7월,2019,7,2019-07-01
A_2024_00085,MM,201907,,,500012,대구,100001,지수,104.277546696857,지수,,대구,지수,2019년 7월,2019,7,2019-07-01
A_2024_00085,MM,201907,,,500014,대전,100001,지수,101.027551042687,지수,,대전,지수,2019년 7월,2019,7,2019-07-01
A_2024_00085,MM,201907,,,520010,도심권,100001,지수,96.9085718080832,지수,,서울>강북지역>도심권,지수,2019년 7월,2019,7,2019-07-01
A_2024_00085,MM,201907,,,520015,동남권,100001,지수,94.6793533132068,지수,,서울>강남지역>동남권,지수,2019년 7월,2019,7,2019-07-01
A_2024_00085,MM,201907,,,510015,동부1권,100001,지수,98.3646701088325,지수,,경기>동부1권,지수,2019년 7월,2019,7,2019-07-01
A_2024_00085,MM,201907,,,510016,동부2권,100001,지수,101.296118885634,지수,,경기>동부2권,지수,2019년 7월,2019,7,2019-07-01
A_2024_00085,MM,201907,,,510022,동부산권,100001,지수,106.756663944263,지수,,부산>동부산권,지수,2019년 7월,2019,7,2019-07-01
A_2024_00085,MM,201907,,,520011,동북권,100001,지수,98.3517603530356,지수,,서울>강북지역>동북권,지수,2019년 7월,2019,7,2019-07-01
A_2024_00085,MM,201907,,,500011,부산,100001,지수,102.731312642692,지수,,부산,지수,2019년 7월,2019,7,2019-07-01
A_2024_00085,MM,201907,,,520014,서남권,100001,지수,100.712298620842,지수,,서울>강남지역>서남권,지수,2019년 7월,2019,7,2019-07-01
A_2024_00085,MM,201907,,,510023,서부산권,100001,지수,101.428408456739,지수,,부산>서부산권,지수,2019년 7월,2019,7,2019-07-01
A_2024_00085,MM,201907,,,520012,서북권,100001,지수,96.9498436712425,지수,,서울>강북지역>서북권,지수,2019년 7월,2019,7,2019-07-01
A_2024_00085,MM,201907,,,500008,서울,100001,지수,98.0239047483535,지수,,서울,지수,2019년 7월,2019,7,2019-07-01
A_2024_00085,MM,201907,,,510014,서해안권,100001,지수,96.7312276436568,지수,,경기>서해안권,지수,2019년 7월,2019,7,2019-07-01
A_2024_00085,MM,201907,,,500016,세종,100001,지수,104.728257534898,지수,,세종,지수,2019년 7월,2019,7,2019-07-01
A_2024_00085,MM,201907,,,500002,수도권,100001,지수,98.1902508029239,지수,,수도권,지수,2019년 7월,2019,7,2019-07-01
A_2024_00085,MM,201907,,,500015,울산,100001,지수,102.631652869686,지수,,울산,지수,2019년 7월,2019,7,2019-07-01
A_2024_00085,MM,201907,,,500010,인천,100001,지수,99.8990813513655,지수,,인천,지수,2019년 7월,2019,7,2019-07-01
A_2024_00085,MM,201907,,,500001,전국,100001,지수,99.3945138535546,지수,,전국,지수,2019년 7월,2019,7,2019-07-01
A_2024_00085,MM,201907,,,500021,전남,100001,지수,101.421192753516,지수,,전남광주>전남,지수,2019년 7월,2019,7,2019-07-01
A_2024_00085,MM,201907,,,500020,전북,100001,지수,104.539811058366,지수,,전북,지수,2019년 7월,2019,7,2019-07-01
A_2024_00085,MM,201907,,,500024,제주,100001,지수,104.976080629693,지수,,제주,지수,2019년 7월,2019,7,2019-07-01
A_2024_00085,MM,201907,,,510021,중부산권,100001,지수,101.04583654983,지수,,부산>중부산권,지수,2019년 7월,2019,7,2019-07-01
A_2024_00085,MM,201907,,,500003,지방권,100001,지수,102.557760583721,지수,,지방권,지수,2019년 7월,2019,7,2019-07-01
A_2024_00085,MM,201907,,,500019,충남,100001,지수,103.317042670565,지수,,충남,지수,2019년 7월,2019,7,2019-07-01
A_2024_00085,MM,201907,,,500018,충북,100001,지수,100.597778891318,지수,,충북,지수,2019년 7월,2019,7,2019-07-01
A_2024_00085,MM,201908,,,500005,5대광역시,100001,지수,102.545242543683,지수,,5대광역시,지수,2019년 8월,2019,8,2019-08-01
A_2024_00085,MM,201908,,,500004,6대광역시,100001,지수,101.416311032759,지수,,6대광역시,지수,2019년 8월,2019,8,2019-08-01
A_2024_00085,MM,201908,,,500007,8개도,100001,지수,102.212602511826,지수,,8개도,지수,2019년 8월,2019,8,2019-08-01
A_2024_00085,MM,201908,,,500006,9개도,100001,지수,99.168572307348,지수,,9개도,지수,2019년 8월,2019,8,2019-08-01
A_2024_00085,MM,201908,,,510010,강남지역,100001,지수,98.3200650346164,지수,,서울>강남지역,지수,2019년 8월,2019,8,2019-08-01
A_2024_00085,MM,201908,,,510009,강북지역,100001,지수,97.7456450897631,지수,,서울>강북지역,지수,2019년 8월,2019,8,2019-08-01
A_2024_00085,MM,201908,,,500017,강원,100001,지수,99.8221383973143,지수,,강원,지수,2019년 8월,2019,8,2019-08-01
A_2024_00085,MM,201908,,,500009,경기,100001,지수,97.6791630223711,지수,,경기,지수,2019년 8월,2019,8,2019-08-01
A_2024_00085,MM,201908,,,500023,경남,100001,지수,103.203560068377,지수,,경남,지수,2019년 8월,2019,8,2019-08-01
A_2024_00085,MM,201908,,,510012,경부1권,100001,지수,96.0119163042357,지수,,경기>경부1권,지수,2019년 8월,2019,8,2019-08-01
A_2024_00085,MM,201908,,,510013,경부2권,100001,지수,95.4678207505582,지수,,경기>경부2권,지수,2019년 8월,2019,8,2019-08-01
A_2024_00085,MM,201908,,,500022,경북,100001,지수,100.017360580779,지수,,경북,지수,2019년 8월,2019,8,2019-08-01
A_2024_00085,MM,201908,,,510018,경원권,100001,지수,100.228444925122,지수,,경기>경원권,지수,2019년 8월,2019,8,2019-08-01
A_2024_00085,MM,201908,,,510017,경의권,100001,지수,104.275094515275,지수,,경기>경의권,지수,2019년 8월,2019,8,2019-08-01
A_2024_00085,MM,201908,,,500013,광주,100001,지수,100.371266858959,지수,,전남광주>광주,지수,2019년 8월,2019,8,2019-08-01
A_2024_00085,MM,201908,,,500012,대구,100001,지수,104.356058269034,지수,,대구,지수,2019년 8월,2019,8,2019-08-01
A_2024_00085,MM,201908,,,500014,대전,100001,지수,101.083436493193,지수,,대전,지수,2019년 8월,2019,8,2019-08-01
A_2024_00085,MM,201908,,,520010,도심권,100001,지수,96.87726077237,지수,,서울>강북지역>도심권,지수,2019년 8월,2019,8,2019-08-01
A_2024_00085,MM,201908,,,520015,동남권,100001,지수,94.7451914014921,지수,,서울>강남지역>동남권,지수,2019년 8월,2019,8,2019-08-01
A_2024_00085,MM,201908,,,510015,동부1권,100001,지수,98.2832817493568,지수,,경기>동부1권,지수,2019년 8월,2019,8,2019-08-01
A_2024_00085,MM,201908,,,510016,동부2권,100001,지수,101.24529788001,지수,,경기>동부2권,지수,2019년 8월,2019,8,2019-08-01
A_2024_00085,MM,201908,,,510022,동부산권,100001,지수,106.689860648808,지수,,부산>동부산권,지수,2019년 8월,2019,8,2019-08-01
A_2024_00085,MM,201908,,,520011,동북권,100001,지수,98.369759235174,지수,,서울>강북지역>동북권,지수,2019년 8월,2019,8,2019-08-01
A_2024_00085,MM,201908,,,500011,부산,100001,지수,102.626013290433,지수,,부산,지수,2019년 8월,2019,8,2019-08-01
A_2024_00085,MM,201908,,,520014,서남권,100001,지수,100.700123519689,지수,,서울>강남지역>서남권,지수,2019년 8월,2019,8,2019-08-01
A_2024_00085,MM,201908,,,510023,서부산권,100001,지수,101.320324229274,지수,,부산>서부산권,지수,2019년 8월,2019,8,2019-08-01
A_2024_00085,MM,201908,,,520012,서북권,100001,지수,96.9845467953412,지수,,서울>강북지역>서북권,지수,2019년 8월,2019,8,2019-08-01
A_2024_00085,MM,201908,,,500008,서울,100001,지수,98.0429564629862,지수,,서울,지수,2019년 8월,2019,8,2019-08-01
A_2024_00085,MM,201908,,,510014,서해안권,100001,지수,96.413386967581,지수,,경기>서해안권,지수,2019년 8월,2019,8,2019-08-01
A_2024_00085,MM,201908,,,500016,세종,100001,지수,103.940342818919,지수,,세종,지수,2019년 8월,2019,8,2019-08-01
A_2024_00085,MM,201908,,,500002,수도권,100001,지수,98.132964842075,지수,,수도권,지수,2019년 8월,2019,8,2019-08-01
A_2024_00085,MM,201908,,,500015,울산,100001,지수,101.997750776946,지수,,울산,지수,2019년 8월,2019,8,2019-08-01
A_2024_00085,MM,201908,,,500010,인천,100001,지수,99.9084520312284,지수,,인천,지수,2019년 8월,2019,8,2019-08-01
A_2024_00085,MM,201908,,,500001,전국,100001,지수,99.3015910086593,지수,,전국,지수,2019년 8월,2019,8,2019-08-01
A_2024_00085,MM,201908,,,500021,전남,100001,지수,101.449908475455,지수,,전남광주>전남,지수,2019년 8월,2019,8,2019-08-01
A_2024_00085,MM,201908,,,500020,전북,100001,지수,104.373594239274,지수,,전북,지수,2019년 8월,2019,8,2019-08-01
A_2024_00085,MM,201908,,,500024,제주,100001,지수,104.58492309529,지수,,제주,지수,2019년 8월,2019,8,2019-08-01
A_2024_00085,MM,201908,,,510021,중부산권,100001,지수,100.921138934662,지수,,부산>중부산권,지수,2019년 8월,2019,8,2019-08-01
A_2024_00085,MM,201908,,,500003,지방권,100001,지수,102.371835094869,지수,,지방권,지수,2019년 8월,2019,8,2019-08-01
A_2024_00085,MM,201908,,,500019,충남,100001,지수,103.040774035249,지수,,충남,지수,2019년 8월,2019,8,2019-08-01
A_2024_00085,MM,201908,,,500018,충북,100001,지수,100.434066307069,지수,,충북,지수,2019년 8월,2019,8,2019-08-01
A_2024_00085,MM,201909,,,500005,5대광역시,100001,지수,102.441890687889,지수,,5대광역시,지수,2019년 9월,2019,9,2019-09-01
A_2024_00085,MM,201909,,,500004,6대광역시,100001,지수,101.30922225756,지수,,6대광역시,지수,2019년 9월,2019,9,2019-09-01
A_2024_00085,MM,201909,,,500007,8개도,100001,지수,102.0105572561,지수,,8개도,지수,2019년 9월,2019,9,2019-09-01
A_2024_00085,MM,201909,,,500006,9개도,100001,지수,99.0799776423754,지수,,9개도,지수,2019년 9월,2019,9,2019-09-01
A_2024_00085,MM,201909,,,510010,강남지역,100001,지수,98.3547817690459,지수,,서울>강남지역,지수,2019년 9월,2019,9,2019-09-01
A_2024_00085,MM,201909,,,510009,강북지역,100001,지수,97.759331337795,지수,,서울>강북지역,지수,2019년 9월,2019,9,2019-09-01
A_2024_00085,MM,201909,,,500017,강원,100001,지수,99.439946500323,지수,,강원,지수,2019년 9월,2019,9,2019-09-01
A_2024_00085,MM,201909,,,500009,경기,100001,지수,97.6461966554238,지수,,경기,지수,2019년 9월,2019,9,2019-09-01
A_2024_00085,MM,201909,,,500023,경남,100001,지수,102.899953821868,지수,,경남,지수,2019년 9월,2019,9,2019-09-01
A_2024_00085,MM,201909,,,510012,경부1권,100001,지수,96.2215269732924,지수,,경기>경부1권,지수,2019년 9월,2019,9,2019-09-01
A_2024_00085,MM,201909,,,510013,경부2권,100001,지수,95.448949857389,지수,,경기>경부2권,지수,2019년 9월,2019,9,2019-09-01
A_2024_00085,MM,201909,,,500022,경북,100001,지수,99.8646901775708,지수,,경북,지수,2019년 9월,2019,9,2019-09-01
A_2024_00085,MM,201909,,,510018,경원권,100001,지수,100.229182779882,지수,,경기>경원권,지수,2019년 9월,2019,9,2019-09-01
A_2024_00085,MM,201909,,,510017,경의권,100001,지수,104.147991035153,지수,,경기>경의권,지수,2019년 9월,2019,9,2019-09-01
A_2024_00085,MM,201909,,,500013,광주,100001,지수,100.612928722355,지수,,전남광주>광주,지수,2019년 9월,2019,9,2019-09-01
A_2024_00085,MM,201909,,,500012,대구,100001,지수,104.377277406334,지수,,대구,지수,2019년 9월,2019,9,2019-09-01
A_2024_00085,MM,201909,,,500014,대전,100001,지수,101.035627255952,지수,,대전,지수,2019년 9월,2019,9,2019-09-01
A_2024_00085,MM,201909,,,520010,도심권,100001,지수,96.8902135325793,지수,,서울>강북지역>도심권,지수,2019년 9월,2019,9,2019-09-01
A_2024_00085,MM,201909,,,520015,동남권,100001,지수,94.8193821619602,지수,,서울>강남지역>동남권,지수,2019년 9월,2019,9,2019-09-01
A_2024_00085,MM,201909,,,510015,동부1권,100001,지수,98.2669058532435,지수,,경기>동부1권,지수,2019년 9월,2019,9,2019-09-01
A_2024_00085,MM,201909,,,510016,동부2권,100001,지수,101.194342088622,지수,,경기>동부2권,지수,2019년 9월,2019,9,2019-09-01
A_2024_00085,MM,201909,,,510022,동부산권,100001,지수,106.582066014502,지수,,부산>동부산권,지수,2019년 9월,2019,9,2019-09-01
A_2024_00085,MM,201909,,,520011,동북권,100001,지수,98.409263853895,지수,,서울>강북지역>동북권,지수,2019년 9월,2019,9,2019-09-01
A_2024_00085,MM,201909,,,500011,부산,100001,지수,102.467705806919,지수,,부산,지수,2019년 9월,2019,9,2019-09-01
A_2024_00085,MM,201909,,,520014,서남권,100001,지수,100.707450009841,지수,,서울>강남지역>서남권,지수,2019년 9월,2019,9,2019-09-01
A_2024_00085,MM,201909,,,510023,서부산권,100001,지수,101.207604127234,지수,,부산>서부산권,지수,2019년 9월,2019,9,2019-09-01
A_2024_00085,MM,201909,,,520012,서북권,100001,지수,96.9590900106584,지수,,서울>강북지역>서북권,지수,2019년 9월,2019,9,2019-09-01
A_2024_00085,MM,201909,,,500008,서울,100001,지수,98.0674194980026,지수,,서울,지수,2019년 9월,2019,9,2019-09-01
A_2024_00085,MM,201909,,,510014,서해안권,100001,지수,96.2980549481323,지수,,경기>서해안권,지수,2019년 9월,2019,9,2019-09-01
A_2024_00085,MM,201909,,,500016,세종,100001,지수,103.47232114172,지수,,세종,지수,2019년 9월,2019,9,2019-09-01
A_2024_00085,MM,201909,,,500002,수도권,100001,지수,98.1151037687761,지수,,수도권,지수,2019년 9월,2019,9,2019-09-01
A_2024_00085,MM,201909,,,500015,울산,100001,지수,101.723297764299,지수,,울산,지수,2019년 9월,2019,9,2019-09-01
A_2024_00085,MM,201909,,,500010,인천,100001,지수,99.7964716572463,지수,,인천,지수,2019년 9월,2019,9,2019-09-01
A_2024_00085,MM,201909,,,500001,전국,100001,지수,99.2455810824507,지수,,전국,지수,2019년 9월,2019,9,2019-09-01
A_2024_00085,MM,201909,,,500021,전남,100001,지수,101.467976886752,지수,,전남광주>전남,지수,2019년 9월,2019,9,2019-09-01
A_2024_00085,MM,201909,,,500020,전북,100001,지수,104.24358833158,지수,,전북,지수,2019년 9월,2019,9,2019-09-01
A_2024_00085,MM,201909,,,500024,제주,100001,지수,104.270546190658,지수,,제주,지수,2019년 9월,2019,9,2019-09-01
A_2024_00085,MM,201909,,,510021,중부산권,100001,지수,100.719365251916,지수,,부산>중부산권,지수,2019년 9월,2019,9,2019-09-01
A_2024_00085,MM,201909,,,500003,지방권,100001,지수,102.216401731663,지수,,지방권,지수,2019년 9월,2019,9,2019-09-01
A_2024_00085,MM,201909,,,500019,충남,100001,지수,102.905573486355,지수,,충남,지수,2019년 9월,2019,9,2019-09-01
A_2024_00085,MM,201909,,,500018,충북,100001,지수,100.314336593545,지수,,충북,지수,2019년 9월,2019,9,2019-09-01
A_2024_00085,MM,201910,,,500005,5대광역시,100001,지수,102.358698991107,지수,,5대광역시,지수,2019년 10월,2019,10,2019-10-01
A_2024_00085,MM,201910,,,500004,6대광역시,100001,지수,101.26051410937,지수,,6대광역시,지수,2019년 10월,2019,10,2019-10-01
A_2024_00085,MM,201910,,,500007,8개도,100001,지수,101.823383827021,지수,,8개도,지수,2019년 10월,2019,10,2019-10-01
A_2024_00085,MM,201910,,,500006,9개도,100001,지수,99.0444380189519,지수,,9개도,지수,2019년 10월,2019,10,2019-10-01
A_2024_00085,MM,201910,,,510010,강남지역,100001,지수,98.5085695321175,지수,,서울>강남지역,지수,2019년 10월,2019,10,2019-10-01
A_2024_00085,MM,201910,,,510009,강북지역,100001,지수,97.8003366800098,지수,,서울>강북지역,지수,2019년 10월,2019,10,2019-10-01
A_2024_00085,MM,201910,,,500017,강원,100001,지수,98.9881041771707,지수,,강원,지수,2019년 10월,2019,10,2019-10-01
A_2024_00085,MM,201910,,,500009,경기,100001,지수,97.6851537013585,지수,,경기,지수,2019년 10월,2019,10,2019-10-01
A_2024_00085,MM,201910,,,500023,경남,100001,지수,102.659336383645,지수,,경남,지수,2019년 10월,2019,10,2019-10-01
A_2024_00085,MM,201910,,,510012,경부1권,100001,지수,96.5218299513451,지수,,경기>경부1권,지수,2019년 10월,2019,10,2019-10-01
A_2024_00085,MM,201910,,,510013,경부2권,100001,지수,95.4573497378616,지수,,경기>경부2권,지수,2019년 10월,2019,10,2019-10-01
A_2024_00085,MM,201910,,,500022,경북,100001,지수,99.6953597132718,지수,,경북,지수,2019년 10월,2019,10,2019-10-01
A_2024_00085,MM,201910,,,510018,경원권,100001,지수,100.269403914037,지수,,경기>경원권,지수,2019년 10월,2019,10,2019-10-01
A_2024_00085,MM,201910,,,510017,경의권,100001,지수,104.051873430945,지수,,경기>경의권,지수,2019년 10월,2019,10,2019-10-01
A_2024_00085,MM,201910,,,500013,광주,100001,지수,100.599579718249,지수,,전남광주>광주,지수,2019년 10월,2019,10,2019-10-01
A_2024_00085,MM,201910,,,500012,대구,100001,지수,104.466575442563,지수,,대구,지수,2019년 10월,2019,10,2019-10-01
A_2024_00085,MM,201910,,,500014,대전,100001,지수,101.069316635656,지수,,대전,지수,2019년 10월,2019,10,2019-10-01
A_2024_00085,MM,201910,,,520010,도심권,100001,지수,96.9862443894613,지수,,서울>강북지역>도심권,지수,2019년 10월,2019,10,2019-10-01
A_2024_00085,MM,201910,,,520015,동남권,100001,지수,94.9377453982956,지수,,서울>강남지역>동남권,지수,2019년 10월,2019,10,2019-10-01
A_2024_00085,MM,201910,,,510015,동부1권,100001,지수,98.2785362051926,지수,,경기>동부1권,지수,2019년 10월,2019,10,2019-10-01
A_2024_00085,MM,201910,,,510016,동부2권,100001,지수,101.188105985255,지수,,경기>동부2권,지수,2019년 10월,2019,10,2019-10-01
A_2024_00085,MM,201910,,,510022,동부산권,100001,지수,106.444567795318,지수,,부산>동부산권,지수,2019년 10월,2019,10,2019-10-01
A_2024_00085,MM,201910,,,520011,동북권,100001,지수,98.472221370495,지수,,서울>강북지역>동북권,지수,2019년 10월,2019,10,2019-10-01
A_2024_00085,MM,201910,,,500011,부산,100001,지수,102.33392406314,지수,,부산,지수,2019년 10월,2019,10,2019-10-01
A_2024_00085,MM,201910,,,520014,서남권,100001,지수,100.885633043128,지수,,서울>강남지역>서남권,지수,2019년 10월,2019,10,2019-10-01
A_2024_00085,MM,201910,,,510023,서부산권,100001,지수,101.035784052911,지수,,부산>서부산권,지수,2019년 10월,2019,10,2019-10-01
A_2024_00085,MM,201910,,,520012,서북권,100001,지수,96.9488544668941,지수,,서울>강북지역>서북권,지수,2019년 10월,2019,10,2019-10-01
A_2024_00085,MM,201910,,,500008,서울,100001,지수,98.1661986707842,지수,,서울,지수,2019년 10월,2019,10,2019-10-01
A_2024_00085,MM,201910,,,510014,서해안권,100001,지수,96.296473046046,지수,,경기>서해안권,지수,2019년 10월,2019,10,2019-10-01
A_2024_00085,MM,201910,,,500016,세종,100001,지수,103.31435620356,지수,,세종,지수,2019년 10월,2019,10,2019-10-01
A_2024_00085,MM,201910,,,500002,수도권,100001,지수,98.1753796598406,지수,,수도권,지수,2019년 10월,2019,10,2019-10-01
A_2024_00085,MM,201910,,,500015,울산,100001,지수,101.415900279087,지수,,울산,지수,2019년 10월,2019,10,2019-10-01
A_2024_00085,MM,201910,,,500010,인천,100001,지수,99.7931503710697,지수,,인천,지수,2019년 10월,2019,10,2019-10-01
A_2024_00085,MM,201910,,,500001,전국,100001,지수,99.2510659342779,지수,,전국,지수,2019년 10월,2019,10,2019-10-01
A_2024_00085,MM,201910,,,500021,전남,100001,지수,101.552358081587,지수,,전남광주>전남,지수,2019년 10월,2019,10,2019-10-01
A_2024_00085,MM,201910,,,500020,전북,100001,지수,104.190531436254,지수,,전북,지수,2019년 10월,2019,10,2019-10-01
A_2024_00085,MM,201910,,,500024,제주,100001,지수,103.958986729358,지수,,제주,지수,2019년 10월,2019,10,2019-10-01
A_2024_00085,MM,201910,,,510021,중부산권,100001,지수,100.601524351106,지수,,부산>중부산권,지수,2019년 10월,2019,10,2019-10-01
A_2024_00085,MM,201910,,,500003,지방권,100001,지수,102.079347137174,지수,,지방권,지수,2019년 10월,2019,10,2019-10-01
A_2024_00085,MM,201910,,,500019,충남,100001,지수,102.763129429019,지수,,충남,지수,2019년 10월,2019,10,2019-10-01
A_2024_00085,MM,201910,,,500018,충북,100001,지수,100.241901189089,지수,,충북,지수,2019년 10월,2019,10,2019-10-01
A_2024_00085,MM,201911,,,500005,5대광역시,100001,지수,102.318189151039,지수,,5대광역시,지수,2019년 11월,2019,11,2019-11-01
A_2024_00085,MM,201911,,,500004,6대광역시,100001,지수,101.247819088669,지수,,6대광역시,지수,2019년 11월,2019,11,2019-11-01
A_2024_00085,MM,201911,,,500007,8개도,100001,지수,101.66449428881,지수,,8개도,지수,2019년 11월,2019,11,2019-11-01
A_2024_00085,MM,201911,,,500006,9개도,100001,지수,99.0580335251264,지수,,9개도,지수,2019년 11월,2019,11,2019-11-01
A_2024_00085,MM,201911,,,510010,강남지역,100001,지수,98.6298799883461,지수,,서울>강남지역,지수,2019년 11월,2019,11,2019-11-01
A_2024_00085,MM,201911,,,510009,강북지역,100001,지수,97.9011839579143,지수,,서울>강북지역,지수,2019년 11월,2019,11,2019-11-01
A_2024_00085,MM,201911,,,500017,강원,100001,지수,98.8427244647139,지수,,강원,지수,2019년 11월,2019,11,2019-11-01
A_2024_00085,MM,201911,,,500009,경기,100001,지수,97.7836975451159,지수,,경기,지수,2019년 11월,2019,11,2019-11-01
A_2024_00085,MM,201911,,,500023,경남,100001,지수,102.513314842334,지수,,경남,지수,2019년 11월,2019,11,2019-11-01
A_2024_00085,MM,201911,,,510012,경부1권,100001,지수,96.8485477236682,지수,,경기>경부1권,지수,2019년 11월,2019,11,2019-11-01
A_2024_00085,MM,201911,,,510013,경부2권,100001,지수,95.4981534800563,지수,,경기>경부2권,지수,2019년 11월,2019,11,2019-11-01
A_2024_00085,MM,201911,,,500022,경북,100001,지수,99.5855549372059,지수,,경북,지수,2019년 11월,2019,11,2019-11-01
A_2024_00085,MM,201911,,,510018,경원권,100001,지수,100.335528591976,지수,,경기>경원권,지수,2019년 11월,2019,11,2019-11-01
A_2024_00085,MM,201911,,,510017,경의권,100001,지수,103.973185333659,지수,,경기>경의권,지수,2019년 11월,2019,11,2019-11-01
A_2024_00085,MM,201911,,,500013,광주,100001,지수,100.588950445316,지수,,전남광주>광주,지수,2019년 11월,2019,11,2019-11-01
A_2024_00085,MM,201911,,,500012,대구,100001,지수,104.567038304576,지수,,대구,지수,2019년 11월,2019,11,2019-11-01
A_2024_00085,MM,201911,,,500014,대전,100001,지수,101.146833820166,지수,,대전,지수,2019년 11월,2019,11,2019-11-01
A_2024_00085,MM,201911,,,520010,도심권,100001,지수,97.0718103419105,지수,,서울>강북지역>도심권,지수,2019년 11월,2019,11,2019-11-01
A_2024_00085,MM,201911,,,520015,동남권,100001,지수,95.0907513747325,지수,,서울>강남지역>동남권,지수,2019년 11월,2019,11,2019-11-01
A_2024_00085,MM,201911,,,510015,동부1권,100001,지수,98.326984351574,지수,,경기>동부1권,지수,2019년 11월,2019,11,2019-11-01
A_2024_00085,MM,201911,,,510016,동부2권,100001,지수,101.128923399549,지수,,경기>동부2권,지수,2019년 11월,2019,11,2019-11-01
A_2024_00085,MM,201911,,,510022,동부산권,100001,지수,106.340785056103,지수,,부산>동부산권,지수,2019년 11월,2019,11,2019-11-01
A_2024_00085,MM,201911,,,520011,동북권,100001,지수,98.5371717209545,지수,,서울>강북지역>동북권,지수,2019년 11월,2019,11,2019-11-01
A_2024_00085,MM,201911,,,500011,부산,100001,지수,102.254134838888,지수,,부산,지수,2019년 11월,2019,11,2019-11-01
A_2024_00085,MM,201911,,,520014,서남권,100001,지수,100.984861790862,지수,,서울>강남지역>서남권,지수,2019년 11월,2019,11,2019-11-01
A_2024_00085,MM,201911,,,510023,서부산권,100001,지수,100.947074058607,지수,,부산>서부산권,지수,2019년 11월,2019,11,2019-11-01
A_2024_00085,MM,201911,,,520012,서북권,100001,지수,97.1092416277359,지수,,서울>강북지역>서북권,지수,2019년 11월,2019,11,2019-11-01
A_2024_00085,MM,201911,,,500008,서울,100001,지수,98.2775280341563,지수,,서울,지수,2019년 11월,2019,11,2019-11-01
A_2024_00085,MM,201911,,,510014,서해안권,100001,지수,96.4098831027962,지수,,경기>서해안권,지수,2019년 11월,2019,11,2019-11-01
A_2024_00085,MM,201911,,,500016,세종,100001,지수,103.210322985911,지수,,세종,지수,2019년 11월,2019,11,2019-11-01
A_2024_00085,MM,201911,,,500002,수도권,100001,지수,98.2692352900477,지수,,수도권,지수,2019년 11월,2019,11,2019-11-01
A_2024_00085,MM,201911,,,500015,울산,100001,지수,101.16591818641,지수,,울산,지수,2019년 11월,2019,11,2019-11-01
A_2024_00085,MM,201911,,,500010,인천,100001,지수,99.8170848245791,지수,,인천,지수,2019년 11월,2019,11,2019-11-01
A_2024_00085,MM,201911,,,500001,전국,100001,지수,99.2905169779129,지수,,전국,지수,2019년 11월,2019,11,2019-11-01
A_2024_00085,MM,201911,,,500021,전남,100001,지수,101.704476307556,지수,,전남광주>전남,지수,2019년 11월,2019,11,2019-11-01
A_2024_00085,MM,201911,,,500020,전북,100001,지수,104.148252648859,지수,,전북,지수,2019년 11월,2019,11,2019-11-01
A_2024_00085,MM,201911,,,500024,제주,100001,지수,103.422869495196,지수,,제주,지수,2019년 11월,2019,11,2019-11-01
A_2024_00085,MM,201911,,,510021,중부산권,100001,지수,100.53775525808,지수,,부산>중부산권,지수,2019년 11월,2019,11,2019-11-01
A_2024_00085,MM,201911,,,500003,지방권,100001,지수,101.977552860982,지수,,지방권,지수,2019년 11월,2019,11,2019-11-01
A_2024_00085,MM,201911,,,500019,충남,100001,지수,102.579215676716,지수,,충남,지수,2019년 11월,2019,11,2019-11-01
A_2024_00085,MM,201911,,,500018,충북,100001,지수,100.250698889029,지수,,충북,지수,2019년 11월,2019,11,2019-11-01
A_2024_00085,MM,201912,,,500005,5대광역시,100001,지수,102.281154171448,지수,,5대광역시,지수,2019년 12월,2019,12,2019-12-01
A_2024_00085,MM,201912,,,500004,6대광역시,100001,지수,101.245615822166,지수,,6대광역시,지수,2019년 12월,2019,12,2019-12-01
A_2024_00085,MM,201912,,,500007,8개도,100001,지수,101.505275922433,지수,,8개도,지수,2019년 12월,2019,12,2019-12-01
A_2024_00085,MM,201912,,,500006,9개도,100001,지수,99.0297961695034,지수,,9개도,지수,2019년 12월,2019,12,2019-12-01
A_2024_00085,MM,201912,,,510010,강남지역,100001,지수,98.8138246397025,지수,,서울>강남지역,지수,2019년 12월,2019,12,2019-12-01
A_2024_00085,MM,201912,,,510009,강북지역,100001,지수,98.0022680365261,지수,,서울>강북지역,지수,2019년 12월,2019,12,2019-12-01
A_2024_00085,MM,201912,,,500017,강원,100001,지수,98.632172873012,지수,,강원,지수,2019년 12월,2019,12,2019-12-01
A_2024_00085,MM,201912,,,500009,경기,100001,지수,97.82010908455,지수,,경기,지수,2019년 12월,2019,12,2019-12-01
A_2024_00085,MM,201912,,,500023,경남,100001,지수,102.313051546441,지수,,경남,지수,2019년 12월,2019,12,2019-12-01
A_2024_00085,MM,201912,,,510012,경부1권,100001,지수,97.0253327691766,지수,,경기>경부1권,지수,2019년 12월,2019,12,2019-12-01
A_2024_00085,MM,201912,,,510013,경부2권,100001,지수,95.5271363756665,지수,,경기>경부2권,지수,2019년 12월,2019,12,2019-12-01
A_2024_00085,MM,201912,,,500022,경북,100001,지수,99.5163055634974,지수,,경북,지수,2019년 12월,2019,12,2019-12-01
A_2024_00085,MM,201912,,,510018,경원권,100001,지수,100.329825651851,지수,,경기>경원권,지수,2019년 12월,2019,12,2019-12-01
A_2024_00085,MM,201912,,,510017,경의권,100001,지수,103.912769747523,지수,,경기>경의권,지수,2019년 12월,2019,12,2019-12-01
A_2024_00085,MM,201912,,,500013,광주,100001,지수,100.583588687943,지수,,전남광주>광주,지수,2019년 12월,2019,12,2019-12-01
A_2024_00085,MM,201912,,,500012,대구,100001,지수,104.592194479995,지수,,대구,지수,2019년 12월,2019,12,2019-12-01
A_2024_00085,MM,201912,,,500014,대전,100001,지수,101.235390047995,지수,,대전,지수,2019년 12월,2019,12,2019-12-01
A_2024_00085,MM,201912,,,520010,도심권,100001,지수,97.2287108185103,지수,,서울>강북지역>도심권,지수,2019년 12월,2019,12,2019-12-01
A_2024_00085,MM,201912,,,520015,동남권,100001,지수,95.338975449662,지수,,서울>강남지역>동남권,지수,2019년 12월,2019,12,2019-12-01
A_2024_00085,MM,201912,,,510015,동부1권,100001,지수,98.3426735447594,지수,,경기>동부1권,지수,2019년 12월,2019,12,2019-12-01
A_2024_00085,MM,201912,,,510016,동부2권,100001,지수,100.971254281628,지수,,경기>동부2권,지수,2019년 12월,2019,12,2019-12-01
A_2024_00085,MM,201912,,,510022,동부산권,100001,지수,106.227597063812,지수,,부산>동부산권,지수,2019년 12월,2019,12,2019-12-01
A_2024_00085,MM,201912,,,520011,동북권,100001,지수,98.6072585689144,지수,,서울>강북지역>동북권,지수,2019년 12월,2019,12,2019-12-01
A_2024_00085,MM,201912,,,500011,부산,100001,지수,102.17895479752,지수,,부산,지수,2019년 12월,2019,12,2019-12-01
A_2024_00085,MM,201912,,,520014,서남권,100001,지수,101.124130904261,지수,,서울>강남지역>서남권,지수,2019년 12월,2019,12,2019-12-01
A_2024_00085,MM,201912,,,510023,서부산권,100001,지수,100.798040797403,지수,,부산>서부산권,지수,2019년 12월,2019,12,2019-12-01
A_2024_00085,MM,201912,,,520012,서북권,100001,지수,97.2394969365482,지수,,서울>강북지역>서북권,지수,2019년 12월,2019,12,2019-12-01
A_2024_00085,MM,201912,,,500008,서울,100001,지수,98.4210361608122,지수,,서울,지수,2019년 12월,2019,12,2019-12-01
A_2024_00085,MM,201912,,,510014,서해안권,100001,지수,96.4518299555613,지수,,경기>서해안권,지수,2019년 12월,2019,12,2019-12-01
A_2024_00085,MM,201912,,,500016,세종,100001,지수,103.220041673865,지수,,세종,지수,2019년 12월,2019,12,2019-12-01
A_2024_00085,MM,201912,,,500002,수도권,100001,지수,98.3554472197186,지수,,수도권,지수,2019년 12월,2019,12,2019-12-01
A_2024_00085,MM,201912,,,500015,울산,100001,지수,101.048924946209,지수,,울산,지수,2019년 12월,2019,12,2019-12-01
A_2024_00085,MM,201912,,,500010,인천,100001,지수,99.8607816461873,지수,,인천,지수,2019년 12월,2019,12,2019-12-01
A_2024_00085,MM,201912,,,500001,전국,100001,지수,99.3248917309925,지수,,전국,지수,2019년 12월,2019,12,2019-12-01
A_2024_00085,MM,201912,,,500021,전남,100001,지수,101.774004614678,지수,,전남광주>전남,지수,2019년 12월,2019,12,2019-12-01
A_2024_00085,MM,201912,,,500020,전북,100001,지수,104.084717041291,지수,,전북,지수,2019년 12월,2019,12,2019-12-01
A_2024_00085,MM,201912,,,500024,제주,100001,지수,103.136257024959,지수,,제주,지수,2019년 12월,2019,12,2019-12-01
A_2024_00085,MM,201912,,,510021,중부산권,100001,지수,100.509854071844,지수,,부산>중부산권,지수,2019년 12월,2019,12,2019-12-01
A_2024_00085,MM,201912,,,500003,지방권,100001,지수,101.877604621387,지수,,지방권,지수,2019년 12월,2019,12,2019-12-01
A_2024_00085,MM,201912,,,500019,충남,100001,지수,102.313296589491,지수,,충남,지수,2019년 12월,2019,12,2019-12-01
A_2024_00085,MM,201912,,,500018,충북,100001,지수,100.152516355493,지수,,충북,지수,2019년 12월,2019,12,2019-12-01
A_2024_00085,MM,202001,,,500005,5대광역시,100001,지수,102.26061601882,지수,,5대광역시,지수,2020년 1월,2020,1,2020-01-01
A_2024_00085,MM,202001,,,500004,6대광역시,100001,지수,101.288431837164,지수,,6대광역시,지수,2020년 1월,2020,1,2020-01-01
A_2024_00085,MM,202001,,,500007,8개도,100001,지수,101.400967841712,지수,,8개도,지수,2020년 1월,2020,1,2020-01-01
A_2024_00085,MM,202001,,,500006,9개도,100001,지수,98.9932309403547,지수,,9개도,지수,2020년 1월,2020,1,2020-01-01
A_2024_00085,MM,202001,,,510010,강남지역,100001,지수,98.8853330732089,지수,,서울>강남지역,지수,2020년 1월,2020,1,2020-01-01
A_2024_00085,MM,202001,,,510009,강북지역,100001,지수,98.105169880205,지수,,서울>강북지역,지수,2020년 1월,2020,1,2020-01-01
A_2024_00085,MM,202001,,,500017,강원,100001,지수,98.3315467426288,지수,,강원,지수,2020년 1월,2020,1,2020-01-01
A_2024_00085,MM,202001,,,500009,경기,100001,지수,97.8164028785328,지수,,경기,지수,2020년 1월,2020,1,2020-01-01
A_2024_00085,MM,202001,,,500023,경남,100001,지수,102.235320208846,지수,,경남,지수,2020년 1월,2020,1,2020-01-01
A_2024_00085,MM,202001,,,510012,경부1권,100001,지수,97.1050250901833,지수,,경기>경부1권,지수,2020년 1월,2020,1,2020-01-01
A_2024_00085,MM,202001,,,510013,경부2권,100001,지수,95.5514136526269,지수,,경기>경부2권,지수,2020년 1월,2020,1,2020-01-01
A_2024_00085,MM,202001,,,500022,경북,100001,지수,99.4469866422808,지수,,경북,지수,2020년 1월,2020,1,2020-01-01
A_2024_00085,MM,202001,,,510018,경원권,100001,지수,100.187553783833,지수,,경기>경원권,지수,2020년 1월,2020,1,2020-01-01
A_2024_00085,MM,202001,,,510017,경의권,100001,지수,103.84937113895,지수,,경기>경의권,지수,2020년 1월,2020,1,2020-01-01
A_2024_00085,MM,202001,,,500013,광주,100001,지수,100.57308019218,지수,,전남광주>광주,지수,2020년 1월,2020,1,2020-01-01
A_2024_00085,MM,202001,,,500012,대구,100001,지수,104.667486784629,지수,,대구,지수,2020년 1월,2020,1,2020-01-01
A_2024_00085,MM,202001,,,500014,대전,100001,지수,101.320887272883,지수,,대전,지수,2020년 1월,2020,1,2020-01-01
A_2024_00085,MM,202001,,,520010,도심권,100001,지수,97.3304937380919,지수,,서울>강북지역>도심권,지수,2020년 1월,2020,1,2020-01-01
A_2024_00085,MM,202001,,,520015,동남권,100001,지수,95.4734771036653,지수,,서울>강남지역>동남권,지수,2020년 1월,2020,1,2020-01-01
A_2024_00085,MM,202001,,,510015,동부1권,100001,지수,98.3140187257005,지수,,경기>동부1권,지수,2020년 1월,2020,1,2020-01-01
A_2024_00085,MM,202001,,,510016,동부2권,100001,지수,100.893002694886,지수,,경기>동부2권,지수,2020년 1월,2020,1,2020-01-01
A_2024_00085,MM,202001,,,510022,동부산권,100001,지수,106.205352588432,지수,,부산>동부산권,지수,2020년 1월,2020,1,2020-01-01
A_2024_00085,MM,202001,,,520011,동북권,100001,지수,98.6757936623215,지수,,서울>강북지역>동북권,지수,2020년 1월,2020,1,2020-01-01
A_2024_00085,MM,202001,,,500011,부산,100001,지수,102.130770400347,지수,,부산,지수,2020년 1월,2020,1,2020-01-01
A_2024_00085,MM,202001,,,520014,서남권,100001,지수,101.15180345607,지수,,서울>강남지역>서남권,지수,2020년 1월,2020,1,2020-01-01
A_2024_00085,MM,202001,,,510023,서부산권,100001,지수,100.702539039007,지수,,부산>서부산권,지수,2020년 1월,2020,1,2020-01-01
A_2024_00085,MM,202001,,,520012,서북권,100001,지수,97.3962503792161,지수,,서울>강북지역>서북권,지수,2020년 1월,2020,1,2020-01-01
A_2024_00085,MM,202001,,,500008,서울,100001,지수,98.5077964291732,지수,,서울,지수,2020년 1월,2020,1,2020-01-01
A_2024_00085,MM,202001,,,510014,서해안권,100001,지수,96.4621973750443,지수,,경기>서해안권,지수,2020년 1월,2020,1,2020-01-01
A_2024_00085,MM,202001,,,500016,세종,100001,지수,103.155562883972,지수,,세종,지수,2020년 1월,2020,1,2020-01-01
A_2024_00085,MM,202001,,,500002,수도권,100001,지수,98.4106764644043,지수,,수도권,지수,2020년 1월,2020,1,2020-01-01
A_2024_00085,MM,202001,,,500015,울산,100001,지수,100.866191939298,지수,,울산,지수,2020년 1월,2020,1,2020-01-01
A_2024_00085,MM,202001,,,500010,인천,100001,지수,99.9873218482916,지수,,인천,지수,2020년 1월,2020,1,2020-01-01
A_2024_00085,MM,202001,,,500001,전국,100001,지수,99.3471457202172,지수,,전국,지수,2020년 1월,2020,1,2020-01-01
A_2024_00085,MM,202001,,,500021,전남,100001,지수,101.898368628543,지수,,전남광주>전남,지수,2020년 1월,2020,1,2020-01-01
A_2024_00085,MM,202001,,,500020,전북,100001,지수,104.000989468362,지수,,전북,지수,2020년 1월,2020,1,2020-01-01
A_2024_00085,MM,202001,,,500024,제주,100001,지수,102.936467415675,지수,,제주,지수,2020년 1월,2020,1,2020-01-01
A_2024_00085,MM,202001,,,510021,중부산권,100001,지수,100.46504043119,지수,,부산>중부산권,지수,2020년 1월,2020,1,2020-01-01
A_2024_00085,MM,202001,,,500003,지방권,100001,지수,101.813343535644,지수,,지방권,지수,2020년 1월,2020,1,2020-01-01
A_2024_00085,MM,202001,,,500019,충남,100001,지수,102.174850898604,지수,,충남,지수,2020년 1월,2020,1,2020-01-01
A_2024_00085,MM,202001,,,500018,충북,100001,지수,100.147328160955,지수,,충북,지수,2020년 1월,2020,1,2020-01-01
A_2024_00085,MM,202002,,,500005,5대광역시,100001,지수,102.267094341717,지수,,5대광역시,지수,2020년 2월,2020,2,2020-02-01
A_2024_00085,MM,202002,,,500004,6대광역시,100001,지수,101.334337999905,지수,,6대광역시,지수,2020년 2월,2020,2,2020-02-01
A_2024_00085,MM,202002,,,500007,8개도,100001,지수,101.284397780745,지수,,8개도,지수,2020년 2월,2020,2,2020-02-01
A_2024_00085,MM,202002,,,500006,9개도,100001,지수,98.966434296141,지수,,9개도,지수,2020년 2월,2020,2,2020-02-01
A_2024_00085,MM,202002,,,510010,강남지역,100001,지수,98.9470252718417,지수,,서울>강남지역,지수,2020년 2월,2020,2,2020-02-01
A_2024_00085,MM,202002,,,510009,강북지역,100001,지수,98.1911728982716,지수,,서울>강북지역,지수,2020년 2월,2020,2,2020-02-01
A_2024_00085,MM,202002,,,500017,강원,100001,지수,98.2947552412397,지수,,강원,지수,2020년 2월,2020,2,2020-02-01
A_2024_00085,MM,202002,,,500009,경기,100001,지수,97.8331993156421,지수,,경기,지수,2020년 2월,2020,2,2020-02-01
A_2024_00085,MM,202002,,,500023,경남,100001,지수,102.122586425571,지수,,경남,지수,2020년 2월,2020,2,2020-02-01
A_2024_00085,MM,202002,,,510012,경부1권,100001,지수,97.1689751107907,지수,,경기>경부1권,지수,2020년 2월,2020,2,2020-02-01
A_2024_00085,MM,202002,,,510013,경부2권,100001,지수,95.5987258566812,지수,,경기>경부2권,지수,2020년 2월,2020,2,2020-02-01
A_2024_00085,MM,202002,,,500022,경북,100001,지수,99.3982177081055,지수,,경북,지수,2020년 2월,2020,2,2020-02-01
A_2024_00085,MM,202002,,,510018,경원권,100001,지수,100.177540376359,지수,,경기>경원권,지수,2020년 2월,2020,2,2020-02-01
A_2024_00085,MM,202002,,,510017,경의권,100001,지수,103.825312413859,지수,,경기>경의권,지수,2020년 2월,2020,2,2020-02-01
A_2024_00085,MM,202002,,,500013,광주,100001,지수,100.550480765937,지수,,전남광주>광주,지수,2020년 2월,2020,2,2020-02-01
A_2024_00085,MM,202002,,,500012,대구,100001,지수,104.70861422064,지수,,대구,지수,2020년 2월,2020,2,2020-02-01
A_2024_00085,MM,202002,,,500014,대전,100001,지수,101.414424704562,지수,,대전,지수,2020년 2월,2020,2,2020-02-01
A_2024_00085,MM,202002,,,520010,도심권,100001,지수,97.4226095992243,지수,,서울>강북지역>도심권,지수,2020년 2월,2020,2,2020-02-01
A_2024_00085,MM,202002,,,520015,동남권,100001,지수,95.5675825446128,지수,,서울>강남지역>동남권,지수,2020년 2월,2020,2,2020-02-01
A_2024_00085,MM,202002,,,510015,동부1권,100001,지수,98.2660241084668,지수,,경기>동부1권,지수,2020년 2월,2020,2,2020-02-01
A_2024_00085,MM,202002,,,510016,동부2권,100001,지수,100.797901481839,지수,,경기>동부2권,지수,2020년 2월,2020,2,2020-02-01
A_2024_00085,MM,202002,,,510022,동부산권,100001,지수,106.199837029323,지수,,부산>동부산권,지수,2020년 2월,2020,2,2020-02-01
A_2024_00085,MM,202002,,,520011,동북권,100001,지수,98.7318730391406,지수,,서울>강북지역>동북권,지수,2020년 2월,2020,2,2020-02-01
A_2024_00085,MM,202002,,,500011,부산,100001,지수,102.097340843895,지수,,부산,지수,2020년 2월,2020,2,2020-02-01
A_2024_00085,MM,202002,,,520014,서남권,100001,지수,101.190934533451,지수,,서울>강남지역>서남권,지수,2020년 2월,2020,2,2020-02-01
A_2024_00085,MM,202002,,,510023,서부산권,100001,지수,100.664210694734,지수,,부산>서부산권,지수,2020년 2월,2020,2,2020-02-01
A_2024_00085,MM,202002,,,520012,서북권,100001,지수,97.5268842779401,지수,,서울>강북지역>서북권,지수,2020년 2월,2020,2,2020-02-01
A_2024_00085,MM,202002,,,500008,서울,100001,지수,98.5812978278555,지수,,서울,지수,2020년 2월,2020,2,2020-02-01
A_2024_00085,MM,202002,,,510014,서해안권,100001,지수,96.4985379013747,지수,,경기>서해안권,지수,2020년 2월,2020,2,2020-02-01
A_2024_00085,MM,202002,,,500016,세종,100001,지수,103.136882619328,지수,,세종,지수,2020년 2월,2020,2,2020-02-01
A_2024_00085,MM,202002,,,500002,수도권,100001,지수,98.464347426344,지수,,수도권,지수,2020년 2월,2020,2,2020-02-01
A_2024_00085,MM,202002,,,500015,울산,100001,지수,100.93813207398,지수,,울산,지수,2020년 2월,2020,2,2020-02-01
A_2024_00085,MM,202002,,,500010,인천,100001,지수,100.085392693743,지수,,인천,지수,2020년 2월,2020,2,2020-02-01
A_2024_00085,MM,202002,,,500001,전국,100001,지수,99.370071413217,지수,,전국,지수,2020년 2월,2020,2,2020-02-01
A_2024_00085,MM,202002,,,500021,전남,100001,지수,101.919986574743,지수,,전남광주>전남,지수,2020년 2월,2020,2,2020-02-01
A_2024_00085,MM,202002,,,500020,전북,100001,지수,103.975132507872,지수,,전북,지수,2020년 2월,2020,2,2020-02-01
A_2024_00085,MM,202002,,,500024,제주,100001,지수,102.705230068516,지수,,제주,지수,2020년 2월,2020,2,2020-02-01
A_2024_00085,MM,202002,,,510021,중부산권,100001,지수,100.418541734829,지수,,부산>중부산권,지수,2020년 2월,2020,2,2020-02-01
A_2024_00085,MM,202002,,,500003,지방권,100001,지수,101.755698551778,지수,,지방권,지수,2020년 2월,2020,2,2020-02-01
A_2024_00085,MM,202002,,,500019,충남,100001,지수,101.955020457449,지수,,충남,지수,2020년 2월,2020,2,2020-02-01
A_2024_00085,MM,202002,,,500018,충북,100001,지수,99.9995523869218,지수,,충북,지수,2020년 2월,2020,2,2020-02-01
A_2024_00085,MM,202003,,,500005,5대광역시,100001,지수,102.274178843786,지수,,5대광역시,지수,2020년 3월,2020,3,2020-03-01
A_2024_00085,MM,202003,,,500004,6대광역시,100001,지수,101.403423150027,지수,,6대광역시,지수,2020년 3월,2020,3,2020-03-01
A_2024_00085,MM,202003,,,500007,8개도,100001,지수,101.207171343822,지수,,8개도,지수,2020년 3월,2020,3,2020-03-01
A_2024_00085,MM,202003,,,500006,9개도,100001,지수,98.9107439301083,지수,,9개도,지수,2020년 3월,2020,3,2020-03-01
A_2024_00085,MM,202003,,,510010,강남지역,100001,지수,99.0047564835067,지수,,서울>강남지역,지수,2020년 3월,2020,3,2020-03-01
A_2024_00085,MM,202003,,,510009,강북지역,100001,지수,98.2780031422641,지수,,서울>강북지역,지수,2020년 3월,2020,3,2020-03-01
A_2024_00085,MM,202003,,,500017,강원,100001,지수,98.2914977753588,지수,,강원,지수,2020년 3월,2020,3,2020-03-01
A_2024_00085,MM,202003,,,500009,경기,100001,지수,97.787978461822,지수,,경기,지수,2020년 3월,2020,3,2020-03-01
A_2024_00085,MM,202003,,,500023,경남,100001,지수,102.072737090168,지수,,경남,지수,2020년 3월,2020,3,2020-03-01
A_2024_00085,MM,202003,,,510012,경부1권,100001,지수,97.161270648745,지수,,경기>경부1권,지수,2020년 3월,2020,3,2020-03-01
A_2024_00085,MM,202003,,,510013,경부2권,100001,지수,95.6031426972166,지수,,경기>경부2권,지수,2020년 3월,2020,3,2020-03-01
A_2024_00085,MM,202003,,,500022,경북,100001,지수,99.355046363986,지수,,경북,지수,2020년 3월,2020,3,2020-03-01
A_2024_00085,MM,202003,,,510018,경원권,100001,지수,100.100057256152,지수,,경기>경원권,지수,2020년 3월,2020,3,2020-03-01
A_2024_00085,MM,202003,,,510017,경의권,100001,지수,103.793666762759,지수,,경기>경의권,지수,2020년 3월,2020,3,2020-03-01
A_2024_00085,MM,202003,,,500013,광주,100001,지수,100.556140836491,지수,,전남광주>광주,지수,2020년 3월,2020,3,2020-03-01
A_2024_00085,MM,202003,,,500012,대구,100001,지수,104.725305379362,지수,,대구,지수,2020년 3월,2020,3,2020-03-01
A_2024_00085,MM,202003,,,500014,대전,100001,지수,101.483679336799,지수,,대전,지수,2020년 3월,2020,3,2020-03-01
A_2024_00085,MM,202003,,,520010,도심권,100001,지수,97.5232134586907,지수,,서울>강북지역>도심권,지수,2020년 3월,2020,3,2020-03-01
A_2024_00085,MM,202003,,,520015,동남권,100001,지수,95.6743309133344,지수,,서울>강남지역>동남권,지수,2020년 3월,2020,3,2020-03-01
A_2024_00085,MM,202003,,,510015,동부1권,100001,지수,98.2129058110173,지수,,경기>동부1권,지수,2020년 3월,2020,3,2020-03-01
A_2024_00085,MM,202003,,,510016,동부2권,100001,지수,100.67315355051,지수,,경기>동부2권,지수,2020년 3월,2020,3,2020-03-01
A_2024_00085,MM,202003,,,510022,동부산권,100001,지수,106.147364255092,지수,,부산>동부산권,지수,2020년 3월,2020,3,2020-03-01
A_2024_00085,MM,202003,,,520011,동북권,100001,지수,98.7885380123131,지수,,서울>강북지역>동북권,지수,2020년 3월,2020,3,2020-03-01
A_2024_00085,MM,202003,,,500011,부산,100001,지수,102.069865003202,지수,,부산,지수,2020년 3월,2020,3,2020-03-01
A_2024_00085,MM,202003,,,520014,서남권,100001,지수,101.214610285263,지수,,서울>강남지역>서남권,지수,2020년 3월,2020,3,2020-03-01
A_2024_00085,MM,202003,,,510023,서부산권,100001,지수,100.617884345576,지수,,부산>서부산권,지수,2020년 3월,2020,3,2020-03-01
A_2024_00085,MM,202003,,,520012,서북권,100001,지수,97.6562690847509,지수,,서울>강북지역>서북권,지수,2020년 3월,2020,3,2020-03-01
A_2024_00085,MM,202003,,,500008,서울,100001,지수,98.6531618794126,지수,,서울,지수,2020년 3월,2020,3,2020-03-01
A_2024_00085,MM,202003,,,510014,서해안권,100001,지수,96.4340405967238,지수,,경기>서해안권,지수,2020년 3월,2020,3,2020-03-01
A_2024_00085,MM,202003,,,500016,세종,100001,지수,103.072294637101,지수,,세종,지수,2020년 3월,2020,3,2020-03-01
A_2024_00085,MM,202003,,,500002,수도권,100001,지수,98.4991722835976,지수,,수도권,지수,2020년 3월,2020,3,2020-03-01
A_2024_00085,MM,202003,,,500015,울산,100001,지수,101.044511735753,지수,,울산,지수,2020년 3월,2020,3,2020-03-01
A_2024_00085,MM,202003,,,500010,인천,100001,지수,100.236605498976,지수,,인천,지수,2020년 3월,2020,3,2020-03-01
A_2024_00085,MM,202003,,,500001,전국,100001,지수,99.3850292657473,지수,,전국,지수,2020년 3월,2020,3,2020-03-01
A_2024_00085,MM,202003,,,500021,전남,100001,지수,101.945633991377,지수,,전남광주>전남,지수,2020년 3월,2020,3,2020-03-01
A_2024_00085,MM,202003,,,500020,전북,100001,지수,103.930769656558,지수,,전북,지수,2020년 3월,2020,3,2020-03-01
A_2024_00085,MM,202003,,,500024,제주,100001,지수,102.370623425006,지수,,제주,지수,2020년 3월,2020,3,2020-03-01
A_2024_00085,MM,202003,,,510021,중부산권,100001,지수,100.411213384954,지수,,부산>중부산권,지수,2020년 3월,2020,3,2020-03-01
A_2024_00085,MM,202003,,,500003,지방권,100001,지수,101.718641121766,지수,,지방권,지수,2020년 3월,2020,3,2020-03-01
A_2024_00085,MM,202003,,,500019,충남,100001,지수,101.928282492908,지수,,충남,지수,2020년 3월,2020,3,2020-03-01
A_2024_00085,MM,202003,,,500018,충북,100001,지수,99.973976860266,지수,,충북,지수,2020년 3월,2020,3,2020-03-01
A_2024_00085,MM,202004,,,500005,5대광역시,100001,지수,102.197443774782,지수,,5대광역시,지수,2020년 4월,2020,4,2020-04-01
A_2024_00085,MM,202004,,,500004,6대광역시,100001,지수,101.456995016647,지수,,6대광역시,지수,2020년 4월,2020,4,2020-04-01
A_2024_00085,MM,202004,,,500007,8개도,100001,지수,101.079324212176,지수,,8개도,지수,2020년 4월,2020,4,2020-04-01
A_2024_00085,MM,202004,,,500006,9개도,100001,지수,98.8608177826821,지수,,9개도,지수,2020년 4월,2020,4,2020-04-01
A_2024_00085,MM,202004,,,510010,강남지역,100001,지수,99.0287780040901,지수,,서울>강남지역,지수,2020년 4월,2020,4,2020-04-01
A_2024_00085,MM,202004,,,510009,강북지역,100001,지수,98.2838947985714,지수,,서울>강북지역,지수,2020년 4월,2020,4,2020-04-01
A_2024_00085,MM,202004,,,500017,강원,100001,지수,98.1856147040118,지수,,강원,지수,2020년 4월,2020,4,2020-04-01
A_2024_00085,MM,202004,,,500009,경기,100001,지수,97.7759491879597,지수,,경기,지수,2020년 4월,2020,4,2020-04-01
A_2024_00085,MM,202004,,,500023,경남,100001,지수,102.059485077256,지수,,경남,지수,2020년 4월,2020,4,2020-04-01
A_2024_00085,MM,202004,,,510012,경부1권,100001,지수,97.2375072336401,지수,,경기>경부1권,지수,2020년 4월,2020,4,2020-04-01
A_2024_00085,MM,202004,,,510013,경부2권,100001,지수,95.5977736759435,지수,,경기>경부2권,지수,2020년 4월,2020,4,2020-04-01
A_2024_00085,MM,202004,,,500022,경북,100001,지수,99.3315307904009,지수,,경북,지수,2020년 4월,2020,4,2020-04-01
A_2024_00085,MM,202004,,,510018,경원권,100001,지수,99.8875300085629,지수,,경기>경원권,지수,2020년 4월,2020,4,2020-04-01
A_2024_00085,MM,202004,,,510017,경의권,100001,지수,103.710571848253,지수,,경기>경의권,지수,2020년 4월,2020,4,2020-04-01
A_2024_00085,MM,202004,,,500013,광주,100001,지수,100.545258592903,지수,,전남광주>광주,지수,2020년 4월,2020,4,2020-04-01
A_2024_00085,MM,202004,,,500012,대구,100001,지수,104.739309774261,지수,,대구,지수,2020년 4월,2020,4,2020-04-01
A_2024_00085,MM,202004,,,500014,대전,100001,지수,101.316257202851,지수,,대전,지수,2020년 4월,2020,4,2020-04-01
A_2024_00085,MM,202004,,,520010,도심권,100001,지수,97.5105753879367,지수,,서울>강북지역>도심권,지수,2020년 4월,2020,4,2020-04-01
A_2024_00085,MM,202004,,,520015,동남권,100001,지수,95.7281927128315,지수,,서울>강남지역>동남권,지수,2020년 4월,2020,4,2020-04-01
A_2024_00085,MM,202004,,,510015,동부1권,100001,지수,98.1510713060355,지수,,경기>동부1권,지수,2020년 4월,2020,4,2020-04-01
A_2024_00085,MM,202004,,,510016,동부2권,100001,지수,100.534034973969,지수,,경기>동부2권,지수,2020년 4월,2020,4,2020-04-01
A_2024_00085,MM,202004,,,510022,동부산권,100001,지수,106.049565702271,지수,,부산>동부산권,지수,2020년 4월,2020,4,2020-04-01
A_2024_00085,MM,202004,,,520011,동북권,100001,지수,98.8085190378465,지수,,서울>강북지역>동북권,지수,2020년 4월,2020,4,2020-04-01
A_2024_00085,MM,202004,,,500011,부산,100001,지수,101.969851182643,지수,,부산,지수,2020년 4월,2020,4,2020-04-01
A_2024_00085,MM,202004,,,520014,서남권,100001,지수,101.217926039235,지수,,서울>강남지역>서남권,지수,2020년 4월,2020,4,2020-04-01
A_2024_00085,MM,202004,,,510023,서부산권,100001,지수,100.588223614182,지수,,부산>서부산권,지수,2020년 4월,2020,4,2020-04-01
A_2024_00085,MM,202004,,,520012,서북권,100001,지수,97.646176781634,지수,,서울>강북지역>서북권,지수,2020년 4월,2020,4,2020-04-01
A_2024_00085,MM,202004,,,500008,서울,100001,지수,98.6683791608642,지수,,서울,지수,2020년 4월,2020,4,2020-04-01
A_2024_00085,MM,202004,,,510014,서해안권,100001,지수,96.4699302444283,지수,,경기>서해안권,지수,2020년 4월,2020,4,2020-04-01
A_2024_00085,MM,202004,,,500016,세종,100001,지수,103.056555614595,지수,,세종,지수,2020년 4월,2020,4,2020-04-01
A_2024_00085,MM,202004,,,500002,수도권,100001,지수,98.5321848395962,지수,,수도권,지수,2020년 4월,2020,4,2020-04-01
A_2024_00085,MM,202004,,,500015,울산,100001,지수,101.017639161601,지수,,울산,지수,2020년 4월,2020,4,2020-04-01
A_2024_00085,MM,202004,,,500010,인천,100001,지수,100.463183063981,지수,,인천,지수,2020년 4월,2020,4,2020-04-01
A_2024_00085,MM,202004,,,500001,전국,100001,지수,99.3803823091094,지수,,전국,지수,2020년 4월,2020,4,2020-04-01
A_2024_00085,MM,202004,,,500021,전남,100001,지수,101.936063026113,지수,,전남광주>전남,지수,2020년 4월,2020,4,2020-04-01
A_2024_00085,MM,202004,,,500020,전북,100001,지수,103.851465037076,지수,,전북,지수,2020년 4월,2020,4,2020-04-01
A_2024_00085,MM,202004,,,500024,제주,100001,지수,102.05547485733,지수,,제주,지수,2020년 4월,2020,4,2020-04-01
A_2024_00085,MM,202004,,,510021,중부산권,100001,지수,100.28450554689,지수,,부산>중부산권,지수,2020년 4월,2020,4,2020-04-01
A_2024_00085,MM,202004,,,500003,지방권,100001,지수,101.615492049144,지수,,지방권,지수,2020년 4월,2020,4,2020-04-01
A_2024_00085,MM,202004,,,500019,충남,100001,지수,101.737488882157,지수,,충남,지수,2020년 4월,2020,4,2020-04-01
A_2024_00085,MM,202004,,,500018,충북,100001,지수,99.6972268953189,지수,,충북,지수,2020년 4월,2020,4,2020-04-01
A_2024_00085,MM,202005,,,500005,5대광역시,100001,지수,102.16763799402,지수,,5대광역시,지수,2020년 5월,2020,5,2020-05-01
A_2024_00085,MM,202005,,,500004,6대광역시,100001,지수,101.4833357486,지수,,6대광역시,지수,2020년 5월,2020,5,2020-05-01
A_2024_00085,MM,202005,,,500007,8개도,100001,지수,100.976802672748,지수,,8개도,지수,2020년 5월,2020,5,2020-05-01
A_2024_00085,MM,202005,,,500006,9개도,100001,지수,98.8368464115595,지수,,9개도,지수,2020년 5월,2020,5,2020-05-01
A_2024_00085,MM,202005,,,510010,강남지역,100001,지수,99.0635560833952,지수,,서울>강남지역,지수,2020년 5월,2020,5,2020-05-01
A_2024_00085,MM,202005,,,510009,강북지역,100001,지수,98.3023525838038,지수,,서울>강북지역,지수,2020년 5월,2020,5,2020-05-01
A_2024_00085,MM,202005,,,500017,강원,100001,지수,98.0900932928376,지수,,강원,지수,2020년 5월,2020,5,2020-05-01
A_2024_00085,MM,202005,,,500009,경기,100001,지수,97.7902227860309,지수,,경기,지수,2020년 5월,2020,5,2020-05-01
A_2024_00085,MM,202005,,,500023,경남,100001,지수,101.89382496041,지수,,경남,지수,2020년 5월,2020,5,2020-05-01
A_2024_00085,MM,202005,,,510012,경부1권,100001,지수,97.461075015751,지수,,경기>경부1권,지수,2020년 5월,2020,5,2020-05-01
A_2024_00085,MM,202005,,,510013,경부2권,100001,지수,95.6340826911124,지수,,경기>경부2권,지수,2020년 5월,2020,5,2020-05-01
A_2024_00085,MM,202005,,,500022,경북,100001,지수,99.2953177303349,지수,,경북,지수,2020년 5월,2020,5,2020-05-01
A_2024_00085,MM,202005,,,510018,경원권,100001,지수,99.7920065506198,지수,,경기>경원권,지수,2020년 5월,2020,5,2020-05-01
A_2024_00085,MM,202005,,,510017,경의권,100001,지수,103.692609840033,지수,,경기>경의권,지수,2020년 5월,2020,5,2020-05-01
A_2024_00085,MM,202005,,,500013,광주,100001,지수,100.530976988319,지수,,전남광주>광주,지수,2020년 5월,2020,5,2020-05-01
A_2024_00085,MM,202005,,,500012,대구,100001,지수,104.758264802504,지수,,대구,지수,2020년 5월,2020,5,2020-05-01
A_2024_00085,MM,202005,,,500014,대전,100001,지수,101.403327356939,지수,,대전,지수,2020년 5월,2020,5,2020-05-01
A_2024_00085,MM,202005,,,520010,도심권,100001,지수,97.5384878943167,지수,,서울>강북지역>도심권,지수,2020년 5월,2020,5,2020-05-01
A_2024_00085,MM,202005,,,520015,동남권,100001,지수,95.7848093426161,지수,,서울>강남지역>동남권,지수,2020년 5월,2020,5,2020-05-01
A_2024_00085,MM,202005,,,510015,동부1권,100001,지수,98.1193566140272,지수,,경기>동부1권,지수,2020년 5월,2020,5,2020-05-01
A_2024_00085,MM,202005,,,510016,동부2권,100001,지수,100.460723129022,지수,,경기>동부2권,지수,2020년 5월,2020,5,2020-05-01
A_2024_00085,MM,202005,,,510022,동부산권,100001,지수,105.910567643018,지수,,부산>동부산권,지수,2020년 5월,2020,5,2020-05-01
A_2024_00085,MM,202005,,,520011,동북권,100001,지수,98.8227285942352,지수,,서울>강북지역>동북권,지수,2020년 5월,2020,5,2020-05-01
A_2024_00085,MM,202005,,,500011,부산,100001,지수,101.900091073368,지수,,부산,지수,2020년 5월,2020,5,2020-05-01
A_2024_00085,MM,202005,,,520014,서남권,100001,지수,101.237540937588,지수,,서울>강남지역>서남권,지수,2020년 5월,2020,5,2020-05-01
A_2024_00085,MM,202005,,,510023,서부산권,100001,지수,100.567979997704,지수,,부산>서부산권,지수,2020년 5월,2020,5,2020-05-01
A_2024_00085,MM,202005,,,520012,서북권,100001,지수,97.6681825187331,지수,,서울>강북지역>서북권,지수,2020년 5월,2020,5,2020-05-01
A_2024_00085,MM,202005,,,500008,서울,100001,지수,98.6952312481434,지수,,서울,지수,2020년 5월,2020,5,2020-05-01
A_2024_00085,MM,202005,,,510014,서해안권,100001,지수,96.4540954762015,지수,,경기>서해안권,지수,2020년 5월,2020,5,2020-05-01
A_2024_00085,MM,202005,,,500016,세종,100001,지수,102.964265422981,지수,,세종,지수,2020년 5월,2020,5,2020-05-01
A_2024_00085,MM,202005,,,500002,수도권,100001,지수,98.5640310262175,지수,,수도권,지수,2020년 5월,2020,5,2020-05-01
A_2024_00085,MM,202005,,,500015,울산,100001,지수,100.966068754453,지수,,울산,지수,2020년 5월,2020,5,2020-05-01
A_2024_00085,MM,202005,,,500010,인천,100001,지수,100.564229160071,지수,,인천,지수,2020년 5월,2020,5,2020-05-01
A_2024_00085,MM,202005,,,500001,전국,100001,지수,99.3846165015516,지수,,전국,지수,2020년 5월,2020,5,2020-05-01
A_2024_00085,MM,202005,,,500021,전남,100001,지수,101.94244856382,지수,,전남광주>전남,지수,2020년 5월,2020,5,2020-05-01
A_2024_00085,MM,202005,,,500020,전북,100001,지수,103.817974428895,지수,,전북,지수,2020년 5월,2020,5,2020-05-01
A_2024_00085,MM,202005,,,500024,제주,100001,지수,101.822460595622,지수,,제주,지수,2020년 5월,2020,5,2020-05-01
A_2024_00085,MM,202005,,,510021,중부산권,100001,지수,100.233648007179,지수,,부산>중부산권,지수,2020년 5월,2020,5,2020-05-01
A_2024_00085,MM,202005,,,500003,지방권,100001,지수,101.547590269166,지수,,지방권,지수,2020년 5월,2020,5,2020-05-01
A_2024_00085,MM,202005,,,500019,충남,100001,지수,101.616362172614,지수,,충남,지수,2020년 5월,2020,5,2020-05-01
A_2024_00085,MM,202005,,,500018,충북,100001,지수,99.6715881115194,지수,,충북,지수,2020년 5월,2020,5,2020-05-01
A_2024_00085,MM,202006,,,500005,5대광역시,100001,지수,102.147170650634,지수,,5대광역시,지수,2020년 6월,2020,6,2020-06-01
A_2024_00085,MM,202006,,,500004,6대광역시,100001,지수,101.515712726431,지수,,6대광역시,지수,2020년 6월,2020,6,2020-06-01
A_2024_00085,MM,202006,,,500007,8개도,100001,지수,100.892627081228,지수,,8개도,지수,2020년 6월,2020,6,2020-06-01
A_2024_00085,MM,202006,,,500006,9개도,100001,지수,98.8482076278354,지수,,9개도,지수,2020년 6월,2020,6,2020-06-01
A_2024_00085,MM,202006,,,510010,강남지역,100001,지수,99.1055321421593,지수,,서울>강남지역,지수,2020년 6월,2020,6,2020-06-01
A_2024_00085,MM,202006,,,510009,강북지역,100001,지수,98.3426345519347,지수,,서울>강북지역,지수,2020년 6월,2020,6,2020-06-01
A_2024_00085,MM,202006,,,500017,강원,100001,지수,98.046562222014,지수,,강원,지수,2020년 6월,2020,6,2020-06-01
A_2024_00085,MM,202006,,,500009,경기,100001,지수,97.848157942601,지수,,경기,지수,2020년 6월,2020,6,2020-06-01
A_2024_00085,MM,202006,,,500023,경남,100001,지수,101.804354430625,지수,,경남,지수,2020년 6월,2020,6,2020-06-01
A_2024_00085,MM,202006,,,510012,경부1권,100001,지수,97.5671245961497,지수,,경기>경부1권,지수,2020년 6월,2020,6,2020-06-01
A_2024_00085,MM,202006,,,510013,경부2권,100001,지수,95.8313680627495,지수,,경기>경부2권,지수,2020년 6월,2020,6,2020-06-01
A_2024_00085,MM,202006,,,500022,경북,100001,지수,99.3444267788466,지수,,경북,지수,2020년 6월,2020,6,2020-06-01
A_2024_00085,MM,202006,,,510018,경원권,100001,지수,99.6877015827413,지수,,경기>경원권,지수,2020년 6월,2020,6,2020-06-01
A_2024_00085,MM,202006,,,510017,경의권,100001,지수,103.727660661606,지수,,경기>경의권,지수,2020년 6월,2020,6,2020-06-01
A_2024_00085,MM,202006,,,500013,광주,100001,지수,100.535110897917,지수,,전남광주>광주,지수,2020년 6월,2020,6,2020-06-01
A_2024_00085,MM,202006,,,500012,대구,100001,지수,104.73346467876,지수,,대구,지수,2020년 6월,2020,6,2020-06-01
A_2024_00085,MM,202006,,,500014,대전,100001,지수,101.486290709794,지수,,대전,지수,2020년 6월,2020,6,2020-06-01
A_2024_00085,MM,202006,,,520010,도심권,100001,지수,97.5618443328245,지수,,서울>강북지역>도심권,지수,2020년 6월,2020,6,2020-06-01
A_2024_00085,MM,202006,,,520015,동남권,100001,지수,95.8366606043321,지수,,서울>강남지역>동남권,지수,2020년 6월,2020,6,2020-06-01
A_2024_00085,MM,202006,,,510015,동부1권,100001,지수,98.1804836573022,지수,,경기>동부1권,지수,2020년 6월,2020,6,2020-06-01
A_2024_00085,MM,202006,,,510016,동부2권,100001,지수,100.441254463299,지수,,경기>동부2권,지수,2020년 6월,2020,6,2020-06-01
A_2024_00085,MM,202006,,,510022,동부산권,100001,지수,105.789608074211,지수,,부산>동부산권,지수,2020년 6월,2020,6,2020-06-01
A_2024_00085,MM,202006,,,520011,동북권,100001,지수,98.876177044103,지수,,서울>강북지역>동북권,지수,2020년 6월,2020,6,2020-06-01
A_2024_00085,MM,202006,,,500011,부산,100001,지수,101.861106052363,지수,,부산,지수,2020년 6월,2020,6,2020-06-01
A_2024_00085,MM,202006,,,520014,서남권,100001,지수,101.272636834227,지수,,서울>강남지역>서남권,지수,2020년 6월,2020,6,2020-06-01
A_2024_00085,MM,202006,,,510023,서부산권,100001,지수,100.636095168614,지수,,부산>서부산권,지수,2020년 6월,2020,6,2020-06-01
A_2024_00085,MM,202006,,,520012,서북권,100001,지수,97.6933800699195,지수,,서울>강북지역>서북권,지수,2020년 6월,2020,6,2020-06-01
A_2024_00085,MM,202006,,,500008,서울,100001,지수,98.7363850707609,지수,,서울,지수,2020년 6월,2020,6,2020-06-01
A_2024_00085,MM,202006,,,510014,서해안권,100001,지수,96.4817562178763,지수,,경기>서해안권,지수,2020년 6월,2020,6,2020-06-01
A_2024_00085,MM,202006,,,500016,세종,100001,지수,102.967939824888,지수,,세종,지수,2020년 6월,2020,6,2020-06-01
A_2024_00085,MM,202006,,,500002,수도권,100001,지수,98.6204787083306,지수,,수도권,지수,2020년 6월,2020,6,2020-06-01
A_2024_00085,MM,202006,,,500015,울산,100001,지수,100.911990271531,지수,,울산,지수,2020년 6월,2020,6,2020-06-01
A_2024_00085,MM,202006,,,500010,인천,100001,지수,100.667006127294,지수,,인천,지수,2020년 6월,2020,6,2020-06-01
A_2024_00085,MM,202006,,,500001,전국,100001,지수,99.4105797878215,지수,,전국,지수,2020년 6월,2020,6,2020-06-01
A_2024_00085,MM,202006,,,500021,전남,100001,지수,101.974076310699,지수,,전남광주>전남,지수,2020년 6월,2020,6,2020-06-01
A_2024_00085,MM,202006,,,500020,전북,100001,지수,103.740457958174,지수,,전북,지수,2020년 6월,2020,6,2020-06-01
A_2024_00085,MM,202006,,,500024,제주,100001,지수,101.660864566425,지수,,제주,지수,2020년 6월,2020,6,2020-06-01
A_2024_00085,MM,202006,,,510021,중부산권,100001,지수,100.199516108232,지수,,부산>중부산권,지수,2020년 6월,2020,6,2020-06-01
A_2024_00085,MM,202006,,,500003,지방권,100001,지수,101.494001425937,지수,,지방권,지수,2020년 6월,2020,6,2020-06-01
A_2024_00085,MM,202006,,,500019,충남,100001,지수,101.359738988361,지수,,충남,지수,2020년 6월,2020,6,2020-06-01
A_2024_00085,MM,202006,,,500018,충북,100001,지수,99.6075192010184,지수,,충북,지수,2020년 6월,2020,6,2020-06-01
A_2024_00085,MM,202007,,,500005,5대광역시,100001,지수,102.117440927672,지수,,5대광역시,지수,2020년 7월,2020,7,2020-07-01
A_2024_00085,MM,202007,,,500004,6대광역시,100001,지수,101.556069271482,지수,,6대광역시,지수,2020년 7월,2020,7,2020-07-01
A_2024_00085,MM,202007,,,500007,8개도,100001,지수,100.832664420227,지수,,8개도,지수,2020년 7월,2020,7,2020-07-01
A_2024_00085,MM,202007,,,500006,9개도,100001,지수,98.8649512388921,지수,,9개도,지수,2020년 7월,2020,7,2020-07-01
A_2024_00085,MM,202007,,,510010,강남지역,100001,지수,99.1891850193387,지수,,서울>강남지역,지수,2020년 7월,2020,7,2020-07-01
A_2024_00085,MM,202007,,,510009,강북지역,100001,지수,98.4885459028694,지수,,서울>강북지역,지수,2020년 7월,2020,7,2020-07-01
A_2024_00085,MM,202007,,,500017,강원,100001,지수,97.9525297371307,지수,,강원,지수,2020년 7월,2020,7,2020-07-01
A_2024_00085,MM,202007,,,500009,경기,100001,지수,97.9023437781139,지수,,경기,지수,2020년 7월,2020,7,2020-07-01
A_2024_00085,MM,202007,,,500023,경남,100001,지수,101.76418876169,지수,,경남,지수,2020년 7월,2020,7,2020-07-01
A_2024_00085,MM,202007,,,510012,경부1권,100001,지수,97.7875375261691,지수,,경기>경부1권,지수,2020년 7월,2020,7,2020-07-01
A_2024_00085,MM,202007,,,510013,경부2권,100001,지수,95.9151141303386,지수,,경기>경부2권,지수,2020년 7월,2020,7,2020-07-01
A_2024_00085,MM,202007,,,500022,경북,100001,지수,99.3362463377702,지수,,경북,지수,2020년 7월,2020,7,2020-07-01
A_2024_00085,MM,202007,,,510018,경원권,100001,지수,99.576508182571,지수,,경기>경원권,지수,2020년 7월,2020,7,2020-07-01
A_2024_00085,MM,202007,,,510017,경의권,100001,지수,103.675263330502,지수,,경기>경의권,지수,2020년 7월,2020,7,2020-07-01
A_2024_00085,MM,202007,,,500013,광주,100001,지수,100.533154218814,지수,,전남광주>광주,지수,2020년 7월,2020,7,2020-07-01
A_2024_00085,MM,202007,,,500012,대구,100001,지수,104.73582363666,지수,,대구,지수,2020년 7월,2020,7,2020-07-01
A_2024_00085,MM,202007,,,500014,대전,100001,지수,101.577662281076,지수,,대전,지수,2020년 7월,2020,7,2020-07-01
A_2024_00085,MM,202007,,,520010,도심권,100001,지수,97.664183896192,지수,,서울>강북지역>도심권,지수,2020년 7월,2020,7,2020-07-01
A_2024_00085,MM,202007,,,520015,동남권,100001,지수,96.0237661582405,지수,,서울>강남지역>동남권,지수,2020년 7월,2020,7,2020-07-01
A_2024_00085,MM,202007,,,510015,동부1권,100001,지수,98.3655365733564,지수,,경기>동부1권,지수,2020년 7월,2020,7,2020-07-01
A_2024_00085,MM,202007,,,510016,동부2권,100001,지수,100.263116302834,지수,,경기>동부2권,지수,2020년 7월,2020,7,2020-07-01
A_2024_00085,MM,202007,,,510022,동부산권,100001,지수,105.675745452696,지수,,부산>동부산권,지수,2020년 7월,2020,7,2020-07-01
A_2024_00085,MM,202007,,,520011,동북권,100001,지수,99.0078775093266,지수,,서울>강북지역>동북권,지수,2020년 7월,2020,7,2020-07-01
A_2024_00085,MM,202007,,,500011,부산,100001,지수,101.807564178832,지수,,부산,지수,2020년 7월,2020,7,2020-07-01
A_2024_00085,MM,202007,,,520014,서남권,100001,지수,101.284635345316,지수,,서울>강남지역>서남권,지수,2020년 7월,2020,7,2020-07-01
A_2024_00085,MM,202007,,,510023,서부산권,100001,지수,100.653704094643,지수,,부산>서부산권,지수,2020년 7월,2020,7,2020-07-01
A_2024_00085,MM,202007,,,520012,서북권,100001,지수,97.8755351255368,지수,,서울>강북지역>서북권,지수,2020년 7월,2020,7,2020-07-01
A_2024_00085,MM,202007,,,500008,서울,100001,지수,98.8502734122314,지수,,서울,지수,2020년 7월,2020,7,2020-07-01
A_2024_00085,MM,202007,,,510014,서해안권,100001,지수,96.4974667261967,지수,,경기>서해안권,지수,2020년 7월,2020,7,2020-07-01
A_2024_00085,MM,202007,,,500016,세종,100001,지수,103.315412956497,지수,,세종,지수,2020년 7월,2020,7,2020-07-01
A_2024_00085,MM,202007,,,500002,수도권,100001,지수,98.7126172647213,지수,,수도권,지수,2020년 7월,2020,7,2020-07-01
A_2024_00085,MM,202007,,,500015,울산,100001,지수,100.787604778364,지수,,울산,지수,2020년 7월,2020,7,2020-07-01
A_2024_00085,MM,202007,,,500010,인천,100001,지수,100.800866071628,지수,,인천,지수,2020년 7월,2020,7,2020-07-01
A_2024_00085,MM,202007,,,500001,전국,100001,지수,99.4649066760803,지수,,전국,지수,2020년 7월,2020,7,2020-07-01
A_2024_00085,MM,202007,,,500021,전남,100001,지수,102.055418473529,지수,,전남광주>전남,지수,2020년 7월,2020,7,2020-07-01
A_2024_00085,MM,202007,,,500020,전북,100001,지수,103.61413921041,지수,,전북,지수,2020년 7월,2020,7,2020-07-01
A_2024_00085,MM,202007,,,500024,제주,100001,지수,101.5116508483,지수,,제주,지수,2020년 7월,2020,7,2020-07-01
A_2024_00085,MM,202007,,,510021,중부산권,100001,지수,100.152367338873,지수,,부산>중부산권,지수,2020년 7월,2020,7,2020-07-01
A_2024_00085,MM,202007,,,500003,지방권,100001,지수,101.449782876351,지수,,지방권,지수,2020년 7월,2020,7,2020-07-01
A_2024_00085,MM,202007,,,500019,충남,100001,지수,101.287525066261,지수,,충남,지수,2020년 7월,2020,7,2020-07-01
A_2024_00085,MM,202007,,,500018,충북,100001,지수,99.557588169426,지수,,충북,지수,2020년 7월,2020,7,2020-07-01
A_2024_00085,MM,202008,,,500005,5대광역시,100001,지수,102.106397890783,지수,,5대광역시,지수,2020년 8월,2020,8,2020-08-01
A_2024_00085,MM,202008,,,500004,6대광역시,100001,지수,101.55430897267,지수,,6대광역시,지수,2020년 8월,2020,8,2020-08-01
A_2024_00085,MM,202008,,,500007,8개도,100001,지수,100.781658092156,지수,,8개도,지수,2020년 8월,2020,8,2020-08-01
A_2024_00085,MM,202008,,,500006,9개도,100001,지수,98.924837776564,지수,,9개도,지수,2020년 8월,2020,8,2020-08-01
A_2024_00085,MM,202008,,,510010,강남지역,100001,지수,99.3310085217783,지수,,서울>강남지역,지수,2020년 8월,2020,8,2020-08-01
A_2024_00085,MM,202008,,,510009,강북지역,100001,지수,98.7037577484097,지수,,서울>강북지역,지수,2020년 8월,2020,8,2020-08-01
A_2024_00085,MM,202008,,,500017,강원,100001,지수,97.8177870822668,지수,,강원,지수,2020년 8월,2020,8,2020-08-01
A_2024_00085,MM,202008,,,500009,경기,100001,지수,98.0164362631188,지수,,경기,지수,2020년 8월,2020,8,2020-08-01
A_2024_00085,MM,202008,,,500023,경남,100001,지수,101.835526765129,지수,,경남,지수,2020년 8월,2020,8,2020-08-01
A_2024_00085,MM,202008,,,510012,경부1권,100001,지수,98.0165378619582,지수,,경기>경부1권,지수,2020년 8월,2020,8,2020-08-01
A_2024_00085,MM,202008,,,510013,경부2권,100001,지수,96.1086756211634,지수,,경기>경부2권,지수,2020년 8월,2020,8,2020-08-01
A_2024_00085,MM,202008,,,500022,경북,100001,지수,99.2289514744887,지수,,경북,지수,2020년 8월,2020,8,2020-08-01
A_2024_00085,MM,202008,,,510018,경원권,100001,지수,99.5694935622796,지수,,경기>경원권,지수,2020년 8월,2020,8,2020-08-01
A_2024_00085,MM,202008,,,510017,경의권,100001,지수,103.668829623489,지수,,경기>경의권,지수,2020년 8월,2020,8,2020-08-01
A_2024_00085,MM,202008,,,500013,광주,100001,지수,100.612871607219,지수,,전남광주>광주,지수,2020년 8월,2020,8,2020-08-01
A_2024_00085,MM,202008,,,500012,대구,100001,지수,104.761607002108,지수,,대구,지수,2020년 8월,2020,8,2020-08-01
A_2024_00085,MM,202008,,,500014,대전,100001,지수,101.644853404914,지수,,대전,지수,2020년 8월,2020,8,2020-08-01
A_2024_00085,MM,202008,,,520010,도심권,100001,지수,97.8279018309252,지수,,서울>강북지역>도심권,지수,2020년 8월,2020,8,2020-08-01
A_2024_00085,MM,202008,,,520015,동남권,100001,지수,96.2008294142304,지수,,서울>강남지역>동남권,지수,2020년 8월,2020,8,2020-08-01
A_2024_00085,MM,202008,,,510015,동부1권,100001,지수,98.4775826864238,지수,,경기>동부1권,지수,2020년 8월,2020,8,2020-08-01
A_2024_00085,MM,202008,,,510016,동부2권,100001,지수,100.16380050539,지수,,경기>동부2권,지수,2020년 8월,2020,8,2020-08-01
A_2024_00085,MM,202008,,,510022,동부산권,100001,지수,105.648023806274,지수,,부산>동부산권,지수,2020년 8월,2020,8,2020-08-01
A_2024_00085,MM,202008,,,520011,동북권,100001,지수,99.2408193938623,지수,,서울>강북지역>동북권,지수,2020년 8월,2020,8,2020-08-01
A_2024_00085,MM,202008,,,500011,부산,100001,지수,101.787072115555,지수,,부산,지수,2020년 8월,2020,8,2020-08-01
A_2024_00085,MM,202008,,,520014,서남권,100001,지수,101.401977298723,지수,,서울>강남지역>서남권,지수,2020년 8월,2020,8,2020-08-01
A_2024_00085,MM,202008,,,510023,서부산권,100001,지수,100.681425060269,지수,,부산>서부산권,지수,2020년 8월,2020,8,2020-08-01
A_2024_00085,MM,202008,,,520012,서북권,100001,지수,98.0796535402228,지수,,서울>강북지역>서북권,지수,2020년 8월,2020,8,2020-08-01
A_2024_00085,MM,202008,,,500008,서울,100001,지수,99.0277251320275,지수,,서울,지수,2020년 8월,2020,8,2020-08-01
A_2024_00085,MM,202008,,,510014,서해안권,100001,지수,96.6122197030619,지수,,경기>서해안권,지수,2020년 8월,2020,8,2020-08-01
A_2024_00085,MM,202008,,,500016,세종,100001,지수,103.435598048921,지수,,세종,지수,2020년 8월,2020,8,2020-08-01
A_2024_00085,MM,202008,,,500002,수도권,100001,지수,98.8412648819336,지수,,수도권,지수,2020년 8월,2020,8,2020-08-01
A_2024_00085,MM,202008,,,500015,울산,100001,지수,100.614643994206,지수,,울산,지수,2020년 8월,2020,8,2020-08-01
A_2024_00085,MM,202008,,,500010,인천,100001,지수,100.811501831385,지수,,인천,지수,2020년 8월,2020,8,2020-08-01
A_2024_00085,MM,202008,,,500001,전국,100001,지수,99.5491127211616,지수,,전국,지수,2020년 8월,2020,8,2020-08-01
A_2024_00085,MM,202008,,,500021,전남,100001,지수,101.901137587207,지수,,전남광주>전남,지수,2020년 8월,2020,8,2020-08-01
A_2024_00085,MM,202008,,,500020,전북,100001,지수,103.562403453114,지수,,전북,지수,2020년 8월,2020,8,2020-08-01
A_2024_00085,MM,202008,,,500024,제주,100001,지수,101.487336289621,지수,,제주,지수,2020년 8월,2020,8,2020-08-01
A_2024_00085,MM,202008,,,510021,중부산권,100001,지수,100.118283863649,지수,,부산>중부산권,지수,2020년 8월,2020,8,2020-08-01
A_2024_00085,MM,202008,,,500003,지방권,100001,지수,101.41834447631,지수,,지방권,지수,2020년 8월,2020,8,2020-08-01
A_2024_00085,MM,202008,,,500019,충남,100001,지수,101.223428021312,지수,,충남,지수,2020년 8월,2020,8,2020-08-01
A_2024_00085,MM,202008,,,500018,충북,100001,지수,99.5433548650957,지수,,충북,지수,2020년 8월,2020,8,2020-08-01
A_2024_00085,MM,202009,,,500005,5대광역시,100001,지수,102.12037934529,지수,,5대광역시,지수,2020년 9월,2020,9,2020-09-01
A_2024_00085,MM,202009,,,500004,6대광역시,100001,지수,101.625316583059,지수,,6대광역시,지수,2020년 9월,2020,9,2020-09-01
A_2024_00085,MM,202009,,,500007,8개도,100001,지수,100.792573169638,지수,,8개도,지수,2020년 9월,2020,9,2020-09-01
A_2024_00085,MM,202009,,,500006,9개도,100001,지수,99.074951617244,지수,,9개도,지수,2020년 9월,2020,9,2020-09-01
A_2024_00085,MM,202009,,,510010,강남지역,100001,지수,99.4979006597575,지수,,서울>강남지역,지수,2020년 9월,2020,9,2020-09-01
A_2024_00085,MM,202009,,,510009,강북지역,100001,지수,98.9070310378992,지수,,서울>강북지역,지수,2020년 9월,2020,9,2020-09-01
A_2024_00085,MM,202009,,,500017,강원,100001,지수,97.8288370693135,지수,,강원,지수,2020년 9월,2020,9,2020-09-01
A_2024_00085,MM,202009,,,500009,경기,100001,지수,98.2347233565948,지수,,경기,지수,2020년 9월,2020,9,2020-09-01
A_2024_00085,MM,202009,,,500023,경남,100001,지수,101.8678446473,지수,,경남,지수,2020년 9월,2020,9,2020-09-01
A_2024_00085,MM,202009,,,510012,경부1권,100001,지수,98.2622364946016,지수,,경기>경부1권,지수,2020년 9월,2020,9,2020-09-01
A_2024_00085,MM,202009,,,510013,경부2권,100001,지수,96.4760790295361,지수,,경기>경부2권,지수,2020년 9월,2020,9,2020-09-01
A_2024_00085,MM,202009,,,500022,경북,100001,지수,99.1537258146826,지수,,경북,지수,2020년 9월,2020,9,2020-09-01
A_2024_00085,MM,202009,,,510018,경원권,100001,지수,99.6077657266639,지수,,경기>경원권,지수,2020년 9월,2020,9,2020-09-01
A_2024_00085,MM,202009,,,510017,경의권,100001,지수,103.732050919058,지수,,경기>경의권,지수,2020년 9월,2020,9,2020-09-01
A_2024_00085,MM,202009,,,500013,광주,100001,지수,100.646554374253,지수,,전남광주>광주,지수,2020년 9월,2020,9,2020-09-01
A_2024_00085,MM,202009,,,500012,대구,100001,지수,104.819539089379,지수,,대구,지수,2020년 9월,2020,9,2020-09-01
A_2024_00085,MM,202009,,,500014,대전,100001,지수,101.728962368286,지수,,대전,지수,2020년 9월,2020,9,2020-09-01
A_2024_00085,MM,202009,,,520010,도심권,100001,지수,97.9653339652553,지수,,서울>강북지역>도심권,지수,2020년 9월,2020,9,2020-09-01
A_2024_00085,MM,202009,,,520015,동남권,100001,지수,96.4231459716582,지수,,서울>강남지역>동남권,지수,2020년 9월,2020,9,2020-09-01
A_2024_00085,MM,202009,,,510015,동부1권,100001,지수,98.7230997244372,지수,,경기>동부1권,지수,2020년 9월,2020,9,2020-09-01
A_2024_00085,MM,202009,,,510016,동부2권,100001,지수,100.093108466961,지수,,경기>동부2권,지수,2020년 9월,2020,9,2020-09-01
A_2024_00085,MM,202009,,,510022,동부산권,100001,지수,105.644408947048,지수,,부산>동부산권,지수,2020년 9월,2020,9,2020-09-01
A_2024_00085,MM,202009,,,520011,동북권,100001,지수,99.4817202986287,지수,,서울>강북지역>동북권,지수,2020년 9월,2020,9,2020-09-01
A_2024_00085,MM,202009,,,500011,부산,100001,지수,101.793120206829,지수,,부산,지수,2020년 9월,2020,9,2020-09-01
A_2024_00085,MM,202009,,,520014,서남권,100001,지수,101.530453491402,지수,,서울>강남지역>서남권,지수,2020년 9월,2020,9,2020-09-01
A_2024_00085,MM,202009,,,510023,서부산권,100001,지수,100.689401606104,지수,,부산>서부산권,지수,2020년 9월,2020,9,2020-09-01
A_2024_00085,MM,202009,,,520012,서북권,100001,지수,98.2454733433226,지수,,서울>강북지역>서북권,지수,2020년 9월,2020,9,2020-09-01
A_2024_00085,MM,202009,,,500008,서울,100001,지수,99.2122752867777,지수,,서울,지수,2020년 9월,2020,9,2020-09-01
A_2024_00085,MM,202009,,,510014,서해안권,100001,지수,96.8504794788513,지수,,경기>서해안권,지수,2020년 9월,2020,9,2020-09-01
A_2024_00085,MM,202009,,,500016,세종,100001,지수,103.547003640328,지수,,세종,지수,2020년 9월,2020,9,2020-09-01
A_2024_00085,MM,202009,,,500002,수도권,100001,지수,99.0345008014392,지수,,수도권,지수,2020년 9월,2020,9,2020-09-01
A_2024_00085,MM,202009,,,500015,울산,100001,지수,100.492600071088,지수,,울산,지수,2020년 9월,2020,9,2020-09-01
A_2024_00085,MM,202009,,,500010,인천,100001,지수,100.958715917953,지수,,인천,지수,2020년 9월,2020,9,2020-09-01
A_2024_00085,MM,202009,,,500001,전국,100001,지수,99.6921653586195,지수,,전국,지수,2020년 9월,2020,9,2020-09-01
A_2024_00085,MM,202009,,,500021,전남,100001,지수,101.893394033344,지수,,전남광주>전남,지수,2020년 9월,2020,9,2020-09-01
A_2024_00085,MM,202009,,,500020,전북,100001,지수,103.59850778976,지수,,전북,지수,2020년 9월,2020,9,2020-09-01
A_2024_00085,MM,202009,,,500024,제주,100001,지수,101.37276102688,지수,,제주,지수,2020년 9월,2020,9,2020-09-01
A_2024_00085,MM,202009,,,510021,중부산권,100001,지수,100.128785794097,지수,,부산>중부산권,지수,2020년 9월,2020,9,2020-09-01
A_2024_00085,MM,202009,,,500003,지방권,100001,지수,101.431053764976,지수,,지방권,지수,2020년 9월,2020,9,2020-09-01
A_2024_00085,MM,202009,,,500019,충남,100001,지수,101.428723577698,지수,,충남,지수,2020년 9월,2020,9,2020-09-01
A_2024_00085,MM,202009,,,500018,충북,100001,지수,99.5734460315853,지수,,충북,지수,2020년 9월,2020,9,2020-09-01
A_2024_00085,MM,202010,,,500005,5대광역시,100001,지수,102.175432586675,지수,,5대광역시,지수,2020년 10월,2020,10,2020-10-01
A_2024_00085,MM,202010,,,500004,6대광역시,100001,지수,101.742152226062,지수,,6대광역시,지수,2020년 10월,2020,10,2020-10-01
A_2024_00085,MM,202010,,,500007,8개도,100001,지수,100.779378048112,지수,,8개도,지수,2020년 10월,2020,10,2020-10-01
A_2024_00085,MM,202010,,,500006,9개도,100001,지수,99.1847045507745,지수,,9개도,지수,2020년 10월,2020,10,2020-10-01
A_2024_00085,MM,202010,,,510010,강남지역,100001,지수,99.6458620923354,지수,,서울>강남지역,지수,2020년 10월,2020,10,2020-10-01
A_2024_00085,MM,202010,,,510009,강북지역,100001,지수,99.1939806226159,지수,,서울>강북지역,지수,2020년 10월,2020,10,2020-10-01
A_2024_00085,MM,202010,,,500017,강원,100001,지수,97.7962018950105,지수,,강원,지수,2020년 10월,2020,10,2020-10-01
A_2024_00085,MM,202010,,,500009,경기,100001,지수,98.404812171999,지수,,경기,지수,2020년 10월,2020,10,2020-10-01
A_2024_00085,MM,202010,,,500023,경남,100001,지수,101.752932673256,지수,,경남,지수,2020년 10월,2020,10,2020-10-01
A_2024_00085,MM,202010,,,510012,경부1권,100001,지수,98.5803715960454,지수,,경기>경부1권,지수,2020년 10월,2020,10,2020-10-01
A_2024_00085,MM,202010,,,510013,경부2권,100001,지수,96.6586234123561,지수,,경기>경부2권,지수,2020년 10월,2020,10,2020-10-01
A_2024_00085,MM,202010,,,500022,경북,100001,지수,99.1243145993933,지수,,경북,지수,2020년 10월,2020,10,2020-10-01
A_2024_00085,MM,202010,,,510018,경원권,100001,지수,99.5962977084011,지수,,경기>경원권,지수,2020년 10월,2020,10,2020-10-01
A_2024_00085,MM,202010,,,510017,경의권,100001,지수,103.785885996975,지수,,경기>경의권,지수,2020년 10월,2020,10,2020-10-01
A_2024_00085,MM,202010,,,500013,광주,100001,지수,100.613458687595,지수,,전남광주>광주,지수,2020년 10월,2020,10,2020-10-01
A_2024_00085,MM,202010,,,500012,대구,100001,지수,104.927112645944,지수,,대구,지수,2020년 10월,2020,10,2020-10-01
A_2024_00085,MM,202010,,,500014,대전,100001,지수,101.843160933491,지수,,대전,지수,2020년 10월,2020,10,2020-10-01
A_2024_00085,MM,202010,,,520010,도심권,100001,지수,98.0946873066022,지수,,서울>강북지역>도심권,지수,2020년 10월,2020,10,2020-10-01
A_2024_00085,MM,202010,,,520015,동남권,100001,지수,96.62248558963,지수,,서울>강남지역>동남권,지수,2020년 10월,2020,10,2020-10-01
A_2024_00085,MM,202010,,,510015,동부1권,100001,지수,98.9027212843731,지수,,경기>동부1권,지수,2020년 10월,2020,10,2020-10-01
A_2024_00085,MM,202010,,,510016,동부2권,100001,지수,99.9933668860828,지수,,경기>동부2권,지수,2020년 10월,2020,10,2020-10-01
A_2024_00085,MM,202010,,,510022,동부산권,100001,지수,105.665873174585,지수,,부산>동부산권,지수,2020년 10월,2020,10,2020-10-01
A_2024_00085,MM,202010,,,520011,동북권,100001,지수,99.8488780014162,지수,,서울>강북지역>동북권,지수,2020년 10월,2020,10,2020-10-01
A_2024_00085,MM,202010,,,500011,부산,100001,지수,101.814102357518,지수,,부산,지수,2020년 10월,2020,10,2020-10-01
A_2024_00085,MM,202010,,,520014,서남권,100001,지수,101.642848261762,지수,,서울>강남지역>서남권,지수,2020년 10월,2020,10,2020-10-01
A_2024_00085,MM,202010,,,510023,서부산권,100001,지수,100.781737789537,지수,,부산>서부산권,지수,2020년 10월,2020,10,2020-10-01
A_2024_00085,MM,202010,,,520012,서북권,100001,지수,98.4584681007365,지수,,서울>강북지역>서북권,지수,2020년 10월,2020,10,2020-10-01
A_2024_00085,MM,202010,,,500008,서울,100001,지수,99.4276593335338,지수,,서울,지수,2020년 10월,2020,10,2020-10-01
A_2024_00085,MM,202010,,,510014,서해안권,100001,지수,97.0466404149555,지수,,경기>서해안권,지수,2020년 10월,2020,10,2020-10-01
A_2024_00085,MM,202010,,,500016,세종,100001,지수,103.804070239706,지수,,세종,지수,2020년 10월,2020,10,2020-10-01
A_2024_00085,MM,202010,,,500002,수도권,100001,지수,99.2291153661966,지수,,수도권,지수,2020년 10월,2020,10,2020-10-01
A_2024_00085,MM,202010,,,500015,울산,100001,지수,100.614854516903,지수,,울산,지수,2020년 10월,2020,10,2020-10-01
A_2024_00085,MM,202010,,,500010,인천,100001,지수,101.158227017276,지수,,인천,지수,2020년 10월,2020,10,2020-10-01
A_2024_00085,MM,202010,,,500001,전국,100001,지수,99.838212835125,지수,,전국,지수,2020년 10월,2020,10,2020-10-01
A_2024_00085,MM,202010,,,500021,전남,100001,지수,101.969655601026,지수,,전남광주>전남,지수,2020년 10월,2020,10,2020-10-01
A_2024_00085,MM,202010,,,500020,전북,100001,지수,103.552200477942,지수,,전북,지수,2020년 10월,2020,10,2020-10-01
A_2024_00085,MM,202010,,,500024,제주,100001,지수,101.296667340175,지수,,제주,지수,2020년 10월,2020,10,2020-10-01
A_2024_00085,MM,202010,,,510021,중부산권,100001,지수,100.123705887867,지수,,부산>중부산권,지수,2020년 10월,2020,10,2020-10-01
A_2024_00085,MM,202010,,,500003,지방권,100001,지수,101.451188958876,지수,,지방권,지수,2020년 10월,2020,10,2020-10-01
A_2024_00085,MM,202010,,,500019,충남,100001,지수,101.555718748673,지수,,충남,지수,2020년 10월,2020,10,2020-10-01
A_2024_00085,MM,202010,,,500018,충북,100001,지수,99.6209220439251,지수,,충북,지수,2020년 10월,2020,10,2020-10-01
A_2024_00085,MM,202011,,,500005,5대광역시,100001,지수,102.230428438144,지수,,5대광역시,지수,2020년 11월,2020,11,2020-11-01
A_2024_00085,MM,202011,,,500004,6대광역시,100001,지수,101.946638161041,지수,,6대광역시,지수,2020년 11월,2020,11,2020-11-01
A_2024_00085,MM,202011,,,500007,8개도,100001,지수,100.843606033622,지수,,8개도,지수,2020년 11월,2020,11,2020-11-01
A_2024_00085,MM,202011,,,500006,9개도,100001,지수,99.3178560587776,지수,,9개도,지수,2020년 11월,2020,11,2020-11-01
A_2024_00085,MM,202011,,,510010,강남지역,100001,지수,99.8424049057132,지수,,서울>강남지역,지수,2020년 11월,2020,11,2020-11-01
A_2024_00085,MM,202011,,,510009,강북지역,100001,지수,99.4549912949259,지수,,서울>강북지역,지수,2020년 11월,2020,11,2020-11-01
A_2024_00085,MM,202011,,,500017,강원,100001,지수,97.8568220461139,지수,,강원,지수,2020년 11월,2020,11,2020-11-01
A_2024_00085,MM,202011,,,500009,경기,100001,지수,98.5718402639222,지수,,경기,지수,2020년 11월,2020,11,2020-11-01
A_2024_00085,MM,202011,,,500023,경남,100001,지수,101.737631559379,지수,,경남,지수,2020년 11월,2020,11,2020-11-01
A_2024_00085,MM,202011,,,510012,경부1권,100001,지수,98.7678885781322,지수,,경기>경부1권,지수,2020년 11월,2020,11,2020-11-01
A_2024_00085,MM,202011,,,510013,경부2권,100001,지수,96.8377933406615,지수,,경기>경부2권,지수,2020년 11월,2020,11,2020-11-01
A_2024_00085,MM,202011,,,500022,경북,100001,지수,99.2170250134173,지수,,경북,지수,2020년 11월,2020,11,2020-11-01
A_2024_00085,MM,202011,,,510018,경원권,100001,지수,99.6971333143229,지수,,경기>경원권,지수,2020년 11월,2020,11,2020-11-01
A_2024_00085,MM,202011,,,510017,경의권,100001,지수,103.918353575319,지수,,경기>경의권,지수,2020년 11월,2020,11,2020-11-01
A_2024_00085,MM,202011,,,500013,광주,100001,지수,100.740645932825,지수,,전남광주>광주,지수,2020년 11월,2020,11,2020-11-01
A_2024_00085,MM,202011,,,500012,대구,100001,지수,105.050719922785,지수,,대구,지수,2020년 11월,2020,11,2020-11-01
A_2024_00085,MM,202011,,,500014,대전,100001,지수,101.933354125849,지수,,대전,지수,2020년 11월,2020,11,2020-11-01
A_2024_00085,MM,202011,,,520010,도심권,100001,지수,98.2887309481939,지수,,서울>강북지역>도심권,지수,2020년 11월,2020,11,2020-11-01
A_2024_00085,MM,202011,,,520015,동남권,100001,지수,96.8725899209836,지수,,서울>강남지역>동남권,지수,2020년 11월,2020,11,2020-11-01
A_2024_00085,MM,202011,,,510015,동부1권,100001,지수,99.0937041464172,지수,,경기>동부1권,지수,2020년 11월,2020,11,2020-11-01
A_2024_00085,MM,202011,,,510016,동부2권,100001,지수,99.9375433363284,지수,,경기>동부2권,지수,2020년 11월,2020,11,2020-11-01
A_2024_00085,MM,202011,,,510022,동부산권,100001,지수,105.660969221775,지수,,부산>동부산권,지수,2020년 11월,2020,11,2020-11-01
A_2024_00085,MM,202011,,,520011,동북권,100001,지수,100.160406001649,지수,,서울>강북지역>동북권,지수,2020년 11월,2020,11,2020-11-01
A_2024_00085,MM,202011,,,500011,부산,100001,지수,101.826651996766,지수,,부산,지수,2020년 11월,2020,11,2020-11-01
A_2024_00085,MM,202011,,,520014,서남권,100001,지수,101.802316089706,지수,,서울>강남지역>서남권,지수,2020년 11월,2020,11,2020-11-01
A_2024_00085,MM,202011,,,510023,서부산권,100001,지수,100.887788635104,지수,,부산>서부산권,지수,2020년 11월,2020,11,2020-11-01
A_2024_00085,MM,202011,,,520012,서북권,100001,지수,98.6624382605051,지수,,서울>강북지역>서북권,지수,2020년 11월,2020,11,2020-11-01
A_2024_00085,MM,202011,,,500008,서울,100001,지수,99.6554596163386,지수,,서울,지수,2020년 11월,2020,11,2020-11-01
A_2024_00085,MM,202011,,,510014,서해안권,100001,지수,97.234892150823,지수,,경기>서해안권,지수,2020년 11월,2020,11,2020-11-01
A_2024_00085,MM,202011,,,500016,세종,100001,지수,104.029596941851,지수,,세종,지수,2020년 11월,2020,11,2020-11-01
A_2024_00085,MM,202011,,,500002,수도권,100001,지수,99.456203397235,지수,,수도권,지수,2020년 11월,2020,11,2020-11-01
A_2024_00085,MM,202011,,,500015,울산,100001,지수,100.703731158293,지수,,울산,지수,2020년 11월,2020,11,2020-11-01
A_2024_00085,MM,202011,,,500010,인천,100001,지수,101.563252386546,지수,,인천,지수,2020년 11월,2020,11,2020-11-01
A_2024_00085,MM,202011,,,500001,전국,100001,지수,100.01883418702,지수,,전국,지수,2020년 11월,2020,11,2020-11-01
A_2024_00085,MM,202011,,,500021,전남,100001,지수,102.042112854301,지수,,전남광주>전남,지수,2020년 11월,2020,11,2020-11-01
A_2024_00085,MM,202011,,,500020,전북,100001,지수,103.673100022825,지수,,전북,지수,2020년 11월,2020,11,2020-11-01
A_2024_00085,MM,202011,,,500024,제주,100001,지수,101.223250952285,지수,,제주,지수,2020년 11월,2020,11,2020-11-01
A_2024_00085,MM,202011,,,510021,중부산권,100001,지수,100.111782574002,지수,,부산>중부산권,지수,2020년 11월,2020,11,2020-11-01
A_2024_00085,MM,202011,,,500003,지방권,100001,지수,101.511570027851,지수,,지방권,지수,2020년 11월,2020,11,2020-11-01
A_2024_00085,MM,202011,,,500019,충남,100001,지수,101.672944414177,지수,,충남,지수,2020년 11월,2020,11,2020-11-01
A_2024_00085,MM,202011,,,500018,충북,100001,지수,99.8522936927725,지수,,충북,지수,2020년 11월,2020,11,2020-11-01
A_2024_00085,MM,202012,,,500005,5대광역시,100001,지수,102.385974618175,지수,,5대광역시,지수,2020년 12월,2020,12,2020-12-01
A_2024_00085,MM,202012,,,500004,6대광역시,100001,지수,102.108557905046,지수,,6대광역시,지수,2020년 12월,2020,12,2020-12-01
A_2024_00085,MM,202012,,,500007,8개도,100001,지수,100.879787383183,지수,,8개도,지수,2020년 12월,2020,12,2020-12-01
A_2024_00085,MM,202012,,,500006,9개도,100001,지수,99.4585299204949,지수,,9개도,지수,2020년 12월,2020,12,2020-12-01
A_2024_00085,MM,202012,,,510010,강남지역,100001,지수,100.058037340213,지수,,서울>강남지역,지수,2020년 12월,2020,12,2020-12-01
A_2024_00085,MM,202012,,,510009,강북지역,100001,지수,99.7300016368317,지수,,서울>강북지역,지수,2020년 12월,2020,12,2020-12-01
A_2024_00085,MM,202012,,,500017,강원,100001,지수,98.0153247108813,지수,,강원,지수,2020년 12월,2020,12,2020-12-01
A_2024_00085,MM,202012,,,500009,경기,100001,지수,98.7639402929773,지수,,경기,지수,2020년 12월,2020,12,2020-12-01
A_2024_00085,MM,202012,,,500023,경남,100001,지수,101.753570072062,지수,,경남,지수,2020년 12월,2020,12,2020-12-01
A_2024_00085,MM,202012,,,510012,경부1권,100001,지수,99.0916096500402,지수,,경기>경부1권,지수,2020년 12월,2020,12,2020-12-01
A_2024_00085,MM,202012,,,510013,경부2권,100001,지수,96.9976726526437,지수,,경기>경부2권,지수,2020년 12월,2020,12,2020-12-01
A_2024_00085,MM,202012,,,500022,경북,100001,지수,99.2185496840547,지수,,경북,지수,2020년 12월,2020,12,2020-12-01
A_2024_00085,MM,202012,,,510018,경원권,100001,지수,99.7394202773013,지수,,경기>경원권,지수,2020년 12월,2020,12,2020-12-01
A_2024_00085,MM,202012,,,510017,경의권,100001,지수,104.034046204659,지수,,경기>경의권,지수,2020년 12월,2020,12,2020-12-01
A_2024_00085,MM,202012,,,500013,광주,100001,지수,100.836361652143,지수,,전남광주>광주,지수,2020년 12월,2020,12,2020-12-01
A_2024_00085,MM,202012,,,500012,대구,100001,지수,105.206266842023,지수,,대구,지수,2020년 12월,2020,12,2020-12-01
A_2024_00085,MM,202012,,,500014,대전,100001,지수,102.170934466878,지수,,대전,지수,2020년 12월,2020,12,2020-12-01
A_2024_00085,MM,202012,,,520010,도심권,100001,지수,98.4113261786506,지수,,서울>강북지역>도심권,지수,2020년 12월,2020,12,2020-12-01
A_2024_00085,MM,202012,,,520015,동남권,100001,지수,97.1577086726177,지수,,서울>강남지역>동남권,지수,2020년 12월,2020,12,2020-12-01
A_2024_00085,MM,202012,,,510015,동부1권,100001,지수,99.3246389963174,지수,,경기>동부1권,지수,2020년 12월,2020,12,2020-12-01
A_2024_00085,MM,202012,,,510016,동부2권,100001,지수,99.8846707943193,지수,,경기>동부2권,지수,2020년 12월,2020,12,2020-12-01
A_2024_00085,MM,202012,,,510022,동부산권,100001,지수,105.878517610634,지수,,부산>동부산권,지수,2020년 12월,2020,12,2020-12-01
A_2024_00085,MM,202012,,,520011,동북권,100001,지수,100.487677764722,지수,,서울>강북지역>동북권,지수,2020년 12월,2020,12,2020-12-01
A_2024_00085,MM,202012,,,500011,부산,100001,지수,101.944846752769,지수,,부산,지수,2020년 12월,2020,12,2020-12-01
A_2024_00085,MM,202012,,,520014,서남권,100001,지수,101.969944908521,지수,,서울>강남지역>서남권,지수,2020년 12월,2020,12,2020-12-01
A_2024_00085,MM,202012,,,510023,서부산권,100001,지수,101.057811246729,지수,,부산>서부산권,지수,2020년 12월,2020,12,2020-12-01
A_2024_00085,MM,202012,,,520012,서북권,100001,지수,98.9056113072289,지수,,서울>강북지역>서북권,지수,2020년 12월,2020,12,2020-12-01
A_2024_00085,MM,202012,,,500008,서울,100001,지수,99.8998724423109,지수,,서울,지수,2020년 12월,2020,12,2020-12-01
A_2024_00085,MM,202012,,,510014,서해안권,100001,지수,97.4483678602238,지수,,경기>서해안권,지수,2020년 12월,2020,12,2020-12-01
A_2024_00085,MM,202012,,,500016,세종,100001,지수,103.85295417968,지수,,세종,지수,2020년 12월,2020,12,2020-12-01
A_2024_00085,MM,202012,,,500002,수도권,100001,지수,99.6690187618974,지수,,수도권,지수,2020년 12월,2020,12,2020-12-01
A_2024_00085,MM,202012,,,500015,울산,100001,지수,100.997618867469,지수,,울산,지수,2020년 12월,2020,12,2020-12-01
A_2024_00085,MM,202012,,,500010,인천,100001,지수,101.733734744044,지수,,인천,지수,2020년 12월,2020,12,2020-12-01
A_2024_00085,MM,202012,,,500001,전국,100001,지수,100.197976000542,지수,,전국,지수,2020년 12월,2020,12,2020-12-01
A_2024_00085,MM,202012,,,500021,전남,100001,지수,102.121825815897,지수,,전남광주>전남,지수,2020년 12월,2020,12,2020-12-01
A_2024_00085,MM,202012,,,500020,전북,100001,지수,103.570067903796,지수,,전북,지수,2020년 12월,2020,12,2020-12-01
A_2024_00085,MM,202012,,,500024,제주,100001,지수,101.163355945269,지수,,제주,지수,2020년 12월,2020,12,2020-12-01
A_2024_00085,MM,202012,,,510021,중부산권,100001,지수,100.158346500695,지수,,부산>중부산권,지수,2020년 12월,2020,12,2020-12-01
A_2024_00085,MM,202012,,,500003,지방권,100001,지수,101.603724348008,지수,,지방권,지수,2020년 12월,2020,12,2020-12-01
A_2024_00085,MM,202012,,,500019,충남,100001,지수,101.889173529829,지수,,충남,지수,2020년 12월,2020,12,2020-12-01
A_2024_00085,MM,202012,,,500018,충북,100001,지수,99.8218447115033,지수,,충북,지수,2020년 12월,2020,12,2020-12-01
A_2024_00085,MM,202101,,,500005,5대광역시,100001,지수,102.481506964476,지수,,5대광역시,지수,2021년 1월,2021,1,2021-01-01
A_2024_00085,MM,202101,,,500004,6대광역시,100001,지수,102.229169833844,지수,,6대광역시,지수,2021년 1월,2021,1,2021-01-01
A_2024_00085,MM,202101,,,500007,8개도,100001,지수,100.921286423805,지수,,8개도,지수,2021년 1월,2021,1,2021-01-01
A_2024_00085,MM,202101,,,500006,9개도,100001,지수,99.5983901764762,지수,,9개도,지수,2021년 1월,2021,1,2021-01-01
A_2024_00085,MM,202101,,,510010,강남지역,100001,지수,100.278156524703,지수,,서울>강남지역,지수,2021년 1월,2021,1,2021-01-01
A_2024_00085,MM,202101,,,510009,강북지역,100001,지수,99.991294165851,지수,,서울>강북지역,지수,2021년 1월,2021,1,2021-01-01
A_2024_00085,MM,202101,,,500017,강원,100001,지수,98.1264338174078,지수,,강원,지수,2021년 1월,2021,1,2021-01-01
A_2024_00085,MM,202101,,,500009,경기,100001,지수,98.9522857123856,지수,,경기,지수,2021년 1월,2021,1,2021-01-01
A_2024_00085,MM,202101,,,500023,경남,100001,지수,101.737963264013,지수,,경남,지수,2021년 1월,2021,1,2021-01-01
A_2024_00085,MM,202101,,,510012,경부1권,100001,지수,99.3411105627536,지수,,경기>경부1권,지수,2021년 1월,2021,1,2021-01-01
A_2024_00085,MM,202101,,,510013,경부2권,100001,지수,97.0913834312263,지수,,경기>경부2권,지수,2021년 1월,2021,1,2021-01-01
A_2024_00085,MM,202101,,,500022,경북,100001,지수,99.3180010637944,지수,,경북,지수,2021년 1월,2021,1,2021-01-01
A_2024_00085,MM,202101,,,510018,경원권,100001,지수,99.8751789173461,지수,,경기>경원권,지수,2021년 1월,2021,1,2021-01-01
A_2024_00085,MM,202101,,,510017,경의권,100001,지수,104.135881826259,지수,,경기>경의권,지수,2021년 1월,2021,1,2021-01-01
A_2024_00085,MM,202101,,,500013,광주,100001,지수,101.074817271715,지수,,전남광주>광주,지수,2021년 1월,2021,1,2021-01-01
A_2024_00085,MM,202101,,,500012,대구,100001,지수,105.357789991235,지수,,대구,지수,2021년 1월,2021,1,2021-01-01
A_2024_00085,MM,202101,,,500014,대전,100001,지수,102.383195412749,지수,,대전,지수,2021년 1월,2021,1,2021-01-01
A_2024_00085,MM,202101,,,520010,도심권,100001,지수,98.576455715934,지수,,서울>강북지역>도심권,지수,2021년 1월,2021,1,2021-01-01
A_2024_00085,MM,202101,,,520015,동남권,100001,지수,97.3987073455177,지수,,서울>강남지역>동남권,지수,2021년 1월,2021,1,2021-01-01
A_2024_00085,MM,202101,,,510015,동부1권,100001,지수,99.6251146836627,지수,,경기>동부1권,지수,2021년 1월,2021,1,2021-01-01
A_2024_00085,MM,202101,,,510016,동부2권,100001,지수,99.8814638479013,지수,,경기>동부2권,지수,2021년 1월,2021,1,2021-01-01
A_2024_00085,MM,202101,,,510022,동부산권,100001,지수,105.984878544349,지수,,부산>동부산권,지수,2021년 1월,2021,1,2021-01-01
A_2024_00085,MM,202101,,,520011,동북권,100001,지수,100.769907126649,지수,,서울>강북지역>동북권,지수,2021년 1월,2021,1,2021-01-01
A_2024_00085,MM,202101,,,500011,부산,100001,지수,101.974199535162,지수,,부산,지수,2021년 1월,2021,1,2021-01-01
A_2024_00085,MM,202101,,,520014,서남권,100001,지수,102.17552561189,지수,,서울>강남지역>서남권,지수,2021년 1월,2021,1,2021-01-01
A_2024_00085,MM,202101,,,510023,서부산권,100001,지수,101.176824328687,지수,,부산>서부산권,지수,2021년 1월,2021,1,2021-01-01
A_2024_00085,MM,202101,,,520012,서북권,100001,지수,99.1655202625397,지수,,서울>강북지역>서북권,지수,2021년 1월,2021,1,2021-01-01
A_2024_00085,MM,202101,,,500008,서울,100001,지수,100.13994351149,지수,,서울,지수,2021년 1월,2021,1,2021-01-01
A_2024_00085,MM,202101,,,510014,서해안권,100001,지수,97.6609418494158,지수,,경기>서해안권,지수,2021년 1월,2021,1,2021-01-01
A_2024_00085,MM,202101,,,500016,세종,100001,지수,103.857320749112,지수,,세종,지수,2021년 1월,2021,1,2021-01-01
A_2024_00085,MM,202101,,,500002,수도권,100001,지수,99.8761093903339,지수,,수도권,지수,2021년 1월,2021,1,2021-01-01
A_2024_00085,MM,202101,,,500015,울산,100001,지수,101.144369290009,지수,,울산,지수,2021년 1월,2021,1,2021-01-01
A_2024_00085,MM,202101,,,500010,인천,100001,지수,101.8880627255,지수,,인천,지수,2021년 1월,2021,1,2021-01-01
A_2024_00085,MM,202101,,,500001,전국,100001,지수,100.365943256435,지수,,전국,지수,2021년 1월,2021,1,2021-01-01
A_2024_00085,MM,202101,,,500021,전남,100001,지수,102.161994223306,지수,,전남광주>전남,지수,2021년 1월,2021,1,2021-01-01
A_2024_00085,MM,202101,,,500020,전북,100001,지수,103.521824077722,지수,,전북,지수,2021년 1월,2021,1,2021-01-01
A_2024_00085,MM,202101,,,500024,제주,100001,지수,101.201083412832,지수,,제주,지수,2021년 1월,2021,1,2021-01-01
A_2024_00085,MM,202101,,,510021,중부산권,100001,지수,100.114437332091,지수,,부산>중부산권,지수,2021년 1월,2021,1,2021-01-01
A_2024_00085,MM,202101,,,500003,지방권,100001,지수,101.670747253604,지수,,지방권,지수,2021년 1월,2021,1,2021-01-01
A_2024_00085,MM,202101,,,500019,충남,100001,지수,101.965966636935,지수,,충남,지수,2021년 1월,2021,1,2021-01-01
A_2024_00085,MM,202101,,,500018,충북,100001,지수,99.7919978478347,지수,,충북,지수,2021년 1월,2021,1,2021-01-01
A_2024_00085,MM,202102,,,500005,5대광역시,100001,지수,102.578101143882,지수,,5대광역시,지수,2021년 2월,2021,2,2021-02-01
A_2024_00085,MM,202102,,,500004,6대광역시,100001,지수,102.443694351635,지수,,6대광역시,지수,2021년 2월,2021,2,2021-02-01
A_2024_00085,MM,202102,,,500007,8개도,100001,지수,100.903190568132,지수,,8개도,지수,2021년 2월,2021,2,2021-02-01
A_2024_00085,MM,202102,,,500006,9개도,100001,지수,99.7124029881134,지수,,9개도,지수,2021년 2월,2021,2,2021-02-01
A_2024_00085,MM,202102,,,510010,강남지역,100001,지수,100.499512269969,지수,,서울>강남지역,지수,2021년 2월,2021,2,2021-02-01
A_2024_00085,MM,202102,,,510009,강북지역,100001,지수,100.254962818593,지수,,서울>강북지역,지수,2021년 2월,2021,2,2021-02-01
A_2024_00085,MM,202102,,,500017,강원,100001,지수,98.1909067516027,지수,,강원,지수,2021년 2월,2021,2,2021-02-01
A_2024_00085,MM,202102,,,500009,경기,100001,지수,99.1315292365658,지수,,경기,지수,2021년 2월,2021,2,2021-02-01
A_2024_00085,MM,202102,,,500023,경남,100001,지수,101.658259561697,지수,,경남,지수,2021년 2월,2021,2,2021-02-01
A_2024_00085,MM,202102,,,510012,경부1권,100001,지수,99.5465554143845,지수,,경기>경부1권,지수,2021년 2월,2021,2,2021-02-01
A_2024_00085,MM,202102,,,510013,경부2권,100001,지수,97.3829658091555,지수,,경기>경부2권,지수,2021년 2월,2021,2,2021-02-01
A_2024_00085,MM,202102,,,500022,경북,100001,지수,99.1821314627776,지수,,경북,지수,2021년 2월,2021,2,2021-02-01
A_2024_00085,MM,202102,,,510018,경원권,100001,지수,99.9663058927599,지수,,경기>경원권,지수,2021년 2월,2021,2,2021-02-01
A_2024_00085,MM,202102,,,510017,경의권,100001,지수,104.231649828418,지수,,경기>경의권,지수,2021년 2월,2021,2,2021-02-01
A_2024_00085,MM,202102,,,500013,광주,100001,지수,101.137375387046,지수,,전남광주>광주,지수,2021년 2월,2021,2,2021-02-01
A_2024_00085,MM,202102,,,500012,대구,100001,지수,105.46621967291,지수,,대구,지수,2021년 2월,2021,2,2021-02-01
A_2024_00085,MM,202102,,,500014,대전,100001,지수,102.609399984686,지수,,대전,지수,2021년 2월,2021,2,2021-02-01
A_2024_00085,MM,202102,,,520010,도심권,100001,지수,98.7657906722488,지수,,서울>강북지역>도심권,지수,2021년 2월,2021,2,2021-02-01
A_2024_00085,MM,202102,,,520015,동남권,100001,지수,97.6363113633244,지수,,서울>강남지역>동남권,지수,2021년 2월,2021,2,2021-02-01
A_2024_00085,MM,202102,,,510015,동부1권,100001,지수,99.9351575233568,지수,,경기>동부1권,지수,2021년 2월,2021,2,2021-02-01
A_2024_00085,MM,202102,,,510016,동부2권,100001,지수,99.9210207558585,지수,,경기>동부2권,지수,2021년 2월,2021,2,2021-02-01
A_2024_00085,MM,202102,,,510022,동부산권,100001,지수,106.035220752092,지수,,부산>동부산권,지수,2021년 2월,2021,2,2021-02-01
A_2024_00085,MM,202102,,,520011,동북권,100001,지수,101.086015932639,지수,,서울>강북지역>동북권,지수,2021년 2월,2021,2,2021-02-01
A_2024_00085,MM,202102,,,500011,부산,100001,지수,102.043240946123,지수,,부산,지수,2021년 2월,2021,2,2021-02-01
A_2024_00085,MM,202102,,,520014,서남권,100001,지수,102.385532955551,지수,,서울>강남지역>서남권,지수,2021년 2월,2021,2,2021-02-01
A_2024_00085,MM,202102,,,510023,서부산권,100001,지수,101.246884294409,지수,,부산>서부산권,지수,2021년 2월,2021,2,2021-02-01
A_2024_00085,MM,202102,,,520012,서북권,100001,지수,99.3717638949224,지수,,서울>강북지역>서북권,지수,2021년 2월,2021,2,2021-02-01
A_2024_00085,MM,202102,,,500008,서울,100001,지수,100.381798764079,지수,,서울,지수,2021년 2월,2021,2,2021-02-01
A_2024_00085,MM,202102,,,510014,서해안권,100001,지수,97.7914089955802,지수,,경기>서해안권,지수,2021년 2월,2021,2,2021-02-01
A_2024_00085,MM,202102,,,500016,세종,100001,지수,104.016100037433,지수,,세종,지수,2021년 2월,2021,2,2021-02-01
A_2024_00085,MM,202102,,,500002,수도권,100001,지수,100.110208447479,지수,,수도권,지수,2021년 2월,2021,2,2021-02-01
A_2024_00085,MM,202102,,,500015,울산,100001,지수,101.22733405821,지수,,울산,지수,2021년 2월,2021,2,2021-02-01
A_2024_00085,MM,202102,,,500010,인천,100001,지수,102.261397663299,지수,,인천,지수,2021년 2월,2021,2,2021-02-01
A_2024_00085,MM,202102,,,500001,전국,100001,지수,100.544903387268,지수,,전국,지수,2021년 2월,2021,2,2021-02-01
A_2024_00085,MM,202102,,,500021,전남,100001,지수,102.215363029697,지수,,전남광주>전남,지수,2021년 2월,2021,2,2021-02-01
A_2024_00085,MM,202102,,,500020,전북,100001,지수,103.543114643008,지수,,전북,지수,2021년 2월,2021,2,2021-02-01
A_2024_00085,MM,202102,,,500024,제주,100001,지수,101.213447227736,지수,,제주,지수,2021년 2월,2021,2,2021-02-01
A_2024_00085,MM,202102,,,510021,중부산권,100001,지수,100.193040738999,지수,,부산>중부산권,지수,2021년 2월,2021,2,2021-02-01
A_2024_00085,MM,202102,,,500003,지방권,100001,지수,101.70766256477,지수,,지방권,지수,2021년 2월,2021,2,2021-02-01
A_2024_00085,MM,202102,,,500019,충남,100001,지수,101.998943244181,지수,,충남,지수,2021년 2월,2021,2,2021-02-01
A_2024_00085,MM,202102,,,500018,충북,100001,지수,99.8425235033778,지수,,충북,지수,2021년 2월,2021,2,2021-02-01
A_2024_00085,MM,202103,,,500005,5대광역시,100001,지수,102.66325230864,지수,,5대광역시,지수,2021년 3월,2021,3,2021-03-01
A_2024_00085,MM,202103,,,500004,6대광역시,100001,지수,102.635485211933,지수,,6대광역시,지수,2021년 3월,2021,3,2021-03-01
A_2024_00085,MM,202103,,,500007,8개도,100001,지수,100.922667091828,지수,,8개도,지수,2021년 3월,2021,3,2021-03-01
A_2024_00085,MM,202103,,,500006,9개도,100001,지수,99.8198319039113,지수,,9개도,지수,2021년 3월,2021,3,2021-03-01
A_2024_00085,MM,202103,,,510010,강남지역,100001,지수,100.654508081017,지수,,서울>강남지역,지수,2021년 3월,2021,3,2021-03-01
A_2024_00085,MM,202103,,,510009,강북지역,100001,지수,100.469574911815,지수,,서울>강북지역,지수,2021년 3월,2021,3,2021-03-01
A_2024_00085,MM,202103,,,500017,강원,100001,지수,98.3797753143597,지수,,강원,지수,2021년 3월,2021,3,2021-03-01
A_2024_00085,MM,202103,,,500009,경기,100001,지수,99.2824613759873,지수,,경기,지수,2021년 3월,2021,3,2021-03-01
A_2024_00085,MM,202103,,,500023,경남,100001,지수,101.63250983416,지수,,경남,지수,2021년 3월,2021,3,2021-03-01
A_2024_00085,MM,202103,,,510012,경부1권,100001,지수,99.695811929318,지수,,경기>경부1권,지수,2021년 3월,2021,3,2021-03-01
A_2024_00085,MM,202103,,,510013,경부2권,100001,지수,97.4543178289287,지수,,경기>경부2권,지수,2021년 3월,2021,3,2021-03-01
A_2024_00085,MM,202103,,,500022,경북,100001,지수,99.0967932162065,지수,,경북,지수,2021년 3월,2021,3,2021-03-01
A_2024_00085,MM,202103,,,510018,경원권,100001,지수,100.079322743331,지수,,경기>경원권,지수,2021년 3월,2021,3,2021-03-01
A_2024_00085,MM,202103,,,510017,경의권,100001,지수,104.343496649997,지수,,경기>경의권,지수,2021년 3월,2021,3,2021-03-01
A_2024_00085,MM,202103,,,500013,광주,100001,지수,101.189853837185,지수,,전남광주>광주,지수,2021년 3월,2021,3,2021-03-01
A_2024_00085,MM,202103,,,500012,대구,100001,지수,105.58165966956,지수,,대구,지수,2021년 3월,2021,3,2021-03-01
A_2024_00085,MM,202103,,,500014,대전,100001,지수,102.766722560462,지수,,대전,지수,2021년 3월,2021,3,2021-03-01
A_2024_00085,MM,202103,,,520010,도심권,100001,지수,98.905109676642,지수,,서울>강북지역>도심권,지수,2021년 3월,2021,3,2021-03-01
A_2024_00085,MM,202103,,,520015,동남권,100001,지수,97.7796547724534,지수,,서울>강남지역>동남권,지수,2021년 3월,2021,3,2021-03-01
A_2024_00085,MM,202103,,,510015,동부1권,100001,지수,100.100087290942,지수,,경기>동부1권,지수,2021년 3월,2021,3,2021-03-01
A_2024_00085,MM,202103,,,510016,동부2권,100001,지수,99.9478248478847,지수,,경기>동부2권,지수,2021년 3월,2021,3,2021-03-01
A_2024_00085,MM,202103,,,510022,동부산권,100001,지수,106.1378386666,지수,,부산>동부산권,지수,2021년 3월,2021,3,2021-03-01
A_2024_00085,MM,202103,,,520011,동북권,100001,지수,101.352258063498,지수,,서울>강북지역>동북권,지수,2021년 3월,2021,3,2021-03-01
A_2024_00085,MM,202103,,,500011,부산,100001,지수,102.098816772944,지수,,부산,지수,2021년 3월,2021,3,2021-03-01
A_2024_00085,MM,202103,,,520014,서남권,100001,지수,102.548410783712,지수,,서울>강남지역>서남권,지수,2021년 3월,2021,3,2021-03-01
A_2024_00085,MM,202103,,,510023,서부산권,100001,지수,101.304099512288,지수,,부산>서부산권,지수,2021년 3월,2021,3,2021-03-01
A_2024_00085,MM,202103,,,520012,서북권,100001,지수,99.5306458677069,지수,,서울>강북지역>서북권,지수,2021년 3월,2021,3,2021-03-01
A_2024_00085,MM,202103,,,500008,서울,100001,지수,100.565668246926,지수,,서울,지수,2021년 3월,2021,3,2021-03-01
A_2024_00085,MM,202103,,,510014,서해안권,100001,지수,97.9964492043162,지수,,경기>서해안권,지수,2021년 3월,2021,3,2021-03-01
A_2024_00085,MM,202103,,,500016,세종,100001,지수,104.080010419379,지수,,세종,지수,2021년 3월,2021,3,2021-03-01
A_2024_00085,MM,202103,,,500002,수도권,100001,지수,100.301265462221,지수,,수도권,지수,2021년 3월,2021,3,2021-03-01
A_2024_00085,MM,202103,,,500015,울산,100001,지수,101.350223737872,지수,,울산,지수,2021년 3월,2021,3,2021-03-01
A_2024_00085,MM,202103,,,500010,인천,100001,지수,102.597166598079,지수,,인천,지수,2021년 3월,2021,3,2021-03-01
A_2024_00085,MM,202103,,,500001,전국,100001,지수,100.696680790951,지수,,전국,지수,2021년 3월,2021,3,2021-03-01
A_2024_00085,MM,202103,,,500021,전남,100001,지수,102.243472101854,지수,,전남광주>전남,지수,2021년 3월,2021,3,2021-03-01
A_2024_00085,MM,202103,,,500020,전북,100001,지수,103.570966530842,지수,,전북,지수,2021년 3월,2021,3,2021-03-01
A_2024_00085,MM,202103,,,500024,제주,100001,지수,101.167409694412,지수,,제주,지수,2021년 3월,2021,3,2021-03-01
A_2024_00085,MM,202103,,,510021,중부산권,100001,지수,100.223018885361,지수,,부산>중부산권,지수,2021년 3월,2021,3,2021-03-01
A_2024_00085,MM,202103,,,500003,지방권,100001,지수,101.758435079123,지수,,지방권,지수,2021년 3월,2021,3,2021-03-01
A_2024_00085,MM,202103,,,500019,충남,100001,지수,102.127040314518,지수,,충남,지수,2021년 3월,2021,3,2021-03-01
A_2024_00085,MM,202103,,,500018,충북,100001,지수,99.9250279001767,지수,,충북,지수,2021년 3월,2021,3,2021-03-01
A_2024_00085,MM,202104,,,500005,5대광역시,100001,지수,102.74335577,지수,,5대광역시,지수,2021년 4월,2021,4,2021-04-01
A_2024_00085,MM,202104,,,500004,6대광역시,100001,지수,102.776959380464,지수,,6대광역시,지수,2021년 4월,2021,4,2021-04-01
A_2024_00085,MM,202104,,,500007,8개도,100001,지수,100.977168838688,지수,,8개도,지수,2021년 4월,2021,4,2021-04-01
A_2024_00085,MM,202104,,,500006,9개도,100001,지수,99.9057143469713,지수,,9개도,지수,2021년 4월,2021,4,2021-04-01
A_2024_00085,MM,202104,,,510010,강남지역,100001,지수,100.753667045583,지수,,서울>강남지역,지수,2021년 4월,2021,4,2021-04-01
A_2024_00085,MM,202104,,,510009,강북지역,100001,지수,100.671977995795,지수,,서울>강북지역,지수,2021년 4월,2021,4,2021-04-01
A_2024_00085,MM,202104,,,500017,강원,100001,지수,98.58802457265,지수,,강원,지수,2021년 4월,2021,4,2021-04-01
A_2024_00085,MM,202104,,,500009,경기,100001,지수,99.3838837015298,지수,,경기,지수,2021년 4월,2021,4,2021-04-01
A_2024_00085,MM,202104,,,500023,경남,100001,지수,101.569265434098,지수,,경남,지수,2021년 4월,2021,4,2021-04-01
A_2024_00085,MM,202104,,,510012,경부1권,100001,지수,99.8258723108792,지수,,경기>경부1권,지수,2021년 4월,2021,4,2021-04-01
A_2024_00085,MM,202104,,,510013,경부2권,100001,지수,97.5277451013952,지수,,경기>경부2권,지수,2021년 4월,2021,4,2021-04-01
A_2024_00085,MM,202104,,,500022,경북,100001,지수,99.1044617117045,지수,,경북,지수,2021년 4월,2021,4,2021-04-01
A_2024_00085,MM,202104,,,510018,경원권,100001,지수,100.11563996009,지수,,경기>경원권,지수,2021년 4월,2021,4,2021-04-01
A_2024_00085,MM,202104,,,510017,경의권,100001,지수,104.470000901951,지수,,경기>경의권,지수,2021년 4월,2021,4,2021-04-01
A_2024_00085,MM,202104,,,500013,광주,100001,지수,101.294724294326,지수,,전남광주>광주,지수,2021년 4월,2021,4,2021-04-01
A_2024_00085,MM,202104,,,500012,대구,100001,지수,105.700010143398,지수,,대구,지수,2021년 4월,2021,4,2021-04-01
A_2024_00085,MM,202104,,,500014,대전,100001,지수,102.837460153342,지수,,대전,지수,2021년 4월,2021,4,2021-04-01
A_2024_00085,MM,202104,,,520010,도심권,100001,지수,99.0813426083021,지수,,서울>강북지역>도심권,지수,2021년 4월,2021,4,2021-04-01
A_2024_00085,MM,202104,,,520015,동남권,100001,지수,97.8772340936771,지수,,서울>강남지역>동남권,지수,2021년 4월,2021,4,2021-04-01
A_2024_00085,MM,202104,,,510015,동부1권,100001,지수,100.20595119614,지수,,경기>동부1권,지수,2021년 4월,2021,4,2021-04-01
A_2024_00085,MM,202104,,,510016,동부2권,100001,지수,99.9893883903999,지수,,경기>동부2권,지수,2021년 4월,2021,4,2021-04-01
A_2024_00085,MM,202104,,,510022,동부산권,100001,지수,106.231363174378,지수,,부산>동부산권,지수,2021년 4월,2021,4,2021-04-01
A_2024_00085,MM,202104,,,520011,동북권,100001,지수,101.587894920532,지수,,서울>강북지역>동북권,지수,2021년 4월,2021,4,2021-04-01
A_2024_00085,MM,202104,,,500011,부산,100001,지수,102.160599352207,지수,,부산,지수,2021년 4월,2021,4,2021-04-01
A_2024_00085,MM,202104,,,520014,서남권,100001,지수,102.648574702803,지수,,서울>강남지역>서남권,지수,2021년 4월,2021,4,2021-04-01
A_2024_00085,MM,202104,,,510023,서부산권,100001,지수,101.413386935097,지수,,부산>서부산권,지수,2021년 4월,2021,4,2021-04-01
A_2024_00085,MM,202104,,,520012,서북권,100001,지수,99.6898899186538,지수,,서울>강북지역>서북권,지수,2021년 4월,2021,4,2021-04-01
A_2024_00085,MM,202104,,,500008,서울,100001,지수,100.714808719965,지수,,서울,지수,2021년 4월,2021,4,2021-04-01
A_2024_00085,MM,202104,,,510014,서해안권,100001,지수,98.1083349204997,지수,,경기>서해안권,지수,2021년 4월,2021,4,2021-04-01
A_2024_00085,MM,202104,,,500016,세종,100001,지수,104.096752490734,지수,,세종,지수,2021년 4월,2021,4,2021-04-01
A_2024_00085,MM,202104,,,500002,수도권,100001,지수,100.441063169386,지수,,수도권,지수,2021년 4월,2021,4,2021-04-01
A_2024_00085,MM,202104,,,500015,울산,100001,지수,101.464614850627,지수,,울산,지수,2021년 4월,2021,4,2021-04-01
A_2024_00085,MM,202104,,,500010,인천,100001,지수,102.82165923071,지수,,인천,지수,2021년 4월,2021,4,2021-04-01
A_2024_00085,MM,202104,,,500001,전국,100001,지수,100.815938057779,지수,,전국,지수,2021년 4월,2021,4,2021-04-01
A_2024_00085,MM,202104,,,500021,전남,100001,지수,102.271206308413,지수,,전남광주>전남,지수,2021년 4월,2021,4,2021-04-01
A_2024_00085,MM,202104,,,500020,전북,100001,지수,103.673942882344,지수,,전북,지수,2021년 4월,2021,4,2021-04-01
A_2024_00085,MM,202104,,,500024,제주,100001,지수,101.166278621089,지수,,제주,지수,2021년 4월,2021,4,2021-04-01
A_2024_00085,MM,202104,,,510021,중부산권,100001,지수,100.250841902846,지수,,부산>중부산권,지수,2021년 4월,2021,4,2021-04-01
A_2024_00085,MM,202104,,,500003,지방권,100001,지수,101.82494952707,지수,,지방권,지수,2021년 4월,2021,4,2021-04-01
A_2024_00085,MM,202104,,,500019,충남,100001,지수,102.219747235411,지수,,충남,지수,2021년 4월,2021,4,2021-04-01
A_2024_00085,MM,202104,,,500018,충북,100001,지수,100.152854909851,지수,,충북,지수,2021년 4월,2021,4,2021-04-01
A_2024_00085,MM,202105,,,500005,5대광역시,100001,지수,102.829867348439,지수,,5대광역시,지수,2021년 5월,2021,5,2021-05-01
A_2024_00085,MM,202105,,,500004,6대광역시,100001,지수,102.856872476701,지수,,6대광역시,지수,2021년 5월,2021,5,2021-05-01
A_2024_00085,MM,202105,,,500007,8개도,100001,지수,100.980491368078,지수,,8개도,지수,2021년 5월,2021,5,2021-05-01
A_2024_00085,MM,202105,,,500006,9개도,100001,지수,100.001654615001,지수,,9개도,지수,2021년 5월,2021,5,2021-05-01
A_2024_00085,MM,202105,,,510010,강남지역,100001,지수,100.871958200689,지수,,서울>강남지역,지수,2021년 5월,2021,5,2021-05-01
A_2024_00085,MM,202105,,,510009,강북지역,100001,지수,100.886077071351,지수,,서울>강북지역,지수,2021년 5월,2021,5,2021-05-01
A_2024_00085,MM,202105,,,500017,강원,100001,지수,98.7468551990987,지수,,강원,지수,2021년 5월,2021,5,2021-05-01
A_2024_00085,MM,202105,,,500009,경기,100001,지수,99.5257187931567,지수,,경기,지수,2021년 5월,2021,5,2021-05-01
A_2024_00085,MM,202105,,,500023,경남,100001,지수,101.444248902003,지수,,경남,지수,2021년 5월,2021,5,2021-05-01
A_2024_00085,MM,202105,,,510012,경부1권,100001,지수,99.9470105642018,지수,,경기>경부1권,지수,2021년 5월,2021,5,2021-05-01
A_2024_00085,MM,202105,,,510013,경부2권,100001,지수,97.5761115698709,지수,,경기>경부2권,지수,2021년 5월,2021,5,2021-05-01
A_2024_00085,MM,202105,,,500022,경북,100001,지수,99.0686491253172,지수,,경북,지수,2021년 5월,2021,5,2021-05-01
A_2024_00085,MM,202105,,,510018,경원권,100001,지수,100.24352799383,지수,,경기>경원권,지수,2021년 5월,2021,5,2021-05-01
A_2024_00085,MM,202105,,,510017,경의권,100001,지수,104.492467415439,지수,,경기>경의권,지수,2021년 5월,2021,5,2021-05-01
A_2024_00085,MM,202105,,,500013,광주,100001,지수,101.330237700466,지수,,전남광주>광주,지수,2021년 5월,2021,5,2021-05-01
A_2024_00085,MM,202105,,,500012,대구,100001,지수,105.834652435934,지수,,대구,지수,2021년 5월,2021,5,2021-05-01
A_2024_00085,MM,202105,,,500014,대전,100001,지수,103.009543899781,지수,,대전,지수,2021년 5월,2021,5,2021-05-01
A_2024_00085,MM,202105,,,520010,도심권,100001,지수,99.258537248813,지수,,서울>강북지역>도심권,지수,2021년 5월,2021,5,2021-05-01
A_2024_00085,MM,202105,,,520015,동남권,100001,지수,98.0044529227481,지수,,서울>강남지역>동남권,지수,2021년 5월,2021,5,2021-05-01
A_2024_00085,MM,202105,,,510015,동부1권,100001,지수,100.355915374116,지수,,경기>동부1권,지수,2021년 5월,2021,5,2021-05-01
A_2024_00085,MM,202105,,,510016,동부2권,100001,지수,100.042477291556,지수,,경기>동부2권,지수,2021년 5월,2021,5,2021-05-01
A_2024_00085,MM,202105,,,510022,동부산권,100001,지수,106.26503691357,지수,,부산>동부산권,지수,2021년 5월,2021,5,2021-05-01
A_2024_00085,MM,202105,,,520011,동북권,100001,지수,101.801501032627,지수,,서울>강북지역>동북권,지수,2021년 5월,2021,5,2021-05-01
A_2024_00085,MM,202105,,,500011,부산,100001,지수,102.196961558477,지수,,부산,지수,2021년 5월,2021,5,2021-05-01
A_2024_00085,MM,202105,,,520014,서남권,100001,지수,102.760634796264,지수,,서울>강남지역>서남권,지수,2021년 5월,2021,5,2021-05-01
A_2024_00085,MM,202105,,,510023,서부산권,100001,지수,101.512719235358,지수,,부산>서부산권,지수,2021년 5월,2021,5,2021-05-01
A_2024_00085,MM,202105,,,520012,서북권,100001,지수,99.9166291222791,지수,,서울>강북지역>서북권,지수,2021년 5월,2021,5,2021-05-01
A_2024_00085,MM,202105,,,500008,서울,100001,지수,100.879457915977,지수,,서울,지수,2021년 5월,2021,5,2021-05-01
A_2024_00085,MM,202105,,,510014,서해안권,100001,지수,98.3298637864144,지수,,경기>서해안권,지수,2021년 5월,2021,5,2021-05-01
A_2024_00085,MM,202105,,,500016,세종,100001,지수,104.085998345523,지수,,세종,지수,2021년 5월,2021,5,2021-05-01
A_2024_00085,MM,202105,,,500002,수도권,100001,지수,100.583545096991,지수,,수도권,지수,2021년 5월,2021,5,2021-05-01
A_2024_00085,MM,202105,,,500015,울산,100001,지수,101.666543038385,지수,,울산,지수,2021년 5월,2021,5,2021-05-01
A_2024_00085,MM,202105,,,500010,인천,100001,지수,102.892639989358,지수,,인천,지수,2021년 5월,2021,5,2021-05-01
A_2024_00085,MM,202105,,,500001,전국,100001,지수,100.930443155309,지수,,전국,지수,2021년 5월,2021,5,2021-05-01
A_2024_00085,MM,202105,,,500021,전남,100001,지수,102.341566826788,지수,,전남광주>전남,지수,2021년 5월,2021,5,2021-05-01
A_2024_00085,MM,202105,,,500020,전북,100001,지수,103.7223872013,지수,,전북,지수,2021년 5월,2021,5,2021-05-01
A_2024_00085,MM,202105,,,500024,제주,100001,지수,101.120789562663,지수,,제주,지수,2021년 5월,2021,5,2021-05-01
A_2024_00085,MM,202105,,,510021,중부산권,100001,지수,100.265987464654,지수,,부산>중부산권,지수,2021년 5월,2021,5,2021-05-01
A_2024_00085,MM,202105,,,500003,지방권,100001,지수,101.867658772908,지수,,지방권,지수,2021년 5월,2021,5,2021-05-01
A_2024_00085,MM,202105,,,500019,충남,100001,지수,102.225842160324,지수,,충남,지수,2021년 5월,2021,5,2021-05-01
A_2024_00085,MM,202105,,,500018,충북,100001,지수,100.317530369782,지수,,충북,지수,2021년 5월,2021,5,2021-05-01
A_2024_00085,MM,202106,,,500005,5대광역시,100001,지수,102.881363745924,지수,,5대광역시,지수,2021년 6월,2021,6,2021-06-01
A_2024_00085,MM,202106,,,500004,6대광역시,100001,지수,102.967802737343,지수,,6대광역시,지수,2021년 6월,2021,6,2021-06-01
A_2024_00085,MM,202106,,,500007,8개도,100001,지수,101.015430653424,지수,,8개도,지수,2021년 6월,2021,6,2021-06-01
A_2024_00085,MM,202106,,,500006,9개도,100001,지수,100.124744449785,지수,,9개도,지수,2021년 6월,2021,6,2021-06-01
A_2024_00085,MM,202106,,,510010,강남지역,100001,지수,101.146248920243,지수,,서울>강남지역,지수,2021년 6월,2021,6,2021-06-01
A_2024_00085,MM,202106,,,510009,강북지역,100001,지수,101.236509621605,지수,,서울>강북지역,지수,2021년 6월,2021,6,2021-06-01
A_2024_00085,MM,202106,,,500017,강원,100001,지수,98.8583522798341,지수,,강원,지수,2021년 6월,2021,6,2021-06-01
A_2024_00085,MM,202106,,,500009,경기,100001,지수,99.6925529883912,지수,,경기,지수,2021년 6월,2021,6,2021-06-01
A_2024_00085,MM,202106,,,500023,경남,100001,지수,101.347475089845,지수,,경남,지수,2021년 6월,2021,6,2021-06-01
A_2024_00085,MM,202106,,,510012,경부1권,100001,지수,100.028510608666,지수,,경기>경부1권,지수,2021년 6월,2021,6,2021-06-01
A_2024_00085,MM,202106,,,510013,경부2권,100001,지수,97.7700477247165,지수,,경기>경부2권,지수,2021년 6월,2021,6,2021-06-01
A_2024_00085,MM,202106,,,500022,경북,100001,지수,99.0729730583667,지수,,경북,지수,2021년 6월,2021,6,2021-06-01
A_2024_00085,MM,202106,,,510018,경원권,100001,지수,100.43629297128,지수,,경기>경원권,지수,2021년 6월,2021,6,2021-06-01
A_2024_00085,MM,202106,,,510017,경의권,100001,지수,104.508128202953,지수,,경기>경의권,지수,2021년 6월,2021,6,2021-06-01
A_2024_00085,MM,202106,,,500013,광주,100001,지수,101.354755230253,지수,,전남광주>광주,지수,2021년 6월,2021,6,2021-06-01
A_2024_00085,MM,202106,,,500012,대구,100001,지수,105.933205995706,지수,,대구,지수,2021년 6월,2021,6,2021-06-01
A_2024_00085,MM,202106,,,500014,대전,100001,지수,103.154474283779,지수,,대전,지수,2021년 6월,2021,6,2021-06-01
A_2024_00085,MM,202106,,,520010,도심권,100001,지수,99.4108181592355,지수,,서울>강북지역>도심권,지수,2021년 6월,2021,6,2021-06-01
A_2024_00085,MM,202106,,,520015,동남권,100001,지수,98.3856884282015,지수,,서울>강남지역>동남권,지수,2021년 6월,2021,6,2021-06-01
A_2024_00085,MM,202106,,,510015,동부1권,100001,지수,100.650151225071,지수,,경기>동부1권,지수,2021년 6월,2021,6,2021-06-01
A_2024_00085,MM,202106,,,510016,동부2권,100001,지수,100.100105221224,지수,,경기>동부2권,지수,2021년 6월,2021,6,2021-06-01
A_2024_00085,MM,202106,,,510022,동부산권,100001,지수,106.22292058569,지수,,부산>동부산권,지수,2021년 6월,2021,6,2021-06-01
A_2024_00085,MM,202106,,,520011,동북권,100001,지수,102.173024041179,지수,,서울>강북지역>동북권,지수,2021년 6월,2021,6,2021-06-01
A_2024_00085,MM,202106,,,500011,부산,100001,지수,102.212048091489,지수,,부산,지수,2021년 6월,2021,6,2021-06-01
A_2024_00085,MM,202106,,,520014,서남권,100001,지수,102.961295178463,지수,,서울>강남지역>서남권,지수,2021년 6월,2021,6,2021-06-01
A_2024_00085,MM,202106,,,510023,서부산권,100001,지수,101.590305332381,지수,,부산>서부산권,지수,2021년 6월,2021,6,2021-06-01
A_2024_00085,MM,202106,,,520012,서북권,100001,지수,100.298856924975,지수,,서울>강북지역>서북권,지수,2021년 6월,2021,6,2021-06-01
A_2024_00085,MM,202106,,,500008,서울,100001,지수,101.190575966927,지수,,서울,지수,2021년 6월,2021,6,2021-06-01
A_2024_00085,MM,202106,,,510014,서해안권,100001,지수,98.5136050158021,지수,,경기>서해안권,지수,2021년 6월,2021,6,2021-06-01
A_2024_00085,MM,202106,,,500016,세종,100001,지수,104.223614297943,지수,,세종,지수,2021년 6월,2021,6,2021-06-01
A_2024_00085,MM,202106,,,500002,수도권,100001,지수,100.819003245035,지수,,수도권,지수,2021년 6월,2021,6,2021-06-01
A_2024_00085,MM,202106,,,500015,울산,100001,지수,101.734292806319,지수,,울산,지수,2021년 6월,2021,6,2021-06-01
A_2024_00085,MM,202106,,,500010,인천,100001,지수,103.084067789489,지수,,인천,지수,2021년 6월,2021,6,2021-06-01
A_2024_00085,MM,202106,,,500001,전국,100001,지수,101.11191923898,지수,,전국,지수,2021년 6월,2021,6,2021-06-01
A_2024_00085,MM,202106,,,500021,전남,100001,지수,102.394424196763,지수,,전남광주>전남,지수,2021년 6월,2021,6,2021-06-01
A_2024_00085,MM,202106,,,500020,전북,100001,지수,103.725058601367,지수,,전북,지수,2021년 6월,2021,6,2021-06-01
A_2024_00085,MM,202106,,,500024,제주,100001,지수,101.223603319937,지수,,제주,지수,2021년 6월,2021,6,2021-06-01
A_2024_00085,MM,202106,,,510021,중부산권,100001,지수,100.288992994429,지수,,부산>중부산권,지수,2021년 6월,2021,6,2021-06-01
A_2024_00085,MM,202106,,,500003,지방권,100001,지수,101.9107887699,지수,,지방권,지수,2021년 6월,2021,6,2021-06-01
A_2024_00085,MM,202106,,,500019,충남,100001,지수,102.27081330922,지수,,충남,지수,2021년 6월,2021,6,2021-06-01
A_2024_00085,MM,202106,,,500018,충북,100001,지수,100.462745509453,지수,,충북,지수,2021년 6월,2021,6,2021-06-01
A_2024_00085,MM,202107,,,500005,5대광역시,100001,지수,103.026010218683,지수,,5대광역시,지수,2021년 7월,2021,7,2021-07-01
A_2024_00085,MM,202107,,,500004,6대광역시,100001,지수,103.084181430672,지수,,6대광역시,지수,2021년 7월,2021,7,2021-07-01
A_2024_00085,MM,202107,,,500007,8개도,100001,지수,101.138743432844,지수,,8개도,지수,2021년 7월,2021,7,2021-07-01
A_2024_00085,MM,202107,,,500006,9개도,100001,지수,100.288329953072,지수,,9개도,지수,2021년 7월,2021,7,2021-07-01
A_2024_00085,MM,202107,,,510010,강남지역,100001,지수,101.438434902838,지수,,서울>강남지역,지수,2021년 7월,2021,7,2021-07-01
A_2024_00085,MM,202107,,,510009,강북지역,100001,지수,101.502609197313,지수,,서울>강북지역,지수,2021년 7월,2021,7,2021-07-01
A_2024_00085,MM,202107,,,500017,강원,100001,지수,98.9295431709839,지수,,강원,지수,2021년 7월,2021,7,2021-07-01
A_2024_00085,MM,202107,,,500009,경기,100001,지수,99.8760009745656,지수,,경기,지수,2021년 7월,2021,7,2021-07-01
A_2024_00085,MM,202107,,,500023,경남,100001,지수,101.460471589538,지수,,경남,지수,2021년 7월,2021,7,2021-07-01
A_2024_00085,MM,202107,,,510012,경부1권,100001,지수,100.318116002848,지수,,경기>경부1권,지수,2021년 7월,2021,7,2021-07-01
A_2024_00085,MM,202107,,,510013,경부2권,100001,지수,97.8726814700512,지수,,경기>경부2권,지수,2021년 7월,2021,7,2021-07-01
A_2024_00085,MM,202107,,,500022,경북,100001,지수,99.1006206681281,지수,,경북,지수,2021년 7월,2021,7,2021-07-01
A_2024_00085,MM,202107,,,510018,경원권,100001,지수,100.555163703429,지수,,경기>경원권,지수,2021년 7월,2021,7,2021-07-01
A_2024_00085,MM,202107,,,510017,경의권,100001,지수,104.602902687365,지수,,경기>경의권,지수,2021년 7월,2021,7,2021-07-01
A_2024_00085,MM,202107,,,500013,광주,100001,지수,101.416517538697,지수,,전남광주>광주,지수,2021년 7월,2021,7,2021-07-01
A_2024_00085,MM,202107,,,500012,대구,100001,지수,106.047709015619,지수,,대구,지수,2021년 7월,2021,7,2021-07-01
A_2024_00085,MM,202107,,,500014,대전,100001,지수,103.360891192114,지수,,대전,지수,2021년 7월,2021,7,2021-07-01
A_2024_00085,MM,202107,,,520010,도심권,100001,지수,99.6042712103505,지수,,서울>강북지역>도심권,지수,2021년 7월,2021,7,2021-07-01
A_2024_00085,MM,202107,,,520015,동남권,100001,지수,98.8518978576582,지수,,서울>강남지역>동남권,지수,2021년 7월,2021,7,2021-07-01
A_2024_00085,MM,202107,,,510015,동부1권,100001,지수,100.987844844277,지수,,경기>동부1권,지수,2021년 7월,2021,7,2021-07-01
A_2024_00085,MM,202107,,,510016,동부2권,100001,지수,100.310421395095,지수,,경기>동부2권,지수,2021년 7월,2021,7,2021-07-01
A_2024_00085,MM,202107,,,510022,동부산권,100001,지수,106.23304937618,지수,,부산>동부산권,지수,2021년 7월,2021,7,2021-07-01
A_2024_00085,MM,202107,,,520011,동북권,100001,지수,102.484847923197,지수,,서울>강북지역>동북권,지수,2021년 7월,2021,7,2021-07-01
A_2024_00085,MM,202107,,,500011,부산,100001,지수,102.321048657684,지수,,부산,지수,2021년 7월,2021,7,2021-07-01
A_2024_00085,MM,202107,,,520014,서남권,100001,지수,103.133561354242,지수,,서울>강남지역>서남권,지수,2021년 7월,2021,7,2021-07-01
A_2024_00085,MM,202107,,,510023,서부산권,100001,지수,101.732684523672,지수,,부산>서부산권,지수,2021년 7월,2021,7,2021-07-01
A_2024_00085,MM,202107,,,520012,서북권,100001,지수,100.516219054988,지수,,서울>강북지역>서북권,지수,2021년 7월,2021,7,2021-07-01
A_2024_00085,MM,202107,,,500008,서울,100001,지수,101.47017582072,지수,,서울,지수,2021년 7월,2021,7,2021-07-01
A_2024_00085,MM,202107,,,510014,서해안권,100001,지수,98.6678770270607,지수,,경기>서해안권,지수,2021년 7월,2021,7,2021-07-01
A_2024_00085,MM,202107,,,500016,세종,100001,지수,104.182804193265,지수,,세종,지수,2021년 7월,2021,7,2021-07-01
A_2024_00085,MM,202107,,,500002,수도권,100001,지수,101.031956824553,지수,,수도권,지수,2021년 7월,2021,7,2021-07-01
A_2024_00085,MM,202107,,,500015,울산,100001,지수,102.109300777316,지수,,울산,지수,2021년 7월,2021,7,2021-07-01
A_2024_00085,MM,202107,,,500010,인천,100001,지수,103.161891519139,지수,,인천,지수,2021년 7월,2021,7,2021-07-01
A_2024_00085,MM,202107,,,500001,전국,100001,지수,101.302453112198,지수,,전국,지수,2021년 7월,2021,7,2021-07-01
A_2024_00085,MM,202107,,,500021,전남,100001,지수,102.523660891351,지수,,전남광주>전남,지수,2021년 7월,2021,7,2021-07-01
A_2024_00085,MM,202107,,,500020,전북,100001,지수,103.753507188631,지수,,전북,지수,2021년 7월,2021,7,2021-07-01
A_2024_00085,MM,202107,,,500024,제주,100001,지수,101.533472060538,지수,,제주,지수,2021년 7월,2021,7,2021-07-01
A_2024_00085,MM,202107,,,510021,중부산권,100001,지수,100.437886342493,지수,,부산>중부산권,지수,2021년 7월,2021,7,2021-07-01
A_2024_00085,MM,202107,,,500003,지방권,100001,지수,102.043492581358,지수,,지방권,지수,2021년 7월,2021,7,2021-07-01
A_2024_00085,MM,202107,,,500019,충남,100001,지수,102.354446755844,지수,,충남,지수,2021년 7월,2021,7,2021-07-01
A_2024_00085,MM,202107,,,500018,충북,100001,지수,100.674591630015,지수,,충북,지수,2021년 7월,2021,7,2021-07-01
A_2024_00085,MM,202108,,,500005,5대광역시,100001,지수,103.258080745757,지수,,5대광역시,지수,2021년 8월,2021,8,2021-08-01
A_2024_00085,MM,202108,,,500004,6대광역시,100001,지수,103.287190051051,지수,,6대광역시,지수,2021년 8월,2021,8,2021-08-01
A_2024_00085,MM,202108,,,500007,8개도,100001,지수,101.446577396432,지수,,8개도,지수,2021년 8월,2021,8,2021-08-01
A_2024_00085,MM,202108,,,500006,9개도,100001,지수,100.614938937421,지수,,9개도,지수,2021년 8월,2021,8,2021-08-01
A_2024_00085,MM,202108,,,510010,강남지역,100001,지수,101.79166189221,지수,,서울>강남지역,지수,2021년 8월,2021,8,2021-08-01
A_2024_00085,MM,202108,,,510009,강북지역,100001,지수,101.875338033546,지수,,서울>강북지역,지수,2021년 8월,2021,8,2021-08-01
A_2024_00085,MM,202108,,,500017,강원,100001,지수,99.0664263330317,지수,,강원,지수,2021년 8월,2021,8,2021-08-01
A_2024_00085,MM,202108,,,500009,경기,100001,지수,100.211891883318,지수,,경기,지수,2021년 8월,2021,8,2021-08-01
A_2024_00085,MM,202108,,,500023,경남,100001,지수,101.837699942182,지수,,경남,지수,2021년 8월,2021,8,2021-08-01
A_2024_00085,MM,202108,,,510012,경부1권,100001,지수,100.632565626147,지수,,경기>경부1권,지수,2021년 8월,2021,8,2021-08-01
A_2024_00085,MM,202108,,,510013,경부2권,100001,지수,98.294980669694,지수,,경기>경부2권,지수,2021년 8월,2021,8,2021-08-01
A_2024_00085,MM,202108,,,500022,경북,100001,지수,99.2494519695916,지수,,경북,지수,2021년 8월,2021,8,2021-08-01
A_2024_00085,MM,202108,,,510018,경원권,100001,지수,100.824110722591,지수,,경기>경원권,지수,2021년 8월,2021,8,2021-08-01
A_2024_00085,MM,202108,,,510017,경의권,100001,지수,104.87449571027,지수,,경기>경의권,지수,2021년 8월,2021,8,2021-08-01
A_2024_00085,MM,202108,,,500013,광주,100001,지수,101.415499632132,지수,,전남광주>광주,지수,2021년 8월,2021,8,2021-08-01
A_2024_00085,MM,202108,,,500012,대구,100001,지수,106.172899008935,지수,,대구,지수,2021년 8월,2021,8,2021-08-01
A_2024_00085,MM,202108,,,500014,대전,100001,지수,103.504615128479,지수,,대전,지수,2021년 8월,2021,8,2021-08-01
A_2024_00085,MM,202108,,,520010,도심권,100001,지수,99.8956965533798,지수,,서울>강북지역>도심권,지수,2021년 8월,2021,8,2021-08-01
A_2024_00085,MM,202108,,,520015,동남권,100001,지수,99.4347079499814,지수,,서울>강남지역>동남권,지수,2021년 8월,2021,8,2021-08-01
A_2024_00085,MM,202108,,,510015,동부1권,100001,지수,101.256954763865,지수,,경기>동부1권,지수,2021년 8월,2021,8,2021-08-01
A_2024_00085,MM,202108,,,510016,동부2권,100001,지수,100.618183316698,지수,,경기>동부2권,지수,2021년 8월,2021,8,2021-08-01
A_2024_00085,MM,202108,,,510022,동부산권,100001,지수,106.421569210534,지수,,부산>동부산권,지수,2021년 8월,2021,8,2021-08-01
A_2024_00085,MM,202108,,,520011,동북권,100001,지수,102.901388346565,지수,,서울>강북지역>동북권,지수,2021년 8월,2021,8,2021-08-01
A_2024_00085,MM,202108,,,500011,부산,100001,지수,102.574678112788,지수,,부산,지수,2021년 8월,2021,8,2021-08-01
A_2024_00085,MM,202108,,,520014,서남권,100001,지수,103.329185390214,지수,,서울>강남지역>서남권,지수,2021년 8월,2021,8,2021-08-01
A_2024_00085,MM,202108,,,510023,서부산권,100001,지수,101.995589432221,지수,,부산>서부산권,지수,2021년 8월,2021,8,2021-08-01
A_2024_00085,MM,202108,,,520012,서북권,100001,지수,100.846134084607,지수,,서울>강북지역>서북권,지수,2021년 8월,2021,8,2021-08-01
A_2024_00085,MM,202108,,,500008,서울,100001,지수,101.832816554537,지수,,서울,지수,2021년 8월,2021,8,2021-08-01
A_2024_00085,MM,202108,,,510014,서해안권,100001,지수,99.031529329703,지수,,경기>서해안권,지수,2021년 8월,2021,8,2021-08-01
A_2024_00085,MM,202108,,,500016,세종,100001,지수,104.031894774168,지수,,세종,지수,2021년 8월,2021,8,2021-08-01
A_2024_00085,MM,202108,,,500002,수도권,100001,지수,101.356863838831,지수,,수도권,지수,2021년 8월,2021,8,2021-08-01
A_2024_00085,MM,202108,,,500015,울산,100001,지수,102.655224208686,지수,,울산,지수,2021년 8월,2021,8,2021-08-01
A_2024_00085,MM,202108,,,500010,인천,100001,지수,103.325286943195,지수,,인천,지수,2021년 8월,2021,8,2021-08-01
A_2024_00085,MM,202108,,,500001,전국,100001,지수,101.61207763091,지수,,전국,지수,2021년 8월,2021,8,2021-08-01
A_2024_00085,MM,202108,,,500021,전남,100001,지수,102.660712218583,지수,,전남광주>전남,지수,2021년 8월,2021,8,2021-08-01
A_2024_00085,MM,202108,,,500020,전북,100001,지수,104.346223026723,지수,,전북,지수,2021년 8월,2021,8,2021-08-01
A_2024_00085,MM,202108,,,500024,제주,100001,지수,102.302100829498,지수,,제주,지수,2021년 8월,2021,8,2021-08-01
A_2024_00085,MM,202108,,,510021,중부산권,100001,지수,100.722332260107,지수,,부산>중부산권,지수,2021년 8월,2021,8,2021-08-01
A_2024_00085,MM,202108,,,500003,지방권,100001,지수,102.313800696984,지수,,지방권,지수,2021년 8월,2021,8,2021-08-01
A_2024_00085,MM,202108,,,500019,충남,100001,지수,102.443523496454,지수,,충남,지수,2021년 8월,2021,8,2021-08-01
A_2024_00085,MM,202108,,,500018,충북,100001,지수,100.814793084008,지수,,충북,지수,2021년 8월,2021,8,2021-08-01
A_2024_00085,MM,202109,,,500005,5대광역시,100001,지수,103.614852025047,지수,,5대광역시,지수,2021년 9월,2021,9,2021-09-01
A_2024_00085,MM,202109,,,500004,6대광역시,100001,지수,103.735169733692,지수,,6대광역시,지수,2021년 9월,2021,9,2021-09-01
A_2024_00085,MM,202109,,,500007,8개도,100001,지수,101.826912517746,지수,,8개도,지수,2021년 9월,2021,9,2021-09-01
A_2024_00085,MM,202109,,,500006,9개도,100001,지수,101.14462302348,지수,,9개도,지수,2021년 9월,2021,9,2021-09-01
A_2024_00085,MM,202109,,,510010,강남지역,100001,지수,102.239791095903,지수,,서울>강남지역,지수,2021년 9월,2021,9,2021-09-01
A_2024_00085,MM,202109,,,510009,강북지역,100001,지수,102.204560046378,지수,,서울>강북지역,지수,2021년 9월,2021,9,2021-09-01
A_2024_00085,MM,202109,,,500017,강원,100001,지수,99.431315587463,지수,,강원,지수,2021년 9월,2021,9,2021-09-01
A_2024_00085,MM,202109,,,500009,경기,100001,지수,100.815362914288,지수,,경기,지수,2021년 9월,2021,9,2021-09-01
A_2024_00085,MM,202109,,,500023,경남,100001,지수,102.11691023405,지수,,경남,지수,2021년 9월,2021,9,2021-09-01
A_2024_00085,MM,202109,,,510012,경부1권,100001,지수,101.113728750158,지수,,경기>경부1권,지수,2021년 9월,2021,9,2021-09-01
A_2024_00085,MM,202109,,,510013,경부2권,100001,지수,98.7863588176595,지수,,경기>경부2권,지수,2021년 9월,2021,9,2021-09-01
A_2024_00085,MM,202109,,,500022,경북,100001,지수,99.6455698994649,지수,,경북,지수,2021년 9월,2021,9,2021-09-01
A_2024_00085,MM,202109,,,510018,경원권,100001,지수,101.174454472968,지수,,경기>경원권,지수,2021년 9월,2021,9,2021-09-01
A_2024_00085,MM,202109,,,510017,경의권,100001,지수,105.971374576592,지수,,경기>경의권,지수,2021년 9월,2021,9,2021-09-01
A_2024_00085,MM,202109,,,500013,광주,100001,지수,101.59714879746,지수,,전남광주>광주,지수,2021년 9월,2021,9,2021-09-01
A_2024_00085,MM,202109,,,500012,대구,100001,지수,106.250724811105,지수,,대구,지수,2021년 9월,2021,9,2021-09-01
A_2024_00085,MM,202109,,,500014,대전,100001,지수,103.794998473682,지수,,대전,지수,2021년 9월,2021,9,2021-09-01
A_2024_00085,MM,202109,,,520010,도심권,100001,지수,100.246465431813,지수,,서울>강북지역>도심권,지수,2021년 9월,2021,9,2021-09-01
A_2024_00085,MM,202109,,,520015,동남권,100001,지수,100.275818958782,지수,,서울>강남지역>동남권,지수,2021년 9월,2021,9,2021-09-01
A_2024_00085,MM,202109,,,510015,동부1권,100001,지수,101.718025249687,지수,,경기>동부1권,지수,2021년 9월,2021,9,2021-09-01
A_2024_00085,MM,202109,,,510016,동부2권,100001,지수,101.03387152501,지수,,경기>동부2권,지수,2021년 9월,2021,9,2021-09-01
A_2024_00085,MM,202109,,,510022,동부산권,100001,지수,106.924429870415,지수,,부산>동부산권,지수,2021년 9월,2021,9,2021-09-01
A_2024_00085,MM,202109,,,520011,동북권,100001,지수,103.206446969191,지수,,서울>강북지역>동북권,지수,2021년 9월,2021,9,2021-09-01
A_2024_00085,MM,202109,,,500011,부산,100001,지수,103.00728093659,지수,,부산,지수,2021년 9월,2021,9,2021-09-01
A_2024_00085,MM,202109,,,520014,서남권,100001,지수,103.509132461529,지수,,서울>강남지역>서남권,지수,2021년 9월,2021,9,2021-09-01
A_2024_00085,MM,202109,,,510023,서부산권,100001,지수,102.423565497761,지수,,부산>서부산권,지수,2021년 9월,2021,9,2021-09-01
A_2024_00085,MM,202109,,,520012,서북권,100001,지수,101.2064132369,지수,,서울>강북지역>서북권,지수,2021년 9월,2021,9,2021-09-01
A_2024_00085,MM,202109,,,500008,서울,100001,지수,102.223553280632,지수,,서울,지수,2021년 9월,2021,9,2021-09-01
A_2024_00085,MM,202109,,,510014,서해안권,100001,지수,99.7128825912814,지수,,경기>서해안권,지수,2021년 9월,2021,9,2021-09-01
A_2024_00085,MM,202109,,,500016,세종,100001,지수,103.973783669246,지수,,세종,지수,2021년 9월,2021,9,2021-09-01
A_2024_00085,MM,202109,,,500002,수도권,100001,지수,101.859585973921,지수,,수도권,지수,2021년 9월,2021,9,2021-09-01
A_2024_00085,MM,202109,,,500015,울산,100001,지수,103.263855924603,지수,,울산,지수,2021년 9월,2021,9,2021-09-01
A_2024_00085,MM,202109,,,500010,인천,100001,지수,103.897660215989,지수,,인천,지수,2021년 9월,2021,9,2021-09-01
A_2024_00085,MM,202109,,,500001,전국,100001,지수,102.076950338513,지수,,전국,지수,2021년 9월,2021,9,2021-09-01
A_2024_00085,MM,202109,,,500021,전남,100001,지수,102.771842289967,지수,,전남광주>전남,지수,2021년 9월,2021,9,2021-09-01
A_2024_00085,MM,202109,,,500020,전북,100001,지수,104.212559852896,지수,,전북,지수,2021년 9월,2021,9,2021-09-01
A_2024_00085,MM,202109,,,500024,제주,100001,지수,103.340582635708,지수,,제주,지수,2021년 9월,2021,9,2021-09-01
A_2024_00085,MM,202109,,,510021,중부산권,100001,지수,101.119485112676,지수,,부산>중부산권,지수,2021년 9월,2021,9,2021-09-01
A_2024_00085,MM,202109,,,500003,지방권,100001,지수,102.681269697874,지수,,지방권,지수,2021년 9월,2021,9,2021-09-01
A_2024_00085,MM,202109,,,500019,충남,100001,지수,102.549473595263,지수,,충남,지수,2021년 9월,2021,9,2021-09-01
A_2024_00085,MM,202109,,,500018,충북,100001,지수,101.291059289217,지수,,충북,지수,2021년 9월,2021,9,2021-09-01
A_2024_00085,MM,202110,,,500005,5대광역시,100001,지수,103.819354800007,지수,,5대광역시,지수,2021년 10월,2021,10,2021-10-01
A_2024_00085,MM,202110,,,500004,6대광역시,100001,지수,103.949372898734,지수,,6대광역시,지수,2021년 10월,2021,10,2021-10-01
A_2024_00085,MM,202110,,,500007,8개도,100001,지수,102.072222701872,지수,,8개도,지수,2021년 10월,2021,10,2021-10-01
A_2024_00085,MM,202110,,,500006,9개도,100001,지수,101.528017532344,지수,,9개도,지수,2021년 10월,2021,10,2021-10-01
A_2024_00085,MM,202110,,,510010,강남지역,100001,지수,102.618714136498,지수,,서울>강남지역,지수,2021년 10월,2021,10,2021-10-01
A_2024_00085,MM,202110,,,510009,강북지역,100001,지수,102.45042817595,지수,,서울>강북지역,지수,2021년 10월,2021,10,2021-10-01
A_2024_00085,MM,202110,,,500017,강원,100001,지수,99.4627756337859,지수,,강원,지수,2021년 10월,2021,10,2021-10-01
A_2024_00085,MM,202110,,,500009,경기,100001,지수,101.267121381624,지수,,경기,지수,2021년 10월,2021,10,2021-10-01
A_2024_00085,MM,202110,,,500023,경남,100001,지수,102.473445447662,지수,,경남,지수,2021년 10월,2021,10,2021-10-01
A_2024_00085,MM,202110,,,510012,경부1권,100001,지수,101.42882489836,지수,,경기>경부1권,지수,2021년 10월,2021,10,2021-10-01
A_2024_00085,MM,202110,,,510013,경부2권,100001,지수,99.1840787093715,지수,,경기>경부2권,지수,2021년 10월,2021,10,2021-10-01
A_2024_00085,MM,202110,,,500022,경북,100001,지수,99.7776142563566,지수,,경북,지수,2021년 10월,2021,10,2021-10-01
A_2024_00085,MM,202110,,,510018,경원권,100001,지수,101.344766868256,지수,,경기>경원권,지수,2021년 10월,2021,10,2021-10-01
A_2024_00085,MM,202110,,,510017,경의권,100001,지수,106.482733155097,지수,,경기>경의권,지수,2021년 10월,2021,10,2021-10-01
A_2024_00085,MM,202110,,,500013,광주,100001,지수,101.600168793642,지수,,전남광주>광주,지수,2021년 10월,2021,10,2021-10-01
A_2024_00085,MM,202110,,,500012,대구,100001,지수,106.483542066385,지수,,대구,지수,2021년 10월,2021,10,2021-10-01
A_2024_00085,MM,202110,,,500014,대전,100001,지수,103.861321839424,지수,,대전,지수,2021년 10월,2021,10,2021-10-01
A_2024_00085,MM,202110,,,520010,도심권,100001,지수,100.583938748961,지수,,서울>강북지역>도심권,지수,2021년 10월,2021,10,2021-10-01
A_2024_00085,MM,202110,,,520015,동남권,100001,지수,100.882423322955,지수,,서울>강남지역>동남권,지수,2021년 10월,2021,10,2021-10-01
A_2024_00085,MM,202110,,,510015,동부1권,100001,지수,102.269631395867,지수,,경기>동부1권,지수,2021년 10월,2021,10,2021-10-01
A_2024_00085,MM,202110,,,510016,동부2권,100001,지수,101.180255613302,지수,,경기>동부2권,지수,2021년 10월,2021,10,2021-10-01
A_2024_00085,MM,202110,,,510022,동부산권,100001,지수,107.024450218611,지수,,부산>동부산권,지수,2021년 10월,2021,10,2021-10-01
A_2024_00085,MM,202110,,,520011,동북권,100001,지수,103.43373239745,지수,,서울>강북지역>동북권,지수,2021년 10월,2021,10,2021-10-01
A_2024_00085,MM,202110,,,500011,부산,100001,지수,103.198679652627,지수,,부산,지수,2021년 10월,2021,10,2021-10-01
A_2024_00085,MM,202110,,,520014,서남권,100001,지수,103.733440779784,지수,,서울>강남지역>서남권,지수,2021년 10월,2021,10,2021-10-01
A_2024_00085,MM,202110,,,510023,서부산권,100001,지수,102.623455526841,지수,,부산>서부산권,지수,2021년 10월,2021,10,2021-10-01
A_2024_00085,MM,202110,,,520012,서북권,100001,지수,101.451240531882,지수,,서울>강북지역>서북권,지수,2021년 10월,2021,10,2021-10-01
A_2024_00085,MM,202110,,,500008,서울,100001,지수,102.538213415143,지수,,서울,지수,2021년 10월,2021,10,2021-10-01
A_2024_00085,MM,202110,,,510014,서해안권,100001,지수,100.26345363823,지수,,경기>서해안권,지수,2021년 10월,2021,10,2021-10-01
A_2024_00085,MM,202110,,,500016,세종,100001,지수,104.008019710365,지수,,세종,지수,2021년 10월,2021,10,2021-10-01
A_2024_00085,MM,202110,,,500002,수도권,100001,지수,102.218985160534,지수,,수도권,지수,2021년 10월,2021,10,2021-10-01
A_2024_00085,MM,202110,,,500015,울산,100001,지수,103.788430155464,지수,,울산,지수,2021년 10월,2021,10,2021-10-01
A_2024_00085,MM,202110,,,500010,인천,100001,지수,104.125105332668,지수,,인천,지수,2021년 10월,2021,10,2021-10-01
A_2024_00085,MM,202110,,,500001,전국,100001,지수,102.398783199754,지수,,전국,지수,2021년 10월,2021,10,2021-10-01
A_2024_00085,MM,202110,,,500021,전남,100001,지수,102.848816960228,지수,,전남광주>전남,지수,2021년 10월,2021,10,2021-10-01
A_2024_00085,MM,202110,,,500020,전북,100001,지수,104.212559852896,지수,,전북,지수,2021년 10월,2021,10,2021-10-01
A_2024_00085,MM,202110,,,500024,제주,100001,지수,104.089452561811,지수,,제주,지수,2021년 10월,2021,10,2021-10-01
A_2024_00085,MM,202110,,,510021,중부산권,100001,지수,101.355844355688,지수,,부산>중부산권,지수,2021년 10월,2021,10,2021-10-01
A_2024_00085,MM,202110,,,500003,지방권,100001,지수,102.906500280576,지수,,지방권,지수,2021년 10월,2021,10,2021-10-01
A_2024_00085,MM,202110,,,500019,충남,100001,지수,102.68474530938,지수,,충남,지수,2021년 10월,2021,10,2021-10-01
A_2024_00085,MM,202110,,,500018,충북,100001,지수,101.424121148969,지수,,충북,지수,2021년 10월,2021,10,2021-10-01
A_2024_00085,MM,202111,,,500005,5대광역시,100001,지수,103.957318684964,지수,,5대광역시,지수,2021년 11월,2021,11,2021-11-01
A_2024_00085,MM,202111,,,500004,6대광역시,100001,지수,104.117269778598,지수,,6대광역시,지수,2021년 11월,2021,11,2021-11-01
A_2024_00085,MM,202111,,,500007,8개도,100001,지수,102.245568922133,지수,,8개도,지수,2021년 11월,2021,11,2021-11-01
A_2024_00085,MM,202111,,,500006,9개도,100001,지수,101.935008975864,지수,,9개도,지수,2021년 11월,2021,11,2021-11-01
A_2024_00085,MM,202111,,,510010,강남지역,100001,지수,102.933841635366,지수,,서울>강남지역,지수,2021년 11월,2021,11,2021-11-01
A_2024_00085,MM,202111,,,510009,강북지역,100001,지수,102.720604327436,지수,,서울>강북지역,지수,2021년 11월,2021,11,2021-11-01
A_2024_00085,MM,202111,,,500017,강원,100001,지수,99.5296457826857,지수,,강원,지수,2021년 11월,2021,11,2021-11-01
A_2024_00085,MM,202111,,,500009,경기,100001,지수,101.790090330925,지수,,경기,지수,2021년 11월,2021,11,2021-11-01
A_2024_00085,MM,202111,,,500023,경남,100001,지수,102.760911908075,지수,,경남,지수,2021년 11월,2021,11,2021-11-01
A_2024_00085,MM,202111,,,510012,경부1권,100001,지수,101.716482909501,지수,,경기>경부1권,지수,2021년 11월,2021,11,2021-11-01
A_2024_00085,MM,202111,,,510013,경부2권,100001,지수,99.6832291250001,지수,,경기>경부2권,지수,2021년 11월,2021,11,2021-11-01
A_2024_00085,MM,202111,,,500022,경북,100001,지수,99.825841237112,지수,,경북,지수,2021년 11월,2021,11,2021-11-01
A_2024_00085,MM,202111,,,510018,경원권,100001,지수,101.584422660367,지수,,경기>경원권,지수,2021년 11월,2021,11,2021-11-01
A_2024_00085,MM,202111,,,510017,경의권,100001,지수,106.714786944178,지수,,경기>경의권,지수,2021년 11월,2021,11,2021-11-01
A_2024_00085,MM,202111,,,500013,광주,100001,지수,101.668723532799,지수,,전남광주>광주,지수,2021년 11월,2021,11,2021-11-01
A_2024_00085,MM,202111,,,500012,대구,100001,지수,106.521295312705,지수,,대구,지수,2021년 11월,2021,11,2021-11-01
A_2024_00085,MM,202111,,,500014,대전,100001,지수,103.898868202628,지수,,대전,지수,2021년 11월,2021,11,2021-11-01
A_2024_00085,MM,202111,,,520010,도심권,100001,지수,100.898931603794,지수,,서울>강북지역>도심권,지수,2021년 11월,2021,11,2021-11-01
A_2024_00085,MM,202111,,,520015,동남권,100001,지수,101.306349250437,지수,,서울>강남지역>동남권,지수,2021년 11월,2021,11,2021-11-01
A_2024_00085,MM,202111,,,510015,동부1권,100001,지수,102.740603028776,지수,,경기>동부1권,지수,2021년 11월,2021,11,2021-11-01
A_2024_00085,MM,202111,,,510016,동부2권,100001,지수,101.656742271518,지수,,경기>동부2권,지수,2021년 11월,2021,11,2021-11-01
A_2024_00085,MM,202111,,,510022,동부산권,100001,지수,107.012857142483,지수,,부산>동부산권,지수,2021년 11월,2021,11,2021-11-01
A_2024_00085,MM,202111,,,520011,동북권,100001,지수,103.700919446295,지수,,서울>강북지역>동북권,지수,2021년 11월,2021,11,2021-11-01
A_2024_00085,MM,202111,,,500011,부산,100001,지수,103.340338770304,지수,,부산,지수,2021년 11월,2021,11,2021-11-01
A_2024_00085,MM,202111,,,520014,서남권,100001,지수,103.974824847761,지수,,서울>강남지역>서남권,지수,2021년 11월,2021,11,2021-11-01
A_2024_00085,MM,202111,,,510023,서부산권,100001,지수,102.868076195853,지수,,부산>서부산권,지수,2021년 11월,2021,11,2021-11-01
A_2024_00085,MM,202111,,,520012,서북권,100001,지수,101.711135311466,지수,,서울>강북지역>서북권,지수,2021년 11월,2021,11,2021-11-01
A_2024_00085,MM,202111,,,500008,서울,100001,지수,102.831622121721,지수,,서울,지수,2021년 11월,2021,11,2021-11-01
A_2024_00085,MM,202111,,,510014,서해안권,100001,지수,101.022231482588,지수,,경기>서해안권,지수,2021년 11월,2021,11,2021-11-01
A_2024_00085,MM,202111,,,500016,세종,100001,지수,104.193982073956,지수,,세종,지수,2021년 11월,2021,11,2021-11-01
A_2024_00085,MM,202111,,,500002,수도권,100001,지수,102.595420172485,지수,,수도권,지수,2021년 11월,2021,11,2021-11-01
A_2024_00085,MM,202111,,,500015,울산,100001,지수,104.264412336492,지수,,울산,지수,2021년 11월,2021,11,2021-11-01
A_2024_00085,MM,202111,,,500010,인천,100001,지수,104.333890213616,지수,,인천,지수,2021년 11월,2021,11,2021-11-01
A_2024_00085,MM,202111,,,500001,전국,100001,지수,102.713649207858,지수,,전국,지수,2021년 11월,2021,11,2021-11-01
A_2024_00085,MM,202111,,,500021,전남,100001,지수,102.933823532022,지수,,전남광주>전남,지수,2021년 11월,2021,11,2021-11-01
A_2024_00085,MM,202111,,,500020,전북,100001,지수,104.322411452585,지수,,전북,지수,2021년 11월,2021,11,2021-11-01
A_2024_00085,MM,202111,,,500024,제주,100001,지수,104.349135404804,지수,,제주,지수,2021년 11월,2021,11,2021-11-01
A_2024_00085,MM,202111,,,510021,중부산권,100001,지수,101.541199423406,지수,,부산>중부산권,지수,2021년 11월,2021,11,2021-11-01
A_2024_00085,MM,202111,,,500003,지방권,100001,지수,103.06322655333,지수,,지방권,지수,2021년 11월,2021,11,2021-11-01
A_2024_00085,MM,202111,,,500019,충남,100001,지수,102.889399884789,지수,,충남,지수,2021년 11월,2021,11,2021-11-01
A_2024_00085,MM,202111,,,500018,충북,100001,지수,101.68124220982,지수,,충북,지수,2021년 11월,2021,11,2021-11-01
A_2024_00085,MM,202112,,,500005,5대광역시,100001,지수,104.238717645254,지수,,5대광역시,지수,2021년 12월,2021,12,2021-12-01
A_2024_00085,MM,202112,,,500004,6대광역시,100001,지수,104.399627482153,지수,,6대광역시,지수,2021년 12월,2021,12,2021-12-01
A_2024_00085,MM,202112,,,500007,8개도,100001,지수,102.384556638081,지수,,8개도,지수,2021년 12월,2021,12,2021-12-01
A_2024_00085,MM,202112,,,500006,9개도,100001,지수,102.158178755003,지수,,9개도,지수,2021년 12월,2021,12,2021-12-01
A_2024_00085,MM,202112,,,510010,강남지역,100001,지수,103.258373641359,지수,,서울>강남지역,지수,2021년 12월,2021,12,2021-12-01
A_2024_00085,MM,202112,,,510009,강북지역,100001,지수,102.907722736944,지수,,서울>강북지역,지수,2021년 12월,2021,12,2021-12-01
A_2024_00085,MM,202112,,,500017,강원,100001,지수,99.5389580312273,지수,,강원,지수,2021년 12월,2021,12,2021-12-01
A_2024_00085,MM,202112,,,500009,경기,100001,지수,102.055152555456,지수,,경기,지수,2021년 12월,2021,12,2021-12-01
A_2024_00085,MM,202112,,,500023,경남,100001,지수,102.914068202177,지수,,경남,지수,2021년 12월,2021,12,2021-12-01
A_2024_00085,MM,202112,,,510012,경부1권,100001,지수,101.883502904854,지수,,경기>경부1권,지수,2021년 12월,2021,12,2021-12-01
A_2024_00085,MM,202112,,,510013,경부2권,100001,지수,100.002031791022,지수,,경기>경부2권,지수,2021년 12월,2021,12,2021-12-01
A_2024_00085,MM,202112,,,500022,경북,100001,지수,99.8877663857624,지수,,경북,지수,2021년 12월,2021,12,2021-12-01
A_2024_00085,MM,202112,,,510018,경원권,100001,지수,101.674383757586,지수,,경기>경원권,지수,2021년 12월,2021,12,2021-12-01
A_2024_00085,MM,202112,,,510017,경의권,100001,지수,106.652476210404,지수,,경기>경의권,지수,2021년 12월,2021,12,2021-12-01
A_2024_00085,MM,202112,,,500013,광주,100001,지수,102.100924751945,지수,,전남광주>광주,지수,2021년 12월,2021,12,2021-12-01
A_2024_00085,MM,202112,,,500012,대구,100001,지수,106.545578226013,지수,,대구,지수,2021년 12월,2021,12,2021-12-01
A_2024_00085,MM,202112,,,500014,대전,100001,지수,103.960410128356,지수,,대전,지수,2021년 12월,2021,12,2021-12-01
A_2024_00085,MM,202112,,,520010,도심권,100001,지수,100.987086224129,지수,,서울>강북지역>도심권,지수,2021년 12월,2021,12,2021-12-01
A_2024_00085,MM,202112,,,520015,동남권,100001,지수,101.695313124691,지수,,서울>강남지역>동남권,지수,2021년 12월,2021,12,2021-12-01
A_2024_00085,MM,202112,,,510015,동부1권,100001,지수,102.99337983089,지수,,경기>동부1권,지수,2021년 12월,2021,12,2021-12-01
A_2024_00085,MM,202112,,,510016,동부2권,100001,지수,101.936632138309,지수,,경기>동부2권,지수,2021년 12월,2021,12,2021-12-01
A_2024_00085,MM,202112,,,510022,동부산권,100001,지수,107.396638757178,지수,,부산>동부산권,지수,2021년 12월,2021,12,2021-12-01
A_2024_00085,MM,202112,,,520011,동북권,100001,지수,103.936492345971,지수,,서울>강북지역>동북권,지수,2021년 12월,2021,12,2021-12-01
A_2024_00085,MM,202112,,,500011,부산,100001,지수,103.707597019113,지수,,부산,지수,2021년 12월,2021,12,2021-12-01
A_2024_00085,MM,202112,,,520014,서남권,100001,지수,104.255676008469,지수,,서울>강남지역>서남권,지수,2021년 12월,2021,12,2021-12-01
A_2024_00085,MM,202112,,,510023,서부산권,100001,지수,103.089281948739,지수,,부산>서부산권,지수,2021년 12월,2021,12,2021-12-01
A_2024_00085,MM,202112,,,520012,서북권,100001,지수,101.854004668746,지수,,서울>강북지역>서북권,지수,2021년 12월,2021,12,2021-12-01
A_2024_00085,MM,202112,,,500008,서울,100001,지수,103.089725891945,지수,,서울,지수,2021년 12월,2021,12,2021-12-01
A_2024_00085,MM,202112,,,510014,서해안권,100001,지수,101.415691605194,지수,,경기>서해안권,지수,2021년 12월,2021,12,2021-12-01
A_2024_00085,MM,202112,,,500016,세종,100001,지수,103.745556141351,지수,,세종,지수,2021년 12월,2021,12,2021-12-01
A_2024_00085,MM,202112,,,500002,수도권,100001,지수,102.859791378777,지수,,수도권,지수,2021년 12월,2021,12,2021-12-01
A_2024_00085,MM,202112,,,500015,울산,100001,지수,104.725799724464,지수,,울산,지수,2021년 12월,2021,12,2021-12-01
A_2024_00085,MM,202112,,,500010,인천,100001,지수,104.617552773197,지수,,인천,지수,2021년 12월,2021,12,2021-12-01
A_2024_00085,MM,202112,,,500001,전국,100001,지수,102.960980902127,지수,,전국,지수,2021년 12월,2021,12,2021-12-01
A_2024_00085,MM,202112,,,500021,전남,100001,지수,103.058601968587,지수,,전남광주>전남,지수,2021년 12월,2021,12,2021-12-01
A_2024_00085,MM,202112,,,500020,전북,100001,지수,104.279808069781,지수,,전북,지수,2021년 12월,2021,12,2021-12-01
A_2024_00085,MM,202112,,,500024,제주,100001,지수,104.873828749096,지수,,제주,지수,2021년 12월,2021,12,2021-12-01
A_2024_00085,MM,202112,,,510021,중부산권,100001,지수,101.952195603573,지수,,부산>중부산권,지수,2021년 12월,2021,12,2021-12-01
A_2024_00085,MM,202112,,,500003,지방권,100001,지수,103.26692477393,지수,,지방권,지수,2021년 12월,2021,12,2021-12-01
A_2024_00085,MM,202112,,,500019,충남,100001,지수,102.940635791659,지수,,충남,지수,2021년 12월,2021,12,2021-12-01
A_2024_00085,MM,202112,,,500018,충북,100001,지수,101.730393596029,지수,,충북,지수,2021년 12월,2021,12,2021-12-01
A_2024_00085,MM,202201,,,500005,5대광역시,100001,지수,104.294883778897,지수,,5대광역시,지수,2022년 1월,2022,1,2022-01-01
A_2024_00085,MM,202201,,,500004,6대광역시,100001,지수,104.55570353238,지수,,6대광역시,지수,2022년 1월,2022,1,2022-01-01
A_2024_00085,MM,202201,,,500007,8개도,100001,지수,102.504186286986,지수,,8개도,지수,2022년 1월,2022,1,2022-01-01
A_2024_00085,MM,202201,,,500006,9개도,100001,지수,102.326314122048,지수,,9개도,지수,2022년 1월,2022,1,2022-01-01
A_2024_00085,MM,202201,,,510010,강남지역,100001,지수,103.325846578526,지수,,서울>강남지역,지수,2022년 1월,2022,1,2022-01-01
A_2024_00085,MM,202201,,,510009,강북지역,100001,지수,102.959093167867,지수,,서울>강북지역,지수,2022년 1월,2022,1,2022-01-01
A_2024_00085,MM,202201,,,500017,강원,100001,지수,99.6271645854566,지수,,강원,지수,2022년 1월,2022,1,2022-01-01
A_2024_00085,MM,202201,,,500009,경기,100001,지수,102.2474538621,지수,,경기,지수,2022년 1월,2022,1,2022-01-01
A_2024_00085,MM,202201,,,500023,경남,100001,지수,103.018722753183,지수,,경남,지수,2022년 1월,2022,1,2022-01-01
A_2024_00085,MM,202201,,,510012,경부1권,100001,지수,101.941472578972,지수,,경기>경부1권,지수,2022년 1월,2022,1,2022-01-01
A_2024_00085,MM,202201,,,510013,경부2권,100001,지수,100.301469829543,지수,,경기>경부2권,지수,2022년 1월,2022,1,2022-01-01
A_2024_00085,MM,202201,,,500022,경북,100001,지수,100.075948478102,지수,,경북,지수,2022년 1월,2022,1,2022-01-01
A_2024_00085,MM,202201,,,510018,경원권,100001,지수,101.707218359694,지수,,경기>경원권,지수,2022년 1월,2022,1,2022-01-01
A_2024_00085,MM,202201,,,510017,경의권,100001,지수,106.857174595787,지수,,경기>경의권,지수,2022년 1월,2022,1,2022-01-01
A_2024_00085,MM,202201,,,500013,광주,100001,지수,102.550228176109,지수,,전남광주>광주,지수,2022년 1월,2022,1,2022-01-01
A_2024_00085,MM,202201,,,500012,대구,100001,지수,106.517991430399,지수,,대구,지수,2022년 1월,2022,1,2022-01-01
A_2024_00085,MM,202201,,,500014,대전,100001,지수,103.912134759266,지수,,대전,지수,2022년 1월,2022,1,2022-01-01
A_2024_00085,MM,202201,,,520010,도심권,100001,지수,100.927539720531,지수,,서울>강북지역>도심권,지수,2022년 1월,2022,1,2022-01-01
A_2024_00085,MM,202201,,,520015,동남권,100001,지수,101.754283900358,지수,,서울>강남지역>동남권,지수,2022년 1월,2022,1,2022-01-01
A_2024_00085,MM,202201,,,510015,동부1권,100001,지수,103.149585235456,지수,,경기>동부1권,지수,2022년 1월,2022,1,2022-01-01
A_2024_00085,MM,202201,,,510016,동부2권,100001,지수,102.362227650154,지수,,경기>동부2권,지수,2022년 1월,2022,1,2022-01-01
A_2024_00085,MM,202201,,,510022,동부산권,100001,지수,107.419699052608,지수,,부산>동부산권,지수,2022년 1월,2022,1,2022-01-01
A_2024_00085,MM,202201,,,520011,동북권,100001,지수,104.041591392439,지수,,서울>강북지역>동북권,지수,2022년 1월,2022,1,2022-01-01
A_2024_00085,MM,202201,,,500011,부산,100001,지수,103.737961882302,지수,,부산,지수,2022년 1월,2022,1,2022-01-01
A_2024_00085,MM,202201,,,520014,서남권,100001,지수,104.32884844341,지수,,서울>강남지역>서남권,지수,2022년 1월,2022,1,2022-01-01
A_2024_00085,MM,202201,,,510023,서부산권,100001,지수,103.188625098385,지수,,부산>서부산권,지수,2022년 1월,2022,1,2022-01-01
A_2024_00085,MM,202201,,,520012,서북권,100001,지수,101.85688680522,지수,,서울>강북지역>서북권,지수,2022년 1월,2022,1,2022-01-01
A_2024_00085,MM,202201,,,500008,서울,100001,지수,103.149411890083,지수,,서울,지수,2022년 1월,2022,1,2022-01-01
A_2024_00085,MM,202201,,,510014,서해안권,100001,지수,101.627780838249,지수,,경기>서해안권,지수,2022년 1월,2022,1,2022-01-01
A_2024_00085,MM,202201,,,500016,세종,100001,지수,103.499356320919,지수,,세종,지수,2022년 1월,2022,1,2022-01-01
A_2024_00085,MM,202201,,,500002,수도권,100001,지수,103.005237384172,지수,,수도권,지수,2022년 1월,2022,1,2022-01-01
A_2024_00085,MM,202201,,,500015,울산,100001,지수,105.016939907296,지수,,울산,지수,2022년 1월,2022,1,2022-01-01
A_2024_00085,MM,202201,,,500010,인천,100001,지수,104.91031283209,지수,,인천,지수,2022년 1월,2022,1,2022-01-01
A_2024_00085,MM,202201,,,500001,전국,100001,지수,103.09036642761,지수,,전국,지수,2022년 1월,2022,1,2022-01-01
A_2024_00085,MM,202201,,,500021,전남,100001,지수,103.126953417183,지수,,전남광주>전남,지수,2022년 1월,2022,1,2022-01-01
A_2024_00085,MM,202201,,,500020,전북,100001,지수,104.306160177905,지수,,전북,지수,2022년 1월,2022,1,2022-01-01
A_2024_00085,MM,202201,,,500024,제주,100001,지수,105.189207165716,지수,,제주,지수,2022년 1월,2022,1,2022-01-01
A_2024_00085,MM,202201,,,510021,중부산권,100001,지수,101.961567014156,지수,,부산>중부산권,지수,2022년 1월,2022,1,2022-01-01
A_2024_00085,MM,202201,,,500003,지방권,100001,지수,103.355161395949,지수,,지방권,지수,2022년 1월,2022,1,2022-01-01
A_2024_00085,MM,202201,,,500019,충남,100001,지수,102.832180066136,지수,,충남,지수,2022년 1월,2022,1,2022-01-01
A_2024_00085,MM,202201,,,500018,충북,100001,지수,101.926400221727,지수,,충북,지수,2022년 1월,2022,1,2022-01-01
A_2024_00085,MM,202202,,,500005,5대광역시,100001,지수,104.3739698761,지수,,5대광역시,지수,2022년 2월,2022,2,2022-02-01
A_2024_00085,MM,202202,,,500004,6대광역시,100001,지수,104.658607128499,지수,,6대광역시,지수,2022년 2월,2022,2,2022-02-01
A_2024_00085,MM,202202,,,500007,8개도,100001,지수,102.541406092702,지수,,8개도,지수,2022년 2월,2022,2,2022-02-01
A_2024_00085,MM,202202,,,500006,9개도,100001,지수,102.457149280816,지수,,9개도,지수,2022년 2월,2022,2,2022-02-01
A_2024_00085,MM,202202,,,510010,강남지역,100001,지수,103.28928080763,지수,,서울>강남지역,지수,2022년 2월,2022,2,2022-02-01
A_2024_00085,MM,202202,,,510009,강북지역,100001,지수,102.954098079957,지수,,서울>강북지역,지수,2022년 2월,2022,2,2022-02-01
A_2024_00085,MM,202202,,,500017,강원,100001,지수,99.7635664985762,지수,,강원,지수,2022년 2월,2022,2,2022-02-01
A_2024_00085,MM,202202,,,500009,경기,100001,지수,102.42495935028,지수,,경기,지수,2022년 2월,2022,2,2022-02-01
A_2024_00085,MM,202202,,,500023,경남,100001,지수,103.056132042846,지수,,경남,지수,2022년 2월,2022,2,2022-02-01
A_2024_00085,MM,202202,,,510012,경부1권,100001,지수,101.932095588474,지수,,경기>경부1권,지수,2022년 2월,2022,2,2022-02-01
A_2024_00085,MM,202202,,,510013,경부2권,100001,지수,100.591106380582,지수,,경기>경부2권,지수,2022년 2월,2022,2,2022-02-01
A_2024_00085,MM,202202,,,500022,경북,100001,지수,100.105573979072,지수,,경북,지수,2022년 2월,2022,2,2022-02-01
A_2024_00085,MM,202202,,,510018,경원권,100001,지수,101.84070870411,지수,,경기>경원권,지수,2022년 2월,2022,2,2022-02-01
A_2024_00085,MM,202202,,,510017,경의권,100001,지수,106.966743819584,지수,,경기>경의권,지수,2022년 2월,2022,2,2022-02-01
A_2024_00085,MM,202202,,,500013,광주,100001,지수,103.138127322571,지수,,전남광주>광주,지수,2022년 2월,2022,2,2022-02-01
A_2024_00085,MM,202202,,,500012,대구,100001,지수,106.607366569886,지수,,대구,지수,2022년 2월,2022,2,2022-02-01
A_2024_00085,MM,202202,,,500014,대전,100001,지수,103.85386353333,지수,,대전,지수,2022년 2월,2022,2,2022-02-01
A_2024_00085,MM,202202,,,520010,도심권,100001,지수,100.803912492842,지수,,서울>강북지역>도심권,지수,2022년 2월,2022,2,2022-02-01
A_2024_00085,MM,202202,,,520015,동남권,100001,지수,101.694448351746,지수,,서울>강남지역>동남권,지수,2022년 2월,2022,2,2022-02-01
A_2024_00085,MM,202202,,,510015,동부1권,100001,지수,103.17913404566,지수,,경기>동부1권,지수,2022년 2월,2022,2,2022-02-01
A_2024_00085,MM,202202,,,510016,동부2권,100001,지수,102.579973174205,지수,,경기>동부2권,지수,2022년 2월,2022,2,2022-02-01
A_2024_00085,MM,202202,,,510022,동부산권,100001,지수,107.442729137198,지수,,부산>동부산권,지수,2022년 2월,2022,2,2022-02-01
A_2024_00085,MM,202202,,,520011,동북권,100001,지수,104.080923847233,지수,,서울>강북지역>동북권,지수,2022년 2월,2022,2,2022-02-01
A_2024_00085,MM,202202,,,500011,부산,100001,지수,103.745800537374,지수,,부산,지수,2022년 2월,2022,2,2022-02-01
A_2024_00085,MM,202202,,,520014,서남권,100001,지수,104.308008864548,지수,,서울>강남지역>서남권,지수,2022년 2월,2022,2,2022-02-01
A_2024_00085,MM,202202,,,510023,서부산권,100001,지수,103.295856562447,지수,,부산>서부산권,지수,2022년 2월,2022,2,2022-02-01
A_2024_00085,MM,202202,,,520012,서북권,100001,지수,101.821019605368,지수,,서울>강북지역>서북권,지수,2022년 2월,2022,2,2022-02-01
A_2024_00085,MM,202202,,,500008,서울,100001,지수,103.128113516764,지수,,서울,지수,2022년 2월,2022,2,2022-02-01
A_2024_00085,MM,202202,,,510014,서해안권,100001,지수,101.900005063547,지수,,경기>서해안권,지수,2022년 2월,2022,2,2022-02-01
A_2024_00085,MM,202202,,,500016,세종,100001,지수,103.374961073312,지수,,세종,지수,2022년 2월,2022,2,2022-02-01
A_2024_00085,MM,202202,,,500002,수도권,100001,지수,103.086590681885,지수,,수도권,지수,2022년 2월,2022,2,2022-02-01
A_2024_00085,MM,202202,,,500015,울산,100001,지수,105.408697472502,지수,,울산,지수,2022년 2월,2022,2,2022-02-01
A_2024_00085,MM,202202,,,500010,인천,100001,지수,105.045844076181,지수,,인천,지수,2022년 2월,2022,2,2022-02-01
A_2024_00085,MM,202202,,,500001,전국,100001,지수,103.164676791717,지수,,전국,지수,2022년 2월,2022,2,2022-02-01
A_2024_00085,MM,202202,,,500021,전남,100001,지수,103.175458427872,지수,,전남광주>전남,지수,2022년 2월,2022,2,2022-02-01
A_2024_00085,MM,202202,,,500020,전북,100001,지수,103.949773507875,지수,,전북,지수,2022년 2월,2022,2,2022-02-01
A_2024_00085,MM,202202,,,500024,제주,100001,지수,105.387447436645,지수,,제주,지수,2022년 2월,2022,2,2022-02-01
A_2024_00085,MM,202202,,,510021,중부산권,100001,지수,101.925636341162,지수,,부산>중부산권,지수,2022년 2월,2022,2,2022-02-01
A_2024_00085,MM,202202,,,500003,지방권,100001,지수,103.411442138381,지수,,지방권,지수,2022년 2월,2022,2,2022-02-01
A_2024_00085,MM,202202,,,500019,충남,100001,지수,102.842948912738,지수,,충남,지수,2022년 2월,2022,2,2022-02-01
A_2024_00085,MM,202202,,,500018,충북,100001,지수,101.977658655738,지수,,충북,지수,2022년 2월,2022,2,2022-02-01
A_2024_00085,MM,202203,,,500005,5대광역시,100001,지수,104.605315484883,지수,,5대광역시,지수,2022년 3월,2022,3,2022-03-01
A_2024_00085,MM,202203,,,500004,6대광역시,100001,지수,104.835803015165,지수,,6대광역시,지수,2022년 3월,2022,3,2022-03-01
A_2024_00085,MM,202203,,,500007,8개도,100001,지수,102.630329900149,지수,,8개도,지수,2022년 3월,2022,3,2022-03-01
A_2024_00085,MM,202203,,,500006,9개도,100001,지수,102.611399322139,지수,,9개도,지수,2022년 3월,2022,3,2022-03-01
A_2024_00085,MM,202203,,,510010,강남지역,100001,지수,103.294772712101,지수,,서울>강남지역,지수,2022년 3월,2022,3,2022-03-01
A_2024_00085,MM,202203,,,510009,강북지역,100001,지수,102.949535002854,지수,,서울>강북지역,지수,2022년 3월,2022,3,2022-03-01
A_2024_00085,MM,202203,,,500017,강원,100001,지수,99.8621932983551,지수,,강원,지수,2022년 3월,2022,3,2022-03-01
A_2024_00085,MM,202203,,,500009,경기,100001,지수,102.611820673259,지수,,경기,지수,2022년 3월,2022,3,2022-03-01
A_2024_00085,MM,202203,,,500023,경남,100001,지수,103.148372798705,지수,,경남,지수,2022년 3월,2022,3,2022-03-01
A_2024_00085,MM,202203,,,510012,경부1권,100001,지수,101.995519329191,지수,,경기>경부1권,지수,2022년 3월,2022,3,2022-03-01
A_2024_00085,MM,202203,,,510013,경부2권,100001,지수,100.902320557097,지수,,경기>경부2권,지수,2022년 3월,2022,3,2022-03-01
A_2024_00085,MM,202203,,,500022,경북,100001,지수,100.150375867076,지수,,경북,지수,2022년 3월,2022,3,2022-03-01
A_2024_00085,MM,202203,,,510018,경원권,100001,지수,101.888743928821,지수,,경기>경원권,지수,2022년 3월,2022,3,2022-03-01
A_2024_00085,MM,202203,,,510017,경의권,100001,지수,107.059290222097,지수,,경기>경의권,지수,2022년 3월,2022,3,2022-03-01
A_2024_00085,MM,202203,,,500013,광주,100001,지수,103.217652832484,지수,,전남광주>광주,지수,2022년 3월,2022,3,2022-03-01
A_2024_00085,MM,202203,,,500012,대구,100001,지수,106.583574913218,지수,,대구,지수,2022년 3월,2022,3,2022-03-01
A_2024_00085,MM,202203,,,500014,대전,100001,지수,103.829743164639,지수,,대전,지수,2022년 3월,2022,3,2022-03-01
A_2024_00085,MM,202203,,,520010,도심권,100001,지수,100.703216264458,지수,,서울>강북지역>도심권,지수,2022년 3월,2022,3,2022-03-01
A_2024_00085,MM,202203,,,520015,동남권,100001,지수,101.736112294631,지수,,서울>강남지역>동남권,지수,2022년 3월,2022,3,2022-03-01
A_2024_00085,MM,202203,,,510015,동부1권,100001,지수,103.175871171555,지수,,경기>동부1권,지수,2022년 3월,2022,3,2022-03-01
A_2024_00085,MM,202203,,,510016,동부2권,100001,지수,102.853753968778,지수,,경기>동부2권,지수,2022년 3월,2022,3,2022-03-01
A_2024_00085,MM,202203,,,510022,동부산권,100001,지수,107.770966432961,지수,,부산>동부산권,지수,2022년 3월,2022,3,2022-03-01
A_2024_00085,MM,202203,,,520011,동북권,100001,지수,104.13009616914,지수,,서울>강북지역>동북권,지수,2022년 3월,2022,3,2022-03-01
A_2024_00085,MM,202203,,,500011,부산,100001,지수,104.123188392313,지수,,부산,지수,2022년 3월,2022,3,2022-03-01
A_2024_00085,MM,202203,,,520014,서남권,100001,지수,104.289086124732,지수,,서울>강남지역>서남권,지수,2022년 3월,2022,3,2022-03-01
A_2024_00085,MM,202203,,,510023,서부산권,100001,지수,103.493100138576,지수,,부산>서부산권,지수,2022년 3월,2022,3,2022-03-01
A_2024_00085,MM,202203,,,520012,서북권,100001,지수,101.763268488776,지수,,서울>강북지역>서북권,지수,2022년 3월,2022,3,2022-03-01
A_2024_00085,MM,202203,,,500008,서울,100001,지수,103.128743096676,지수,,서울,지수,2022년 3월,2022,3,2022-03-01
A_2024_00085,MM,202203,,,510014,서해안권,100001,지수,102.189252084793,지수,,경기>서해안권,지수,2022년 3월,2022,3,2022-03-01
A_2024_00085,MM,202203,,,500016,세종,100001,지수,103.126515922606,지수,,세종,지수,2022년 3월,2022,3,2022-03-01
A_2024_00085,MM,202203,,,500002,수도권,100001,지수,103.177334209253,지수,,수도권,지수,2022년 3월,2022,3,2022-03-01
A_2024_00085,MM,202203,,,500015,울산,100001,지수,105.674387754265,지수,,울산,지수,2022년 3월,2022,3,2022-03-01
A_2024_00085,MM,202203,,,500010,인천,100001,지수,105.14887566034,지수,,인천,지수,2022년 3월,2022,3,2022-03-01
A_2024_00085,MM,202203,,,500001,전국,100001,지수,103.273318443805,지수,,전국,지수,2022년 3월,2022,3,2022-03-01
A_2024_00085,MM,202203,,,500021,전남,100001,지수,103.203842592033,지수,,전남광주>전남,지수,2022년 3월,2022,3,2022-03-01
A_2024_00085,MM,202203,,,500020,전북,100001,지수,104.282307054231,지수,,전북,지수,2022년 3월,2022,3,2022-03-01
A_2024_00085,MM,202203,,,500024,제주,100001,지수,105.435824945532,지수,,제주,지수,2022년 3월,2022,3,2022-03-01
A_2024_00085,MM,202203,,,510021,중부산권,100001,지수,102.393697534212,지수,,부산>중부산권,지수,2022년 3월,2022,3,2022-03-01
A_2024_00085,MM,202203,,,500003,지방권,100001,지수,103.566044764876,지수,,지방권,지수,2022년 3월,2022,3,2022-03-01
A_2024_00085,MM,202203,,,500019,충남,100001,지수,102.94030010855,지수,,충남,지수,2022년 3월,2022,3,2022-03-01
A_2024_00085,MM,202203,,,500018,충북,100001,지수,102.041701578584,지수,,충북,지수,2022년 3월,2022,3,2022-03-01
A_2024_00085,MM,202204,,,500005,5대광역시,100001,지수,104.688555926348,지수,,5대광역시,지수,2022년 4월,2022,4,2022-04-01
A_2024_00085,MM,202204,,,500004,6대광역시,100001,지수,104.930938685405,지수,,6대광역시,지수,2022년 4월,2022,4,2022-04-01
A_2024_00085,MM,202204,,,500007,8개도,100001,지수,102.682671864475,지수,,8개도,지수,2022년 4월,2022,4,2022-04-01
A_2024_00085,MM,202204,,,500006,9개도,100001,지수,102.746984810591,지수,,9개도,지수,2022년 4월,2022,4,2022-04-01
A_2024_00085,MM,202204,,,510010,강남지역,100001,지수,103.262325577256,지수,,서울>강남지역,지수,2022년 4월,2022,4,2022-04-01
A_2024_00085,MM,202204,,,510009,강북지역,100001,지수,102.923149829061,지수,,서울>강북지역,지수,2022년 4월,2022,4,2022-04-01
A_2024_00085,MM,202204,,,500017,강원,100001,지수,99.8887584946343,지수,,강원,지수,2022년 4월,2022,4,2022-04-01
A_2024_00085,MM,202204,,,500009,경기,100001,지수,102.789001138989,지수,,경기,지수,2022년 4월,2022,4,2022-04-01
A_2024_00085,MM,202204,,,500023,경남,100001,지수,103.355473411044,지수,,경남,지수,2022년 4월,2022,4,2022-04-01
A_2024_00085,MM,202204,,,510012,경부1권,100001,지수,102.125721944573,지수,,경기>경부1권,지수,2022년 4월,2022,4,2022-04-01
A_2024_00085,MM,202204,,,510013,경부2권,100001,지수,100.996486841447,지수,,경기>경부2권,지수,2022년 4월,2022,4,2022-04-01
A_2024_00085,MM,202204,,,500022,경북,100001,지수,100.189182663357,지수,,경북,지수,2022년 4월,2022,4,2022-04-01
A_2024_00085,MM,202204,,,510018,경원권,100001,지수,102.010043538504,지수,,경기>경원권,지수,2022년 4월,2022,4,2022-04-01
A_2024_00085,MM,202204,,,510017,경의권,100001,지수,107.125054325514,지수,,경기>경의권,지수,2022년 4월,2022,4,2022-04-01
A_2024_00085,MM,202204,,,500013,광주,100001,지수,103.302117218347,지수,,전남광주>광주,지수,2022년 4월,2022,4,2022-04-01
A_2024_00085,MM,202204,,,500012,대구,100001,지수,106.378328926337,지수,,대구,지수,2022년 4월,2022,4,2022-04-01
A_2024_00085,MM,202204,,,500014,대전,100001,지수,103.662917101193,지수,,대전,지수,2022년 4월,2022,4,2022-04-01
A_2024_00085,MM,202204,,,520010,도심권,100001,지수,100.594224512257,지수,,서울>강북지역>도심권,지수,2022년 4월,2022,4,2022-04-01
A_2024_00085,MM,202204,,,520015,동남권,100001,지수,101.666983287249,지수,,서울>강남지역>동남권,지수,2022년 4월,2022,4,2022-04-01
A_2024_00085,MM,202204,,,510015,동부1권,100001,지수,103.281312737028,지수,,경기>동부1권,지수,2022년 4월,2022,4,2022-04-01
A_2024_00085,MM,202204,,,510016,동부2권,100001,지수,103.132315987942,지수,,경기>동부2권,지수,2022년 4월,2022,4,2022-04-01
A_2024_00085,MM,202204,,,510022,동부산권,100001,지수,107.884370508777,지수,,부산>동부산권,지수,2022년 4월,2022,4,2022-04-01
A_2024_00085,MM,202204,,,520011,동북권,100001,지수,104.147015010885,지수,,서울>강북지역>동북권,지수,2022년 4월,2022,4,2022-04-01
A_2024_00085,MM,202204,,,500011,부산,100001,지수,104.336400439532,지수,,부산,지수,2022년 4월,2022,4,2022-04-01
A_2024_00085,MM,202204,,,520014,서남권,100001,지수,104.281412925087,지수,,서울>강남지역>서남권,지수,2022년 4월,2022,4,2022-04-01
A_2024_00085,MM,202204,,,510023,서부산권,100001,지수,103.719510494983,지수,,부산>서부산권,지수,2022년 4월,2022,4,2022-04-01
A_2024_00085,MM,202204,,,520012,서북권,100001,지수,101.695819717335,지수,,서울>강북지역>서북권,지수,2022년 4월,2022,4,2022-04-01
A_2024_00085,MM,202204,,,500008,서울,100001,지수,103.099227136751,지수,,서울,지수,2022년 4월,2022,4,2022-04-01
A_2024_00085,MM,202204,,,510014,서해안권,100001,지수,102.468341885187,지수,,경기>서해안권,지수,2022년 4월,2022,4,2022-04-01
A_2024_00085,MM,202204,,,500016,세종,100001,지수,103.024450421994,지수,,세종,지수,2022년 4월,2022,4,2022-04-01
A_2024_00085,MM,202204,,,500002,수도권,100001,지수,103.251407159552,지수,,수도권,지수,2022년 4월,2022,4,2022-04-01
A_2024_00085,MM,202204,,,500015,울산,100001,지수,105.863208608443,지수,,울산,지수,2022년 4월,2022,4,2022-04-01
A_2024_00085,MM,202204,,,500010,인천,100001,지수,105.26029215033,지수,,인천,지수,2022년 4월,2022,4,2022-04-01
A_2024_00085,MM,202204,,,500001,전국,100001,지수,103.345188369349,지수,,전국,지수,2022년 4월,2022,4,2022-04-01
A_2024_00085,MM,202204,,,500021,전남,100001,지수,103.219243231194,지수,,전남광주>전남,지수,2022년 4월,2022,4,2022-04-01
A_2024_00085,MM,202204,,,500020,전북,100001,지수,104.305817641795,지수,,전북,지수,2022년 4월,2022,4,2022-04-01
A_2024_00085,MM,202204,,,500024,제주,100001,지수,105.461913458797,지수,,제주,지수,2022년 4월,2022,4,2022-04-01
A_2024_00085,MM,202204,,,510021,중부산권,100001,지수,102.654859350001,지수,,부산>중부산권,지수,2022년 4월,2022,4,2022-04-01
A_2024_00085,MM,202204,,,500003,지방권,100001,지수,103.632294324769,지수,,지방권,지수,2022년 4월,2022,4,2022-04-01
A_2024_00085,MM,202204,,,500019,충남,100001,지수,102.960523094192,지수,,충남,지수,2022년 4월,2022,4,2022-04-01
A_2024_00085,MM,202204,,,500018,충북,100001,지수,102.026769866411,지수,,충북,지수,2022년 4월,2022,4,2022-04-01
A_2024_00085,MM,202205,,,500005,5대광역시,100001,지수,104.776767796381,지수,,5대광역시,지수,2022년 5월,2022,5,2022-05-01
A_2024_00085,MM,202205,,,500004,6대광역시,100001,지수,105.0360964897,지수,,6대광역시,지수,2022년 5월,2022,5,2022-05-01
A_2024_00085,MM,202205,,,500007,8개도,100001,지수,102.71403004326,지수,,8개도,지수,2022년 5월,2022,5,2022-05-01
A_2024_00085,MM,202205,,,500006,9개도,100001,지수,102.864005613188,지수,,9개도,지수,2022년 5월,2022,5,2022-05-01
A_2024_00085,MM,202205,,,510010,강남지역,100001,지수,103.30083723428,지수,,서울>강남지역,지수,2022년 5월,2022,5,2022-05-01
A_2024_00085,MM,202205,,,510009,강북지역,100001,지수,102.911202060657,지수,,서울>강북지역,지수,2022년 5월,2022,5,2022-05-01
A_2024_00085,MM,202205,,,500017,강원,100001,지수,99.9824869029417,지수,,강원,지수,2022년 5월,2022,5,2022-05-01
A_2024_00085,MM,202205,,,500009,경기,100001,지수,102.948876232456,지수,,경기,지수,2022년 5월,2022,5,2022-05-01
A_2024_00085,MM,202205,,,500023,경남,100001,지수,103.451370758463,지수,,경남,지수,2022년 5월,2022,5,2022-05-01
A_2024_00085,MM,202205,,,510012,경부1권,100001,지수,102.226542236637,지수,,경기>경부1권,지수,2022년 5월,2022,5,2022-05-01
A_2024_00085,MM,202205,,,510013,경부2권,100001,지수,101.025152319597,지수,,경기>경부2권,지수,2022년 5월,2022,5,2022-05-01
A_2024_00085,MM,202205,,,500022,경북,100001,지수,100.270497129209,지수,,경북,지수,2022년 5월,2022,5,2022-05-01
A_2024_00085,MM,202205,,,510018,경원권,100001,지수,102.009924137549,지수,,경기>경원권,지수,2022년 5월,2022,5,2022-05-01
A_2024_00085,MM,202205,,,510017,경의권,100001,지수,107.2608895873,지수,,경기>경의권,지수,2022년 5월,2022,5,2022-05-01
A_2024_00085,MM,202205,,,500013,광주,100001,지수,103.601914946787,지수,,전남광주>광주,지수,2022년 5월,2022,5,2022-05-01
A_2024_00085,MM,202205,,,500012,대구,100001,지수,106.283413170064,지수,,대구,지수,2022년 5월,2022,5,2022-05-01
A_2024_00085,MM,202205,,,500014,대전,100001,지수,103.686369533651,지수,,대전,지수,2022년 5월,2022,5,2022-05-01
A_2024_00085,MM,202205,,,520010,도심권,100001,지수,100.542588329221,지수,,서울>강북지역>도심권,지수,2022년 5월,2022,5,2022-05-01
A_2024_00085,MM,202205,,,520015,동남권,100001,지수,101.799523235549,지수,,서울>강남지역>동남권,지수,2022년 5월,2022,5,2022-05-01
A_2024_00085,MM,202205,,,510015,동부1권,100001,지수,103.342046725805,지수,,경기>동부1권,지수,2022년 5월,2022,5,2022-05-01
A_2024_00085,MM,202205,,,510016,동부2권,100001,지수,103.426026956185,지수,,경기>동부2권,지수,2022년 5월,2022,5,2022-05-01
A_2024_00085,MM,202205,,,510022,동부산권,100001,지수,107.915926074019,지수,,부산>동부산권,지수,2022년 5월,2022,5,2022-05-01
A_2024_00085,MM,202205,,,520011,동북권,100001,지수,104.191785663824,지수,,서울>강북지역>동북권,지수,2022년 5월,2022,5,2022-05-01
A_2024_00085,MM,202205,,,500011,부산,100001,지수,104.442049094561,지수,,부산,지수,2022년 5월,2022,5,2022-05-01
A_2024_00085,MM,202205,,,520014,서남권,100001,지수,104.256475218708,지수,,서울>강남지역>서남권,지수,2022년 5월,2022,5,2022-05-01
A_2024_00085,MM,202205,,,510023,서부산권,100001,지수,103.839774396583,지수,,부산>서부산권,지수,2022년 5월,2022,5,2022-05-01
A_2024_00085,MM,202205,,,520012,서북권,100001,지수,101.60735689274,지수,,서울>강북지역>서북권,지수,2022년 5월,2022,5,2022-05-01
A_2024_00085,MM,202205,,,500008,서울,100001,지수,103.113335077219,지수,,서울,지수,2022년 5월,2022,5,2022-05-01
A_2024_00085,MM,202205,,,510014,서해안권,100001,지수,102.757143595071,지수,,경기>서해안권,지수,2022년 5월,2022,5,2022-05-01
A_2024_00085,MM,202205,,,500016,세종,100001,지수,102.835796778942,지수,,세종,지수,2022년 5월,2022,5,2022-05-01
A_2024_00085,MM,202205,,,500002,수도권,100001,지수,103.340500618937,지수,,수도권,지수,2022년 5월,2022,5,2022-05-01
A_2024_00085,MM,202205,,,500015,울산,100001,지수,106.167158797258,지수,,울산,지수,2022년 5월,2022,5,2022-05-01
A_2024_00085,MM,202205,,,500010,인천,100001,지수,105.388651622402,지수,,인천,지수,2022년 5월,2022,5,2022-05-01
A_2024_00085,MM,202205,,,500001,전국,100001,지수,103.425327217016,지수,,전국,지수,2022년 5월,2022,5,2022-05-01
A_2024_00085,MM,202205,,,500021,전남,100001,지수,103.198677969634,지수,,전남광주>전남,지수,2022년 5월,2022,5,2022-05-01
A_2024_00085,MM,202205,,,500020,전북,100001,지수,104.303384449595,지수,,전북,지수,2022년 5월,2022,5,2022-05-01
A_2024_00085,MM,202205,,,500024,제주,100001,지수,105.48835789408,지수,,제주,지수,2022년 5월,2022,5,2022-05-01
A_2024_00085,MM,202205,,,510021,중부산권,100001,지수,102.79443258758,지수,,부산>중부산권,지수,2022년 5월,2022,5,2022-05-01
A_2024_00085,MM,202205,,,500003,지방권,100001,지수,103.689497300458,지수,,지방권,지수,2022년 5월,2022,5,2022-05-01
A_2024_00085,MM,202205,,,500019,충남,100001,지수,102.944627562105,지수,,충남,지수,2022년 5월,2022,5,2022-05-01
A_2024_00085,MM,202205,,,500018,충북,100001,지수,101.932600266871,지수,,충북,지수,2022년 5월,2022,5,2022-05-01
A_2024_00085,MM,202206,,,500005,5대광역시,100001,지수,104.783540453773,지수,,5대광역시,지수,2022년 6월,2022,6,2022-06-01
A_2024_00085,MM,202206,,,500004,6대광역시,100001,지수,105.042748859898,지수,,6대광역시,지수,2022년 6월,2022,6,2022-06-01
A_2024_00085,MM,202206,,,500007,8개도,100001,지수,102.77875850599,지수,,8개도,지수,2022년 6월,2022,6,2022-06-01
A_2024_00085,MM,202206,,,500006,9개도,100001,지수,103.015947381914,지수,,9개도,지수,2022년 6월,2022,6,2022-06-01
A_2024_00085,MM,202206,,,510010,강남지역,100001,지수,103.325933759197,지수,,서울>강남지역,지수,2022년 6월,2022,6,2022-06-01
A_2024_00085,MM,202206,,,510009,강북지역,100001,지수,102.91254037004,지수,,서울>강북지역,지수,2022년 6월,2022,6,2022-06-01
A_2024_00085,MM,202206,,,500017,강원,100001,지수,100.024104380387,지수,,강원,지수,2022년 6월,2022,6,2022-06-01
A_2024_00085,MM,202206,,,500009,경기,100001,지수,103.144505989606,지수,,경기,지수,2022년 6월,2022,6,2022-06-01
A_2024_00085,MM,202206,,,500023,경남,100001,지수,103.612826161914,지수,,경남,지수,2022년 6월,2022,6,2022-06-01
A_2024_00085,MM,202206,,,510012,경부1권,100001,지수,102.352325376658,지수,,경기>경부1권,지수,2022년 6월,2022,6,2022-06-01
A_2024_00085,MM,202206,,,510013,경부2권,100001,지수,101.278294489686,지수,,경기>경부2권,지수,2022년 6월,2022,6,2022-06-01
A_2024_00085,MM,202206,,,500022,경북,100001,지수,100.351221096974,지수,,경북,지수,2022년 6월,2022,6,2022-06-01
A_2024_00085,MM,202206,,,510018,경원권,100001,지수,102.066169134687,지수,,경기>경원권,지수,2022년 6월,2022,6,2022-06-01
A_2024_00085,MM,202206,,,510017,경의권,100001,지수,107.595686769952,지수,,경기>경의권,지수,2022년 6월,2022,6,2022-06-01
A_2024_00085,MM,202206,,,500013,광주,100001,지수,103.622188407925,지수,,전남광주>광주,지수,2022년 6월,2022,6,2022-06-01
A_2024_00085,MM,202206,,,500012,대구,100001,지수,106.179677806694,지수,,대구,지수,2022년 6월,2022,6,2022-06-01
A_2024_00085,MM,202206,,,500014,대전,100001,지수,103.611082258965,지수,,대전,지수,2022년 6월,2022,6,2022-06-01
A_2024_00085,MM,202206,,,520010,도심권,100001,지수,100.475337650915,지수,,서울>강북지역>도심권,지수,2022년 6월,2022,6,2022-06-01
A_2024_00085,MM,202206,,,520015,동남권,100001,지수,101.903418573631,지수,,서울>강남지역>동남권,지수,2022년 6월,2022,6,2022-06-01
A_2024_00085,MM,202206,,,510015,동부1권,100001,지수,103.503683383265,지수,,경기>동부1권,지수,2022년 6월,2022,6,2022-06-01
A_2024_00085,MM,202206,,,510016,동부2권,100001,지수,103.835042806054,지수,,경기>동부2권,지수,2022년 6월,2022,6,2022-06-01
A_2024_00085,MM,202206,,,510022,동부산권,100001,지수,108.010359251219,지수,,부산>동부산권,지수,2022년 6월,2022,6,2022-06-01
A_2024_00085,MM,202206,,,520011,동북권,100001,지수,104.211915478719,지수,,서울>강북지역>동북권,지수,2022년 6월,2022,6,2022-06-01
A_2024_00085,MM,202206,,,500011,부산,100001,지수,104.464529686665,지수,,부산,지수,2022년 6월,2022,6,2022-06-01
A_2024_00085,MM,202206,,,520014,서남권,100001,지수,104.228478573938,지수,,서울>강남지역>서남권,지수,2022년 6월,2022,6,2022-06-01
A_2024_00085,MM,202206,,,510023,서부산권,100001,지수,103.941594268309,지수,,부산>서부산권,지수,2022년 6월,2022,6,2022-06-01
A_2024_00085,MM,202206,,,520012,서북권,100001,지수,101.601829364198,지수,,서울>강북지역>서북권,지수,2022년 6월,2022,6,2022-06-01
A_2024_00085,MM,202206,,,500008,서울,100001,지수,103.126939340072,지수,,서울,지수,2022년 6월,2022,6,2022-06-01
A_2024_00085,MM,202206,,,510014,서해안권,100001,지수,102.935985069248,지수,,경기>서해안권,지수,2022년 6월,2022,6,2022-06-01
A_2024_00085,MM,202206,,,500016,세종,100001,지수,102.681163508628,지수,,세종,지수,2022년 6월,2022,6,2022-06-01
A_2024_00085,MM,202206,,,500002,수도권,100001,지수,103.427611454919,지수,,수도권,지수,2022년 6월,2022,6,2022-06-01
A_2024_00085,MM,202206,,,500015,울산,100001,지수,106.39557397905,지수,,울산,지수,2022년 6월,2022,6,2022-06-01
A_2024_00085,MM,202206,,,500010,인천,100001,지수,105.395139086094,지수,,인천,지수,2022년 6월,2022,6,2022-06-01
A_2024_00085,MM,202206,,,500001,전국,100001,지수,103.498243034328,지수,,전국,지수,2022년 6월,2022,6,2022-06-01
A_2024_00085,MM,202206,,,500021,전남,100001,지수,103.224392519314,지수,,전남광주>전남,지수,2022년 6월,2022,6,2022-06-01
A_2024_00085,MM,202206,,,500020,전북,100001,지수,104.284888214927,지수,,전북,지수,2022년 6월,2022,6,2022-06-01
A_2024_00085,MM,202206,,,500024,제주,100001,지수,105.353545380556,지수,,제주,지수,2022년 6월,2022,6,2022-06-01
A_2024_00085,MM,202206,,,510021,중부산권,100001,지수,102.75023353086,지수,,부산>중부산권,지수,2022년 6월,2022,6,2022-06-01
A_2024_00085,MM,202206,,,500003,지방권,100001,지수,103.726045019622,지수,,지방권,지수,2022년 6월,2022,6,2022-06-01
A_2024_00085,MM,202206,,,500019,충남,100001,지수,102.981951169468,지수,,충남,지수,2022년 6월,2022,6,2022-06-01
A_2024_00085,MM,202206,,,500018,충북,100001,지수,102.30369524445,지수,,충북,지수,2022년 6월,2022,6,2022-06-01
A_2024_00085,MM,202207,,,500005,5대광역시,100001,지수,104.794409979096,지수,,5대광역시,지수,2022년 7월,2022,7,2022-07-01
A_2024_00085,MM,202207,,,500004,6대광역시,100001,지수,105.032474547067,지수,,6대광역시,지수,2022년 7월,2022,7,2022-07-01
A_2024_00085,MM,202207,,,500007,8개도,100001,지수,102.841707566954,지수,,8개도,지수,2022년 7월,2022,7,2022-07-01
A_2024_00085,MM,202207,,,500006,9개도,100001,지수,103.174710250609,지수,,9개도,지수,2022년 7월,2022,7,2022-07-01
A_2024_00085,MM,202207,,,510010,강남지역,100001,지수,103.269945730487,지수,,서울>강남지역,지수,2022년 7월,2022,7,2022-07-01
A_2024_00085,MM,202207,,,510009,강북지역,100001,지수,102.87513384342,지수,,서울>강북지역,지수,2022년 7월,2022,7,2022-07-01
A_2024_00085,MM,202207,,,500017,강원,100001,지수,100.056318539422,지수,,강원,지수,2022년 7월,2022,7,2022-07-01
A_2024_00085,MM,202207,,,500009,경기,100001,지수,103.351327940361,지수,,경기,지수,2022년 7월,2022,7,2022-07-01
A_2024_00085,MM,202207,,,500023,경남,100001,지수,103.769575028228,지수,,경남,지수,2022년 7월,2022,7,2022-07-01
A_2024_00085,MM,202207,,,510012,경부1권,100001,지수,102.437612004405,지수,,경기>경부1권,지수,2022년 7월,2022,7,2022-07-01
A_2024_00085,MM,202207,,,510013,경부2권,100001,지수,101.387646056582,지수,,경기>경부2권,지수,2022년 7월,2022,7,2022-07-01
A_2024_00085,MM,202207,,,500022,경북,100001,지수,100.38888896833,지수,,경북,지수,2022년 7월,2022,7,2022-07-01
A_2024_00085,MM,202207,,,510018,경원권,100001,지수,102.112756345989,지수,,경기>경원권,지수,2022년 7월,2022,7,2022-07-01
A_2024_00085,MM,202207,,,510017,경의권,100001,지수,107.842736091866,지수,,경기>경의권,지수,2022년 7월,2022,7,2022-07-01
A_2024_00085,MM,202207,,,500013,광주,100001,지수,103.664319246035,지수,,전남광주>광주,지수,2022년 7월,2022,7,2022-07-01
A_2024_00085,MM,202207,,,500012,대구,100001,지수,106.090407039494,지수,,대구,지수,2022년 7월,2022,7,2022-07-01
A_2024_00085,MM,202207,,,500014,대전,100001,지수,103.638402261991,지수,,대전,지수,2022년 7월,2022,7,2022-07-01
A_2024_00085,MM,202207,,,520010,도심권,100001,지수,100.458776457128,지수,,서울>강북지역>도심권,지수,2022년 7월,2022,7,2022-07-01
A_2024_00085,MM,202207,,,520015,동남권,100001,지수,101.843524578282,지수,,서울>강남지역>동남권,지수,2022년 7월,2022,7,2022-07-01
A_2024_00085,MM,202207,,,510015,동부1권,100001,지수,103.461522111576,지수,,경기>동부1권,지수,2022년 7월,2022,7,2022-07-01
A_2024_00085,MM,202207,,,510016,동부2권,100001,지수,104.522292078957,지수,,경기>동부2권,지수,2022년 7월,2022,7,2022-07-01
A_2024_00085,MM,202207,,,510022,동부산권,100001,지수,108.011582846301,지수,,부산>동부산권,지수,2022년 7월,2022,7,2022-07-01
A_2024_00085,MM,202207,,,520011,동북권,100001,지수,104.175730526036,지수,,서울>강북지역>동북권,지수,2022년 7월,2022,7,2022-07-01
A_2024_00085,MM,202207,,,500011,부산,100001,지수,104.482528901977,지수,,부산,지수,2022년 7월,2022,7,2022-07-01
A_2024_00085,MM,202207,,,520014,서남권,100001,지수,104.175149901196,지수,,서울>강남지역>서남권,지수,2022년 7월,2022,7,2022-07-01
A_2024_00085,MM,202207,,,510023,서부산권,100001,지수,103.954467660784,지수,,부산>서부산권,지수,2022년 7월,2022,7,2022-07-01
A_2024_00085,MM,202207,,,520012,서북권,100001,지수,101.555573122657,지수,,서울>강북지역>서북권,지수,2022년 7월,2022,7,2022-07-01
A_2024_00085,MM,202207,,,500008,서울,100001,지수,103.079939282075,지수,,서울,지수,2022년 7월,2022,7,2022-07-01
A_2024_00085,MM,202207,,,510014,서해안권,100001,지수,103.283749818831,지수,,경기>서해안권,지수,2022년 7월,2022,7,2022-07-01
A_2024_00085,MM,202207,,,500016,세종,100001,지수,102.493644749444,지수,,세종,지수,2022년 7월,2022,7,2022-07-01
A_2024_00085,MM,202207,,,500002,수도권,100001,지수,103.485360686625,지수,,수도권,지수,2022년 7월,2022,7,2022-07-01
A_2024_00085,MM,202207,,,500015,울산,100001,지수,106.515977317427,지수,,울산,지수,2022년 7월,2022,7,2022-07-01
A_2024_00085,MM,202207,,,500010,인천,100001,지수,105.355914106964,지수,,인천,지수,2022년 7월,2022,7,2022-07-01
A_2024_00085,MM,202207,,,500001,전국,100001,지수,103.550273898416,지수,,전국,지수,2022년 7월,2022,7,2022-07-01
A_2024_00085,MM,202207,,,500021,전남,100001,지수,103.197413051866,지수,,전남광주>전남,지수,2022년 7월,2022,7,2022-07-01
A_2024_00085,MM,202207,,,500020,전북,100001,지수,104.231164327935,지수,,전북,지수,2022년 7월,2022,7,2022-07-01
A_2024_00085,MM,202207,,,500024,제주,100001,지수,105.490364120027,지수,,제주,지수,2022년 7월,2022,7,2022-07-01
A_2024_00085,MM,202207,,,510021,중부산권,100001,지수,102.7789485358,지수,,부산>중부산권,지수,2022년 7월,2022,7,2022-07-01
A_2024_00085,MM,202207,,,500003,지방권,100001,지수,103.763440533236,지수,,지방권,지수,2022년 7월,2022,7,2022-07-01
A_2024_00085,MM,202207,,,500019,충남,100001,지수,103.005823974692,지수,,충남,지수,2022년 7월,2022,7,2022-07-01
A_2024_00085,MM,202207,,,500018,충북,100001,지수,102.388625900942,지수,,충북,지수,2022년 7월,2022,7,2022-07-01
A_2024_00085,MM,202208,,,500005,5대광역시,100001,지수,104.687620216806,지수,,5대광역시,지수,2022년 8월,2022,8,2022-08-01
A_2024_00085,MM,202208,,,500004,6대광역시,100001,지수,104.922739789134,지수,,6대광역시,지수,2022년 8월,2022,8,2022-08-01
A_2024_00085,MM,202208,,,500007,8개도,100001,지수,102.833108310864,지수,,8개도,지수,2022년 8월,2022,8,2022-08-01
A_2024_00085,MM,202208,,,500006,9개도,100001,지수,103.237338481076,지수,,9개도,지수,2022년 8월,2022,8,2022-08-01
A_2024_00085,MM,202208,,,510010,강남지역,100001,지수,103.220426941323,지수,,서울>강남지역,지수,2022년 8월,2022,8,2022-08-01
A_2024_00085,MM,202208,,,510009,강북지역,100001,지수,102.809392508559,지수,,서울>강북지역,지수,2022년 8월,2022,8,2022-08-01
A_2024_00085,MM,202208,,,500017,강원,100001,지수,100.020392895254,지수,,강원,지수,2022년 8월,2022,8,2022-08-01
A_2024_00085,MM,202208,,,500009,경기,100001,지수,103.449721095567,지수,,경기,지수,2022년 8월,2022,8,2022-08-01
A_2024_00085,MM,202208,,,500023,경남,100001,지수,103.816492657507,지수,,경남,지수,2022년 8월,2022,8,2022-08-01
A_2024_00085,MM,202208,,,510012,경부1권,100001,지수,102.595354586818,지수,,경기>경부1권,지수,2022년 8월,2022,8,2022-08-01
A_2024_00085,MM,202208,,,510013,경부2권,100001,지수,101.498529330782,지수,,경기>경부2권,지수,2022년 8월,2022,8,2022-08-01
A_2024_00085,MM,202208,,,500022,경북,100001,지수,100.400158340553,지수,,경북,지수,2022년 8월,2022,8,2022-08-01
A_2024_00085,MM,202208,,,510018,경원권,100001,지수,102.124742523703,지수,,경기>경원권,지수,2022년 8월,2022,8,2022-08-01
A_2024_00085,MM,202208,,,510017,경의권,100001,지수,107.894588830802,지수,,경기>경의권,지수,2022년 8월,2022,8,2022-08-01
A_2024_00085,MM,202208,,,500013,광주,100001,지수,103.295439484964,지수,,전남광주>광주,지수,2022년 8월,2022,8,2022-08-01
A_2024_00085,MM,202208,,,500012,대구,100001,지수,106.001121963005,지수,,대구,지수,2022년 8월,2022,8,2022-08-01
A_2024_00085,MM,202208,,,500014,대전,100001,지수,103.523278031008,지수,,대전,지수,2022년 8월,2022,8,2022-08-01
A_2024_00085,MM,202208,,,520010,도심권,100001,지수,100.379637387706,지수,,서울>강북지역>도심권,지수,2022년 8월,2022,8,2022-08-01
A_2024_00085,MM,202208,,,520015,동남권,100001,지수,101.826760486473,지수,,서울>강남지역>동남권,지수,2022년 8월,2022,8,2022-08-01
A_2024_00085,MM,202208,,,510015,동부1권,100001,지수,103.350358283247,지수,,경기>동부1권,지수,2022년 8월,2022,8,2022-08-01
A_2024_00085,MM,202208,,,510016,동부2권,100001,지수,105.004146916515,지수,,경기>동부2권,지수,2022년 8월,2022,8,2022-08-01
A_2024_00085,MM,202208,,,510022,동부산권,100001,지수,107.780137980935,지수,,부산>동부산권,지수,2022년 8월,2022,8,2022-08-01
A_2024_00085,MM,202208,,,520011,동북권,100001,지수,104.102819614862,지수,,서울>강북지역>동북권,지수,2022년 8월,2022,8,2022-08-01
A_2024_00085,MM,202208,,,500011,부산,100001,지수,104.400501491497,지수,,부산,지수,2022년 8월,2022,8,2022-08-01
A_2024_00085,MM,202208,,,520014,서남권,100001,지수,104.103611821197,지수,,서울>강남지역>서남권,지수,2022년 8월,2022,8,2022-08-01
A_2024_00085,MM,202208,,,510023,서부산권,100001,지수,103.9454821615,지수,,부산>서부산권,지수,2022년 8월,2022,8,2022-08-01
A_2024_00085,MM,202208,,,520012,서북권,100001,지수,101.50567191375,지수,,서울>강북지역>서북권,지수,2022년 8월,2022,8,2022-08-01
A_2024_00085,MM,202208,,,500008,서울,100001,지수,103.022572669241,지수,,서울,지수,2022년 8월,2022,8,2022-08-01
A_2024_00085,MM,202208,,,510014,서해안권,100001,지수,103.420919911427,지수,,경기>서해안권,지수,2022년 8월,2022,8,2022-08-01
A_2024_00085,MM,202208,,,500016,세종,100001,지수,102.393150730419,지수,,세종,지수,2022년 8월,2022,8,2022-08-01
A_2024_00085,MM,202208,,,500002,수도권,100001,지수,103.483990072478,지수,,수도권,지수,2022년 8월,2022,8,2022-08-01
A_2024_00085,MM,202208,,,500015,울산,100001,지수,106.383069464431,지수,,울산,지수,2022년 8월,2022,8,2022-08-01
A_2024_00085,MM,202208,,,500010,인천,100001,지수,105.242150584712,지수,,인천,지수,2022년 8월,2022,8,2022-08-01
A_2024_00085,MM,202208,,,500001,전국,100001,지수,103.533790258582,지수,,전국,지수,2022년 8월,2022,8,2022-08-01
A_2024_00085,MM,202208,,,500021,전남,100001,지수,103.158022074835,지수,,전남광주>전남,지수,2022년 8월,2022,8,2022-08-01
A_2024_00085,MM,202208,,,500020,전북,100001,지수,104.240564506758,지수,,전북,지수,2022년 8월,2022,8,2022-08-01
A_2024_00085,MM,202208,,,500024,제주,100001,지수,105.446207865128,지수,,제주,지수,2022년 8월,2022,8,2022-08-01
A_2024_00085,MM,202208,,,510021,중부산권,100001,지수,102.749763219124,지수,,부산>중부산권,지수,2022년 8월,2022,8,2022-08-01
A_2024_00085,MM,202208,,,500003,지방권,100001,지수,103.708221576548,지수,,지방권,지수,2022년 8월,2022,8,2022-08-01
A_2024_00085,MM,202208,,,500019,충남,100001,지수,102.947613090108,지수,,충남,지수,2022년 8월,2022,8,2022-08-01
A_2024_00085,MM,202208,,,500018,충북,100001,지수,102.419267436126,지수,,충북,지수,2022년 8월,2022,8,2022-08-01
A_2024_00085,MM,202209,,,500005,5대광역시,100001,지수,104.612119911718,지수,,5대광역시,지수,2022년 9월,2022,9,2022-09-01
A_2024_00085,MM,202209,,,500004,6대광역시,100001,지수,104.783938266662,지수,,6대광역시,지수,2022년 9월,2022,9,2022-09-01
A_2024_00085,MM,202209,,,500007,8개도,100001,지수,102.823985811314,지수,,8개도,지수,2022년 9월,2022,9,2022-09-01
A_2024_00085,MM,202209,,,500006,9개도,100001,지수,103.233389531823,지수,,9개도,지수,2022년 9월,2022,9,2022-09-01
A_2024_00085,MM,202209,,,510010,강남지역,100001,지수,102.968637785416,지수,,서울>강남지역,지수,2022년 9월,2022,9,2022-09-01
A_2024_00085,MM,202209,,,510009,강북지역,100001,지수,102.650447380577,지수,,서울>강북지역,지수,2022년 9월,2022,9,2022-09-01
A_2024_00085,MM,202209,,,500017,강원,100001,지수,99.9492908323076,지수,,강원,지수,2022년 9월,2022,9,2022-09-01
A_2024_00085,MM,202209,,,500009,경기,100001,지수,103.448370572574,지수,,경기,지수,2022년 9월,2022,9,2022-09-01
A_2024_00085,MM,202209,,,500023,경남,100001,지수,103.823269715372,지수,,경남,지수,2022년 9월,2022,9,2022-09-01
A_2024_00085,MM,202209,,,510012,경부1권,100001,지수,102.706647719347,지수,,경기>경부1권,지수,2022년 9월,2022,9,2022-09-01
A_2024_00085,MM,202209,,,510013,경부2권,100001,지수,101.553219196019,지수,,경기>경부2권,지수,2022년 9월,2022,9,2022-09-01
A_2024_00085,MM,202209,,,500022,경북,100001,지수,100.451195742317,지수,,경북,지수,2022년 9월,2022,9,2022-09-01
A_2024_00085,MM,202209,,,510018,경원권,100001,지수,102.132912029887,지수,,경기>경원권,지수,2022년 9월,2022,9,2022-09-01
A_2024_00085,MM,202209,,,510017,경의권,100001,지수,107.314306234731,지수,,경기>경의권,지수,2022년 9월,2022,9,2022-09-01
A_2024_00085,MM,202209,,,500013,광주,100001,지수,103.331452756822,지수,,전남광주>광주,지수,2022년 9월,2022,9,2022-09-01
A_2024_00085,MM,202209,,,500012,대구,100001,지수,105.959151865319,지수,,대구,지수,2022년 9월,2022,9,2022-09-01
A_2024_00085,MM,202209,,,500014,대전,100001,지수,103.502365928852,지수,,대전,지수,2022년 9월,2022,9,2022-09-01
A_2024_00085,MM,202209,,,520010,도심권,100001,지수,100.245885220027,지수,,서울>강북지역>도심권,지수,2022년 9월,2022,9,2022-09-01
A_2024_00085,MM,202209,,,520015,동남권,100001,지수,101.447216906635,지수,,서울>강남지역>동남권,지수,2022년 9월,2022,9,2022-09-01
A_2024_00085,MM,202209,,,510015,동부1권,100001,지수,103.021485989924,지수,,경기>동부1권,지수,2022년 9월,2022,9,2022-09-01
A_2024_00085,MM,202209,,,510016,동부2권,100001,지수,105.328876935017,지수,,경기>동부2권,지수,2022년 9월,2022,9,2022-09-01
A_2024_00085,MM,202209,,,510022,동부산권,100001,지수,107.63564734194,지수,,부산>동부산권,지수,2022년 9월,2022,9,2022-09-01
A_2024_00085,MM,202209,,,520011,동북권,100001,지수,103.920283976745,지수,,서울>강북지역>동북권,지수,2022년 9월,2022,9,2022-09-01
A_2024_00085,MM,202209,,,500011,부산,100001,지수,104.321617619536,지수,,부산,지수,2022년 9월,2022,9,2022-09-01
A_2024_00085,MM,202209,,,520014,서남권,100001,지수,103.938013210109,지수,,서울>강남지역>서남권,지수,2022년 9월,2022,9,2022-09-01
A_2024_00085,MM,202209,,,510023,서부산권,100001,지수,103.924339301678,지수,,부산>서부산권,지수,2022년 9월,2022,9,2022-09-01
A_2024_00085,MM,202209,,,520012,서북권,100001,지수,101.37574217165,지수,,서울>강북지역>서북권,지수,2022년 9월,2022,9,2022-09-01
A_2024_00085,MM,202209,,,500008,서울,100001,지수,102.81568425733,지수,,서울,지수,2022년 9월,2022,9,2022-09-01
A_2024_00085,MM,202209,,,510014,서해안권,100001,지수,103.587574643806,지수,,경기>서해안권,지수,2022년 9월,2022,9,2022-09-01
A_2024_00085,MM,202209,,,500016,세종,100001,지수,102.399288135659,지수,,세종,지수,2022년 9월,2022,9,2022-09-01
A_2024_00085,MM,202209,,,500002,수도권,100001,지수,103.358420959477,지수,,수도권,지수,2022년 9월,2022,9,2022-09-01
A_2024_00085,MM,202209,,,500015,울산,100001,지수,106.126748687919,지수,,울산,지수,2022년 9월,2022,9,2022-09-01
A_2024_00085,MM,202209,,,500010,인천,100001,지수,105.016765135547,지수,,인천,지수,2022년 9월,2022,9,2022-09-01
A_2024_00085,MM,202209,,,500001,전국,100001,지수,103.432158233763,지수,,전국,지수,2022년 9월,2022,9,2022-09-01
A_2024_00085,MM,202209,,,500021,전남,100001,지수,103.09337921198,지수,,전남광주>전남,지수,2022년 9월,2022,9,2022-09-01
A_2024_00085,MM,202209,,,500020,전북,100001,지수,104.395447616067,지수,,전북,지수,2022년 9월,2022,9,2022-09-01
A_2024_00085,MM,202209,,,500024,제주,100001,지수,105.432259617068,지수,,제주,지수,2022년 9월,2022,9,2022-09-01
A_2024_00085,MM,202209,,,510021,중부산권,100001,지수,102.684896742648,지수,,부산>중부산권,지수,2022년 9월,2022,9,2022-09-01
A_2024_00085,MM,202209,,,500003,지방권,100001,지수,103.667892958317,지수,,지방권,지수,2022년 9월,2022,9,2022-09-01
A_2024_00085,MM,202209,,,500019,충남,100001,지수,102.84226400795,지수,,충남,지수,2022년 9월,2022,9,2022-09-01
A_2024_00085,MM,202209,,,500018,충북,100001,지수,102.385785975098,지수,,충북,지수,2022년 9월,2022,9,2022-09-01
A_2024_00085,MM,202210,,,500005,5대광역시,100001,지수,104.497264192846,지수,,5대광역시,지수,2022년 10월,2022,10,2022-10-01
A_2024_00085,MM,202210,,,500004,6대광역시,100001,지수,104.635127523249,지수,,6대광역시,지수,2022년 10월,2022,10,2022-10-01
A_2024_00085,MM,202210,,,500007,8개도,100001,지수,102.767644588992,지수,,8개도,지수,2022년 10월,2022,10,2022-10-01
A_2024_00085,MM,202210,,,500006,9개도,100001,지수,103.181158502987,지수,,9개도,지수,2022년 10월,2022,10,2022-10-01
A_2024_00085,MM,202210,,,510010,강남지역,100001,지수,102.387307526009,지수,,서울>강남지역,지수,2022년 10월,2022,10,2022-10-01
A_2024_00085,MM,202210,,,510009,강북지역,100001,지수,102.277417558452,지수,,서울>강북지역,지수,2022년 10월,2022,10,2022-10-01
A_2024_00085,MM,202210,,,500017,강원,100001,지수,99.920664724294,지수,,강원,지수,2022년 10월,2022,10,2022-10-01
A_2024_00085,MM,202210,,,500009,경기,100001,지수,103.398199610725,지수,,경기,지수,2022년 10월,2022,10,2022-10-01
A_2024_00085,MM,202210,,,500023,경남,100001,지수,103.647257201715,지수,,경남,지수,2022년 10월,2022,10,2022-10-01
A_2024_00085,MM,202210,,,510012,경부1권,100001,지수,102.543104416571,지수,,경기>경부1권,지수,2022년 10월,2022,10,2022-10-01
A_2024_00085,MM,202210,,,510013,경부2권,100001,지수,101.488838265514,지수,,경기>경부2권,지수,2022년 10월,2022,10,2022-10-01
A_2024_00085,MM,202210,,,500022,경북,100001,지수,100.448245500541,지수,,경북,지수,2022년 10월,2022,10,2022-10-01
A_2024_00085,MM,202210,,,510018,경원권,100001,지수,102.172979051635,지수,,경기>경원권,지수,2022년 10월,2022,10,2022-10-01
A_2024_00085,MM,202210,,,510017,경의권,100001,지수,107.048915448007,지수,,경기>경의권,지수,2022년 10월,2022,10,2022-10-01
A_2024_00085,MM,202210,,,500013,광주,100001,지수,103.247131733462,지수,,전남광주>광주,지수,2022년 10월,2022,10,2022-10-01
A_2024_00085,MM,202210,,,500012,대구,100001,지수,106.06705739597,지수,,대구,지수,2022년 10월,2022,10,2022-10-01
A_2024_00085,MM,202210,,,500014,대전,100001,지수,103.359264763904,지수,,대전,지수,2022년 10월,2022,10,2022-10-01
A_2024_00085,MM,202210,,,520010,도심권,100001,지수,99.4787065189863,지수,,서울>강북지역>도심권,지수,2022년 10월,2022,10,2022-10-01
A_2024_00085,MM,202210,,,520015,동남권,100001,지수,100.501451835964,지수,,서울>강남지역>동남권,지수,2022년 10월,2022,10,2022-10-01
A_2024_00085,MM,202210,,,510015,동부1권,100001,지수,102.76903660337,지수,,경기>동부1권,지수,2022년 10월,2022,10,2022-10-01
A_2024_00085,MM,202210,,,510016,동부2권,100001,지수,105.34617031072,지수,,경기>동부2권,지수,2022년 10월,2022,10,2022-10-01
A_2024_00085,MM,202210,,,510022,동부산권,100001,지수,107.366551891803,지수,,부산>동부산권,지수,2022년 10월,2022,10,2022-10-01
A_2024_00085,MM,202210,,,520011,동북권,100001,지수,103.62882698388,지수,,서울>강북지역>동북권,지수,2022년 10월,2022,10,2022-10-01
A_2024_00085,MM,202210,,,500011,부산,100001,지수,104.165784900836,지수,,부산,지수,2022년 10월,2022,10,2022-10-01
A_2024_00085,MM,202210,,,520014,서남권,100001,지수,103.603521094347,지수,,서울>강남지역>서남권,지수,2022년 10월,2022,10,2022-10-01
A_2024_00085,MM,202210,,,510023,서부산권,100001,지수,103.839041124669,지수,,부산>서부산권,지수,2022년 10월,2022,10,2022-10-01
A_2024_00085,MM,202210,,,520012,서북권,100001,지수,101.005583959708,지수,,서울>강북지역>서북권,지수,2022년 10월,2022,10,2022-10-01
A_2024_00085,MM,202210,,,500008,서울,100001,지수,102.335015711617,지수,,서울,지수,2022년 10월,2022,10,2022-10-01
A_2024_00085,MM,202210,,,510014,서해안권,100001,지수,103.68735378383,지수,,경기>서해안권,지수,2022년 10월,2022,10,2022-10-01
A_2024_00085,MM,202210,,,500016,세종,100001,지수,102.31263647463,지수,,세종,지수,2022년 10월,2022,10,2022-10-01
A_2024_00085,MM,202210,,,500002,수도권,100001,지수,103.09135782198,지수,,수도권,지수,2022년 10월,2022,10,2022-10-01
A_2024_00085,MM,202210,,,500015,울산,100001,지수,105.853664376367,지수,,울산,지수,2022년 10월,2022,10,2022-10-01
A_2024_00085,MM,202210,,,500010,인천,100001,지수,104.821562324342,지수,,인천,지수,2022년 10월,2022,10,2022-10-01
A_2024_00085,MM,202210,,,500001,전국,100001,지수,103.216442037672,지수,,전국,지수,2022년 10월,2022,10,2022-10-01
A_2024_00085,MM,202210,,,500021,전남,100001,지수,103.039649992059,지수,,전남광주>전남,지수,2022년 10월,2022,10,2022-10-01
A_2024_00085,MM,202210,,,500020,전북,100001,지수,104.46460694193,지수,,전북,지수,2022년 10월,2022,10,2022-10-01
A_2024_00085,MM,202210,,,500024,제주,100001,지수,105.42586827043,지수,,제주,지수,2022년 10월,2022,10,2022-10-01
A_2024_00085,MM,202210,,,510021,중부산권,100001,지수,102.563830102924,지수,,부산>중부산권,지수,2022년 10월,2022,10,2022-10-01
A_2024_00085,MM,202210,,,500003,지방권,100001,지수,103.583850239491,지수,,지방권,지수,2022년 10월,2022,10,2022-10-01
A_2024_00085,MM,202210,,,500019,충남,100001,지수,102.763316014753,지수,,충남,지수,2022년 10월,2022,10,2022-10-01
A_2024_00085,MM,202210,,,500018,충북,100001,지수,102.242320740432,지수,,충북,지수,2022년 10월,2022,10,2022-10-01
A_2024_00085,MM,202211,,,500005,5대광역시,100001,지수,104.174485513625,지수,,5대광역시,지수,2022년 11월,2022,11,2022-11-01
A_2024_00085,MM,202211,,,500004,6대광역시,100001,지수,104.239786048381,지수,,6대광역시,지수,2022년 11월,2022,11,2022-11-01
A_2024_00085,MM,202211,,,500007,8개도,100001,지수,102.679597627718,지수,,8개도,지수,2022년 11월,2022,11,2022-11-01
A_2024_00085,MM,202211,,,500006,9개도,100001,지수,102.85467257826,지수,,9개도,지수,2022년 11월,2022,11,2022-11-01
A_2024_00085,MM,202211,,,510010,강남지역,100001,지수,101.552278135067,지수,,서울>강남지역,지수,2022년 11월,2022,11,2022-11-01
A_2024_00085,MM,202211,,,510009,강북지역,100001,지수,101.782219888408,지수,,서울>강북지역,지수,2022년 11월,2022,11,2022-11-01
A_2024_00085,MM,202211,,,500017,강원,100001,지수,99.7855998002164,지수,,강원,지수,2022년 11월,2022,11,2022-11-01
A_2024_00085,MM,202211,,,500009,경기,100001,지수,102.952105588014,지수,,경기,지수,2022년 11월,2022,11,2022-11-01
A_2024_00085,MM,202211,,,500023,경남,100001,지수,103.410404558207,지수,,경남,지수,2022년 11월,2022,11,2022-11-01
A_2024_00085,MM,202211,,,510012,경부1권,100001,지수,102.088859626407,지수,,경기>경부1권,지수,2022년 11월,2022,11,2022-11-01
A_2024_00085,MM,202211,,,510013,경부2권,100001,지수,101.323514943963,지수,,경기>경부2권,지수,2022년 11월,2022,11,2022-11-01
A_2024_00085,MM,202211,,,500022,경북,100001,지수,100.449807918358,지수,,경북,지수,2022년 11월,2022,11,2022-11-01
A_2024_00085,MM,202211,,,510018,경원권,100001,지수,102.113408321793,지수,,경기>경원권,지수,2022년 11월,2022,11,2022-11-01
A_2024_00085,MM,202211,,,510017,경의권,100001,지수,105.876086048579,지수,,경기>경의권,지수,2022년 11월,2022,11,2022-11-01
A_2024_00085,MM,202211,,,500013,광주,100001,지수,103.03832797446,지수,,전남광주>광주,지수,2022년 11월,2022,11,2022-11-01
A_2024_00085,MM,202211,,,500012,대구,100001,지수,105.898985600535,지수,,대구,지수,2022년 11월,2022,11,2022-11-01
A_2024_00085,MM,202211,,,500014,대전,100001,지수,103.208384493669,지수,,대전,지수,2022년 11월,2022,11,2022-11-01
A_2024_00085,MM,202211,,,520010,도심권,100001,지수,98.9689603847364,지수,,서울>강북지역>도심권,지수,2022년 11월,2022,11,2022-11-01
A_2024_00085,MM,202211,,,520015,동남권,100001,지수,99.6112191190298,지수,,서울>강남지역>동남권,지수,2022년 11월,2022,11,2022-11-01
A_2024_00085,MM,202211,,,510015,동부1권,100001,지수,102.572682639254,지수,,경기>동부1권,지수,2022년 11월,2022,11,2022-11-01
A_2024_00085,MM,202211,,,510016,동부2권,100001,지수,105.144653898176,지수,,경기>동부2권,지수,2022년 11월,2022,11,2022-11-01
A_2024_00085,MM,202211,,,510022,동부산권,100001,지수,106.510764364216,지수,,부산>동부산권,지수,2022년 11월,2022,11,2022-11-01
A_2024_00085,MM,202211,,,520011,동북권,100001,지수,103.022829863568,지수,,서울>강북지역>동북권,지수,2022년 11월,2022,11,2022-11-01
A_2024_00085,MM,202211,,,500011,부산,100001,지수,103.815347522717,지수,,부산,지수,2022년 11월,2022,11,2022-11-01
A_2024_00085,MM,202211,,,520014,서남권,100001,지수,102.806490012036,지수,,서울>강남지역>서남권,지수,2022년 11월,2022,11,2022-11-01
A_2024_00085,MM,202211,,,510023,서부산권,100001,지수,103.684042256975,지수,,부산>서부산권,지수,2022년 11월,2022,11,2022-11-01
A_2024_00085,MM,202211,,,520012,서북권,100001,지수,100.690939848748,지수,,서울>강북지역>서북권,지수,2022년 11월,2022,11,2022-11-01
A_2024_00085,MM,202211,,,500008,서울,100001,지수,101.663984961776,지수,,서울,지수,2022년 11월,2022,11,2022-11-01
A_2024_00085,MM,202211,,,510014,서해안권,100001,지수,103.132254376417,지수,,경기>서해안권,지수,2022년 11월,2022,11,2022-11-01
A_2024_00085,MM,202211,,,500016,세종,100001,지수,102.276850026141,지수,,세종,지수,2022년 11월,2022,11,2022-11-01
A_2024_00085,MM,202211,,,500002,수도권,100001,지수,102.535508531879,지수,,수도권,지수,2022년 11월,2022,11,2022-11-01
A_2024_00085,MM,202211,,,500015,울산,100001,지수,105.104954517656,지수,,울산,지수,2022년 11월,2022,11,2022-11-01
A_2024_00085,MM,202211,,,500010,인천,100001,지수,104.327199030717,지수,,인천,지수,2022년 11월,2022,11,2022-11-01
A_2024_00085,MM,202211,,,500001,전국,100001,지수,102.760654804145,지수,,전국,지수,2022년 11월,2022,11,2022-11-01
A_2024_00085,MM,202211,,,500021,전남,100001,지수,102.910924728087,지수,,전남광주>전남,지수,2022년 11월,2022,11,2022-11-01
A_2024_00085,MM,202211,,,500020,전북,100001,지수,104.33043902997,지수,,전북,지수,2022년 11월,2022,11,2022-11-01
A_2024_00085,MM,202211,,,500024,제주,100001,지수,105.320990874715,지수,,제주,지수,2022년 11월,2022,11,2022-11-01
A_2024_00085,MM,202211,,,510021,중부산권,100001,지수,102.412408057484,지수,,부산>중부산권,지수,2022년 11월,2022,11,2022-11-01
A_2024_00085,MM,202211,,,500003,지방권,100001,지수,103.385325570527,지수,,지방권,지수,2022년 11월,2022,11,2022-11-01
A_2024_00085,MM,202211,,,500019,충남,100001,지수,102.755349653102,지수,,충남,지수,2022년 11월,2022,11,2022-11-01
A_2024_00085,MM,202211,,,500018,충북,100001,지수,102.221606360851,지수,,충북,지수,2022년 11월,2022,11,2022-11-01
A_2024_00085,MM,202212,,,500005,5대광역시,100001,지수,103.566009665882,지수,,5대광역시,지수,2022년 12월,2022,12,2022-12-01
A_2024_00085,MM,202212,,,500004,6대광역시,100001,지수,103.591742597157,지수,,6대광역시,지수,2022년 12월,2022,12,2022-12-01
A_2024_00085,MM,202212,,,500007,8개도,100001,지수,102.353459466579,지수,,8개도,지수,2022년 12월,2022,12,2022-12-01
A_2024_00085,MM,202212,,,500006,9개도,100001,지수,102.196271909681,지수,,9개도,지수,2022년 12월,2022,12,2022-12-01
A_2024_00085,MM,202212,,,510010,강남지역,100001,지수,100.358734946584,지수,,서울>강남지역,지수,2022년 12월,2022,12,2022-12-01
A_2024_00085,MM,202212,,,510009,강북지역,100001,지수,100.647269080447,지수,,서울>강북지역,지수,2022년 12월,2022,12,2022-12-01
A_2024_00085,MM,202212,,,500017,강원,100001,지수,99.7615310941643,지수,,강원,지수,2022년 12월,2022,12,2022-12-01
A_2024_00085,MM,202212,,,500009,경기,100001,지수,102.12770293451,지수,,경기,지수,2022년 12월,2022,12,2022-12-01
A_2024_00085,MM,202212,,,500023,경남,100001,지수,102.853005247745,지수,,경남,지수,2022년 12월,2022,12,2022-12-01
A_2024_00085,MM,202212,,,510012,경부1권,100001,지수,101.045138542042,지수,,경기>경부1권,지수,2022년 12월,2022,12,2022-12-01
A_2024_00085,MM,202212,,,510013,경부2권,100001,지수,100.990159891292,지수,,경기>경부2권,지수,2022년 12월,2022,12,2022-12-01
A_2024_00085,MM,202212,,,500022,경북,100001,지수,100.287773496801,지수,,경북,지수,2022년 12월,2022,12,2022-12-01
A_2024_00085,MM,202212,,,510018,경원권,100001,지수,101.891807918338,지수,,경기>경원권,지수,2022년 12월,2022,12,2022-12-01
A_2024_00085,MM,202212,,,510017,경의권,100001,지수,104.925085390593,지수,,경기>경의권,지수,2022년 12월,2022,12,2022-12-01
A_2024_00085,MM,202212,,,500013,광주,100001,지수,102.801018404816,지수,,전남광주>광주,지수,2022년 12월,2022,12,2022-12-01
A_2024_00085,MM,202212,,,500012,대구,100001,지수,105.552521498893,지수,,대구,지수,2022년 12월,2022,12,2022-12-01
A_2024_00085,MM,202212,,,500014,대전,100001,지수,102.583457909647,지수,,대전,지수,2022년 12월,2022,12,2022-12-01
A_2024_00085,MM,202212,,,520010,도심권,100001,지수,98.2888292848897,지수,,서울>강북지역>도심권,지수,2022년 12월,2022,12,2022-12-01
A_2024_00085,MM,202212,,,520015,동남권,100001,지수,98.4825635752964,지수,,서울>강남지역>동남권,지수,2022년 12월,2022,12,2022-12-01
A_2024_00085,MM,202212,,,510015,동부1권,100001,지수,101.518674521546,지수,,경기>동부1권,지수,2022년 12월,2022,12,2022-12-01
A_2024_00085,MM,202212,,,510016,동부2권,100001,지수,103.87315168346,지수,,경기>동부2권,지수,2022년 12월,2022,12,2022-12-01
A_2024_00085,MM,202212,,,510022,동부산권,100001,지수,105.183749821218,지수,,부산>동부산권,지수,2022년 12월,2022,12,2022-12-01
A_2024_00085,MM,202212,,,520011,동북권,100001,지수,101.802209472806,지수,,서울>강북지역>동북권,지수,2022년 12월,2022,12,2022-12-01
A_2024_00085,MM,202212,,,500011,부산,100001,지수,103.181578686474,지수,,부산,지수,2022년 12월,2022,12,2022-12-01
A_2024_00085,MM,202212,,,520014,서남권,100001,지수,101.569636283815,지수,,서울>강남지역>서남권,지수,2022년 12월,2022,12,2022-12-01
A_2024_00085,MM,202212,,,510023,서부산권,100001,지수,103.342922898176,지수,,부산>서부산권,지수,2022년 12월,2022,12,2022-12-01
A_2024_00085,MM,202212,,,520012,서북권,100001,지수,99.5404066949313,지수,,서울>강북지역>서북권,지수,2022년 12월,2022,12,2022-12-01
A_2024_00085,MM,202212,,,500008,서울,100001,지수,100.498679984312,지수,,서울,지수,2022년 12월,2022,12,2022-12-01
A_2024_00085,MM,202212,,,510014,서해안권,100001,지수,102.244572865526,지수,,경기>서해안권,지수,2022년 12월,2022,12,2022-12-01
A_2024_00085,MM,202212,,,500016,세종,100001,지수,102.036646274525,지수,,세종,지수,2022년 12월,2022,12,2022-12-01
A_2024_00085,MM,202212,,,500002,수도권,100001,지수,101.570754965777,지수,,수도권,지수,2022년 12월,2022,12,2022-12-01
A_2024_00085,MM,202212,,,500015,울산,100001,지수,103.968892749926,지수,,울산,지수,2022년 12월,2022,12,2022-12-01
A_2024_00085,MM,202212,,,500010,인천,100001,지수,103.625234748938,지수,,인천,지수,2022년 12월,2022,12,2022-12-01
A_2024_00085,MM,202212,,,500001,전국,100001,지수,101.937083727203,지수,,전국,지수,2022년 12월,2022,12,2022-12-01
A_2024_00085,MM,202212,,,500021,전남,100001,지수,102.569586671066,지수,,전남광주>전남,지수,2022년 12월,2022,12,2022-12-01
A_2024_00085,MM,202212,,,500020,전북,100001,지수,103.867485769032,지수,,전북,지수,2022년 12월,2022,12,2022-12-01
A_2024_00085,MM,202212,,,500024,제주,100001,지수,105.019303512995,지수,,제주,지수,2022년 12월,2022,12,2022-12-01
A_2024_00085,MM,202212,,,510021,중부산권,100001,지수,102.045655506177,지수,,부산>중부산권,지수,2022년 12월,2022,12,2022-12-01
A_2024_00085,MM,202212,,,500003,지방권,100001,지수,102.926224628635,지수,,지방권,지수,2022년 12월,2022,12,2022-12-01
A_2024_00085,MM,202212,,,500019,충남,100001,지수,102.438973606327,지수,,충남,지수,2022년 12월,2022,12,2022-12-01
A_2024_00085,MM,202212,,,500018,충북,100001,지수,101.729160253806,지수,,충북,지수,2022년 12월,2022,12,2022-12-01
A_2024_00085,MM,202301,,,500005,5대광역시,100001,지수,103.161190778276,지수,,5대광역시,지수,2023년 1월,2023,1,2023-01-01
A_2024_00085,MM,202301,,,500004,6대광역시,100001,지수,103.227354573733,지수,,6대광역시,지수,2023년 1월,2023,1,2023-01-01
A_2024_00085,MM,202301,,,500007,8개도,100001,지수,102.10946863104,지수,,8개도,지수,2023년 1월,2023,1,2023-01-01
A_2024_00085,MM,202301,,,500006,9개도,100001,지수,101.678351312478,지수,,9개도,지수,2023년 1월,2023,1,2023-01-01
A_2024_00085,MM,202301,,,510010,강남지역,100001,지수,99.4208104160532,지수,,서울>강남지역,지수,2023년 1월,2023,1,2023-01-01
A_2024_00085,MM,202301,,,510009,강북지역,100001,지수,99.9361724193629,지수,,서울>강북지역,지수,2023년 1월,2023,1,2023-01-01
A_2024_00085,MM,202301,,,500017,강원,100001,지수,99.727591015353,지수,,강원,지수,2023년 1월,2023,1,2023-01-01
A_2024_00085,MM,202301,,,500009,경기,100001,지수,101.474522705756,지수,,경기,지수,2023년 1월,2023,1,2023-01-01
A_2024_00085,MM,202301,,,500023,경남,100001,지수,102.574318419734,지수,,경남,지수,2023년 1월,2023,1,2023-01-01
A_2024_00085,MM,202301,,,510012,경부1권,100001,지수,99.3876234546787,지수,,경기>경부1권,지수,2023년 1월,2023,1,2023-01-01
A_2024_00085,MM,202301,,,510013,경부2권,100001,지수,100.591819569878,지수,,경기>경부2권,지수,2023년 1월,2023,1,2023-01-01
A_2024_00085,MM,202301,,,500022,경북,100001,지수,100.20863091311,지수,,경북,지수,2023년 1월,2023,1,2023-01-01
A_2024_00085,MM,202301,,,510018,경원권,100001,지수,101.621611105481,지수,,경기>경원권,지수,2023년 1월,2023,1,2023-01-01
A_2024_00085,MM,202301,,,510017,경의권,100001,지수,104.123746021551,지수,,경기>경의권,지수,2023년 1월,2023,1,2023-01-01
A_2024_00085,MM,202301,,,500013,광주,100001,지수,102.639555781487,지수,,전남광주>광주,지수,2023년 1월,2023,1,2023-01-01
A_2024_00085,MM,202301,,,500012,대구,100001,지수,105.023222622284,지수,,대구,지수,2023년 1월,2023,1,2023-01-01
A_2024_00085,MM,202301,,,500014,대전,100001,지수,102.189626845146,지수,,대전,지수,2023년 1월,2023,1,2023-01-01
A_2024_00085,MM,202301,,,520010,도심권,100001,지수,97.7903361443962,지수,,서울>강북지역>도심권,지수,2023년 1월,2023,1,2023-01-01
A_2024_00085,MM,202301,,,520015,동남권,100001,지수,97.6660867443803,지수,,서울>강남지역>동남권,지수,2023년 1월,2023,1,2023-01-01
A_2024_00085,MM,202301,,,510015,동부1권,100001,지수,101.133924794097,지수,,경기>동부1권,지수,2023년 1월,2023,1,2023-01-01
A_2024_00085,MM,202301,,,510016,동부2권,100001,지수,103.220442850646,지수,,경기>동부2권,지수,2023년 1월,2023,1,2023-01-01
A_2024_00085,MM,202301,,,510022,동부산권,100001,지수,104.773082761616,지수,,부산>동부산권,지수,2023년 1월,2023,1,2023-01-01
A_2024_00085,MM,202301,,,520011,동북권,100001,지수,100.974054740888,지수,,서울>강북지역>동북권,지수,2023년 1월,2023,1,2023-01-01
A_2024_00085,MM,202301,,,500011,부산,100001,지수,102.833694080428,지수,,부산,지수,2023년 1월,2023,1,2023-01-01
A_2024_00085,MM,202301,,,520014,서남권,100001,지수,100.551836696996,지수,,서울>강남지역>서남권,지수,2023년 1월,2023,1,2023-01-01
A_2024_00085,MM,202301,,,510023,서부산권,100001,지수,103.08172395063,지수,,부산>서부산권,지수,2023년 1월,2023,1,2023-01-01
A_2024_00085,MM,202301,,,520012,서북권,100001,지수,98.9473759589466,지수,,서울>강북지역>서북권,지수,2023년 1월,2023,1,2023-01-01
A_2024_00085,MM,202301,,,500008,서울,100001,지수,99.6703213887558,지수,,서울,지수,2023년 1월,2023,1,2023-01-01
A_2024_00085,MM,202301,,,510014,서해안권,100001,지수,101.699496880743,지수,,경기>서해안권,지수,2023년 1월,2023,1,2023-01-01
A_2024_00085,MM,202301,,,500016,세종,100001,지수,101.855390662676,지수,,세종,지수,2023년 1월,2023,1,2023-01-01
A_2024_00085,MM,202301,,,500002,수도권,100001,지수,100.881507135154,지수,,수도권,지수,2023년 1월,2023,1,2023-01-01
A_2024_00085,MM,202301,,,500015,울산,100001,지수,103.290280770759,지수,,울산,지수,2023년 1월,2023,1,2023-01-01
A_2024_00085,MM,202301,,,500010,인천,100001,지수,103.316903215287,지수,,인천,지수,2023년 1월,2023,1,2023-01-01
A_2024_00085,MM,202301,,,500001,전국,100001,지수,101.350350946485,지수,,전국,지수,2023년 1월,2023,1,2023-01-01
A_2024_00085,MM,202301,,,500021,전남,100001,지수,102.316351186482,지수,,전남광주>전남,지수,2023년 1월,2023,1,2023-01-01
A_2024_00085,MM,202301,,,500020,전북,100001,지수,103.374613524902,지수,,전북,지수,2023년 1월,2023,1,2023-01-01
A_2024_00085,MM,202301,,,500024,제주,100001,지수,104.664194585396,지수,,제주,지수,2023년 1월,2023,1,2023-01-01
A_2024_00085,MM,202301,,,510021,중부산권,100001,지수,101.700440976994,지수,,부산>중부산권,지수,2023년 1월,2023,1,2023-01-01
A_2024_00085,MM,202301,,,500003,지방권,100001,지수,102.60668716656,지수,,지방권,지수,2023년 1월,2023,1,2023-01-01
A_2024_00085,MM,202301,,,500019,충남,100001,지수,102.100984717752,지수,,충남,지수,2023년 1월,2023,1,2023-01-01
A_2024_00085,MM,202301,,,500018,충북,100001,지수,101.567702526051,지수,,충북,지수,2023년 1월,2023,1,2023-01-01
A_2024_00085,MM,202302,,,500005,5대광역시,100001,지수,102.896219114092,지수,,5대광역시,지수,2023년 2월,2023,2,2023-02-01
A_2024_00085,MM,202302,,,500004,6대광역시,100001,지수,103.013001851009,지수,,6대광역시,지수,2023년 2월,2023,2,2023-02-01
A_2024_00085,MM,202302,,,500007,8개도,100001,지수,101.947391403336,지수,,8개도,지수,2023년 2월,2023,2,2023-02-01
A_2024_00085,MM,202302,,,500006,9개도,100001,지수,101.161768292116,지수,,9개도,지수,2023년 2월,2023,2,2023-02-01
A_2024_00085,MM,202302,,,510010,강남지역,100001,지수,98.5640692502398,지수,,서울>강남지역,지수,2023년 2월,2023,2,2023-02-01
A_2024_00085,MM,202302,,,510009,강북지역,100001,지수,99.3826766061907,지수,,서울>강북지역,지수,2023년 2월,2023,2,2023-02-01
A_2024_00085,MM,202302,,,500017,강원,100001,지수,99.6649378860576,지수,,강원,지수,2023년 2월,2023,2,2023-02-01
A_2024_00085,MM,202302,,,500009,경기,100001,지수,100.783721586415,지수,,경기,지수,2023년 2월,2023,2,2023-02-01
A_2024_00085,MM,202302,,,500023,경남,100001,지수,102.307238290625,지수,,경남,지수,2023년 2월,2023,2,2023-02-01
A_2024_00085,MM,202302,,,510012,경부1권,100001,지수,98.1926831401025,지수,,경기>경부1권,지수,2023년 2월,2023,2,2023-02-01
A_2024_00085,MM,202302,,,510013,경부2권,100001,지수,100.239763695216,지수,,경기>경부2권,지수,2023년 2월,2023,2,2023-02-01
A_2024_00085,MM,202302,,,500022,경북,100001,지수,100.054134612489,지수,,경북,지수,2023년 2월,2023,2,2023-02-01
A_2024_00085,MM,202302,,,510018,경원권,100001,지수,101.380255691659,지수,,경기>경원권,지수,2023년 2월,2023,2,2023-02-01
A_2024_00085,MM,202302,,,510017,경의권,100001,지수,103.402944166534,지수,,경기>경의권,지수,2023년 2월,2023,2,2023-02-01
A_2024_00085,MM,202302,,,500013,광주,100001,지수,102.492883455153,지수,,전남광주>광주,지수,2023년 2월,2023,2,2023-02-01
A_2024_00085,MM,202302,,,500012,대구,100001,지수,104.708624515572,지수,,대구,지수,2023년 2월,2023,2,2023-02-01
A_2024_00085,MM,202302,,,500014,대전,100001,지수,101.994980537376,지수,,대전,지수,2023년 2월,2023,2,2023-02-01
A_2024_00085,MM,202302,,,520010,도심권,100001,지수,97.3976639839093,지수,,서울>강북지역>도심권,지수,2023년 2월,2023,2,2023-02-01
A_2024_00085,MM,202302,,,520015,동남권,100001,지수,97.1177687666964,지수,,서울>강남지역>동남권,지수,2023년 2월,2023,2,2023-02-01
A_2024_00085,MM,202302,,,510015,동부1권,100001,지수,100.697555538702,지수,,경기>동부1권,지수,2023년 2월,2023,2,2023-02-01
A_2024_00085,MM,202302,,,510016,동부2권,100001,지수,102.7005961234,지수,,경기>동부2권,지수,2023년 2월,2023,2,2023-02-01
A_2024_00085,MM,202302,,,510022,동부산권,100001,지수,104.474154793642,지수,,부산>동부산권,지수,2023년 2월,2023,2,2023-02-01
A_2024_00085,MM,202302,,,520011,동북권,100001,지수,100.371331591588,지수,,서울>강북지역>동북권,지수,2023년 2월,2023,2,2023-02-01
A_2024_00085,MM,202302,,,500011,부산,100001,지수,102.615935684895,지수,,부산,지수,2023년 2월,2023,2,2023-02-01
A_2024_00085,MM,202302,,,520014,서남권,100001,지수,99.4924870832707,지수,,서울>강남지역>서남권,지수,2023년 2월,2023,2,2023-02-01
A_2024_00085,MM,202302,,,510023,서부산권,100001,지수,102.876880205535,지수,,부산>서부산권,지수,2023년 2월,2023,2,2023-02-01
A_2024_00085,MM,202302,,,520012,서북권,100001,지수,98.4189327878961,지수,,서울>강북지역>서북권,지수,2023년 2월,2023,2,2023-02-01
A_2024_00085,MM,202302,,,500008,서울,100001,지수,98.9598538331587,지수,,서울,지수,2023년 2월,2023,2,2023-02-01
A_2024_00085,MM,202302,,,510014,서해안권,100001,지수,100.855728629137,지수,,경기>서해안권,지수,2023년 2월,2023,2,2023-02-01
A_2024_00085,MM,202302,,,500016,세종,100001,지수,101.74774206896,지수,,세종,지수,2023년 2월,2023,2,2023-02-01
A_2024_00085,MM,202302,,,500002,수도권,100001,지수,100.252545713728,지수,,수도권,지수,2023년 2월,2023,2,2023-02-01
A_2024_00085,MM,202302,,,500015,울산,100001,지수,102.669666512208,지수,,울산,지수,2023년 2월,2023,2,2023-02-01
A_2024_00085,MM,202302,,,500010,인천,100001,지수,103.172801798105,지수,,인천,지수,2023년 2월,2023,2,2023-02-01
A_2024_00085,MM,202302,,,500001,전국,100001,지수,100.837104264823,지수,,전국,지수,2023년 2월,2023,2,2023-02-01
A_2024_00085,MM,202302,,,500021,전남,100001,지수,102.130199698008,지수,,전남광주>전남,지수,2023년 2월,2023,2,2023-02-01
A_2024_00085,MM,202302,,,500020,전북,100001,지수,103.303040753094,지수,,전북,지수,2023년 2월,2023,2,2023-02-01
A_2024_00085,MM,202302,,,500024,제주,100001,지수,104.429437648749,지수,,제주,지수,2023년 2월,2023,2,2023-02-01
A_2024_00085,MM,202302,,,510021,중부산권,100001,지수,101.521341851495,지수,,부산>중부산권,지수,2023년 2월,2023,2,2023-02-01
A_2024_00085,MM,202302,,,500003,지방권,100001,지수,102.396307965509,지수,,지방권,지수,2023년 2월,2023,2,2023-02-01
A_2024_00085,MM,202302,,,500019,충남,100001,지수,101.985094313992,지수,,충남,지수,2023년 2월,2023,2,2023-02-01
A_2024_00085,MM,202302,,,500018,충북,100001,지수,101.470075221178,지수,,충북,지수,2023년 2월,2023,2,2023-02-01
A_2024_00085,MM,202303,,,500005,5대광역시,100001,지수,102.695986416305,지수,,5대광역시,지수,2023년 3월,2023,3,2023-03-01
A_2024_00085,MM,202303,,,500004,6대광역시,100001,지수,102.782482882029,지수,,6대광역시,지수,2023년 3월,2023,3,2023-03-01
A_2024_00085,MM,202303,,,500007,8개도,100001,지수,101.804559523211,지수,,8개도,지수,2023년 3월,2023,3,2023-03-01
A_2024_00085,MM,202303,,,500006,9개도,100001,지수,100.810809685397,지수,,9개도,지수,2023년 3월,2023,3,2023-03-01
A_2024_00085,MM,202303,,,510010,강남지역,100001,지수,98.0734506246978,지수,,서울>강남지역,지수,2023년 3월,2023,3,2023-03-01
A_2024_00085,MM,202303,,,510009,강북지역,100001,지수,99.0675853098296,지수,,서울>강북지역,지수,2023년 3월,2023,3,2023-03-01
A_2024_00085,MM,202303,,,500017,강원,100001,지수,99.5793647731268,지수,,강원,지수,2023년 3월,2023,3,2023-03-01
A_2024_00085,MM,202303,,,500009,경기,100001,지수,100.330908816623,지수,,경기,지수,2023년 3월,2023,3,2023-03-01
A_2024_00085,MM,202303,,,500023,경남,100001,지수,102.186632420573,지수,,경남,지수,2023년 3월,2023,3,2023-03-01
A_2024_00085,MM,202303,,,510012,경부1권,100001,지수,97.2063116547538,지수,,경기>경부1권,지수,2023년 3월,2023,3,2023-03-01
A_2024_00085,MM,202303,,,510013,경부2권,100001,지수,99.9420097166329,지수,,경기>경부2권,지수,2023년 3월,2023,3,2023-03-01
A_2024_00085,MM,202303,,,500022,경북,100001,지수,99.8757055042636,지수,,경북,지수,2023년 3월,2023,3,2023-03-01
A_2024_00085,MM,202303,,,510018,경원권,100001,지수,101.068185444836,지수,,경기>경원권,지수,2023년 3월,2023,3,2023-03-01
A_2024_00085,MM,202303,,,510017,경의권,100001,지수,103.141759550874,지수,,경기>경의권,지수,2023년 3월,2023,3,2023-03-01
A_2024_00085,MM,202303,,,500013,광주,100001,지수,102.199331635507,지수,,전남광주>광주,지수,2023년 3월,2023,3,2023-03-01
A_2024_00085,MM,202303,,,500012,대구,100001,지수,104.625051634966,지수,,대구,지수,2023년 3월,2023,3,2023-03-01
A_2024_00085,MM,202303,,,500014,대전,100001,지수,101.874956487887,지수,,대전,지수,2023년 3월,2023,3,2023-03-01
A_2024_00085,MM,202303,,,520010,도심권,100001,지수,97.1488654252909,지수,,서울>강북지역>도심권,지수,2023년 3월,2023,3,2023-03-01
A_2024_00085,MM,202303,,,520015,동남권,100001,지수,96.9768492585521,지수,,서울>강남지역>동남권,지수,2023년 3월,2023,3,2023-03-01
A_2024_00085,MM,202303,,,510015,동부1권,100001,지수,100.329889943679,지수,,경기>동부1권,지수,2023년 3월,2023,3,2023-03-01
A_2024_00085,MM,202303,,,510016,동부2권,100001,지수,102.412050559464,지수,,경기>동부2권,지수,2023년 3월,2023,3,2023-03-01
A_2024_00085,MM,202303,,,510022,동부산권,100001,지수,104.079616771943,지수,,부산>동부산권,지수,2023년 3월,2023,3,2023-03-01
A_2024_00085,MM,202303,,,520011,동북권,100001,지수,99.9736478243688,지수,,서울>강북지역>동북권,지수,2023년 3월,2023,3,2023-03-01
A_2024_00085,MM,202303,,,500011,부산,100001,지수,102.424336236399,지수,,부산,지수,2023년 3월,2023,3,2023-03-01
A_2024_00085,MM,202303,,,520014,서남권,100001,지수,98.7732438089658,지수,,서울>강남지역>서남권,지수,2023년 3월,2023,3,2023-03-01
A_2024_00085,MM,202303,,,510023,서부산권,100001,지수,102.726545242088,지수,,부산>서부산권,지수,2023년 3월,2023,3,2023-03-01
A_2024_00085,MM,202303,,,520012,서북권,100001,지수,98.2165851816756,지수,,서울>강북지역>서북권,지수,2023년 3월,2023,3,2023-03-01
A_2024_00085,MM,202303,,,500008,서울,100001,지수,98.5537929532529,지수,,서울,지수,2023년 3월,2023,3,2023-03-01
A_2024_00085,MM,202303,,,510014,서해안권,100001,지수,100.397839611145,지수,,경기>서해안권,지수,2023년 3월,2023,3,2023-03-01
A_2024_00085,MM,202303,,,500016,세종,100001,지수,101.752183361667,지수,,세종,지수,2023년 3월,2023,3,2023-03-01
A_2024_00085,MM,202303,,,500002,수도권,100001,지수,99.8446972240335,지수,,수도권,지수,2023년 3월,2023,3,2023-03-01
A_2024_00085,MM,202303,,,500015,울산,100001,지수,102.15493517553,지수,,울산,지수,2023년 3월,2023,3,2023-03-01
A_2024_00085,MM,202303,,,500010,인천,100001,지수,102.900248058524,지수,,인천,지수,2023년 3월,2023,3,2023-03-01
A_2024_00085,MM,202303,,,500001,전국,100001,지수,100.495049691354,지수,,전국,지수,2023년 3월,2023,3,2023-03-01
A_2024_00085,MM,202303,,,500021,전남,100001,지수,101.967392315971,지수,,전남광주>전남,지수,2023년 3월,2023,3,2023-03-01
A_2024_00085,MM,202303,,,500020,전북,100001,지수,103.103738481027,지수,,전북,지수,2023년 3월,2023,3,2023-03-01
A_2024_00085,MM,202303,,,500024,제주,100001,지수,104.296332495122,지수,,제주,지수,2023년 3월,2023,3,2023-03-01
A_2024_00085,MM,202303,,,510021,중부산권,100001,지수,101.423371233703,지수,,부산>중부산권,지수,2023년 3월,2023,3,2023-03-01
A_2024_00085,MM,202303,,,500003,지방권,100001,지수,102.22703450537,지수,,지방권,지수,2023년 3월,2023,3,2023-03-01
A_2024_00085,MM,202303,,,500019,충남,100001,지수,101.87856497312,지수,,충남,지수,2023년 3월,2023,3,2023-03-01
A_2024_00085,MM,202303,,,500018,충북,100001,지수,101.295940518042,지수,,충북,지수,2023년 3월,2023,3,2023-03-01
A_2024_00085,MM,202304,,,500005,5대광역시,100001,지수,102.457680017714,지수,,5대광역시,지수,2023년 4월,2023,4,2023-04-01
A_2024_00085,MM,202304,,,500004,6대광역시,100001,지수,102.551251390158,지수,,6대광역시,지수,2023년 4월,2023,4,2023-04-01
A_2024_00085,MM,202304,,,500007,8개도,100001,지수,101.66726980476,지수,,8개도,지수,2023년 4월,2023,4,2023-04-01
A_2024_00085,MM,202304,,,500006,9개도,100001,지수,100.553211267954,지수,,9개도,지수,2023년 4월,2023,4,2023-04-01
A_2024_00085,MM,202304,,,510010,강남지역,100001,지수,97.5522280033715,지수,,서울>강남지역,지수,2023년 4월,2023,4,2023-04-01
A_2024_00085,MM,202304,,,510009,강북지역,100001,지수,98.4799752042196,지수,,서울>강북지역,지수,2023년 4월,2023,4,2023-04-01
A_2024_00085,MM,202304,,,500017,강원,100001,지수,99.5584742994258,지수,,강원,지수,2023년 4월,2023,4,2023-04-01
A_2024_00085,MM,202304,,,500009,경기,100001,지수,100.014577016688,지수,,경기,지수,2023년 4월,2023,4,2023-04-01
A_2024_00085,MM,202304,,,500023,경남,100001,지수,102.046205249686,지수,,경남,지수,2023년 4월,2023,4,2023-04-01
A_2024_00085,MM,202304,,,510012,경부1권,100001,지수,96.9275840774092,지수,,경기>경부1권,지수,2023년 4월,2023,4,2023-04-01
A_2024_00085,MM,202304,,,510013,경부2권,100001,지수,99.8026260389325,지수,,경기>경부2권,지수,2023년 4월,2023,4,2023-04-01
A_2024_00085,MM,202304,,,500022,경북,100001,지수,99.8108600513416,지수,,경북,지수,2023년 4월,2023,4,2023-04-01
A_2024_00085,MM,202304,,,510018,경원권,100001,지수,100.962102552489,지수,,경기>경원권,지수,2023년 4월,2023,4,2023-04-01
A_2024_00085,MM,202304,,,510017,경의권,100001,지수,102.601158125449,지수,,경기>경의권,지수,2023년 4월,2023,4,2023-04-01
A_2024_00085,MM,202304,,,500013,광주,100001,지수,101.99385355824,지수,,전남광주>광주,지수,2023년 4월,2023,4,2023-04-01
A_2024_00085,MM,202304,,,500012,대구,100001,지수,104.190147952359,지수,,대구,지수,2023년 4월,2023,4,2023-04-01
A_2024_00085,MM,202304,,,500014,대전,100001,지수,101.665546640565,지수,,대전,지수,2023년 4월,2023,4,2023-04-01
A_2024_00085,MM,202304,,,520010,도심권,100001,지수,96.5646128568969,지수,,서울>강북지역>도심권,지수,2023년 4월,2023,4,2023-04-01
A_2024_00085,MM,202304,,,520015,동남권,100001,지수,96.4988056512871,지수,,서울>강남지역>동남권,지수,2023년 4월,2023,4,2023-04-01
A_2024_00085,MM,202304,,,510015,동부1권,100001,지수,100.005461618462,지수,,경기>동부1권,지수,2023년 4월,2023,4,2023-04-01
A_2024_00085,MM,202304,,,510016,동부2권,100001,지수,102.272609662591,지수,,경기>동부2권,지수,2023년 4월,2023,4,2023-04-01
A_2024_00085,MM,202304,,,510022,동부산권,100001,지수,103.679223085056,지수,,부산>동부산권,지수,2023년 4월,2023,4,2023-04-01
A_2024_00085,MM,202304,,,520011,동북권,100001,지수,99.4351771540498,지수,,서울>강북지역>동북권,지수,2023년 4월,2023,4,2023-04-01
A_2024_00085,MM,202304,,,500011,부산,100001,지수,102.254788901942,지수,,부산,지수,2023년 4월,2023,4,2023-04-01
A_2024_00085,MM,202304,,,520014,서남권,100001,지수,98.223952097008,지수,,서울>강남지역>서남권,지수,2023년 4월,2023,4,2023-04-01
A_2024_00085,MM,202304,,,510023,서부산권,100001,지수,102.552212329314,지수,,부산>서부산권,지수,2023년 4월,2023,4,2023-04-01
A_2024_00085,MM,202304,,,520012,서북권,100001,지수,97.5472353425914,지수,,서울>강북지역>서북권,지수,2023년 4월,2023,4,2023-04-01
A_2024_00085,MM,202304,,,500008,서울,100001,지수,98.0005881514631,지수,,서울,지수,2023년 4월,2023,4,2023-04-01
A_2024_00085,MM,202304,,,510014,서해안권,100001,지수,100.003399266298,지수,,경기>서해안권,지수,2023년 4월,2023,4,2023-04-01
A_2024_00085,MM,202304,,,500016,세종,100001,지수,101.672360130869,지수,,세종,지수,2023년 4월,2023,4,2023-04-01
A_2024_00085,MM,202304,,,500002,수도권,100001,지수,99.4307917147535,지수,,수도권,지수,2023년 4월,2023,4,2023-04-01
A_2024_00085,MM,202304,,,500015,울산,100001,지수,101.805179551747,지수,,울산,지수,2023년 4월,2023,4,2023-04-01
A_2024_00085,MM,202304,,,500010,인천,100001,지수,102.678839648954,지수,,인천,지수,2023년 4월,2023,4,2023-04-01
A_2024_00085,MM,202304,,,500001,전국,100001,지수,100.144234142024,지수,,전국,지수,2023년 4월,2023,4,2023-04-01
A_2024_00085,MM,202304,,,500021,전남,100001,지수,101.820076644219,지수,,전남광주>전남,지수,2023년 4월,2023,4,2023-04-01
A_2024_00085,MM,202304,,,500020,전북,100001,지수,102.887770653027,지수,,전북,지수,2023년 4월,2023,4,2023-04-01
A_2024_00085,MM,202304,,,500024,제주,100001,지수,104.076965788447,지수,,제주,지수,2023년 4월,2023,4,2023-04-01
A_2024_00085,MM,202304,,,510021,중부산권,100001,지수,101.379068641038,지수,,부산>중부산권,지수,2023년 4월,2023,4,2023-04-01
A_2024_00085,MM,202304,,,500003,지방권,100001,지수,102.042303749689,지수,,지방권,지수,2023년 4월,2023,4,2023-04-01
A_2024_00085,MM,202304,,,500019,충남,100001,지수,101.668107499262,지수,,충남,지수,2023년 4월,2023,4,2023-04-01
A_2024_00085,MM,202304,,,500018,충북,100001,지수,101.2439533642,지수,,충북,지수,2023년 4월,2023,4,2023-04-01
A_2024_00085,MM,202305,,,500005,5대광역시,100001,지수,102.21698501155,지수,,5대광역시,지수,2023년 5월,2023,5,2023-05-01
A_2024_00085,MM,202305,,,500004,6대광역시,100001,지수,102.316471615842,지수,,6대광역시,지수,2023년 5월,2023,5,2023-05-01
A_2024_00085,MM,202305,,,500007,8개도,100001,지수,101.52763345617,지수,,8개도,지수,2023년 5월,2023,5,2023-05-01
A_2024_00085,MM,202305,,,500006,9개도,100001,지수,100.312910881331,지수,,9개도,지수,2023년 5월,2023,5,2023-05-01
A_2024_00085,MM,202305,,,510010,강남지역,100001,지수,97.1013236737753,지수,,서울>강남지역,지수,2023년 5월,2023,5,2023-05-01
A_2024_00085,MM,202305,,,510009,강북지역,100001,지수,98.0919232517864,지수,,서울>강북지역,지수,2023년 5월,2023,5,2023-05-01
A_2024_00085,MM,202305,,,500017,강원,100001,지수,99.4725131382152,지수,,강원,지수,2023년 5월,2023,5,2023-05-01
A_2024_00085,MM,202305,,,500009,경기,100001,지수,99.7252162273307,지수,,경기,지수,2023년 5월,2023,5,2023-05-01
A_2024_00085,MM,202305,,,500023,경남,100001,지수,101.91300866412,지수,,경남,지수,2023년 5월,2023,5,2023-05-01
A_2024_00085,MM,202305,,,510012,경부1권,100001,지수,96.6575020741456,지수,,경기>경부1권,지수,2023년 5월,2023,5,2023-05-01
A_2024_00085,MM,202305,,,510013,경부2권,100001,지수,99.5823102332774,지수,,경기>경부2권,지수,2023년 5월,2023,5,2023-05-01
A_2024_00085,MM,202305,,,500022,경북,100001,지수,99.7510561728811,지수,,경북,지수,2023년 5월,2023,5,2023-05-01
A_2024_00085,MM,202305,,,510018,경원권,100001,지수,100.860476775712,지수,,경기>경원권,지수,2023년 5월,2023,5,2023-05-01
A_2024_00085,MM,202305,,,510017,경의권,100001,지수,102.10880746894,지수,,경기>경의권,지수,2023년 5월,2023,5,2023-05-01
A_2024_00085,MM,202305,,,500013,광주,100001,지수,101.854582456315,지수,,전남광주>광주,지수,2023년 5월,2023,5,2023-05-01
A_2024_00085,MM,202305,,,500012,대구,100001,지수,103.896959909604,지수,,대구,지수,2023년 5월,2023,5,2023-05-01
A_2024_00085,MM,202305,,,500014,대전,100001,지수,101.449139534219,지수,,대전,지수,2023년 5월,2023,5,2023-05-01
A_2024_00085,MM,202305,,,520010,도심권,100001,지수,95.9427253326709,지수,,서울>강북지역>도심권,지수,2023년 5월,2023,5,2023-05-01
A_2024_00085,MM,202305,,,520015,동남권,100001,지수,96.0953850269253,지수,,서울>강남지역>동남권,지수,2023년 5월,2023,5,2023-05-01
A_2024_00085,MM,202305,,,510015,동부1권,100001,지수,99.5121226300445,지수,,경기>동부1권,지수,2023년 5월,2023,5,2023-05-01
A_2024_00085,MM,202305,,,510016,동부2권,100001,지수,102.105811122648,지수,,경기>동부2권,지수,2023년 5월,2023,5,2023-05-01
A_2024_00085,MM,202305,,,510022,동부산권,100001,지수,103.193452203161,지수,,부산>동부산권,지수,2023년 5월,2023,5,2023-05-01
A_2024_00085,MM,202305,,,520011,동북권,100001,지수,98.9874729216987,지수,,서울>강북지역>동북권,지수,2023년 5월,2023,5,2023-05-01
A_2024_00085,MM,202305,,,500011,부산,100001,지수,102.01083793149,지수,,부산,지수,2023년 5월,2023,5,2023-05-01
A_2024_00085,MM,202305,,,520014,서남권,100001,지수,97.7421804411794,지수,,서울>강남지역>서남권,지수,2023년 5월,2023,5,2023-05-01
A_2024_00085,MM,202305,,,510023,서부산권,100001,지수,102.399207581671,지수,,부산>서부산권,지수,2023년 5월,2023,5,2023-05-01
A_2024_00085,MM,202305,,,520012,서북권,100001,지수,97.3387184261705,지수,,서울>강북지역>서북권,지수,2023년 5월,2023,5,2023-05-01
A_2024_00085,MM,202305,,,500008,서울,100001,지수,97.5799475937238,지수,,서울,지수,2023년 5월,2023,5,2023-05-01
A_2024_00085,MM,202305,,,510014,서해안권,100001,지수,99.763655987653,지수,,경기>서해안권,지수,2023년 5월,2023,5,2023-05-01
A_2024_00085,MM,202305,,,500016,세종,100001,지수,101.622804520699,지수,,세종,지수,2023년 5월,2023,5,2023-05-01
A_2024_00085,MM,202305,,,500002,수도권,100001,지수,99.0885743423454,지수,,수도권,지수,2023년 5월,2023,5,2023-05-01
A_2024_00085,MM,202305,,,500015,울산,100001,지수,101.587951700913,지수,,울산,지수,2023년 5월,2023,5,2023-05-01
A_2024_00085,MM,202305,,,500010,인천,100001,지수,102.452275060539,지수,,인천,지수,2023년 5월,2023,5,2023-05-01
A_2024_00085,MM,202305,,,500001,전국,100001,지수,99.8446917544909,지수,,전국,지수,2023년 5월,2023,5,2023-05-01
A_2024_00085,MM,202305,,,500021,전남,100001,지수,101.680985006452,지수,,전남광주>전남,지수,2023년 5월,2023,5,2023-05-01
A_2024_00085,MM,202305,,,500020,전북,100001,지수,102.751294224089,지수,,전북,지수,2023년 5월,2023,5,2023-05-01
A_2024_00085,MM,202305,,,500024,제주,100001,지수,103.777049788307,지수,,제주,지수,2023년 5월,2023,5,2023-05-01
A_2024_00085,MM,202305,,,510021,중부산권,100001,지수,101.232627257868,지수,,부산>중부산권,지수,2023년 5월,2023,5,2023-05-01
A_2024_00085,MM,202305,,,500003,지방권,100001,지수,101.855325492042,지수,,지방권,지수,2023년 5월,2023,5,2023-05-01
A_2024_00085,MM,202305,,,500019,충남,100001,지수,101.503968689524,지수,,충남,지수,2023년 5월,2023,5,2023-05-01
A_2024_00085,MM,202305,,,500018,충북,100001,지수,101.192853204052,지수,,충북,지수,2023년 5월,2023,5,2023-05-01
A_2024_00085,MM,202306,,,500005,5대광역시,100001,지수,102.040176584991,지수,,5대광역시,지수,2023년 6월,2023,6,2023-06-01
A_2024_00085,MM,202306,,,500004,6대광역시,100001,지수,102.105765586178,지수,,6대광역시,지수,2023년 6월,2023,6,2023-06-01
A_2024_00085,MM,202306,,,500007,8개도,100001,지수,101.461333716182,지수,,8개도,지수,2023년 6월,2023,6,2023-06-01
A_2024_00085,MM,202306,,,500006,9개도,100001,지수,100.087626345673,지수,,9개도,지수,2023년 6월,2023,6,2023-06-01
A_2024_00085,MM,202306,,,510010,강남지역,100001,지수,96.6984340637171,지수,,서울>강남지역,지수,2023년 6월,2023,6,2023-06-01
A_2024_00085,MM,202306,,,510009,강북지역,100001,지수,97.8924587490829,지수,,서울>강북지역,지수,2023년 6월,2023,6,2023-06-01
A_2024_00085,MM,202306,,,500017,강원,100001,지수,99.4524575656837,지수,,강원,지수,2023년 6월,2023,6,2023-06-01
A_2024_00085,MM,202306,,,500009,경기,100001,지수,99.4226079466437,지수,,경기,지수,2023년 6월,2023,6,2023-06-01
A_2024_00085,MM,202306,,,500023,경남,100001,지수,101.833707380898,지수,,경남,지수,2023년 6월,2023,6,2023-06-01
A_2024_00085,MM,202306,,,510012,경부1권,100001,지수,96.615203975533,지수,,경기>경부1권,지수,2023년 6월,2023,6,2023-06-01
A_2024_00085,MM,202306,,,510013,경부2권,100001,지수,99.3481485662514,지수,,경기>경부2권,지수,2023년 6월,2023,6,2023-06-01
A_2024_00085,MM,202306,,,500022,경북,100001,지수,99.7592623627823,지수,,경북,지수,2023년 6월,2023,6,2023-06-01
A_2024_00085,MM,202306,,,510018,경원권,100001,지수,100.497384784419,지수,,경기>경원권,지수,2023년 6월,2023,6,2023-06-01
A_2024_00085,MM,202306,,,510017,경의권,100001,지수,101.718935341997,지수,,경기>경의권,지수,2023년 6월,2023,6,2023-06-01
A_2024_00085,MM,202306,,,500013,광주,100001,지수,101.804810463354,지수,,전남광주>광주,지수,2023년 6월,2023,6,2023-06-01
A_2024_00085,MM,202306,,,500012,대구,100001,지수,103.791357902086,지수,,대구,지수,2023년 6월,2023,6,2023-06-01
A_2024_00085,MM,202306,,,500014,대전,100001,지수,101.222005911384,지수,,대전,지수,2023년 6월,2023,6,2023-06-01
A_2024_00085,MM,202306,,,520010,도심권,100001,지수,95.6224262195129,지수,,서울>강북지역>도심권,지수,2023년 6월,2023,6,2023-06-01
A_2024_00085,MM,202306,,,520015,동남권,100001,지수,95.6451595824736,지수,,서울>강남지역>동남권,지수,2023년 6월,2023,6,2023-06-01
A_2024_00085,MM,202306,,,510015,동부1권,100001,지수,99.3183637223329,지수,,경기>동부1권,지수,2023년 6월,2023,6,2023-06-01
A_2024_00085,MM,202306,,,510016,동부2권,100001,지수,101.833714083495,지수,,경기>동부2권,지수,2023년 6월,2023,6,2023-06-01
A_2024_00085,MM,202306,,,510022,동부산권,100001,지수,102.835280001819,지수,,부산>동부산권,지수,2023년 6월,2023,6,2023-06-01
A_2024_00085,MM,202306,,,520011,동북권,100001,지수,98.768498560112,지수,,서울>강북지역>동북권,지수,2023년 6월,2023,6,2023-06-01
A_2024_00085,MM,202306,,,500011,부산,100001,지수,101.818687229326,지수,,부산,지수,2023년 6월,2023,6,2023-06-01
A_2024_00085,MM,202306,,,520014,서남권,100001,지수,97.370191846956,지수,,서울>강남지역>서남권,지수,2023년 6월,2023,6,2023-06-01
A_2024_00085,MM,202306,,,510023,서부산권,100001,지수,102.298283347886,지수,,부산>서부산권,지수,2023년 6월,2023,6,2023-06-01
A_2024_00085,MM,202306,,,520012,서북권,100001,지수,97.2136139189807,지수,,서울>강북지역>서북권,지수,2023년 6월,2023,6,2023-06-01
A_2024_00085,MM,202306,,,500008,서울,100001,지수,97.2749526227605,지수,,서울,지수,2023년 6월,2023,6,2023-06-01
A_2024_00085,MM,202306,,,510014,서해안권,100001,지수,99.334394362355,지수,,경기>서해안권,지수,2023년 6월,2023,6,2023-06-01
A_2024_00085,MM,202306,,,500016,세종,100001,지수,101.653240513335,지수,,세종,지수,2023년 6월,2023,6,2023-06-01
A_2024_00085,MM,202306,,,500002,수도권,100001,지수,98.7906155638282,지수,,수도권,지수,2023년 6월,2023,6,2023-06-01
A_2024_00085,MM,202306,,,500015,울산,100001,지수,101.36595687899,지수,,울산,지수,2023년 6월,2023,6,2023-06-01
A_2024_00085,MM,202306,,,500010,인천,100001,지수,102.194541106077,지수,,인천,지수,2023년 6월,2023,6,2023-06-01
A_2024_00085,MM,202306,,,500001,전국,100001,지수,99.5961061677462,지수,,전국,지수,2023년 6월,2023,6,2023-06-01
A_2024_00085,MM,202306,,,500021,전남,100001,지수,101.572952478632,지수,,전남광주>전남,지수,2023년 6월,2023,6,2023-06-01
A_2024_00085,MM,202306,,,500020,전북,100001,지수,102.675797118234,지수,,전북,지수,2023년 6월,2023,6,2023-06-01
A_2024_00085,MM,202306,,,500024,제주,100001,지수,103.663349718605,지수,,제주,지수,2023년 6월,2023,6,2023-06-01
A_2024_00085,MM,202306,,,510021,중부산권,100001,지수,101.09742924413,지수,,부산>중부산권,지수,2023년 6월,2023,6,2023-06-01
A_2024_00085,MM,202306,,,500003,지방권,100001,지수,101.73722158609,지수,,지방권,지수,2023년 6월,2023,6,2023-06-01
A_2024_00085,MM,202306,,,500019,충남,100001,지수,101.416085798173,지수,,충남,지수,2023년 6월,2023,6,2023-06-01
A_2024_00085,MM,202306,,,500018,충북,100001,지수,101.104962593586,지수,,충북,지수,2023년 6월,2023,6,2023-06-01
A_2024_00085,MM,202307,,,500005,5대광역시,100001,지수,101.903006768821,지수,,5대광역시,지수,2023년 7월,2023,7,2023-07-01
A_2024_00085,MM,202307,,,500004,6대광역시,100001,지수,101.969872091539,지수,,6대광역시,지수,2023년 7월,2023,7,2023-07-01
A_2024_00085,MM,202307,,,500007,8개도,100001,지수,101.400783084648,지수,,8개도,지수,2023년 7월,2023,7,2023-07-01
A_2024_00085,MM,202307,,,500006,9개도,100001,지수,99.9775727508095,지수,,9개도,지수,2023년 7월,2023,7,2023-07-01
A_2024_00085,MM,202307,,,510010,강남지역,100001,지수,96.5849986133431,지수,,서울>강남지역,지수,2023년 7월,2023,7,2023-07-01
A_2024_00085,MM,202307,,,510009,강북지역,100001,지수,97.7395621419853,지수,,서울>강북지역,지수,2023년 7월,2023,7,2023-07-01
A_2024_00085,MM,202307,,,500017,강원,100001,지수,99.4355068039618,지수,,강원,지수,2023년 7월,2023,7,2023-07-01
A_2024_00085,MM,202307,,,500009,경기,100001,지수,99.2892296283719,지수,,경기,지수,2023년 7월,2023,7,2023-07-01
A_2024_00085,MM,202307,,,500023,경남,100001,지수,101.80326074703,지수,,경남,지수,2023년 7월,2023,7,2023-07-01
A_2024_00085,MM,202307,,,510012,경부1권,100001,지수,96.6492853680859,지수,,경기>경부1권,지수,2023년 7월,2023,7,2023-07-01
A_2024_00085,MM,202307,,,510013,경부2권,100001,지수,99.2240412079915,지수,,경기>경부2권,지수,2023년 7월,2023,7,2023-07-01
A_2024_00085,MM,202307,,,500022,경북,100001,지수,99.7476664608811,지수,,경북,지수,2023년 7월,2023,7,2023-07-01
A_2024_00085,MM,202307,,,510018,경원권,100001,지수,100.304199801879,지수,,경기>경원권,지수,2023년 7월,2023,7,2023-07-01
A_2024_00085,MM,202307,,,510017,경의권,100001,지수,101.467714284253,지수,,경기>경의권,지수,2023년 7월,2023,7,2023-07-01
A_2024_00085,MM,202307,,,500013,광주,100001,지수,101.736975007556,지수,,전남광주>광주,지수,2023년 7월,2023,7,2023-07-01
A_2024_00085,MM,202307,,,500012,대구,100001,지수,103.730192777535,지수,,대구,지수,2023년 7월,2023,7,2023-07-01
A_2024_00085,MM,202307,,,500014,대전,100001,지수,101.130505564851,지수,,대전,지수,2023년 7월,2023,7,2023-07-01
A_2024_00085,MM,202307,,,520010,도심권,100001,지수,95.5716011542992,지수,,서울>강북지역>도심권,지수,2023년 7월,2023,7,2023-07-01
A_2024_00085,MM,202307,,,520015,동남권,100001,지수,95.5384840159104,지수,,서울>강남지역>동남권,지수,2023년 7월,2023,7,2023-07-01
A_2024_00085,MM,202307,,,510015,동부1권,100001,지수,99.0923183843828,지수,,경기>동부1권,지수,2023년 7월,2023,7,2023-07-01
A_2024_00085,MM,202307,,,510016,동부2권,100001,지수,101.373178048991,지수,,경기>동부2권,지수,2023년 7월,2023,7,2023-07-01
A_2024_00085,MM,202307,,,510022,동부산권,100001,지수,102.560146029157,지수,,부산>동부산권,지수,2023년 7월,2023,7,2023-07-01
A_2024_00085,MM,202307,,,520011,동북권,100001,지수,98.5658691141108,지수,,서울>강북지역>동북권,지수,2023년 7월,2023,7,2023-07-01
A_2024_00085,MM,202307,,,500011,부산,100001,지수,101.6471629948,지수,,부산,지수,2023년 7월,2023,7,2023-07-01
A_2024_00085,MM,202307,,,520014,서남권,100001,지수,97.252367703567,지수,,서울>강남지역>서남권,지수,2023년 7월,2023,7,2023-07-01
A_2024_00085,MM,202307,,,510023,서부산권,100001,지수,102.211191033059,지수,,부산>서부산권,지수,2023년 7월,2023,7,2023-07-01
A_2024_00085,MM,202307,,,520012,서북권,100001,지수,97.1070761410974,지수,,서울>강북지역>서북권,지수,2023년 7월,2023,7,2023-07-01
A_2024_00085,MM,202307,,,500008,서울,100001,지수,97.1425316863549,지수,,서울,지수,2023년 7월,2023,7,2023-07-01
A_2024_00085,MM,202307,,,510014,서해안권,100001,지수,99.2522682583838,지수,,경기>서해안권,지수,2023년 7월,2023,7,2023-07-01
A_2024_00085,MM,202307,,,500016,세종,100001,지수,101.536265467106,지수,,세종,지수,2023년 7월,2023,7,2023-07-01
A_2024_00085,MM,202307,,,500002,수도권,100001,지수,98.6575845262774,지수,,수도권,지수,2023년 7월,2023,7,2023-07-01
A_2024_00085,MM,202307,,,500015,울산,100001,지수,101.197349982896,지수,,울산,지수,2023년 7월,2023,7,2023-07-01
A_2024_00085,MM,202307,,,500010,인천,100001,지수,102.060493664225,지수,,인천,지수,2023년 7월,2023,7,2023-07-01
A_2024_00085,MM,202307,,,500001,전국,100001,지수,99.472837545916,지수,,전국,지수,2023년 7월,2023,7,2023-07-01
A_2024_00085,MM,202307,,,500021,전남,100001,지수,101.489229359442,지수,,전남광주>전남,지수,2023년 7월,2023,7,2023-07-01
A_2024_00085,MM,202307,,,500020,전북,100001,지수,102.526818276711,지수,,전북,지수,2023년 7월,2023,7,2023-07-01
A_2024_00085,MM,202307,,,500024,제주,100001,지수,103.589270369786,지수,,제주,지수,2023년 7월,2023,7,2023-07-01
A_2024_00085,MM,202307,,,510021,중부산권,100001,지수,100.951779603922,지수,,부산>중부산권,지수,2023년 7월,2023,7,2023-07-01
A_2024_00085,MM,202307,,,500003,지방권,100001,지수,101.639775737898,지수,,지방권,지수,2023년 7월,2023,7,2023-07-01
A_2024_00085,MM,202307,,,500019,충남,100001,지수,101.337812094034,지수,,충남,지수,2023년 7월,2023,7,2023-07-01
A_2024_00085,MM,202307,,,500018,충북,100001,지수,100.997260450359,지수,,충북,지수,2023년 7월,2023,7,2023-07-01
A_2024_00085,MM,202308,,,500005,5대광역시,100001,지수,101.771377323755,지수,,5대광역시,지수,2023년 8월,2023,8,2023-08-01
A_2024_00085,MM,202308,,,500004,6대광역시,100001,지수,101.870253203365,지수,,6대광역시,지수,2023년 8월,2023,8,2023-08-01
A_2024_00085,MM,202308,,,500007,8개도,100001,지수,101.367282386242,지수,,8개도,지수,2023년 8월,2023,8,2023-08-01
A_2024_00085,MM,202308,,,500006,9개도,100001,지수,99.9366770986418,지수,,9개도,지수,2023년 8월,2023,8,2023-08-01
A_2024_00085,MM,202308,,,510010,강남지역,100001,지수,96.585208071205,지수,,서울>강남지역,지수,2023년 8월,2023,8,2023-08-01
A_2024_00085,MM,202308,,,510009,강북지역,100001,지수,97.6823438904011,지수,,서울>강북지역,지수,2023년 8월,2023,8,2023-08-01
A_2024_00085,MM,202308,,,500017,강원,100001,지수,99.4600802372254,지수,,강원,지수,2023년 8월,2023,8,2023-08-01
A_2024_00085,MM,202308,,,500009,경기,100001,지수,99.2447483371537,지수,,경기,지수,2023년 8월,2023,8,2023-08-01
A_2024_00085,MM,202308,,,500023,경남,100001,지수,101.724375004614,지수,,경남,지수,2023년 8월,2023,8,2023-08-01
A_2024_00085,MM,202308,,,510012,경부1권,100001,지수,96.856286205668,지수,,경기>경부1권,지수,2023년 8월,2023,8,2023-08-01
A_2024_00085,MM,202308,,,510013,경부2권,100001,지수,99.3883016100279,지수,,경기>경부2권,지수,2023년 8월,2023,8,2023-08-01
A_2024_00085,MM,202308,,,500022,경북,100001,지수,99.7331574272566,지수,,경북,지수,2023년 8월,2023,8,2023-08-01
A_2024_00085,MM,202308,,,510018,경원권,100001,지수,100.069277668526,지수,,경기>경원권,지수,2023년 8월,2023,8,2023-08-01
A_2024_00085,MM,202308,,,510017,경의권,100001,지수,101.288266525996,지수,,경기>경의권,지수,2023년 8월,2023,8,2023-08-01
A_2024_00085,MM,202308,,,500013,광주,100001,지수,101.690373872381,지수,,전남광주>광주,지수,2023년 8월,2023,8,2023-08-01
A_2024_00085,MM,202308,,,500012,대구,100001,지수,103.699839804049,지수,,대구,지수,2023년 8월,2023,8,2023-08-01
A_2024_00085,MM,202308,,,500014,대전,100001,지수,101.107309273439,지수,,대전,지수,2023년 8월,2023,8,2023-08-01
A_2024_00085,MM,202308,,,520010,도심권,100001,지수,95.5902556463774,지수,,서울>강북지역>도심권,지수,2023년 8월,2023,8,2023-08-01
A_2024_00085,MM,202308,,,520015,동남권,100001,지수,95.5330069561451,지수,,서울>강남지역>동남권,지수,2023년 8월,2023,8,2023-08-01
A_2024_00085,MM,202308,,,510015,동부1권,100001,지수,99.2037277631093,지수,,경기>동부1권,지수,2023년 8월,2023,8,2023-08-01
A_2024_00085,MM,202308,,,510016,동부2권,100001,지수,101.303084537552,지수,,경기>동부2권,지수,2023년 8월,2023,8,2023-08-01
A_2024_00085,MM,202308,,,510022,동부산권,100001,지수,102.477731020856,지수,,부산>동부산권,지수,2023년 8월,2023,8,2023-08-01
A_2024_00085,MM,202308,,,520011,동북권,100001,지수,98.4906147017806,지수,,서울>강북지역>동북권,지수,2023년 8월,2023,8,2023-08-01
A_2024_00085,MM,202308,,,500011,부산,100001,지수,101.446995564243,지수,,부산,지수,2023년 8월,2023,8,2023-08-01
A_2024_00085,MM,202308,,,520014,서남권,100001,지수,97.2562835276235,지수,,서울>강남지역>서남권,지수,2023년 8월,2023,8,2023-08-01
A_2024_00085,MM,202308,,,510023,서부산권,100001,지수,102.15830920417,지수,,부산>서부산권,지수,2023년 8월,2023,8,2023-08-01
A_2024_00085,MM,202308,,,520012,서북권,100001,지수,97.0531327380075,지수,,서울>강북지역>서북권,지수,2023년 8월,2023,8,2023-08-01
A_2024_00085,MM,202308,,,500008,서울,100001,지수,97.1151082914817,지수,,서울,지수,2023년 8월,2023,8,2023-08-01
A_2024_00085,MM,202308,,,510014,서해안권,100001,지수,99.0543553925865,지수,,경기>서해안권,지수,2023년 8월,2023,8,2023-08-01
A_2024_00085,MM,202308,,,500016,세종,100001,지수,101.518077426759,지수,,세종,지수,2023년 8월,2023,8,2023-08-01
A_2024_00085,MM,202308,,,500002,수도권,100001,지수,98.6196471680701,지수,,수도권,지수,2023년 8월,2023,8,2023-08-01
A_2024_00085,MM,202308,,,500015,울산,100001,지수,101.09802714832,지수,,울산,지수,2023년 8월,2023,8,2023-08-01
A_2024_00085,MM,202308,,,500010,인천,100001,지수,102.005348156901,지수,,인천,지수,2023년 8월,2023,8,2023-08-01
A_2024_00085,MM,202308,,,500001,전국,100001,지수,99.4233896847759,지수,,전국,지수,2023년 8월,2023,8,2023-08-01
A_2024_00085,MM,202308,,,500021,전남,100001,지수,101.392790613355,지수,,전남광주>전남,지수,2023년 8월,2023,8,2023-08-01
A_2024_00085,MM,202308,,,500020,전북,100001,지수,102.471052520323,지수,,전북,지수,2023년 8월,2023,8,2023-08-01
A_2024_00085,MM,202308,,,500024,제주,100001,지수,103.514557626328,지수,,제주,지수,2023년 8월,2023,8,2023-08-01
A_2024_00085,MM,202308,,,510021,중부산권,100001,지수,100.635897755106,지수,,부산>중부산권,지수,2023년 8월,2023,8,2023-08-01
A_2024_00085,MM,202308,,,500003,지방권,100001,지수,101.559862762933,지수,,지방권,지수,2023년 8월,2023,8,2023-08-01
A_2024_00085,MM,202308,,,500019,충남,100001,지수,101.352355107761,지수,,충남,지수,2023년 8월,2023,8,2023-08-01
A_2024_00085,MM,202308,,,500018,충북,100001,지수,101.005922828916,지수,,충북,지수,2023년 8월,2023,8,2023-08-01
A_2024_00085,MM,202309,,,500005,5대광역시,100001,지수,101.678473119629,지수,,5대광역시,지수,2023년 9월,2023,9,2023-09-01
A_2024_00085,MM,202309,,,500004,6대광역시,100001,지수,101.835021248755,지수,,6대광역시,지수,2023년 9월,2023,9,2023-09-01
A_2024_00085,MM,202309,,,500007,8개도,100001,지수,101.338648064746,지수,,8개도,지수,2023년 9월,2023,9,2023-09-01
A_2024_00085,MM,202309,,,500006,9개도,100001,지수,100.019927925503,지수,,9개도,지수,2023년 9월,2023,9,2023-09-01
A_2024_00085,MM,202309,,,510010,강남지역,100001,지수,96.659661641919,지수,,서울>강남지역,지수,2023년 9월,2023,9,2023-09-01
A_2024_00085,MM,202309,,,510009,강북지역,100001,지수,97.6861268581564,지수,,서울>강북지역,지수,2023년 9월,2023,9,2023-09-01
A_2024_00085,MM,202309,,,500017,강원,100001,지수,99.5025841018284,지수,,강원,지수,2023년 9월,2023,9,2023-09-01
A_2024_00085,MM,202309,,,500009,경기,100001,지수,99.3822835000479,지수,,경기,지수,2023년 9월,2023,9,2023-09-01
A_2024_00085,MM,202309,,,500023,경남,100001,지수,101.607855851889,지수,,경남,지수,2023년 9월,2023,9,2023-09-01
A_2024_00085,MM,202309,,,510012,경부1권,100001,지수,97.0858741630856,지수,,경기>경부1권,지수,2023년 9월,2023,9,2023-09-01
A_2024_00085,MM,202309,,,510013,경부2권,100001,지수,99.6386570924877,지수,,경기>경부2권,지수,2023년 9월,2023,9,2023-09-01
A_2024_00085,MM,202309,,,500022,경북,100001,지수,99.6749983137609,지수,,경북,지수,2023년 9월,2023,9,2023-09-01
A_2024_00085,MM,202309,,,510018,경원권,100001,지수,100.169095698131,지수,,경기>경원권,지수,2023년 9월,2023,9,2023-09-01
A_2024_00085,MM,202309,,,510017,경의권,100001,지수,101.126733767704,지수,,경기>경의권,지수,2023년 9월,2023,9,2023-09-01
A_2024_00085,MM,202309,,,500013,광주,100001,지수,101.637931773335,지수,,전남광주>광주,지수,2023년 9월,2023,9,2023-09-01
A_2024_00085,MM,202309,,,500012,대구,100001,지수,103.720686688336,지수,,대구,지수,2023년 9월,2023,9,2023-09-01
A_2024_00085,MM,202309,,,500014,대전,100001,지수,101.015569267781,지수,,대전,지수,2023년 9월,2023,9,2023-09-01
A_2024_00085,MM,202309,,,520010,도심권,100001,지수,95.6427659704166,지수,,서울>강북지역>도심권,지수,2023년 9월,2023,9,2023-09-01
A_2024_00085,MM,202309,,,520015,동남권,100001,지수,95.6089727449527,지수,,서울>강남지역>동남권,지수,2023년 9월,2023,9,2023-09-01
A_2024_00085,MM,202309,,,510015,동부1권,100001,지수,99.2765290054138,지수,,경기>동부1권,지수,2023년 9월,2023,9,2023-09-01
A_2024_00085,MM,202309,,,510016,동부2권,100001,지수,101.264937357447,지수,,경기>동부2권,지수,2023년 9월,2023,9,2023-09-01
A_2024_00085,MM,202309,,,510022,동부산권,100001,지수,102.352067160305,지수,,부산>동부산권,지수,2023년 9월,2023,9,2023-09-01
A_2024_00085,MM,202309,,,520011,동북권,100001,지수,98.5191589810324,지수,,서울>강북지역>동북권,지수,2023년 9월,2023,9,2023-09-01
A_2024_00085,MM,202309,,,500011,부산,100001,지수,101.311898033624,지수,,부산,지수,2023년 9월,2023,9,2023-09-01
A_2024_00085,MM,202309,,,520014,서남권,100001,지수,97.3297400515434,지수,,서울>강남지역>서남권,지수,2023년 9월,2023,9,2023-09-01
A_2024_00085,MM,202309,,,510023,서부산권,100001,지수,102.102542313924,지수,,부산>서부산권,지수,2023년 9월,2023,9,2023-09-01
A_2024_00085,MM,202309,,,520012,서북권,100001,지수,96.9990992376246,지수,,서울>강북지역>서북권,지수,2023년 9월,2023,9,2023-09-01
A_2024_00085,MM,202309,,,500008,서울,100001,지수,97.1555466512192,지수,,서울,지수,2023년 9월,2023,9,2023-09-01
A_2024_00085,MM,202309,,,510014,서해안권,100001,지수,99.2471353703871,지수,,경기>서해안권,지수,2023년 9월,2023,9,2023-09-01
A_2024_00085,MM,202309,,,500016,세종,100001,지수,101.577564714355,지수,,세종,지수,2023년 9월,2023,9,2023-09-01
A_2024_00085,MM,202309,,,500002,수도권,100001,지수,98.7001678576766,지수,,수도권,지수,2023년 9월,2023,9,2023-09-01
A_2024_00085,MM,202309,,,500015,울산,100001,지수,101.024965513492,지수,,울산,지수,2023년 9월,2023,9,2023-09-01
A_2024_00085,MM,202309,,,500010,인천,100001,지수,102.050323522806,지수,,인천,지수,2023년 9월,2023,9,2023-09-01
A_2024_00085,MM,202309,,,500001,전국,100001,지수,99.4657023071297,지수,,전국,지수,2023년 9월,2023,9,2023-09-01
A_2024_00085,MM,202309,,,500021,전남,100001,지수,101.353872139093,지수,,전남광주>전남,지수,2023년 9월,2023,9,2023-09-01
A_2024_00085,MM,202309,,,500020,전북,100001,지수,102.554111655959,지수,,전북,지수,2023년 9월,2023,9,2023-09-01
A_2024_00085,MM,202309,,,500024,제주,100001,지수,103.485506047877,지수,,제주,지수,2023년 9월,2023,9,2023-09-01
A_2024_00085,MM,202309,,,510021,중부산권,100001,지수,100.467635804835,지수,,부산>중부산권,지수,2023년 9월,2023,9,2023-09-01
A_2024_00085,MM,202309,,,500003,지방권,100001,지수,101.501160557878,지수,,지방권,지수,2023년 9월,2023,9,2023-09-01
A_2024_00085,MM,202309,,,500019,충남,100001,지수,101.319902927798,지수,,충남,지수,2023년 9월,2023,9,2023-09-01
A_2024_00085,MM,202309,,,500018,충북,100001,지수,101.048301344061,지수,,충북,지수,2023년 9월,2023,9,2023-09-01
A_2024_00085,MM,202310,,,500005,5대광역시,100001,지수,101.612842719516,지수,,5대광역시,지수,2023년 10월,2023,10,2023-10-01
A_2024_00085,MM,202310,,,500004,6대광역시,100001,지수,101.78372456126,지수,,6대광역시,지수,2023년 10월,2023,10,2023-10-01
A_2024_00085,MM,202310,,,500007,8개도,100001,지수,101.337650275984,지수,,8개도,지수,2023년 10월,2023,10,2023-10-01
A_2024_00085,MM,202310,,,500006,9개도,100001,지수,100.107997734442,지수,,9개도,지수,2023년 10월,2023,10,2023-10-01
A_2024_00085,MM,202310,,,510010,강남지역,100001,지수,96.6511370916394,지수,,서울>강남지역,지수,2023년 10월,2023,10,2023-10-01
A_2024_00085,MM,202310,,,510009,강북지역,100001,지수,97.6822295489868,지수,,서울>강북지역,지수,2023년 10월,2023,10,2023-10-01
A_2024_00085,MM,202310,,,500017,강원,100001,지수,99.4865981227859,지수,,강원,지수,2023년 10월,2023,10,2023-10-01
A_2024_00085,MM,202310,,,500009,경기,100001,지수,99.5136331846219,지수,,경기,지수,2023년 10월,2023,10,2023-10-01
A_2024_00085,MM,202310,,,500023,경남,100001,지수,101.636939098731,지수,,경남,지수,2023년 10월,2023,10,2023-10-01
A_2024_00085,MM,202310,,,510012,경부1권,100001,지수,97.2490602898862,지수,,경기>경부1권,지수,2023년 10월,2023,10,2023-10-01
A_2024_00085,MM,202310,,,510013,경부2권,100001,지수,99.5906305891375,지수,,경기>경부2권,지수,2023년 10월,2023,10,2023-10-01
A_2024_00085,MM,202310,,,500022,경북,100001,지수,99.6750022940562,지수,,경북,지수,2023년 10월,2023,10,2023-10-01
A_2024_00085,MM,202310,,,510018,경원권,100001,지수,100.133558705984,지수,,경기>경원권,지수,2023년 10월,2023,10,2023-10-01
A_2024_00085,MM,202310,,,510017,경의권,100001,지수,101.108731306774,지수,,경기>경의권,지수,2023년 10월,2023,10,2023-10-01
A_2024_00085,MM,202310,,,500013,광주,100001,지수,101.621998096524,지수,,전남광주>광주,지수,2023년 10월,2023,10,2023-10-01
A_2024_00085,MM,202310,,,500012,대구,100001,지수,103.731046583142,지수,,대구,지수,2023년 10월,2023,10,2023-10-01
A_2024_00085,MM,202310,,,500014,대전,100001,지수,100.982399301096,지수,,대전,지수,2023년 10월,2023,10,2023-10-01
A_2024_00085,MM,202310,,,520010,도심권,100001,지수,95.7624422817071,지수,,서울>강북지역>도심권,지수,2023년 10월,2023,10,2023-10-01
A_2024_00085,MM,202310,,,520015,동남권,100001,지수,95.5341184750314,지수,,서울>강남지역>동남권,지수,2023년 10월,2023,10,2023-10-01
A_2024_00085,MM,202310,,,510015,동부1권,100001,지수,99.6114785453919,지수,,경기>동부1권,지수,2023년 10월,2023,10,2023-10-01
A_2024_00085,MM,202310,,,510016,동부2권,100001,지수,101.244274752053,지수,,경기>동부2권,지수,2023년 10월,2023,10,2023-10-01
A_2024_00085,MM,202310,,,510022,동부산권,100001,지수,102.200879685387,지수,,부산>동부산권,지수,2023년 10월,2023,10,2023-10-01
A_2024_00085,MM,202310,,,520011,동북권,100001,지수,98.5285918517373,지수,,서울>강북지역>동북권,지수,2023년 10월,2023,10,2023-10-01
A_2024_00085,MM,202310,,,500011,부산,100001,지수,101.209903756066,지수,,부산,지수,2023년 10월,2023,10,2023-10-01
A_2024_00085,MM,202310,,,520014,서남권,100001,지수,97.3644747211589,지수,,서울>강남지역>서남권,지수,2023년 10월,2023,10,2023-10-01
A_2024_00085,MM,202310,,,510023,서부산권,100001,지수,102.053008038086,지수,,부산>서부산권,지수,2023년 10월,2023,10,2023-10-01
A_2024_00085,MM,202310,,,520012,서북권,100001,지수,96.9302149156253,지수,,서울>강북지역>서북권,지수,2023년 10월,2023,10,2023-10-01
A_2024_00085,MM,202310,,,500008,서울,100001,지수,97.1492496193176,지수,,서울,지수,2023년 10월,2023,10,2023-10-01
A_2024_00085,MM,202310,,,510014,서해안권,100001,지수,99.4513998648206,지수,,경기>서해안권,지수,2023년 10월,2023,10,2023-10-01
A_2024_00085,MM,202310,,,500016,세종,100001,지수,101.539546948396,지수,,세종,지수,2023년 10월,2023,10,2023-10-01
A_2024_00085,MM,202310,,,500002,수도권,100001,지수,98.746588874316,지수,,수도권,지수,2023년 10월,2023,10,2023-10-01
A_2024_00085,MM,202310,,,500015,울산,100001,지수,100.966803556328,지수,,울산,지수,2023년 10월,2023,10,2023-10-01
A_2024_00085,MM,202310,,,500010,인천,100001,지수,102.018979334936,지수,,인천,지수,2023년 10월,2023,10,2023-10-01
A_2024_00085,MM,202310,,,500001,전국,100001,지수,99.490640145775,지수,,전국,지수,2023년 10월,2023,10,2023-10-01
A_2024_00085,MM,202310,,,500021,전남,100001,지수,101.320311149225,지수,,전남광주>전남,지수,2023년 10월,2023,10,2023-10-01
A_2024_00085,MM,202310,,,500020,전북,100001,지수,102.44838045395,지수,,전북,지수,2023년 10월,2023,10,2023-10-01
A_2024_00085,MM,202310,,,500024,제주,100001,지수,103.455522495805,지수,,제주,지수,2023년 10월,2023,10,2023-10-01
A_2024_00085,MM,202310,,,510021,중부산권,100001,지수,100.373561913183,지수,,부산>중부산권,지수,2023년 10월,2023,10,2023-10-01
A_2024_00085,MM,202310,,,500003,지방권,100001,지수,101.469363482692,지수,,지방권,지수,2023년 10월,2023,10,2023-10-01
A_2024_00085,MM,202310,,,500019,충남,100001,지수,101.33454989509,지수,,충남,지수,2023년 10월,2023,10,2023-10-01
A_2024_00085,MM,202310,,,500018,충북,100001,지수,101.146883387694,지수,,충북,지수,2023년 10월,2023,10,2023-10-01
A_2024_00085,MM,202311,,,500005,5대광역시,100001,지수,101.482419173201,지수,,5대광역시,지수,2023년 11월,2023,11,2023-11-01
A_2024_00085,MM,202311,,,500004,6대광역시,100001,지수,101.627953677321,지수,,6대광역시,지수,2023년 11월,2023,11,2023-11-01
A_2024_00085,MM,202311,,,500007,8개도,100001,지수,101.295918159726,지수,,8개도,지수,2023년 11월,2023,11,2023-11-01
A_2024_00085,MM,202311,,,500006,9개도,100001,지수,100.116372976284,지수,,9개도,지수,2023년 11월,2023,11,2023-11-01
A_2024_00085,MM,202311,,,510010,강남지역,100001,지수,96.6358410300049,지수,,서울>강남지역,지수,2023년 11월,2023,11,2023-11-01
A_2024_00085,MM,202311,,,510009,강북지역,100001,지수,97.627531976122,지수,,서울>강북지역,지수,2023년 11월,2023,11,2023-11-01
A_2024_00085,MM,202311,,,500017,강원,100001,지수,99.5317658132193,지수,,강원,지수,2023년 11월,2023,11,2023-11-01
A_2024_00085,MM,202311,,,500009,경기,100001,지수,99.5463806804868,지수,,경기,지수,2023년 11월,2023,11,2023-11-01
A_2024_00085,MM,202311,,,500023,경남,100001,지수,101.573601273025,지수,,경남,지수,2023년 11월,2023,11,2023-11-01
A_2024_00085,MM,202311,,,510012,경부1권,100001,지수,97.2702023348812,지수,,경기>경부1권,지수,2023년 11월,2023,11,2023-11-01
A_2024_00085,MM,202311,,,510013,경부2권,100001,지수,99.6520585596687,지수,,경기>경부2권,지수,2023년 11월,2023,11,2023-11-01
A_2024_00085,MM,202311,,,500022,경북,100001,지수,99.6491670458302,지수,,경북,지수,2023년 11월,2023,11,2023-11-01
A_2024_00085,MM,202311,,,510018,경원권,100001,지수,100.000742587178,지수,,경기>경원권,지수,2023년 11월,2023,11,2023-11-01
A_2024_00085,MM,202311,,,510017,경의권,100001,지수,101.081028964814,지수,,경기>경의권,지수,2023년 11월,2023,11,2023-11-01
A_2024_00085,MM,202311,,,500013,광주,100001,지수,101.597665725264,지수,,전남광주>광주,지수,2023년 11월,2023,11,2023-11-01
A_2024_00085,MM,202311,,,500012,대구,100001,지수,103.648572223306,지수,,대구,지수,2023년 11월,2023,11,2023-11-01
A_2024_00085,MM,202311,,,500014,대전,100001,지수,100.895619106514,지수,,대전,지수,2023년 11월,2023,11,2023-11-01
A_2024_00085,MM,202311,,,520010,도심권,100001,지수,95.8365353471399,지수,,서울>강북지역>도심권,지수,2023년 11월,2023,11,2023-11-01
A_2024_00085,MM,202311,,,520015,동남권,100001,지수,95.4430826133424,지수,,서울>강남지역>동남권,지수,2023년 11월,2023,11,2023-11-01
A_2024_00085,MM,202311,,,510015,동부1권,100001,지수,99.7783767232598,지수,,경기>동부1권,지수,2023년 11월,2023,11,2023-11-01
A_2024_00085,MM,202311,,,510016,동부2권,100001,지수,101.283240803118,지수,,경기>동부2권,지수,2023년 11월,2023,11,2023-11-01
A_2024_00085,MM,202311,,,510022,동부산권,100001,지수,102.114631195351,지수,,부산>동부산권,지수,2023년 11월,2023,11,2023-11-01
A_2024_00085,MM,202311,,,520011,동북권,100001,지수,98.4391516885955,지수,,서울>강북지역>동북권,지수,2023년 11월,2023,11,2023-11-01
A_2024_00085,MM,202311,,,500011,부산,100001,지수,101.038407380968,지수,,부산,지수,2023년 11월,2023,11,2023-11-01
A_2024_00085,MM,202311,,,520014,서남권,100001,지수,97.3986364034885,지수,,서울>강남지역>서남권,지수,2023년 11월,2023,11,2023-11-01
A_2024_00085,MM,202311,,,510023,서부산권,100001,지수,101.987313757859,지수,,부산>서부산권,지수,2023년 11월,2023,11,2023-11-01
A_2024_00085,MM,202311,,,520012,서북권,100001,지수,96.8879765895072,지수,,서울>강북지역>서북권,지수,2023년 11월,2023,11,2023-11-01
A_2024_00085,MM,202311,,,500008,서울,100001,지수,97.1149826867331,지수,,서울,지수,2023년 11월,2023,11,2023-11-01
A_2024_00085,MM,202311,,,510014,서해안권,100001,지수,99.4736436530494,지수,,경기>서해안권,지수,2023년 11월,2023,11,2023-11-01
A_2024_00085,MM,202311,,,500016,세종,100001,지수,101.421335882561,지수,,세종,지수,2023년 11월,2023,11,2023-11-01
A_2024_00085,MM,202311,,,500002,수도권,100001,지수,98.7192985042706,지수,,수도권,지수,2023년 11월,2023,11,2023-11-01
A_2024_00085,MM,202311,,,500015,울산,100001,지수,100.875729568004,지수,,울산,지수,2023년 11월,2023,11,2023-11-01
A_2024_00085,MM,202311,,,500010,인천,100001,지수,101.827935686826,지수,,인천,지수,2023년 11월,2023,11,2023-11-01
A_2024_00085,MM,202311,,,500001,전국,100001,지수,99.4477344560411,지수,,전국,지수,2023년 11월,2023,11,2023-11-01
A_2024_00085,MM,202311,,,500021,전남,100001,지수,101.293124212607,지수,,전남광주>전남,지수,2023년 11월,2023,11,2023-11-01
A_2024_00085,MM,202311,,,500020,전북,100001,지수,102.341481214927,지수,,전북,지수,2023년 11월,2023,11,2023-11-01
A_2024_00085,MM,202311,,,500024,제주,100001,지수,103.448260746235,지수,,제주,지수,2023년 11월,2023,11,2023-11-01
A_2024_00085,MM,202311,,,510021,중부산권,100001,지수,100.118822494165,지수,,부산>중부산권,지수,2023년 11월,2023,11,2023-11-01
A_2024_00085,MM,202311,,,500003,지방권,100001,지수,101.385237920586,지수,,지방권,지수,2023년 11월,2023,11,2023-11-01
A_2024_00085,MM,202311,,,500019,충남,100001,지수,101.187876092372,지수,,충남,지수,2023년 11월,2023,11,2023-11-01
A_2024_00085,MM,202311,,,500018,충북,100001,지수,101.192478641827,지수,,충북,지수,2023년 11월,2023,11,2023-11-01
A_2024_00085,MM,202312,,,500005,5대광역시,100001,지수,101.396594337482,지수,,5대광역시,지수,2023년 12월,2023,12,2023-12-01
A_2024_00085,MM,202312,,,500004,6대광역시,100001,지수,101.491243447326,지수,,6대광역시,지수,2023년 12월,2023,12,2023-12-01
A_2024_00085,MM,202312,,,500007,8개도,100001,지수,101.26468411628,지수,,8개도,지수,2023년 12월,2023,12,2023-12-01
A_2024_00085,MM,202312,,,500006,9개도,100001,지수,100.065852307192,지수,,9개도,지수,2023년 12월,2023,12,2023-12-01
A_2024_00085,MM,202312,,,510010,강남지역,100001,지수,96.6432983965614,지수,,서울>강남지역,지수,2023년 12월,2023,12,2023-12-01
A_2024_00085,MM,202312,,,510009,강북지역,100001,지수,97.514878253584,지수,,서울>강북지역,지수,2023년 12월,2023,12,2023-12-01
A_2024_00085,MM,202312,,,500017,강원,100001,지수,99.5539249641033,지수,,강원,지수,2023년 12월,2023,12,2023-12-01
A_2024_00085,MM,202312,,,500009,경기,100001,지수,99.4864750568367,지수,,경기,지수,2023년 12월,2023,12,2023-12-01
A_2024_00085,MM,202312,,,500023,경남,100001,지수,101.495401283434,지수,,경남,지수,2023년 12월,2023,12,2023-12-01
A_2024_00085,MM,202312,,,510012,경부1권,100001,지수,97.2573264247506,지수,,경기>경부1권,지수,2023년 12월,2023,12,2023-12-01
A_2024_00085,MM,202312,,,510013,경부2권,100001,지수,99.6313988467733,지수,,경기>경부2권,지수,2023년 12월,2023,12,2023-12-01
A_2024_00085,MM,202312,,,500022,경북,100001,지수,99.6429686803995,지수,,경북,지수,2023년 12월,2023,12,2023-12-01
A_2024_00085,MM,202312,,,510018,경원권,100001,지수,99.9429765420883,지수,,경기>경원권,지수,2023년 12월,2023,12,2023-12-01
A_2024_00085,MM,202312,,,510017,경의권,100001,지수,101.07719622983,지수,,경기>경의권,지수,2023년 12월,2023,12,2023-12-01
A_2024_00085,MM,202312,,,500013,광주,100001,지수,101.575707453628,지수,,전남광주>광주,지수,2023년 12월,2023,12,2023-12-01
A_2024_00085,MM,202312,,,500012,대구,100001,지수,103.532279858089,지수,,대구,지수,2023년 12월,2023,12,2023-12-01
A_2024_00085,MM,202312,,,500014,대전,100001,지수,100.841801596668,지수,,대전,지수,2023년 12월,2023,12,2023-12-01
A_2024_00085,MM,202312,,,520010,도심권,100001,지수,95.8748817322718,지수,,서울>강북지역>도심권,지수,2023년 12월,2023,12,2023-12-01
A_2024_00085,MM,202312,,,520015,동남권,100001,지수,95.4560716826356,지수,,서울>강남지역>동남권,지수,2023년 12월,2023,12,2023-12-01
A_2024_00085,MM,202312,,,510015,동부1권,100001,지수,99.5937182368474,지수,,경기>동부1권,지수,2023년 12월,2023,12,2023-12-01
A_2024_00085,MM,202312,,,510016,동부2권,100001,지수,101.22373017648,지수,,경기>동부2권,지수,2023년 12월,2023,12,2023-12-01
A_2024_00085,MM,202312,,,510022,동부산권,100001,지수,101.934083074229,지수,,부산>동부산권,지수,2023년 12월,2023,12,2023-12-01
A_2024_00085,MM,202312,,,520011,동북권,100001,지수,98.2569623315748,지수,,서울>강북지역>동북권,지수,2023년 12월,2023,12,2023-12-01
A_2024_00085,MM,202312,,,500011,부산,100001,지수,100.93882181489,지수,,부산,지수,2023년 12월,2023,12,2023-12-01
A_2024_00085,MM,202312,,,520014,서남권,100001,지수,97.4024783238288,지수,,서울>강남지역>서남권,지수,2023년 12월,2023,12,2023-12-01
A_2024_00085,MM,202312,,,510023,서부산권,100001,지수,101.889735474452,지수,,부산>서부산권,지수,2023년 12월,2023,12,2023-12-01
A_2024_00085,MM,202312,,,520012,서북권,100001,지수,96.8375364629281,지수,,서울>강북지역>서북권,지수,2023년 12월,2023,12,2023-12-01
A_2024_00085,MM,202312,,,500008,서울,100001,지수,97.0645860282511,지수,,서울,지수,2023년 12월,2023,12,2023-12-01
A_2024_00085,MM,202312,,,510014,서해안권,100001,지수,99.4126609340499,지수,,경기>서해안권,지수,2023년 12월,2023,12,2023-12-01
A_2024_00085,MM,202312,,,500016,세종,100001,지수,101.391107123011,지수,,세종,지수,2023년 12월,2023,12,2023-12-01
A_2024_00085,MM,202312,,,500002,수도권,100001,지수,98.6447308683694,지수,,수도권,지수,2023년 12월,2023,12,2023-12-01
A_2024_00085,MM,202312,,,500015,울산,100001,지수,100.848454581519,지수,,울산,지수,2023년 12월,2023,12,2023-12-01
A_2024_00085,MM,202312,,,500010,인천,100001,지수,101.620472968004,지수,,인천,지수,2023년 12월,2023,12,2023-12-01
A_2024_00085,MM,202312,,,500001,전국,100001,지수,99.3779629010354,지수,,전국,지수,2023년 12월,2023,12,2023-12-01
A_2024_00085,MM,202312,,,500021,전남,100001,지수,101.26619451221,지수,,전남광주>전남,지수,2023년 12월,2023,12,2023-12-01
A_2024_00085,MM,202312,,,500020,전북,100001,지수,102.251986750044,지수,,전북,지수,2023년 12월,2023,12,2023-12-01
A_2024_00085,MM,202312,,,500024,제주,100001,지수,103.399087294322,지수,,제주,지수,2023년 12월,2023,12,2023-12-01
A_2024_00085,MM,202312,,,510021,중부산권,100001,지수,100.062076049231,지수,,부산>중부산권,지수,2023년 12월,2023,12,2023-12-01
A_2024_00085,MM,202312,,,500003,지방권,100001,지수,101.328111619933,지수,,지방권,지수,2023년 12월,2023,12,2023-12-01
A_2024_00085,MM,202312,,,500019,충남,100001,지수,101.148711826086,지수,,충남,지수,2023년 12월,2023,12,2023-12-01
A_2024_00085,MM,202312,,,500018,충북,100001,지수,101.232685335995,지수,,충북,지수,2023년 12월,2023,12,2023-12-01
A_2024_00085,MM,202401,,,500005,5대광역시,100001,지수,101.319240728826,지수,,5대광역시,지수,2024년 1월,2024,1,2024-01-01
A_2024_00085,MM,202401,,,500004,6대광역시,100001,지수,101.398019781212,지수,,6대광역시,지수,2024년 1월,2024,1,2024-01-01
A_2024_00085,MM,202401,,,500007,8개도,100001,지수,101.245786851964,지수,,8개도,지수,2024년 1월,2024,1,2024-01-01
A_2024_00085,MM,202401,,,500006,9개도,100001,지수,100.007195349849,지수,,9개도,지수,2024년 1월,2024,1,2024-01-01
A_2024_00085,MM,202401,,,510010,강남지역,100001,지수,96.6303758774941,지수,,서울>강남지역,지수,2024년 1월,2024,1,2024-01-01
A_2024_00085,MM,202401,,,510009,강북지역,100001,지수,97.4783761092601,지수,,서울>강북지역,지수,2024년 1월,2024,1,2024-01-01
A_2024_00085,MM,202401,,,500017,강원,100001,지수,99.5681925215681,지수,,강원,지수,2024년 1월,2024,1,2024-01-01
A_2024_00085,MM,202401,,,500009,경기,100001,지수,99.4087143636586,지수,,경기,지수,2024년 1월,2024,1,2024-01-01
A_2024_00085,MM,202401,,,500023,경남,100001,지수,101.432233109839,지수,,경남,지수,2024년 1월,2024,1,2024-01-01
A_2024_00085,MM,202401,,,510012,경부1권,100001,지수,97.0844073878806,지수,,경기>경부1권,지수,2024년 1월,2024,1,2024-01-01
A_2024_00085,MM,202401,,,510013,경부2권,100001,지수,99.6490465016085,지수,,경기>경부2권,지수,2024년 1월,2024,1,2024-01-01
A_2024_00085,MM,202401,,,500022,경북,100001,지수,99.6536379434531,지수,,경북,지수,2024년 1월,2024,1,2024-01-01
A_2024_00085,MM,202401,,,510018,경원권,100001,지수,99.8295345832314,지수,,경기>경원권,지수,2024년 1월,2024,1,2024-01-01
A_2024_00085,MM,202401,,,510017,경의권,100001,지수,101.041727712846,지수,,경기>경의권,지수,2024년 1월,2024,1,2024-01-01
A_2024_00085,MM,202401,,,500013,광주,100001,지수,101.523413354064,지수,,전남광주>광주,지수,2024년 1월,2024,1,2024-01-01
A_2024_00085,MM,202401,,,500012,대구,100001,지수,103.391486686399,지수,,대구,지수,2024년 1월,2024,1,2024-01-01
A_2024_00085,MM,202401,,,500014,대전,100001,지수,100.810141424237,지수,,대전,지수,2024년 1월,2024,1,2024-01-01
A_2024_00085,MM,202401,,,520010,도심권,100001,지수,95.9227971985547,지수,,서울>강북지역>도심권,지수,2024년 1월,2024,1,2024-01-01
A_2024_00085,MM,202401,,,520015,동남권,100001,지수,95.4707795222652,지수,,서울>강남지역>동남권,지수,2024년 1월,2024,1,2024-01-01
A_2024_00085,MM,202401,,,510015,동부1권,100001,지수,99.5082432327296,지수,,경기>동부1권,지수,2024년 1월,2024,1,2024-01-01
A_2024_00085,MM,202401,,,510016,동부2권,100001,지수,101.12202031787,지수,,경기>동부2권,지수,2024년 1월,2024,1,2024-01-01
A_2024_00085,MM,202401,,,510022,동부산권,100001,지수,101.815103947001,지수,,부산>동부산권,지수,2024년 1월,2024,1,2024-01-01
A_2024_00085,MM,202401,,,520011,동북권,100001,지수,98.1800728275506,지수,,서울>강북지역>동북권,지수,2024년 1월,2024,1,2024-01-01
A_2024_00085,MM,202401,,,500011,부산,100001,지수,100.854007652078,지수,,부산,지수,2024년 1월,2024,1,2024-01-01
A_2024_00085,MM,202401,,,520014,서남권,100001,지수,97.3716094448904,지수,,서울>강남지역>서남권,지수,2024년 1월,2024,1,2024-01-01
A_2024_00085,MM,202401,,,510023,서부산권,100001,지수,101.804715519157,지수,,부산>서부산권,지수,2024년 1월,2024,1,2024-01-01
A_2024_00085,MM,202401,,,520012,서북권,100001,지수,96.838786726068,지수,,서울>강북지역>서북권,지수,2024년 1월,2024,1,2024-01-01
A_2024_00085,MM,202401,,,500008,서울,100001,지수,97.0402937481694,지수,,서울,지수,2024년 1월,2024,1,2024-01-01
A_2024_00085,MM,202401,,,510014,서해안권,100001,지수,99.3293552502924,지수,,경기>서해안권,지수,2024년 1월,2024,1,2024-01-01
A_2024_00085,MM,202401,,,500016,세종,100001,지수,101.351563536408,지수,,세종,지수,2024년 1월,2024,1,2024-01-01
A_2024_00085,MM,202401,,,500002,수도권,100001,지수,98.5871120987482,지수,,수도권,지수,2024년 1월,2024,1,2024-01-01
A_2024_00085,MM,202401,,,500015,울산,100001,지수,100.858751581411,지수,,울산,지수,2024년 1월,2024,1,2024-01-01
A_2024_00085,MM,202401,,,500010,인천,100001,지수,101.505539411039,지수,,인천,지수,2024년 1월,2024,1,2024-01-01
A_2024_00085,MM,202401,,,500001,전국,100001,지수,99.32332099605,지수,,전국,지수,2024년 1월,2024,1,2024-01-01
A_2024_00085,MM,202401,,,500021,전남,100001,지수,101.225628248456,지수,,전남광주>전남,지수,2024년 1월,2024,1,2024-01-01
A_2024_00085,MM,202401,,,500020,전북,100001,지수,102.154789785932,지수,,전북,지수,2024년 1월,2024,1,2024-01-01
A_2024_00085,MM,202401,,,500024,제주,100001,지수,103.367420270985,지수,,제주,지수,2024년 1월,2024,1,2024-01-01
A_2024_00085,MM,202401,,,510021,중부산권,100001,지수,99.9955943258977,지수,,부산>중부산권,지수,2024년 1월,2024,1,2024-01-01
A_2024_00085,MM,202401,,,500003,지방권,100001,지수,101.28147318651,지수,,지방권,지수,2024년 1월,2024,1,2024-01-01
A_2024_00085,MM,202401,,,500019,충남,100001,지수,101.145026323496,지수,,충남,지수,2024년 1월,2024,1,2024-01-01
A_2024_00085,MM,202401,,,500018,충북,100001,지수,101.279480490762,지수,,충북,지수,2024년 1월,2024,1,2024-01-01
A_2024_00085,MM,202402,,,500005,5대광역시,100001,지수,101.247326756829,지수,,5대광역시,지수,2024년 2월,2024,2,2024-02-01
A_2024_00085,MM,202402,,,500004,6대광역시,100001,지수,101.375101778639,지수,,6대광역시,지수,2024년 2월,2024,2,2024-02-01
A_2024_00085,MM,202402,,,500007,8개도,100001,지수,101.208164409068,지수,,8개도,지수,2024년 2월,2024,2,2024-02-01
A_2024_00085,MM,202402,,,500006,9개도,100001,지수,99.9575000081732,지수,,9개도,지수,2024년 2월,2024,2,2024-02-01
A_2024_00085,MM,202402,,,510010,강남지역,100001,지수,96.6315301434968,지수,,서울>강남지역,지수,2024년 2월,2024,2,2024-02-01
A_2024_00085,MM,202402,,,510009,강북지역,100001,지수,97.4478133889375,지수,,서울>강북지역,지수,2024년 2월,2024,2,2024-02-01
A_2024_00085,MM,202402,,,500017,강원,100001,지수,99.6164732913314,지수,,강원,지수,2024년 2월,2024,2,2024-02-01
A_2024_00085,MM,202402,,,500009,경기,100001,지수,99.3532216723789,지수,,경기,지수,2024년 2월,2024,2,2024-02-01
A_2024_00085,MM,202402,,,500023,경남,100001,지수,101.367994628905,지수,,경남,지수,2024년 2월,2024,2,2024-02-01
A_2024_00085,MM,202402,,,510012,경부1권,100001,지수,96.9876160066298,지수,,경기>경부1권,지수,2024년 2월,2024,2,2024-02-01
A_2024_00085,MM,202402,,,510013,경부2권,100001,지수,99.6701384071114,지수,,경기>경부2권,지수,2024년 2월,2024,2,2024-02-01
A_2024_00085,MM,202402,,,500022,경북,100001,지수,99.6513641191827,지수,,경북,지수,2024년 2월,2024,2,2024-02-01
A_2024_00085,MM,202402,,,510018,경원권,100001,지수,99.8348247318276,지수,,경기>경원권,지수,2024년 2월,2024,2,2024-02-01
A_2024_00085,MM,202402,,,510017,경의권,100001,지수,101.125930305527,지수,,경기>경의권,지수,2024년 2월,2024,2,2024-02-01
A_2024_00085,MM,202402,,,500013,광주,100001,지수,101.4334929566,지수,,전남광주>광주,지수,2024년 2월,2024,2,2024-02-01
A_2024_00085,MM,202402,,,500012,대구,100001,지수,103.329807300502,지수,,대구,지수,2024년 2월,2024,2,2024-02-01
A_2024_00085,MM,202402,,,500014,대전,100001,지수,100.80842974619,지수,,대전,지수,2024년 2월,2024,2,2024-02-01
A_2024_00085,MM,202402,,,520010,도심권,100001,지수,95.9885737219944,지수,,서울>강북지역>도심권,지수,2024년 2월,2024,2,2024-02-01
A_2024_00085,MM,202402,,,520015,동남권,100001,지수,95.4353209049934,지수,,서울>강남지역>동남권,지수,2024년 2월,2024,2,2024-02-01
A_2024_00085,MM,202402,,,510015,동부1권,100001,지수,99.4142493387288,지수,,경기>동부1권,지수,2024년 2월,2024,2,2024-02-01
A_2024_00085,MM,202402,,,510016,동부2권,100001,지수,101.063405928883,지수,,경기>동부2권,지수,2024년 2월,2024,2,2024-02-01
A_2024_00085,MM,202402,,,510022,동부산권,100001,지수,101.676490646903,지수,,부산>동부산권,지수,2024년 2월,2024,2,2024-02-01
A_2024_00085,MM,202402,,,520011,동북권,100001,지수,98.1315522049963,지수,,서울>강북지역>동북권,지수,2024년 2월,2024,2,2024-02-01
A_2024_00085,MM,202402,,,500011,부산,100001,지수,100.764224277472,지수,,부산,지수,2024년 2월,2024,2,2024-02-01
A_2024_00085,MM,202402,,,520014,서남권,100001,지수,97.3965482095959,지수,,서울>강남지역>서남권,지수,2024년 2월,2024,2,2024-02-01
A_2024_00085,MM,202402,,,510023,서부산권,100001,지수,101.737026546545,지수,,부산>서부산권,지수,2024년 2월,2024,2,2024-02-01
A_2024_00085,MM,202402,,,520012,서북권,100001,지수,96.8047752706574,지수,,서울>강북지역>서북권,지수,2024년 2월,2024,2,2024-02-01
A_2024_00085,MM,202402,,,500008,서울,100001,지수,97.0261524972157,지수,,서울,지수,2024년 2월,2024,2,2024-02-01
A_2024_00085,MM,202402,,,510014,서해안권,100001,지수,99.2209938420057,지수,,경기>서해안권,지수,2024년 2월,2024,2,2024-02-01
A_2024_00085,MM,202402,,,500016,세종,100001,지수,101.248191209451,지수,,세종,지수,2024년 2월,2024,2,2024-02-01
A_2024_00085,MM,202402,,,500002,수도권,100001,지수,98.5637220544306,지수,,수도권,지수,2024년 2월,2024,2,2024-02-01
A_2024_00085,MM,202402,,,500015,울산,100001,지수,100.79439882798,지수,,울산,지수,2024년 2월,2024,2,2024-02-01
A_2024_00085,MM,202402,,,500010,인천,100001,지수,101.54967361536,지수,,인천,지수,2024년 2월,2024,2,2024-02-01
A_2024_00085,MM,202402,,,500001,전국,100001,지수,99.2915834785542,지수,,전국,지수,2024년 2월,2024,2,2024-02-01
A_2024_00085,MM,202402,,,500021,전남,100001,지수,101.231799420292,지수,,전남광주>전남,지수,2024년 2월,2024,2,2024-02-01
A_2024_00085,MM,202402,,,500020,전북,100001,지수,102.034676504951,지수,,전북,지수,2024년 2월,2024,2,2024-02-01
A_2024_00085,MM,202402,,,500024,제주,100001,지수,103.303263162808,지수,,제주,지수,2024년 2월,2024,2,2024-02-01
A_2024_00085,MM,202402,,,510021,중부산권,100001,지수,99.9240708237318,지수,,부산>중부산권,지수,2024년 2월,2024,2,2024-02-01
A_2024_00085,MM,202402,,,500003,지방권,100001,지수,101.227329628407,지수,,지방권,지수,2024년 2월,2024,2,2024-02-01
A_2024_00085,MM,202402,,,500019,충남,100001,지수,101.058373819266,지수,,충남,지수,2024년 2월,2024,2,2024-02-01
A_2024_00085,MM,202402,,,500018,충북,100001,지수,101.303796262506,지수,,충북,지수,2024년 2월,2024,2,2024-02-01
A_2024_00085,MM,202403,,,500005,5대광역시,100001,지수,101.142654035044,지수,,5대광역시,지수,2024년 3월,2024,3,2024-03-01
A_2024_00085,MM,202403,,,500004,6대광역시,100001,지수,101.295286307987,지수,,6대광역시,지수,2024년 3월,2024,3,2024-03-01
A_2024_00085,MM,202403,,,500007,8개도,100001,지수,101.162493045617,지수,,8개도,지수,2024년 3월,2024,3,2024-03-01
A_2024_00085,MM,202403,,,500006,9개도,100001,지수,99.8848329590796,지수,,9개도,지수,2024년 3월,2024,3,2024-03-01
A_2024_00085,MM,202403,,,510010,강남지역,100001,지수,96.6371855465195,지수,,서울>강남지역,지수,2024년 3월,2024,3,2024-03-01
A_2024_00085,MM,202403,,,510009,강북지역,100001,지수,97.429170553354,지수,,서울>강북지역,지수,2024년 3월,2024,3,2024-03-01
A_2024_00085,MM,202403,,,500017,강원,100001,지수,99.6097525195414,지수,,강원,지수,2024년 3월,2024,3,2024-03-01
A_2024_00085,MM,202403,,,500009,경기,100001,지수,99.2675940662445,지수,,경기,지수,2024년 3월,2024,3,2024-03-01
A_2024_00085,MM,202403,,,500023,경남,100001,지수,101.283448049978,지수,,경남,지수,2024년 3월,2024,3,2024-03-01
A_2024_00085,MM,202403,,,510012,경부1권,100001,지수,97.0008850911469,지수,,경기>경부1권,지수,2024년 3월,2024,3,2024-03-01
A_2024_00085,MM,202403,,,510013,경부2권,100001,지수,99.6450247379991,지수,,경기>경부2권,지수,2024년 3월,2024,3,2024-03-01
A_2024_00085,MM,202403,,,500022,경북,100001,지수,99.6783700831363,지수,,경북,지수,2024년 3월,2024,3,2024-03-01
A_2024_00085,MM,202403,,,510018,경원권,100001,지수,99.6124903237121,지수,,경기>경원권,지수,2024년 3월,2024,3,2024-03-01
A_2024_00085,MM,202403,,,510017,경의권,100001,지수,100.981552689494,지수,,경기>경의권,지수,2024년 3월,2024,3,2024-03-01
A_2024_00085,MM,202403,,,500013,광주,100001,지수,101.295332156038,지수,,전남광주>광주,지수,2024년 3월,2024,3,2024-03-01
A_2024_00085,MM,202403,,,500012,대구,100001,지수,103.131037472071,지수,,대구,지수,2024년 3월,2024,3,2024-03-01
A_2024_00085,MM,202403,,,500014,대전,100001,지수,100.758651631536,지수,,대전,지수,2024년 3월,2024,3,2024-03-01
A_2024_00085,MM,202403,,,520010,도심권,100001,지수,96.0487517009712,지수,,서울>강북지역>도심권,지수,2024년 3월,2024,3,2024-03-01
A_2024_00085,MM,202403,,,520015,동남권,100001,지수,95.4265849159901,지수,,서울>강남지역>동남권,지수,2024년 3월,2024,3,2024-03-01
A_2024_00085,MM,202403,,,510015,동부1권,100001,지수,99.2488938935058,지수,,경기>동부1권,지수,2024년 3월,2024,3,2024-03-01
A_2024_00085,MM,202403,,,510016,동부2권,100001,지수,100.96293124631,지수,,경기>동부2권,지수,2024년 3월,2024,3,2024-03-01
A_2024_00085,MM,202403,,,510022,동부산권,100001,지수,101.588400708999,지수,,부산>동부산권,지수,2024년 3월,2024,3,2024-03-01
A_2024_00085,MM,202403,,,520011,동북권,100001,지수,98.0847740040309,지수,,서울>강북지역>동북권,지수,2024년 3월,2024,3,2024-03-01
A_2024_00085,MM,202403,,,500011,부산,100001,지수,100.66396972812,지수,,부산,지수,2024년 3월,2024,3,2024-03-01
A_2024_00085,MM,202403,,,520014,서남권,100001,지수,97.4115559765009,지수,,서울>강남지역>서남권,지수,2024년 3월,2024,3,2024-03-01
A_2024_00085,MM,202403,,,510023,서부산권,100001,지수,101.689749645657,지수,,부산>서부산권,지수,2024년 3월,2024,3,2024-03-01
A_2024_00085,MM,202403,,,520012,서북권,100001,지수,96.8056100794313,지수,,서울>강북지역>서북권,지수,2024년 3월,2024,3,2024-03-01
A_2024_00085,MM,202403,,,500008,서울,100001,지수,97.0200883805555,지수,,서울,지수,2024년 3월,2024,3,2024-03-01
A_2024_00085,MM,202403,,,510014,서해안권,100001,지수,99.1507747372087,지수,,경기>서해안권,지수,2024년 3월,2024,3,2024-03-01
A_2024_00085,MM,202403,,,500016,세종,100001,지수,100.944792886588,지수,,세종,지수,2024년 3월,2024,3,2024-03-01
A_2024_00085,MM,202403,,,500002,수도권,100001,지수,98.5203067539914,지수,,수도권,지수,2024년 3월,2024,3,2024-03-01
A_2024_00085,MM,202403,,,500015,울산,100001,지수,100.784413245836,지수,,울산,지수,2024년 3월,2024,3,2024-03-01
A_2024_00085,MM,202403,,,500010,인천,100001,지수,101.503905637084,지수,,인천,지수,2024년 3월,2024,3,2024-03-01
A_2024_00085,MM,202403,,,500001,전국,100001,지수,99.2396568895296,지수,,전국,지수,2024년 3월,2024,3,2024-03-01
A_2024_00085,MM,202403,,,500021,전남,100001,지수,101.24008049338,지수,,전남광주>전남,지수,2024년 3월,2024,3,2024-03-01
A_2024_00085,MM,202403,,,500020,전북,100001,지수,101.933817360032,지수,,전북,지수,2024년 3월,2024,3,2024-03-01
A_2024_00085,MM,202403,,,500024,제주,100001,지수,103.264803826758,지수,,제주,지수,2024년 3월,2024,3,2024-03-01
A_2024_00085,MM,202403,,,510021,중부산권,100001,지수,99.7985057714666,지수,,부산>중부산권,지수,2024년 3월,2024,3,2024-03-01
A_2024_00085,MM,202403,,,500003,지방권,100001,지수,101.152567431567,지수,,지방권,지수,2024년 3월,2024,3,2024-03-01
A_2024_00085,MM,202403,,,500019,충남,100001,지수,100.903152412844,지수,,충남,지수,2024년 3월,2024,3,2024-03-01
A_2024_00085,MM,202403,,,500018,충북,100001,지수,101.31752556543,지수,,충북,지수,2024년 3월,2024,3,2024-03-01
A_2024_00085,MM,202404,,,500005,5대광역시,100001,지수,101.08116274892,지수,,5대광역시,지수,2024년 4월,2024,4,2024-04-01
A_2024_00085,MM,202404,,,500004,6대광역시,100001,지수,101.169519215485,지수,,6대광역시,지수,2024년 4월,2024,4,2024-04-01
A_2024_00085,MM,202404,,,500007,8개도,100001,지수,101.124857153319,지수,,8개도,지수,2024년 4월,2024,4,2024-04-01
A_2024_00085,MM,202404,,,500006,9개도,100001,지수,99.8273167446302,지수,,9개도,지수,2024년 4월,2024,4,2024-04-01
A_2024_00085,MM,202404,,,510010,강남지역,100001,지수,96.6110265227268,지수,,서울>강남지역,지수,2024년 4월,2024,4,2024-04-01
A_2024_00085,MM,202404,,,510009,강북지역,100001,지수,97.4301047393441,지수,,서울>강북지역,지수,2024년 4월,2024,4,2024-04-01
A_2024_00085,MM,202404,,,500017,강원,100001,지수,99.5970432236587,지수,,강원,지수,2024년 4월,2024,4,2024-04-01
A_2024_00085,MM,202404,,,500009,경기,100001,지수,99.2005370465943,지수,,경기,지수,2024년 4월,2024,4,2024-04-01
A_2024_00085,MM,202404,,,500023,경남,100001,지수,101.214044736738,지수,,경남,지수,2024년 4월,2024,4,2024-04-01
A_2024_00085,MM,202404,,,510012,경부1권,100001,지수,96.9442669349757,지수,,경기>경부1권,지수,2024년 4월,2024,4,2024-04-01
A_2024_00085,MM,202404,,,510013,경부2권,100001,지수,99.518138669195,지수,,경기>경부2권,지수,2024년 4월,2024,4,2024-04-01
A_2024_00085,MM,202404,,,500022,경북,100001,지수,99.7764742741124,지수,,경북,지수,2024년 4월,2024,4,2024-04-01
A_2024_00085,MM,202404,,,510018,경원권,100001,지수,99.5395045846844,지수,,경기>경원권,지수,2024년 4월,2024,4,2024-04-01
A_2024_00085,MM,202404,,,510017,경의권,100001,지수,100.933275010618,지수,,경기>경의권,지수,2024년 4월,2024,4,2024-04-01
A_2024_00085,MM,202404,,,500013,광주,100001,지수,101.210524247618,지수,,전남광주>광주,지수,2024년 4월,2024,4,2024-04-01
A_2024_00085,MM,202404,,,500012,대구,100001,지수,103.014443011197,지수,,대구,지수,2024년 4월,2024,4,2024-04-01
A_2024_00085,MM,202404,,,500014,대전,100001,지수,100.680016438633,지수,,대전,지수,2024년 4월,2024,4,2024-04-01
A_2024_00085,MM,202404,,,520010,도심권,100001,지수,96.0849305187324,지수,,서울>강북지역>도심권,지수,2024년 4월,2024,4,2024-04-01
A_2024_00085,MM,202404,,,520015,동남권,100001,지수,95.4112635641225,지수,,서울>강남지역>동남권,지수,2024년 4월,2024,4,2024-04-01
A_2024_00085,MM,202404,,,510015,동부1권,100001,지수,99.1253882440246,지수,,경기>동부1권,지수,2024년 4월,2024,4,2024-04-01
A_2024_00085,MM,202404,,,510016,동부2권,100001,지수,100.856924098466,지수,,경기>동부2권,지수,2024년 4월,2024,4,2024-04-01
A_2024_00085,MM,202404,,,510022,동부산권,100001,지수,101.481795611368,지수,,부산>동부산권,지수,2024년 4월,2024,4,2024-04-01
A_2024_00085,MM,202404,,,520011,동북권,100001,지수,98.0901180378542,지수,,서울>강북지역>동북권,지수,2024년 4월,2024,4,2024-04-01
A_2024_00085,MM,202404,,,500011,부산,100001,지수,100.616339505463,지수,,부산,지수,2024년 4월,2024,4,2024-04-01
A_2024_00085,MM,202404,,,520014,서남권,100001,지수,97.3783565920835,지수,,서울>강남지역>서남권,지수,2024년 4월,2024,4,2024-04-01
A_2024_00085,MM,202404,,,510023,서부산권,100001,지수,101.657063545912,지수,,부산>서부산권,지수,2024년 4월,2024,4,2024-04-01
A_2024_00085,MM,202404,,,520012,서북권,100001,지수,96.7871115051516,지수,,서울>강북지역>서북권,지수,2024년 4월,2024,4,2024-04-01
A_2024_00085,MM,202404,,,500008,서울,100001,지수,97.006996655535,지수,,서울,지수,2024년 4월,2024,4,2024-04-01
A_2024_00085,MM,202404,,,510014,서해안권,100001,지수,99.1256226585932,지수,,경기>서해안권,지수,2024년 4월,2024,4,2024-04-01
A_2024_00085,MM,202404,,,500016,세종,100001,지수,100.904527790061,지수,,세종,지수,2024년 4월,2024,4,2024-04-01
A_2024_00085,MM,202404,,,500002,수도권,100001,지수,98.4594930857405,지수,,수도권,지수,2024년 4월,2024,4,2024-04-01
A_2024_00085,MM,202404,,,500015,울산,100001,지수,100.777679160949,지수,,울산,지수,2024년 4월,2024,4,2024-04-01
A_2024_00085,MM,202404,,,500010,인천,100001,지수,101.290140303181,지수,,인천,지수,2024년 4월,2024,4,2024-04-01
A_2024_00085,MM,202404,,,500001,전국,100001,지수,99.1820640458103,지수,,전국,지수,2024년 4월,2024,4,2024-04-01
A_2024_00085,MM,202404,,,500021,전남,100001,지수,101.231633122752,지수,,전남광주>전남,지수,2024년 4월,2024,4,2024-04-01
A_2024_00085,MM,202404,,,500020,전북,100001,지수,101.889391700282,지수,,전북,지수,2024년 4월,2024,4,2024-04-01
A_2024_00085,MM,202404,,,500024,제주,100001,지수,103.197047632947,지수,,제주,지수,2024년 4월,2024,4,2024-04-01
A_2024_00085,MM,202404,,,510021,중부산권,100001,지수,99.7771112667499,지수,,부산>중부산권,지수,2024년 4월,2024,4,2024-04-01
A_2024_00085,MM,202404,,,500003,지방권,100001,지수,101.103629105886,지수,,지방권,지수,2024년 4월,2024,4,2024-04-01
A_2024_00085,MM,202404,,,500019,충남,100001,지수,100.777214923501,지수,,충남,지수,2024년 4월,2024,4,2024-04-01
A_2024_00085,MM,202404,,,500018,충북,100001,지수,101.212352739355,지수,,충북,지수,2024년 4월,2024,4,2024-04-01
A_2024_00085,MM,202405,,,500005,5대광역시,100001,지수,101.013453231661,지수,,5대광역시,지수,2024년 5월,2024,5,2024-05-01
A_2024_00085,MM,202405,,,500004,6대광역시,100001,지수,101.101880222461,지수,,6대광역시,지수,2024년 5월,2024,5,2024-05-01
A_2024_00085,MM,202405,,,500007,8개도,100001,지수,101.073465697726,지수,,8개도,지수,2024년 5월,2024,5,2024-05-01
A_2024_00085,MM,202405,,,500006,9개도,100001,지수,99.804526519312,지수,,9개도,지수,2024년 5월,2024,5,2024-05-01
A_2024_00085,MM,202405,,,510010,강남지역,100001,지수,96.6257980329903,지수,,서울>강남지역,지수,2024년 5월,2024,5,2024-05-01
A_2024_00085,MM,202405,,,510009,강북지역,100001,지수,97.4720120865375,지수,,서울>강북지역,지수,2024년 5월,2024,5,2024-05-01
A_2024_00085,MM,202405,,,500017,강원,100001,지수,99.6545500862137,지수,,강원,지수,2024년 5월,2024,5,2024-05-01
A_2024_00085,MM,202405,,,500009,경기,100001,지수,99.1914778164821,지수,,경기,지수,2024년 5월,2024,5,2024-05-01
A_2024_00085,MM,202405,,,500023,경남,100001,지수,101.097631767392,지수,,경남,지수,2024년 5월,2024,5,2024-05-01
A_2024_00085,MM,202405,,,510012,경부1권,100001,지수,96.9372211528251,지수,,경기>경부1권,지수,2024년 5월,2024,5,2024-05-01
A_2024_00085,MM,202405,,,510013,경부2권,100001,지수,99.5838655079061,지수,,경기>경부2권,지수,2024년 5월,2024,5,2024-05-01
A_2024_00085,MM,202405,,,500022,경북,100001,지수,99.8117359877001,지수,,경북,지수,2024년 5월,2024,5,2024-05-01
A_2024_00085,MM,202405,,,510018,경원권,100001,지수,99.4705453505868,지수,,경기>경원권,지수,2024년 5월,2024,5,2024-05-01
A_2024_00085,MM,202405,,,510017,경의권,100001,지수,100.854830917724,지수,,경기>경의권,지수,2024년 5월,2024,5,2024-05-01
A_2024_00085,MM,202405,,,500013,광주,100001,지수,101.110008557098,지수,,전남광주>광주,지수,2024년 5월,2024,5,2024-05-01
A_2024_00085,MM,202405,,,500012,대구,100001,지수,102.817679996075,지수,,대구,지수,2024년 5월,2024,5,2024-05-01
A_2024_00085,MM,202405,,,500014,대전,100001,지수,100.597710134978,지수,,대전,지수,2024년 5월,2024,5,2024-05-01
A_2024_00085,MM,202405,,,520010,도심권,100001,지수,96.15957273021,지수,,서울>강북지역>도심권,지수,2024년 5월,2024,5,2024-05-01
A_2024_00085,MM,202405,,,520015,동남권,100001,지수,95.4751299656923,지수,,서울>강남지역>동남권,지수,2024년 5월,2024,5,2024-05-01
A_2024_00085,MM,202405,,,510015,동부1권,100001,지수,98.9427002237534,지수,,경기>동부1권,지수,2024년 5월,2024,5,2024-05-01
A_2024_00085,MM,202405,,,510016,동부2권,100001,지수,100.696422805498,지수,,경기>동부2권,지수,2024년 5월,2024,5,2024-05-01
A_2024_00085,MM,202405,,,510022,동부산권,100001,지수,101.370002003946,지수,,부산>동부산권,지수,2024년 5월,2024,5,2024-05-01
A_2024_00085,MM,202405,,,520011,동북권,100001,지수,98.121038569684,지수,,서울>강북지역>동북권,지수,2024년 5월,2024,5,2024-05-01
A_2024_00085,MM,202405,,,500011,부산,100001,지수,100.59292451742,지수,,부산,지수,2024년 5월,2024,5,2024-05-01
A_2024_00085,MM,202405,,,520014,서남권,100001,지수,97.3612343802015,지수,,서울>강남지역>서남권,지수,2024년 5월,2024,5,2024-05-01
A_2024_00085,MM,202405,,,510023,서부산권,100001,지수,101.616539854199,지수,,부산>서부산권,지수,2024년 5월,2024,5,2024-05-01
A_2024_00085,MM,202405,,,520012,서북권,100001,지수,96.8359585703767,지수,,서울>강북지역>서북권,지수,2024년 5월,2024,5,2024-05-01
A_2024_00085,MM,202405,,,500008,서울,100001,지수,97.0348545393938,지수,,서울,지수,2024년 5월,2024,5,2024-05-01
A_2024_00085,MM,202405,,,510014,서해안권,100001,지수,99.1980237494999,지수,,경기>서해안권,지수,2024년 5월,2024,5,2024-05-01
A_2024_00085,MM,202405,,,500016,세종,100001,지수,100.856864249009,지수,,세종,지수,2024년 5월,2024,5,2024-05-01
A_2024_00085,MM,202405,,,500002,수도권,100001,지수,98.4600888083377,지수,,수도권,지수,2024년 5월,2024,5,2024-05-01
A_2024_00085,MM,202405,,,500015,울산,100001,지수,100.716147393962,지수,,울산,지수,2024년 5월,2024,5,2024-05-01
A_2024_00085,MM,202405,,,500010,인천,100001,지수,101.222597961934,지수,,인천,지수,2024년 5월,2024,5,2024-05-01
A_2024_00085,MM,202405,,,500001,전국,100001,지수,99.1664520478977,지수,,전국,지수,2024년 5월,2024,5,2024-05-01
A_2024_00085,MM,202405,,,500021,전남,100001,지수,101.234413572821,지수,,전남광주>전남,지수,2024년 5월,2024,5,2024-05-01
A_2024_00085,MM,202405,,,500020,전북,100001,지수,101.796160311941,지수,,전북,지수,2024년 5월,2024,5,2024-05-01
A_2024_00085,MM,202405,,,500024,제주,100001,지수,103.092333765866,지수,,제주,지수,2024년 5월,2024,5,2024-05-01
A_2024_00085,MM,202405,,,510021,중부산권,100001,지수,99.807088443986,지수,,부산>중부산권,지수,2024년 5월,2024,5,2024-05-01
A_2024_00085,MM,202405,,,500003,지방권,100001,지수,101.044530562492,지수,,지방권,지수,2024년 5월,2024,5,2024-05-01
A_2024_00085,MM,202405,,,500019,충남,100001,지수,100.656186970647,지수,,충남,지수,2024년 5월,2024,5,2024-05-01
A_2024_00085,MM,202405,,,500018,충북,100001,지수,101.200833745224,지수,,충북,지수,2024년 5월,2024,5,2024-05-01
A_2024_00085,MM,202406,,,500005,5대광역시,100001,지수,100.958088230409,지수,,5대광역시,지수,2024년 6월,2024,6,2024-06-01
A_2024_00085,MM,202406,,,500004,6대광역시,100001,지수,101.085666189553,지수,,6대광역시,지수,2024년 6월,2024,6,2024-06-01
A_2024_00085,MM,202406,,,500007,8개도,100001,지수,101.037603476023,지수,,8개도,지수,2024년 6월,2024,6,2024-06-01
A_2024_00085,MM,202406,,,500006,9개도,100001,지수,99.7758993098984,지수,,9개도,지수,2024년 6월,2024,6,2024-06-01
A_2024_00085,MM,202406,,,510010,강남지역,100001,지수,96.667011179136,지수,,서울>강남지역,지수,2024년 6월,2024,6,2024-06-01
A_2024_00085,MM,202406,,,510009,강북지역,100001,지수,97.5479463838104,지수,,서울>강북지역,지수,2024년 6월,2024,6,2024-06-01
A_2024_00085,MM,202406,,,500017,강원,100001,지수,99.6829016179851,지수,,강원,지수,2024년 6월,2024,6,2024-06-01
A_2024_00085,MM,202406,,,500009,경기,100001,지수,99.1663257673535,지수,,경기,지수,2024년 6월,2024,6,2024-06-01
A_2024_00085,MM,202406,,,500023,경남,100001,지수,101.017620714911,지수,,경남,지수,2024년 6월,2024,6,2024-06-01
A_2024_00085,MM,202406,,,510012,경부1권,100001,지수,96.8173790008498,지수,,경기>경부1권,지수,2024년 6월,2024,6,2024-06-01
A_2024_00085,MM,202406,,,510013,경부2권,100001,지수,99.4654206460726,지수,,경기>경부2권,지수,2024년 6월,2024,6,2024-06-01
A_2024_00085,MM,202406,,,500022,경북,100001,지수,99.8462925669097,지수,,경북,지수,2024년 6월,2024,6,2024-06-01
A_2024_00085,MM,202406,,,510018,경원권,100001,지수,99.5819905067977,지수,,경기>경원권,지수,2024년 6월,2024,6,2024-06-01
A_2024_00085,MM,202406,,,510017,경의권,100001,지수,100.824298373721,지수,,경기>경의권,지수,2024년 6월,2024,6,2024-06-01
A_2024_00085,MM,202406,,,500013,광주,100001,지수,101.00664221782,지수,,전남광주>광주,지수,2024년 6월,2024,6,2024-06-01
A_2024_00085,MM,202406,,,500012,대구,100001,지수,102.743693758735,지수,,대구,지수,2024년 6월,2024,6,2024-06-01
A_2024_00085,MM,202406,,,500014,대전,100001,지수,100.533285586509,지수,,대전,지수,2024년 6월,2024,6,2024-06-01
A_2024_00085,MM,202406,,,520010,도심권,100001,지수,96.2633385001375,지수,,서울>강북지역>도심권,지수,2024년 6월,2024,6,2024-06-01
A_2024_00085,MM,202406,,,520015,동남권,100001,지수,95.4874726445899,지수,,서울>강남지역>동남권,지수,2024년 6월,2024,6,2024-06-01
A_2024_00085,MM,202406,,,510015,동부1권,100001,지수,98.9140492272744,지수,,경기>동부1권,지수,2024년 6월,2024,6,2024-06-01
A_2024_00085,MM,202406,,,510016,동부2권,100001,지수,100.595768849346,지수,,경기>동부2권,지수,2024년 6월,2024,6,2024-06-01
A_2024_00085,MM,202406,,,510022,동부산권,100001,지수,101.228111096306,지수,,부산>동부산권,지수,2024년 6월,2024,6,2024-06-01
A_2024_00085,MM,202406,,,520011,동북권,100001,지수,98.1729222427376,지수,,서울>강북지역>동북권,지수,2024년 6월,2024,6,2024-06-01
A_2024_00085,MM,202406,,,500011,부산,100001,지수,100.554023024044,지수,,부산,지수,2024년 6월,2024,6,2024-06-01
A_2024_00085,MM,202406,,,520014,서남권,100001,지수,97.421193250403,지수,,서울>강남지역>서남권,지수,2024년 6월,2024,6,2024-06-01
A_2024_00085,MM,202406,,,510023,서부산권,100001,지수,101.576787681451,지수,,부산>서부산권,지수,2024년 6월,2024,6,2024-06-01
A_2024_00085,MM,202406,,,520012,서북권,100001,지수,96.9421754318886,지수,,서울>강북지역>서북권,지수,2024년 6월,2024,6,2024-06-01
A_2024_00085,MM,202406,,,500008,서울,100001,지수,97.0928096448086,지수,,서울,지수,2024년 6월,2024,6,2024-06-01
A_2024_00085,MM,202406,,,510014,서해안권,100001,지수,99.2283276938528,지수,,경기>서해안권,지수,2024년 6월,2024,6,2024-06-01
A_2024_00085,MM,202406,,,500016,세종,100001,지수,100.816567124362,지수,,세종,지수,2024년 6월,2024,6,2024-06-01
A_2024_00085,MM,202406,,,500002,수도권,100001,지수,98.4816989851905,지수,,수도권,지수,2024년 6월,2024,6,2024-06-01
A_2024_00085,MM,202406,,,500015,울산,100001,지수,100.634963844906,지수,,울산,지수,2024년 6월,2024,6,2024-06-01
A_2024_00085,MM,202406,,,500010,인천,100001,지수,101.259969304927,지수,,인천,지수,2024년 6월,2024,6,2024-06-01
A_2024_00085,MM,202406,,,500001,전국,100001,지수,99.1699382942657,지수,,전국,지수,2024년 6월,2024,6,2024-06-01
A_2024_00085,MM,202406,,,500021,전남,100001,지수,101.253619134596,지수,,전남광주>전남,지수,2024년 6월,2024,6,2024-06-01
A_2024_00085,MM,202406,,,500020,전북,100001,지수,101.720206201293,지수,,전북,지수,2024년 6월,2024,6,2024-06-01
A_2024_00085,MM,202406,,,500024,제주,100001,지수,102.983127561825,지수,,제주,지수,2024년 6월,2024,6,2024-06-01
A_2024_00085,MM,202406,,,510021,중부산권,100001,지수,99.8237099806522,지수,,부산>중부산권,지수,2024년 6월,2024,6,2024-06-01
A_2024_00085,MM,202406,,,500003,지방권,100001,지수,100.999415871556,지수,,지방권,지수,2024년 6월,2024,6,2024-06-01
A_2024_00085,MM,202406,,,500019,충남,100001,지수,100.585670529853,지수,,충남,지수,2024년 6월,2024,6,2024-06-01
A_2024_00085,MM,202406,,,500018,충북,100001,지수,101.218601429796,지수,,충북,지수,2024년 6월,2024,6,2024-06-01
A_2024_00085,MM,202407,,,500005,5대광역시,100001,지수,100.896198365827,지수,,5대광역시,지수,2024년 7월,2024,7,2024-07-01
A_2024_00085,MM,202407,,,500004,6대광역시,100001,지수,100.987171875132,지수,,6대광역시,지수,2024년 7월,2024,7,2024-07-01
A_2024_00085,MM,202407,,,500007,8개도,100001,지수,100.990703675553,지수,,8개도,지수,2024년 7월,2024,7,2024-07-01
A_2024_00085,MM,202407,,,500006,9개도,100001,지수,99.7826580450216,지수,,9개도,지수,2024년 7월,2024,7,2024-07-01
A_2024_00085,MM,202407,,,510010,강남지역,100001,지수,96.7775561947659,지수,,서울>강남지역,지수,2024년 7월,2024,7,2024-07-01
A_2024_00085,MM,202407,,,510009,강북지역,100001,지수,97.628207925243,지수,,서울>강북지역,지수,2024년 7월,2024,7,2024-07-01
A_2024_00085,MM,202407,,,500017,강원,100001,지수,99.6853713446692,지수,,강원,지수,2024년 7월,2024,7,2024-07-01
A_2024_00085,MM,202407,,,500009,경기,100001,지수,99.1988614002096,지수,,경기,지수,2024년 7월,2024,7,2024-07-01
A_2024_00085,MM,202407,,,500023,경남,100001,지수,100.963799033384,지수,,경남,지수,2024년 7월,2024,7,2024-07-01
A_2024_00085,MM,202407,,,510012,경부1권,100001,지수,97.052957219028,지수,,경기>경부1권,지수,2024년 7월,2024,7,2024-07-01
A_2024_00085,MM,202407,,,510013,경부2권,100001,지수,99.4049747150589,지수,,경기>경부2권,지수,2024년 7월,2024,7,2024-07-01
A_2024_00085,MM,202407,,,500022,경북,100001,지수,99.8341748218083,지수,,경북,지수,2024년 7월,2024,7,2024-07-01
A_2024_00085,MM,202407,,,510018,경원권,100001,지수,99.5239450543569,지수,,경기>경원권,지수,2024년 7월,2024,7,2024-07-01
A_2024_00085,MM,202407,,,510017,경의권,100001,지수,100.815421835839,지수,,경기>경의권,지수,2024년 7월,2024,7,2024-07-01
A_2024_00085,MM,202407,,,500013,광주,100001,지수,100.890731011793,지수,,전남광주>광주,지수,2024년 7월,2024,7,2024-07-01
A_2024_00085,MM,202407,,,500012,대구,100001,지수,102.600806461288,지수,,대구,지수,2024년 7월,2024,7,2024-07-01
A_2024_00085,MM,202407,,,500014,대전,100001,지수,100.522240457796,지수,,대전,지수,2024년 7월,2024,7,2024-07-01
A_2024_00085,MM,202407,,,520010,도심권,100001,지수,96.4017284652874,지수,,서울>강북지역>도심권,지수,2024년 7월,2024,7,2024-07-01
A_2024_00085,MM,202407,,,520015,동남권,100001,지수,95.593860361291,지수,,서울>강남지역>동남권,지수,2024년 7월,2024,7,2024-07-01
A_2024_00085,MM,202407,,,510015,동부1권,100001,지수,99.0009318477577,지수,,경기>동부1권,지수,2024년 7월,2024,7,2024-07-01
A_2024_00085,MM,202407,,,510016,동부2권,100001,지수,100.525507866231,지수,,경기>동부2권,지수,2024년 7월,2024,7,2024-07-01
A_2024_00085,MM,202407,,,510022,동부산권,100001,지수,101.100924340151,지수,,부산>동부산권,지수,2024년 7월,2024,7,2024-07-01
A_2024_00085,MM,202407,,,520011,동북권,100001,지수,98.2515203900244,지수,,서울>강북지역>동북권,지수,2024년 7월,2024,7,2024-07-01
A_2024_00085,MM,202407,,,500011,부산,100001,지수,100.510101862083,지수,,부산,지수,2024년 7월,2024,7,2024-07-01
A_2024_00085,MM,202407,,,520014,서남권,100001,지수,97.5344252231776,지수,,서울>강남지역>서남권,지수,2024년 7월,2024,7,2024-07-01
A_2024_00085,MM,202407,,,510023,서부산권,100001,지수,101.53016343912,지수,,부산>서부산권,지수,2024년 7월,2024,7,2024-07-01
A_2024_00085,MM,202407,,,520012,서북권,100001,지수,97.005204254481,지수,,서울>강북지역>서북권,지수,2024년 7월,2024,7,2024-07-01
A_2024_00085,MM,202407,,,500008,서울,100001,지수,97.1887541708823,지수,,서울,지수,2024년 7월,2024,7,2024-07-01
A_2024_00085,MM,202407,,,510014,서해안권,100001,지수,99.2486565586109,지수,,경기>서해안권,지수,2024년 7월,2024,7,2024-07-01
A_2024_00085,MM,202407,,,500016,세종,100001,지수,100.692349961307,지수,,세종,지수,2024년 7월,2024,7,2024-07-01
A_2024_00085,MM,202407,,,500002,수도권,100001,지수,98.5203696711668,지수,,수도권,지수,2024년 7월,2024,7,2024-07-01
A_2024_00085,MM,202407,,,500015,울산,100001,지수,100.57722307031,지수,,울산,지수,2024년 7월,2024,7,2024-07-01
A_2024_00085,MM,202407,,,500010,인천,100001,지수,101.111373798945,지수,,인천,지수,2024년 7월,2024,7,2024-07-01
A_2024_00085,MM,202407,,,500001,전국,100001,지수,99.1833285169172,지수,,전국,지수,2024년 7월,2024,7,2024-07-01
A_2024_00085,MM,202407,,,500021,전남,100001,지수,101.156984631136,지수,,전남광주>전남,지수,2024년 7월,2024,7,2024-07-01
A_2024_00085,MM,202407,,,500020,전북,100001,지수,101.696848191205,지수,,전북,지수,2024년 7월,2024,7,2024-07-01
A_2024_00085,MM,202407,,,500024,제주,100001,지수,102.890216657024,지수,,제주,지수,2024년 7월,2024,7,2024-07-01
A_2024_00085,MM,202407,,,510021,중부산권,100001,지수,99.8254589922527,지수,,부산>중부산권,지수,2024년 7월,2024,7,2024-07-01
A_2024_00085,MM,202407,,,500003,지방권,100001,지수,100.945067196982,지수,,지방권,지수,2024년 7월,2024,7,2024-07-01
A_2024_00085,MM,202407,,,500019,충남,100001,지수,100.548105731158,지수,,충남,지수,2024년 7월,2024,7,2024-07-01
A_2024_00085,MM,202407,,,500018,충북,100001,지수,101.148917708272,지수,,충북,지수,2024년 7월,2024,7,2024-07-01
A_2024_00085,MM,202408,,,500005,5대광역시,100001,지수,100.859723022788,지수,,5대광역시,지수,2024년 8월,2024,8,2024-08-01
A_2024_00085,MM,202408,,,500004,6대광역시,100001,지수,100.950368706804,지수,,6대광역시,지수,2024년 8월,2024,8,2024-08-01
A_2024_00085,MM,202408,,,500007,8개도,100001,지수,100.946933457917,지수,,8개도,지수,2024년 8월,2024,8,2024-08-01
A_2024_00085,MM,202408,,,500006,9개도,100001,지수,99.7984621166676,지수,,9개도,지수,2024년 8월,2024,8,2024-08-01
A_2024_00085,MM,202408,,,510010,강남지역,100001,지수,96.9377401643837,지수,,서울>강남지역,지수,2024년 8월,2024,8,2024-08-01
A_2024_00085,MM,202408,,,510009,강북지역,100001,지수,97.7292908974789,지수,,서울>강북지역,지수,2024년 8월,2024,8,2024-08-01
A_2024_00085,MM,202408,,,500017,강원,100001,지수,99.8134178863616,지수,,강원,지수,2024년 8월,2024,8,2024-08-01
A_2024_00085,MM,202408,,,500009,경기,100001,지수,99.2433079746313,지수,,경기,지수,2024년 8월,2024,8,2024-08-01
A_2024_00085,MM,202408,,,500023,경남,100001,지수,100.860678722658,지수,,경남,지수,2024년 8월,2024,8,2024-08-01
A_2024_00085,MM,202408,,,510012,경부1권,100001,지수,97.102501605582,지수,,경기>경부1권,지수,2024년 8월,2024,8,2024-08-01
A_2024_00085,MM,202408,,,510013,경부2권,100001,지수,99.508371036411,지수,,경기>경부2권,지수,2024년 8월,2024,8,2024-08-01
A_2024_00085,MM,202408,,,500022,경북,100001,지수,99.8505882962949,지수,,경북,지수,2024년 8월,2024,8,2024-08-01
A_2024_00085,MM,202408,,,510018,경원권,100001,지수,99.5150799268376,지수,,경기>경원권,지수,2024년 8월,2024,8,2024-08-01
A_2024_00085,MM,202408,,,510017,경의권,100001,지수,100.755208242729,지수,,경기>경의권,지수,2024년 8월,2024,8,2024-08-01
A_2024_00085,MM,202408,,,500013,광주,100001,지수,100.710201112089,지수,,전남광주>광주,지수,2024년 8월,2024,8,2024-08-01
A_2024_00085,MM,202408,,,500012,대구,100001,지수,102.411597217132,지수,,대구,지수,2024년 8월,2024,8,2024-08-01
A_2024_00085,MM,202408,,,500014,대전,100001,지수,100.46960401186,지수,,대전,지수,2024년 8월,2024,8,2024-08-01
A_2024_00085,MM,202408,,,520010,도심권,100001,지수,96.586794234994,지수,,서울>강북지역>도심권,지수,2024년 8월,2024,8,2024-08-01
A_2024_00085,MM,202408,,,520015,동남권,100001,지수,95.7086272470983,지수,,서울>강남지역>동남권,지수,2024년 8월,2024,8,2024-08-01
A_2024_00085,MM,202408,,,510015,동부1권,100001,지수,99.2094160111532,지수,,경기>동부1권,지수,2024년 8월,2024,8,2024-08-01
A_2024_00085,MM,202408,,,510016,동부2권,100001,지수,100.55286672464,지수,,경기>동부2권,지수,2024년 8월,2024,8,2024-08-01
A_2024_00085,MM,202408,,,510022,동부산권,100001,지수,100.949081389876,지수,,부산>동부산권,지수,2024년 8월,2024,8,2024-08-01
A_2024_00085,MM,202408,,,520011,동북권,100001,지수,98.3384125580621,지수,,서울>강북지역>동북권,지수,2024년 8월,2024,8,2024-08-01
A_2024_00085,MM,202408,,,500011,부산,100001,지수,100.533996394264,지수,,부산,지수,2024년 8월,2024,8,2024-08-01
A_2024_00085,MM,202408,,,520014,서남권,100001,지수,97.7241056805385,지수,,서울>강남지역>서남권,지수,2024년 8월,2024,8,2024-08-01
A_2024_00085,MM,202408,,,510023,서부산권,100001,지수,101.501205627056,지수,,부산>서부산권,지수,2024년 8월,2024,8,2024-08-01
A_2024_00085,MM,202408,,,520012,서북권,100001,지수,97.1009570900565,지수,,서울>강북지역>서북권,지수,2024년 8월,2024,8,2024-08-01
A_2024_00085,MM,202408,,,500008,서울,100001,지수,97.3204362716395,지수,,서울,지수,2024년 8월,2024,8,2024-08-01
A_2024_00085,MM,202408,,,510014,서해안권,100001,지수,99.2474818890679,지수,,경기>서해안권,지수,2024년 8월,2024,8,2024-08-01
A_2024_00085,MM,202408,,,500016,세종,100001,지수,100.522586064986,지수,,세종,지수,2024년 8월,2024,8,2024-08-01
A_2024_00085,MM,202408,,,500002,수도권,100001,지수,98.5948377938861,지수,,수도권,지수,2024년 8월,2024,8,2024-08-01
A_2024_00085,MM,202408,,,500015,울산,100001,지수,100.562822716783,지수,,울산,지수,2024년 8월,2024,8,2024-08-01
A_2024_00085,MM,202408,,,500010,인천,100001,지수,101.074122216283,지수,,인천,지수,2024년 8월,2024,8,2024-08-01
A_2024_00085,MM,202408,,,500001,전국,100001,지수,99.2264216552105,지수,,전국,지수,2024년 8월,2024,8,2024-08-01
A_2024_00085,MM,202408,,,500021,전남,100001,지수,101.082320673926,지수,,전남광주>전남,지수,2024년 8월,2024,8,2024-08-01
A_2024_00085,MM,202408,,,500020,전북,100001,지수,101.804395664041,지수,,전북,지수,2024년 8월,2024,8,2024-08-01
A_2024_00085,MM,202408,,,500024,제주,100001,지수,102.753267971942,지수,,제주,지수,2024년 8월,2024,8,2024-08-01
A_2024_00085,MM,202408,,,510021,중부산권,100001,지수,99.9627177063953,지수,,부산>중부산권,지수,2024년 8월,2024,8,2024-08-01
A_2024_00085,MM,202408,,,500003,지방권,100001,지수,100.904175971941,지수,,지방권,지수,2024년 8월,2024,8,2024-08-01
A_2024_00085,MM,202408,,,500019,충남,100001,지수,100.471899303961,지수,,충남,지수,2024년 8월,2024,8,2024-08-01
A_2024_00085,MM,202408,,,500018,충북,100001,지수,101.038495867607,지수,,충북,지수,2024년 8월,2024,8,2024-08-01
A_2024_00085,MM,202409,,,500005,5대광역시,100001,지수,100.776026197787,지수,,5대광역시,지수,2024년 9월,2024,9,2024-09-01
A_2024_00085,MM,202409,,,500004,6대광역시,100001,지수,100.886657502269,지수,,6대광역시,지수,2024년 9월,2024,9,2024-09-01
A_2024_00085,MM,202409,,,500007,8개도,100001,지수,100.901977016663,지수,,8개도,지수,2024년 9월,2024,9,2024-09-01
A_2024_00085,MM,202409,,,500006,9개도,100001,지수,99.8369427255815,지수,,9개도,지수,2024년 9월,2024,9,2024-09-01
A_2024_00085,MM,202409,,,510010,강남지역,100001,지수,97.1260780449824,지수,,서울>강남지역,지수,2024년 9월,2024,9,2024-09-01
A_2024_00085,MM,202409,,,510009,강북지역,100001,지수,97.8502053595098,지수,,서울>강북지역,지수,2024년 9월,2024,9,2024-09-01
A_2024_00085,MM,202409,,,500017,강원,100001,지수,99.8767725891571,지수,,강원,지수,2024년 9월,2024,9,2024-09-01
A_2024_00085,MM,202409,,,500009,경기,100001,지수,99.3219462378022,지수,,경기,지수,2024년 9월,2024,9,2024-09-01
A_2024_00085,MM,202409,,,500023,경남,100001,지수,100.848264410317,지수,,경남,지수,2024년 9월,2024,9,2024-09-01
A_2024_00085,MM,202409,,,510012,경부1권,100001,지수,97.3064012935257,지수,,경기>경부1권,지수,2024년 9월,2024,9,2024-09-01
A_2024_00085,MM,202409,,,510013,경부2권,100001,지수,99.5562175872273,지수,,경기>경부2권,지수,2024년 9월,2024,9,2024-09-01
A_2024_00085,MM,202409,,,500022,경북,100001,지수,99.8617609926253,지수,,경북,지수,2024년 9월,2024,9,2024-09-01
A_2024_00085,MM,202409,,,510018,경원권,100001,지수,99.5014927078731,지수,,경기>경원권,지수,2024년 9월,2024,9,2024-09-01
A_2024_00085,MM,202409,,,510017,경의권,100001,지수,100.897556257146,지수,,경기>경의권,지수,2024년 9월,2024,9,2024-09-01
A_2024_00085,MM,202409,,,500013,광주,100001,지수,100.606368092682,지수,,전남광주>광주,지수,2024년 9월,2024,9,2024-09-01
A_2024_00085,MM,202409,,,500012,대구,100001,지수,102.105957482801,지수,,대구,지수,2024년 9월,2024,9,2024-09-01
A_2024_00085,MM,202409,,,500014,대전,100001,지수,100.456849653462,지수,,대전,지수,2024년 9월,2024,9,2024-09-01
A_2024_00085,MM,202409,,,520010,도심권,100001,지수,96.7867631028445,지수,,서울>강북지역>도심권,지수,2024년 9월,2024,9,2024-09-01
A_2024_00085,MM,202409,,,520015,동남권,100001,지수,95.916885267173,지수,,서울>강남지역>동남권,지수,2024년 9월,2024,9,2024-09-01
A_2024_00085,MM,202409,,,510015,동부1권,100001,지수,99.3026298784948,지수,,경기>동부1권,지수,2024년 9월,2024,9,2024-09-01
A_2024_00085,MM,202409,,,510016,동부2권,100001,지수,100.538470855605,지수,,경기>동부2권,지수,2024년 9월,2024,9,2024-09-01
A_2024_00085,MM,202409,,,510022,동부산권,100001,지수,100.869645904668,지수,,부산>동부산권,지수,2024년 9월,2024,9,2024-09-01
A_2024_00085,MM,202409,,,520011,동북권,100001,지수,98.4222616270741,지수,,서울>강북지역>동북권,지수,2024년 9월,2024,9,2024-09-01
A_2024_00085,MM,202409,,,500011,부산,100001,지수,100.502844124768,지수,,부산,지수,2024년 9월,2024,9,2024-09-01
A_2024_00085,MM,202409,,,520014,서남권,100001,지수,97.8994704329961,지수,,서울>강남지역>서남권,지수,2024년 9월,2024,9,2024-09-01
A_2024_00085,MM,202409,,,510023,서부산권,100001,지수,101.46621367349,지수,,부산>서부산권,지수,2024년 9월,2024,9,2024-09-01
A_2024_00085,MM,202409,,,520012,서북권,100001,지수,97.2561976429198,지수,,서울>강북지역>서북권,지수,2024년 9월,2024,9,2024-09-01
A_2024_00085,MM,202409,,,500008,서울,100001,지수,97.4762474423964,지수,,서울,지수,2024년 9월,2024,9,2024-09-01
A_2024_00085,MM,202409,,,510014,서해안권,100001,지수,99.3001794755952,지수,,경기>서해안권,지수,2024년 9월,2024,9,2024-09-01
A_2024_00085,MM,202409,,,500016,세종,100001,지수,100.478131999728,지수,,세종,지수,2024년 9월,2024,9,2024-09-01
A_2024_00085,MM,202409,,,500002,수도권,100001,지수,98.6944741815782,지수,,수도권,지수,2024년 9월,2024,9,2024-09-01
A_2024_00085,MM,202409,,,500015,울산,100001,지수,100.486029565903,지수,,울산,지수,2024년 9월,2024,9,2024-09-01
A_2024_00085,MM,202409,,,500010,인천,100001,지수,101.037760600271,지수,,인천,지수,2024년 9월,2024,9,2024-09-01
A_2024_00085,MM,202409,,,500001,전국,100001,지수,99.281698507267,지수,,전국,지수,2024년 9월,2024,9,2024-09-01
A_2024_00085,MM,202409,,,500021,전남,100001,지수,101.032940799167,지수,,전남광주>전남,지수,2024년 9월,2024,9,2024-09-01
A_2024_00085,MM,202409,,,500020,전북,100001,지수,101.671089197699,지수,,전북,지수,2024년 9월,2024,9,2024-09-01
A_2024_00085,MM,202409,,,500024,제주,100001,지수,102.636713471197,지수,,제주,지수,2024년 9월,2024,9,2024-09-01
A_2024_00085,MM,202409,,,510021,중부산권,100001,지수,99.958959641563,지수,,부산>중부산권,지수,2024년 9월,2024,9,2024-09-01
A_2024_00085,MM,202409,,,500003,지방권,100001,지수,100.840879543832,지수,,지방권,지수,2024년 9월,2024,9,2024-09-01
A_2024_00085,MM,202409,,,500019,충남,100001,지수,100.528018272643,지수,,충남,지수,2024년 9월,2024,9,2024-09-01
A_2024_00085,MM,202409,,,500018,충북,100001,지수,100.749898896862,지수,,충북,지수,2024년 9월,2024,9,2024-09-01
A_2024_00085,MM,202410,,,500005,5대광역시,100001,지수,100.688896060322,지수,,5대광역시,지수,2024년 10월,2024,10,2024-10-01
A_2024_00085,MM,202410,,,500004,6대광역시,100001,지수,100.781094829792,지수,,6대광역시,지수,2024년 10월,2024,10,2024-10-01
A_2024_00085,MM,202410,,,500007,8개도,100001,지수,100.818930538622,지수,,8개도,지수,2024년 10월,2024,10,2024-10-01
A_2024_00085,MM,202410,,,500006,9개도,100001,지수,99.8914159506532,지수,,9개도,지수,2024년 10월,2024,10,2024-10-01
A_2024_00085,MM,202410,,,510010,강남지역,100001,지수,97.2597093136989,지수,,서울>강남지역,지수,2024년 10월,2024,10,2024-10-01
A_2024_00085,MM,202410,,,510009,강북지역,100001,지수,97.9626244944936,지수,,서울>강북지역,지수,2024년 10월,2024,10,2024-10-01
A_2024_00085,MM,202410,,,500017,강원,100001,지수,99.9802911317791,지수,,강원,지수,2024년 10월,2024,10,2024-10-01
A_2024_00085,MM,202410,,,500009,경기,100001,지수,99.4427158899328,지수,,경기,지수,2024년 10월,2024,10,2024-10-01
A_2024_00085,MM,202410,,,500023,경남,100001,지수,100.830928616107,지수,,경남,지수,2024년 10월,2024,10,2024-10-01
A_2024_00085,MM,202410,,,510012,경부1권,100001,지수,97.5834080054541,지수,,경기>경부1권,지수,2024년 10월,2024,10,2024-10-01
A_2024_00085,MM,202410,,,510013,경부2권,100001,지수,99.6134655423414,지수,,경기>경부2권,지수,2024년 10월,2024,10,2024-10-01
A_2024_00085,MM,202410,,,500022,경북,100001,지수,99.6640929559873,지수,,경북,지수,2024년 10월,2024,10,2024-10-01
A_2024_00085,MM,202410,,,510018,경원권,100001,지수,99.4429142994474,지수,,경기>경원권,지수,2024년 10월,2024,10,2024-10-01
A_2024_00085,MM,202410,,,510017,경의권,100001,지수,100.80226995216,지수,,경기>경의권,지수,2024년 10월,2024,10,2024-10-01
A_2024_00085,MM,202410,,,500013,광주,100001,지수,100.518935341731,지수,,전남광주>광주,지수,2024년 10월,2024,10,2024-10-01
A_2024_00085,MM,202410,,,500012,대구,100001,지수,101.820679067206,지수,,대구,지수,2024년 10월,2024,10,2024-10-01
A_2024_00085,MM,202410,,,500014,대전,100001,지수,100.488370125704,지수,,대전,지수,2024년 10월,2024,10,2024-10-01
A_2024_00085,MM,202410,,,520010,도심권,100001,지수,96.9178695904343,지수,,서울>강북지역>도심권,지수,2024년 10월,2024,10,2024-10-01
A_2024_00085,MM,202410,,,520015,동남권,100001,지수,96.0928312883038,지수,,서울>강남지역>동남권,지수,2024년 10월,2024,10,2024-10-01
A_2024_00085,MM,202410,,,510015,동부1권,100001,지수,99.4532200086228,지수,,경기>동부1권,지수,2024년 10월,2024,10,2024-10-01
A_2024_00085,MM,202410,,,510016,동부2권,100001,지수,100.603601563885,지수,,경기>동부2권,지수,2024년 10월,2024,10,2024-10-01
A_2024_00085,MM,202410,,,510022,동부산권,100001,지수,100.887696284261,지수,,부산>동부산권,지수,2024년 10월,2024,10,2024-10-01
A_2024_00085,MM,202410,,,520011,동북권,100001,지수,98.4891357673932,지수,,서울>강북지역>동북권,지수,2024년 10월,2024,10,2024-10-01
A_2024_00085,MM,202410,,,500011,부산,100001,지수,100.452611964063,지수,,부산,지수,2024년 10월,2024,10,2024-10-01
A_2024_00085,MM,202410,,,520014,서남권,100001,지수,98.0055946873566,지수,,서울>강남지역>서남권,지수,2024년 10월,2024,10,2024-10-01
A_2024_00085,MM,202410,,,510023,서부산권,100001,지수,101.409507529699,지수,,부산>서부산권,지수,2024년 10월,2024,10,2024-10-01
A_2024_00085,MM,202410,,,520012,서북권,100001,지수,97.4377986226162,지수,,서울>강북지역>서북권,지수,2024년 10월,2024,10,2024-10-01
A_2024_00085,MM,202410,,,500008,서울,100001,지수,97.599643509802,지수,,서울,지수,2024년 10월,2024,10,2024-10-01
A_2024_00085,MM,202410,,,510014,서해안권,100001,지수,99.4832714622563,지수,,경기>서해안권,지수,2024년 10월,2024,10,2024-10-01
A_2024_00085,MM,202410,,,500016,세종,100001,지수,100.442985139565,지수,,세종,지수,2024년 10월,2024,10,2024-10-01
A_2024_00085,MM,202410,,,500002,수도권,100001,지수,98.7838534100609,지수,,수도권,지수,2024년 10월,2024,10,2024-10-01
A_2024_00085,MM,202410,,,500015,울산,100001,지수,100.382060102966,지수,,울산,지수,2024년 10월,2024,10,2024-10-01
A_2024_00085,MM,202410,,,500010,인천,100001,지수,100.906973651372,지수,,인천,지수,2024년 10월,2024,10,2024-10-01
A_2024_00085,MM,202410,,,500001,전국,100001,지수,99.3236074087121,지수,,전국,지수,2024년 10월,2024,10,2024-10-01
A_2024_00085,MM,202410,,,500021,전남,100001,지수,100.986602534218,지수,,전남광주>전남,지수,2024년 10월,2024,10,2024-10-01
A_2024_00085,MM,202410,,,500020,전북,100001,지수,101.539169810595,지수,,전북,지수,2024년 10월,2024,10,2024-10-01
A_2024_00085,MM,202410,,,500024,제주,100001,지수,102.509436735465,지수,,제주,지수,2024년 10월,2024,10,2024-10-01
A_2024_00085,MM,202410,,,510021,중부산권,100001,지수,99.8742354858417,지수,,부산>중부산권,지수,2024년 10월,2024,10,2024-10-01
A_2024_00085,MM,202410,,,500003,지방권,100001,지수,100.756117408994,지수,,지방권,지수,2024년 10월,2024,10,2024-10-01
A_2024_00085,MM,202410,,,500019,충남,100001,지수,100.394342444038,지수,,충남,지수,2024년 10월,2024,10,2024-10-01
A_2024_00085,MM,202410,,,500018,충북,100001,지수,100.805692457641,지수,,충북,지수,2024년 10월,2024,10,2024-10-01
A_2024_00085,MM,202411,,,500005,5대광역시,100001,지수,100.606241173452,지수,,5대광역시,지수,2024년 11월,2024,11,2024-11-01
A_2024_00085,MM,202411,,,500004,6대광역시,100001,지수,100.702349206242,지수,,6대광역시,지수,2024년 11월,2024,11,2024-11-01
A_2024_00085,MM,202411,,,500007,8개도,100001,지수,100.766092428186,지수,,8개도,지수,2024년 11월,2024,11,2024-11-01
A_2024_00085,MM,202411,,,500006,9개도,100001,지수,99.9232059233451,지수,,9개도,지수,2024년 11월,2024,11,2024-11-01
A_2024_00085,MM,202411,,,510010,강남지역,100001,지수,97.2908266672486,지수,,서울>강남지역,지수,2024년 11월,2024,11,2024-11-01
A_2024_00085,MM,202411,,,510009,강북지역,100001,지수,98.0578968888479,지수,,서울>강북지역,지수,2024년 11월,2024,11,2024-11-01
A_2024_00085,MM,202411,,,500017,강원,100001,지수,99.9989291786345,지수,,강원,지수,2024년 11월,2024,11,2024-11-01
A_2024_00085,MM,202411,,,500009,경기,100001,지수,99.5153714369963,지수,,경기,지수,2024년 11월,2024,11,2024-11-01
A_2024_00085,MM,202411,,,500023,경남,100001,지수,100.822589279384,지수,,경남,지수,2024년 11월,2024,11,2024-11-01
A_2024_00085,MM,202411,,,510012,경부1권,100001,지수,97.7576216670265,지수,,경기>경부1권,지수,2024년 11월,2024,11,2024-11-01
A_2024_00085,MM,202411,,,510013,경부2권,100001,지수,99.5867882665761,지수,,경기>경부2권,지수,2024년 11월,2024,11,2024-11-01
A_2024_00085,MM,202411,,,500022,경북,100001,지수,99.6508824637125,지수,,경북,지수,2024년 11월,2024,11,2024-11-01
A_2024_00085,MM,202411,,,510018,경원권,100001,지수,99.4915616111339,지수,,경기>경원권,지수,2024년 11월,2024,11,2024-11-01
A_2024_00085,MM,202411,,,510017,경의권,100001,지수,100.80474677705,지수,,경기>경의권,지수,2024년 11월,2024,11,2024-11-01
A_2024_00085,MM,202411,,,500013,광주,100001,지수,100.442588375161,지수,,전남광주>광주,지수,2024년 11월,2024,11,2024-11-01
A_2024_00085,MM,202411,,,500012,대구,100001,지수,101.761690004543,지수,,대구,지수,2024년 11월,2024,11,2024-11-01
A_2024_00085,MM,202411,,,500014,대전,100001,지수,100.438502618368,지수,,대전,지수,2024년 11월,2024,11,2024-11-01
A_2024_00085,MM,202411,,,520010,도심권,100001,지수,97.031818734083,지수,,서울>강북지역>도심권,지수,2024년 11월,2024,11,2024-11-01
A_2024_00085,MM,202411,,,520015,동남권,100001,지수,96.1195537046501,지수,,서울>강남지역>동남권,지수,2024년 11월,2024,11,2024-11-01
A_2024_00085,MM,202411,,,510015,동부1권,100001,지수,99.5072018088815,지수,,경기>동부1권,지수,2024년 11월,2024,11,2024-11-01
A_2024_00085,MM,202411,,,510016,동부2권,100001,지수,100.557487721527,지수,,경기>동부2권,지수,2024년 11월,2024,11,2024-11-01
A_2024_00085,MM,202411,,,510022,동부산권,100001,지수,100.670522681467,지수,,부산>동부산권,지수,2024년 11월,2024,11,2024-11-01
A_2024_00085,MM,202411,,,520011,동북권,100001,지수,98.5625228148193,지수,,서울>강북지역>동북권,지수,2024년 11월,2024,11,2024-11-01
A_2024_00085,MM,202411,,,500011,부산,100001,지수,100.350639231761,지수,,부산,지수,2024년 11월,2024,11,2024-11-01
A_2024_00085,MM,202411,,,520014,서남권,100001,지수,98.0395624730268,지수,,서울>강남지역>서남권,지수,2024년 11월,2024,11,2024-11-01
A_2024_00085,MM,202411,,,510023,서부산권,100001,지수,101.362270439977,지수,,부산>서부산권,지수,2024년 11월,2024,11,2024-11-01
A_2024_00085,MM,202411,,,520012,서북권,100001,지수,97.5630122980505,지수,,서울>강북지역>서북권,지수,2024년 11월,2024,11,2024-11-01
A_2024_00085,MM,202411,,,500008,서울,100001,지수,97.6617166144625,지수,,서울,지수,2024년 11월,2024,11,2024-11-01
A_2024_00085,MM,202411,,,510014,서해안권,100001,지수,99.6060019902434,지수,,경기>서해안권,지수,2024년 11월,2024,11,2024-11-01
A_2024_00085,MM,202411,,,500016,세종,100001,지수,100.342251590736,지수,,세종,지수,2024년 11월,2024,11,2024-11-01
A_2024_00085,MM,202411,,,500002,수도권,100001,지수,98.8326265355202,지수,,수도권,지수,2024년 11월,2024,11,2024-11-01
A_2024_00085,MM,202411,,,500015,울산,100001,지수,100.326460502361,지수,,울산,지수,2024년 11월,2024,11,2024-11-01
A_2024_00085,MM,202411,,,500010,인천,100001,지수,100.83357709463,지수,,인천,지수,2024년 11월,2024,11,2024-11-01
A_2024_00085,MM,202411,,,500001,전국,100001,지수,99.3407392687419,지수,,전국,지수,2024년 11월,2024,11,2024-11-01
A_2024_00085,MM,202411,,,500021,전남,100001,지수,100.949152881259,지수,,전남광주>전남,지수,2024년 11월,2024,11,2024-11-01
A_2024_00085,MM,202411,,,500020,전북,100001,지수,101.460470544122,지수,,전북,지수,2024년 11월,2024,11,2024-11-01
A_2024_00085,MM,202411,,,500024,제주,100001,지수,102.335745941464,지수,,제주,지수,2024년 11월,2024,11,2024-11-01
A_2024_00085,MM,202411,,,510021,중부산권,100001,지수,99.8148709840822,지수,,부산>중부산권,지수,2024년 11월,2024,11,2024-11-01
A_2024_00085,MM,202411,,,500003,지방권,100001,지수,100.68894072842,지수,,지방권,지수,2024년 11월,2024,11,2024-11-01
A_2024_00085,MM,202411,,,500019,충남,100001,지수,100.345850167812,지수,,충남,지수,2024년 11월,2024,11,2024-11-01
A_2024_00085,MM,202411,,,500018,충북,100001,지수,100.747224287693,지수,,충북,지수,2024년 11월,2024,11,2024-11-01
A_2024_00085,MM,202412,,,500005,5대광역시,100001,지수,100.507887637369,지수,,5대광역시,지수,2024년 12월,2024,12,2024-12-01
A_2024_00085,MM,202412,,,500004,6대광역시,100001,지수,100.615533445743,지수,,6대광역시,지수,2024년 12월,2024,12,2024-12-01
A_2024_00085,MM,202412,,,500007,8개도,100001,지수,100.681182945169,지수,,8개도,지수,2024년 12월,2024,12,2024-12-01
A_2024_00085,MM,202412,,,500006,9개도,100001,지수,99.8869643438192,지수,,9개도,지수,2024년 12월,2024,12,2024-12-01
A_2024_00085,MM,202412,,,510010,강남지역,100001,지수,97.2900461143686,지수,,서울>강남지역,지수,2024년 12월,2024,12,2024-12-01
A_2024_00085,MM,202412,,,510009,강북지역,100001,지수,98.0955044073551,지수,,서울>강북지역,지수,2024년 12월,2024,12,2024-12-01
A_2024_00085,MM,202412,,,500017,강원,100001,지수,99.9573116554607,지수,,강원,지수,2024년 12월,2024,12,2024-12-01
A_2024_00085,MM,202412,,,500009,경기,100001,지수,99.5026542821189,지수,,경기,지수,2024년 12월,2024,12,2024-12-01
A_2024_00085,MM,202412,,,500023,경남,100001,지수,100.814496918998,지수,,경남,지수,2024년 12월,2024,12,2024-12-01
A_2024_00085,MM,202412,,,510012,경부1권,100001,지수,97.8092344835913,지수,,경기>경부1권,지수,2024년 12월,2024,12,2024-12-01
A_2024_00085,MM,202412,,,510013,경부2권,100001,지수,99.4841220585647,지수,,경기>경부2권,지수,2024년 12월,2024,12,2024-12-01
A_2024_00085,MM,202412,,,500022,경북,100001,지수,99.6980493495029,지수,,경북,지수,2024년 12월,2024,12,2024-12-01
A_2024_00085,MM,202412,,,510018,경원권,100001,지수,99.4154062720665,지수,,경기>경원권,지수,2024년 12월,2024,12,2024-12-01
A_2024_00085,MM,202412,,,510017,경의권,100001,지수,100.832914792619,지수,,경기>경의권,지수,2024년 12월,2024,12,2024-12-01
A_2024_00085,MM,202412,,,500013,광주,100001,지수,100.375197970862,지수,,전남광주>광주,지수,2024년 12월,2024,12,2024-12-01
A_2024_00085,MM,202412,,,500012,대구,100001,지수,101.480814733568,지수,,대구,지수,2024년 12월,2024,12,2024-12-01
A_2024_00085,MM,202412,,,500014,대전,100001,지수,100.399504289882,지수,,대전,지수,2024년 12월,2024,12,2024-12-01
A_2024_00085,MM,202412,,,520010,도심권,100001,지수,97.1034056641201,지수,,서울>강북지역>도심권,지수,2024년 12월,2024,12,2024-12-01
A_2024_00085,MM,202412,,,520015,동남권,100001,지수,96.0651020309124,지수,,서울>강남지역>동남권,지수,2024년 12월,2024,12,2024-12-01
A_2024_00085,MM,202412,,,510015,동부1권,100001,지수,99.3590904595226,지수,,경기>동부1권,지수,2024년 12월,2024,12,2024-12-01
A_2024_00085,MM,202412,,,510016,동부2권,100001,지수,100.498952143218,지수,,경기>동부2권,지수,2024년 12월,2024,12,2024-12-01
A_2024_00085,MM,202412,,,510022,동부산권,100001,지수,100.576301930219,지수,,부산>동부산권,지수,2024년 12월,2024,12,2024-12-01
A_2024_00085,MM,202412,,,520011,동북권,100001,지수,98.5945647597091,지수,,서울>강북지역>동북권,지수,2024년 12월,2024,12,2024-12-01
A_2024_00085,MM,202412,,,500011,부산,100001,지수,100.297574914209,지수,,부산,지수,2024년 12월,2024,12,2024-12-01
A_2024_00085,MM,202412,,,520014,서남권,100001,지수,98.0736553457348,지수,,서울>강남지역>서남권,지수,2024년 12월,2024,12,2024-12-01
A_2024_00085,MM,202412,,,510023,서부산권,100001,지수,101.287640119142,지수,,부산>서부산권,지수,2024년 12월,2024,12,2024-12-01
A_2024_00085,MM,202412,,,520012,서북권,100001,지수,97.5982021374832,지수,,서울>강북지역>서북권,지수,2024년 12월,2024,12,2024-12-01
A_2024_00085,MM,202412,,,500008,서울,100001,지수,97.6794537335842,지수,,서울,지수,2024년 12월,2024,12,2024-12-01
A_2024_00085,MM,202412,,,510014,서해안권,100001,지수,99.6643545506519,지수,,경기>서해안권,지수,2024년 12월,2024,12,2024-12-01
A_2024_00085,MM,202412,,,500016,세종,100001,지수,100.291217560383,지수,,세종,지수,2024년 12월,2024,12,2024-12-01
A_2024_00085,MM,202412,,,500002,수도권,100001,지수,98.8264724012619,지수,,수도권,지수,2024년 12월,2024,12,2024-12-01
A_2024_00085,MM,202412,,,500015,울산,100001,지수,100.191686400326,지수,,울산,지수,2024년 12월,2024,12,2024-12-01
A_2024_00085,MM,202412,,,500010,인천,100001,지수,100.76255106181,지수,,인천,지수,2024년 12월,2024,12,2024-12-01
A_2024_00085,MM,202412,,,500001,전국,100001,지수,99.3113808291754,지수,,전국,지수,2024년 12월,2024,12,2024-12-01
A_2024_00085,MM,202412,,,500021,전남,100001,지수,100.887177840519,지수,,전남광주>전남,지수,2024년 12월,2024,12,2024-12-01
A_2024_00085,MM,202412,,,500020,전북,100001,지수,101.287020798576,지수,,전북,지수,2024년 12월,2024,12,2024-12-01
A_2024_00085,MM,202412,,,500024,제주,100001,지수,102.059543921796,지수,,제주,지수,2024년 12월,2024,12,2024-12-01
A_2024_00085,MM,202412,,,510021,중부산권,100001,지수,99.7917034417692,지수,,부산>중부산권,지수,2024년 12월,2024,12,2024-12-01
A_2024_00085,MM,202412,,,500003,지방권,100001,지수,100.597818029512,지수,,지방권,지수,2024년 12월,2024,12,2024-12-01
A_2024_00085,MM,202412,,,500019,충남,100001,지수,100.268713013178,지수,,충남,지수,2024년 12월,2024,12,2024-12-01
A_2024_00085,MM,202412,,,500018,충북,100001,지수,100.600691165297,지수,,충북,지수,2024년 12월,2024,12,2024-12-01
A_2024_00085,MM,202501,,,500005,5대광역시,100001,지수,100.452803568626,지수,,5대광역시,지수,2025년 1월,2025,1,2025-01-01
A_2024_00085,MM,202501,,,500004,6대광역시,100001,지수,100.52357023348,지수,,6대광역시,지수,2025년 1월,2025,1,2025-01-01
A_2024_00085,MM,202501,,,500007,8개도,100001,지수,100.634026433382,지수,,8개도,지수,2025년 1월,2025,1,2025-01-01
A_2024_00085,MM,202501,,,500006,9개도,100001,지수,99.8761951128415,지수,,9개도,지수,2025년 1월,2025,1,2025-01-01
A_2024_00085,MM,202501,,,510010,강남지역,100001,지수,97.2883177561291,지수,,서울>강남지역,지수,2025년 1월,2025,1,2025-01-01
A_2024_00085,MM,202501,,,510009,강북지역,100001,지수,98.1104788490217,지수,,서울>강북지역,지수,2025년 1월,2025,1,2025-01-01
A_2024_00085,MM,202501,,,500017,강원,100001,지수,99.9332715639428,지수,,강원,지수,2025년 1월,2025,1,2025-01-01
A_2024_00085,MM,202501,,,500009,경기,100001,지수,99.5094843595717,지수,,경기,지수,2025년 1월,2025,1,2025-01-01
A_2024_00085,MM,202501,,,500023,경남,100001,지수,100.765549393073,지수,,경남,지수,2025년 1월,2025,1,2025-01-01
A_2024_00085,MM,202501,,,510012,경부1권,100001,지수,97.9766285243595,지수,,경기>경부1권,지수,2025년 1월,2025,1,2025-01-01
A_2024_00085,MM,202501,,,510013,경부2권,100001,지수,99.4538866333984,지수,,경기>경부2권,지수,2025년 1월,2025,1,2025-01-01
A_2024_00085,MM,202501,,,500022,경북,100001,지수,99.7335316094,지수,,경북,지수,2025년 1월,2025,1,2025-01-01
A_2024_00085,MM,202501,,,510018,경원권,100001,지수,99.3976438028227,지수,,경기>경원권,지수,2025년 1월,2025,1,2025-01-01
A_2024_00085,MM,202501,,,510017,경의권,100001,지수,100.891115127837,지수,,경기>경의권,지수,2025년 1월,2025,1,2025-01-01
A_2024_00085,MM,202501,,,500013,광주,100001,지수,100.368057292785,지수,,전남광주>광주,지수,2025년 1월,2025,1,2025-01-01
A_2024_00085,MM,202501,,,500012,대구,100001,지수,101.293294952819,지수,,대구,지수,2025년 1월,2025,1,2025-01-01
A_2024_00085,MM,202501,,,500014,대전,100001,지수,100.343477713642,지수,,대전,지수,2025년 1월,2025,1,2025-01-01
A_2024_00085,MM,202501,,,520010,도심권,100001,지수,97.1810400439335,지수,,서울>강북지역>도심권,지수,2025년 1월,2025,1,2025-01-01
A_2024_00085,MM,202501,,,520015,동남권,100001,지수,96.0520688106012,지수,,서울>강남지역>동남권,지수,2025년 1월,2025,1,2025-01-01
A_2024_00085,MM,202501,,,510015,동부1권,100001,지수,99.3715265758026,지수,,경기>동부1권,지수,2025년 1월,2025,1,2025-01-01
A_2024_00085,MM,202501,,,510016,동부2권,100001,지수,100.513509387346,지수,,경기>동부2권,지수,2025년 1월,2025,1,2025-01-01
A_2024_00085,MM,202501,,,510022,동부산권,100001,지수,100.560486980974,지수,,부산>동부산권,지수,2025년 1월,2025,1,2025-01-01
A_2024_00085,MM,202501,,,520011,동북권,100001,지수,98.5922621248337,지수,,서울>강북지역>동북권,지수,2025년 1월,2025,1,2025-01-01
A_2024_00085,MM,202501,,,500011,부산,100001,지수,100.280520997554,지수,,부산,지수,2025년 1월,2025,1,2025-01-01
A_2024_00085,MM,202501,,,520014,서남권,100001,지수,98.0792767249785,지수,,서울>강남지역>서남권,지수,2025년 1월,2025,1,2025-01-01
A_2024_00085,MM,202501,,,510023,서부산권,100001,지수,101.217059950519,지수,,부산>서부산권,지수,2025년 1월,2025,1,2025-01-01
A_2024_00085,MM,202501,,,520012,서북권,100001,지수,97.6203939118877,지수,,서울>강북지역>서북권,지수,2025년 1월,2025,1,2025-01-01
A_2024_00085,MM,202501,,,500008,서울,100001,지수,97.6857813063922,지수,,서울,지수,2025년 1월,2025,1,2025-01-01
A_2024_00085,MM,202501,,,510014,서해안권,100001,지수,99.618654894194,지수,,경기>서해안권,지수,2025년 1월,2025,1,2025-01-01
A_2024_00085,MM,202501,,,500016,세종,100001,지수,100.218150760931,지수,,세종,지수,2025년 1월,2025,1,2025-01-01
A_2024_00085,MM,202501,,,500002,수도권,100001,지수,98.8136462603712,지수,,수도권,지수,2025년 1월,2025,1,2025-01-01
A_2024_00085,MM,202501,,,500015,울산,100001,지수,100.122715742597,지수,,울산,지수,2025년 1월,2025,1,2025-01-01
A_2024_00085,MM,202501,,,500010,인천,100001,지수,100.620133842678,지수,,인천,지수,2025년 1월,2025,1,2025-01-01
A_2024_00085,MM,202501,,,500001,전국,100001,지수,99.2881168851074,지수,,전국,지수,2025년 1월,2025,1,2025-01-01
A_2024_00085,MM,202501,,,500021,전남,100001,지수,100.849882983541,지수,,전남광주>전남,지수,2025년 1월,2025,1,2025-01-01
A_2024_00085,MM,202501,,,500020,전북,100001,지수,101.15637691927,지수,,전북,지수,2025년 1월,2025,1,2025-01-01
A_2024_00085,MM,202501,,,500024,제주,100001,지수,101.889604089518,지수,,제주,지수,2025년 1월,2025,1,2025-01-01
A_2024_00085,MM,202501,,,510021,중부산권,100001,지수,99.7930628550781,지수,,부산>중부산권,지수,2025년 1월,2025,1,2025-01-01
A_2024_00085,MM,202501,,,500003,지방권,100001,지수,100.546788377062,지수,,지방권,지수,2025년 1월,2025,1,2025-01-01
A_2024_00085,MM,202501,,,500019,충남,100001,지수,100.244951557518,지수,,충남,지수,2025년 1월,2025,1,2025-01-01
A_2024_00085,MM,202501,,,500018,충북,100001,지수,100.609083359201,지수,,충북,지수,2025년 1월,2025,1,2025-01-01
A_2024_00085,MM,202502,,,500005,5대광역시,100001,지수,100.409313003661,지수,,5대광역시,지수,2025년 2월,2025,2,2025-02-01
A_2024_00085,MM,202502,,,500004,6대광역시,100001,지수,100.452778831626,지수,,6대광역시,지수,2025년 2월,2025,2,2025-02-01
A_2024_00085,MM,202502,,,500007,8개도,100001,지수,100.586272328052,지수,,8개도,지수,2025년 2월,2025,2,2025-02-01
A_2024_00085,MM,202502,,,500006,9개도,100001,지수,99.8426058069001,지수,,9개도,지수,2025년 2월,2025,2,2025-02-01
A_2024_00085,MM,202502,,,510010,강남지역,100001,지수,97.3677211408479,지수,,서울>강남지역,지수,2025년 2월,2025,2,2025-02-01
A_2024_00085,MM,202502,,,510009,강북지역,100001,지수,98.1586471511068,지수,,서울>강북지역,지수,2025년 2월,2025,2,2025-02-01
A_2024_00085,MM,202502,,,500017,강원,100001,지수,99.9080751953329,지수,,강원,지수,2025년 2월,2025,2,2025-02-01
A_2024_00085,MM,202502,,,500009,경기,100001,지수,99.4827486435693,지수,,경기,지수,2025년 2월,2025,2,2025-02-01
A_2024_00085,MM,202502,,,500023,경남,100001,지수,100.73151372246,지수,,경남,지수,2025년 2월,2025,2,2025-02-01
A_2024_00085,MM,202502,,,510012,경부1권,100001,지수,98.0545740298934,지수,,경기>경부1권,지수,2025년 2월,2025,2,2025-02-01
A_2024_00085,MM,202502,,,510013,경부2권,100001,지수,99.4618611436941,지수,,경기>경부2권,지수,2025년 2월,2025,2,2025-02-01
A_2024_00085,MM,202502,,,500022,경북,100001,지수,99.7546899895028,지수,,경북,지수,2025년 2월,2025,2,2025-02-01
A_2024_00085,MM,202502,,,510018,경원권,100001,지수,99.3866537648501,지수,,경기>경원권,지수,2025년 2월,2025,2,2025-02-01
A_2024_00085,MM,202502,,,510017,경의권,100001,지수,100.777077144655,지수,,경기>경의권,지수,2025년 2월,2025,2,2025-02-01
A_2024_00085,MM,202502,,,500013,광주,100001,지수,100.374411373268,지수,,전남광주>광주,지수,2025년 2월,2025,2,2025-02-01
A_2024_00085,MM,202502,,,500012,대구,100001,지수,101.195213965092,지수,,대구,지수,2025년 2월,2025,2,2025-02-01
A_2024_00085,MM,202502,,,500014,대전,100001,지수,100.281498276124,지수,,대전,지수,2025년 2월,2025,2,2025-02-01
A_2024_00085,MM,202502,,,520010,도심권,100001,지수,97.2917371394957,지수,,서울>강북지역>도심권,지수,2025년 2월,2025,2,2025-02-01
A_2024_00085,MM,202502,,,520015,동남권,100001,지수,96.1516242741088,지수,,서울>강남지역>동남권,지수,2025년 2월,2025,2,2025-02-01
A_2024_00085,MM,202502,,,510015,동부1권,100001,지수,99.3063828435384,지수,,경기>동부1권,지수,2025년 2월,2025,2,2025-02-01
A_2024_00085,MM,202502,,,510016,동부2권,100001,지수,100.399097126295,지수,,경기>동부2권,지수,2025년 2월,2025,2,2025-02-01
A_2024_00085,MM,202502,,,510022,동부산권,100001,지수,100.519445086588,지수,,부산>동부산권,지수,2025년 2월,2025,2,2025-02-01
A_2024_00085,MM,202502,,,520011,동북권,100001,지수,98.6396327768092,지수,,서울>강북지역>동북권,지수,2025년 2월,2025,2,2025-02-01
A_2024_00085,MM,202502,,,500011,부산,100001,지수,100.269528976745,지수,,부산,지수,2025년 2월,2025,2,2025-02-01
A_2024_00085,MM,202502,,,520014,서남권,100001,지수,98.1455695947788,지수,,서울>강남지역>서남권,지수,2025년 2월,2025,2,2025-02-01
A_2024_00085,MM,202502,,,510023,서부산권,100001,지수,101.1375237828,지수,,부산>서부산권,지수,2025년 2월,2025,2,2025-02-01
A_2024_00085,MM,202502,,,520012,서북권,100001,지수,97.6484453711113,지수,,서울>강북지역>서북권,지수,2025년 2월,2025,2,2025-02-01
A_2024_00085,MM,202502,,,500008,서울,100001,지수,97.7501198033956,지수,,서울,지수,2025년 2월,2025,2,2025-02-01
A_2024_00085,MM,202502,,,510014,서해안권,100001,지수,99.5876325967011,지수,,경기>서해안권,지수,2025년 2월,2025,2,2025-02-01
A_2024_00085,MM,202502,,,500016,세종,100001,지수,100.073572595005,지수,,세종,지수,2025년 2월,2025,2,2025-02-01
A_2024_00085,MM,202502,,,500002,수도권,100001,지수,98.8185802742892,지수,,수도권,지수,2025년 2월,2025,2,2025-02-01
A_2024_00085,MM,202502,,,500015,울산,100001,지수,99.9749619906533,지수,,울산,지수,2025년 2월,2025,2,2025-02-01
A_2024_00085,MM,202502,,,500010,인천,100001,지수,100.512020535073,지수,,인천,지수,2025년 2월,2025,2,2025-02-01
A_2024_00085,MM,202502,,,500001,전국,100001,지수,99.2790823925676,지수,,전국,지수,2025년 2월,2025,2,2025-02-01
A_2024_00085,MM,202502,,,500021,전남,100001,지수,100.801622718868,지수,,전남광주>전남,지수,2025년 2월,2025,2,2025-02-01
A_2024_00085,MM,202502,,,500020,전북,100001,지수,101.087290635264,지수,,전북,지수,2025년 2월,2025,2,2025-02-01
A_2024_00085,MM,202502,,,500024,제주,100001,지수,101.690900654219,지수,,제주,지수,2025년 2월,2025,2,2025-02-01
A_2024_00085,MM,202502,,,510021,중부산권,100001,지수,99.8227605878414,지수,,부산>중부산권,지수,2025년 2월,2025,2,2025-02-01
A_2024_00085,MM,202502,,,500003,지방권,100001,지수,100.500611757801,지수,,지방권,지수,2025년 2월,2025,2,2025-02-01
A_2024_00085,MM,202502,,,500019,충남,100001,지수,100.219806565255,지수,,충남,지수,2025년 2월,2025,2,2025-02-01
A_2024_00085,MM,202502,,,500018,충북,100001,지수,100.626572109324,지수,,충북,지수,2025년 2월,2025,2,2025-02-01
A_2024_00085,MM,202503,,,500005,5대광역시,100001,지수,100.390193043409,지수,,5대광역시,지수,2025년 3월,2025,3,2025-03-01
A_2024_00085,MM,202503,,,500004,6대광역시,100001,지수,100.411334126767,지수,,6대광역시,지수,2025년 3월,2025,3,2025-03-01
A_2024_00085,MM,202503,,,500007,8개도,100001,지수,100.570018945445,지수,,8개도,지수,2025년 3월,2025,3,2025-03-01
A_2024_00085,MM,202503,,,500006,9개도,100001,지수,99.8310222392065,지수,,9개도,지수,2025년 3월,2025,3,2025-03-01
A_2024_00085,MM,202503,,,510010,강남지역,100001,지수,97.4931930128663,지수,,서울>강남지역,지수,2025년 3월,2025,3,2025-03-01
A_2024_00085,MM,202503,,,510009,강북지역,100001,지수,98.2146641809484,지수,,서울>강북지역,지수,2025년 3월,2025,3,2025-03-01
A_2024_00085,MM,202503,,,500017,강원,100001,지수,99.9659492870229,지수,,강원,지수,2025년 3월,2025,3,2025-03-01
A_2024_00085,MM,202503,,,500009,경기,100001,지수,99.4734248537411,지수,,경기,지수,2025년 3월,2025,3,2025-03-01
A_2024_00085,MM,202503,,,500023,경남,100001,지수,100.706453659897,지수,,경남,지수,2025년 3월,2025,3,2025-03-01
A_2024_00085,MM,202503,,,510012,경부1권,100001,지수,98.2436751702452,지수,,경기>경부1권,지수,2025년 3월,2025,3,2025-03-01
A_2024_00085,MM,202503,,,510013,경부2권,100001,지수,99.5184535995555,지수,,경기>경부2권,지수,2025년 3월,2025,3,2025-03-01
A_2024_00085,MM,202503,,,500022,경북,100001,지수,99.7279813234742,지수,,경북,지수,2025년 3월,2025,3,2025-03-01
A_2024_00085,MM,202503,,,510018,경원권,100001,지수,99.3663529352624,지수,,경기>경원권,지수,2025년 3월,2025,3,2025-03-01
A_2024_00085,MM,202503,,,510017,경의권,100001,지수,100.649727807198,지수,,경기>경의권,지수,2025년 3월,2025,3,2025-03-01
A_2024_00085,MM,202503,,,500013,광주,100001,지수,100.358790009567,지수,,전남광주>광주,지수,2025년 3월,2025,3,2025-03-01
A_2024_00085,MM,202503,,,500012,대구,100001,지수,101.045099753208,지수,,대구,지수,2025년 3월,2025,3,2025-03-01
A_2024_00085,MM,202503,,,500014,대전,100001,지수,100.306362667579,지수,,대전,지수,2025년 3월,2025,3,2025-03-01
A_2024_00085,MM,202503,,,520010,도심권,100001,지수,97.4576608652702,지수,,서울>강북지역>도심권,지수,2025년 3월,2025,3,2025-03-01
A_2024_00085,MM,202503,,,520015,동남권,100001,지수,96.3335118120502,지수,,서울>강남지역>동남권,지수,2025년 3월,2025,3,2025-03-01
A_2024_00085,MM,202503,,,510015,동부1권,100001,지수,99.3607321361438,지수,,경기>동부1권,지수,2025년 3월,2025,3,2025-03-01
A_2024_00085,MM,202503,,,510016,동부2권,100001,지수,100.305487451447,지수,,경기>동부2권,지수,2025년 3월,2025,3,2025-03-01
A_2024_00085,MM,202503,,,510022,동부산권,100001,지수,100.430814055305,지수,,부산>동부산권,지수,2025년 3월,2025,3,2025-03-01
A_2024_00085,MM,202503,,,520011,동북권,100001,지수,98.6672687446291,지수,,서울>강북지역>동북권,지수,2025년 3월,2025,3,2025-03-01
A_2024_00085,MM,202503,,,500011,부산,100001,지수,100.289844474592,지수,,부산,지수,2025년 3월,2025,3,2025-03-01
A_2024_00085,MM,202503,,,520014,서남권,100001,지수,98.2343766066413,지수,,서울>강남지역>서남권,지수,2025년 3월,2025,3,2025-03-01
A_2024_00085,MM,202503,,,510023,서부산권,100001,지수,101.086289209848,지수,,부산>서부산권,지수,2025년 3월,2025,3,2025-03-01
A_2024_00085,MM,202503,,,520012,서북권,100001,지수,97.713991140949,지수,,서울>강북지역>서북권,지수,2025년 3월,2025,3,2025-03-01
A_2024_00085,MM,202503,,,500008,서울,100001,지수,97.8420835312604,지수,,서울,지수,2025년 3월,2025,3,2025-03-01
A_2024_00085,MM,202503,,,510014,서해안권,100001,지수,99.5046260404983,지수,,경기>서해안권,지수,2025년 3월,2025,3,2025-03-01
A_2024_00085,MM,202503,,,500016,세종,100001,지수,99.9731549742082,지수,,세종,지수,2025년 3월,2025,3,2025-03-01
A_2024_00085,MM,202503,,,500002,수도권,100001,지수,98.8480737750995,지수,,수도권,지수,2025년 3월,2025,3,2025-03-01
A_2024_00085,MM,202503,,,500015,울산,100001,지수,99.8973608373844,지수,,울산,지수,2025년 3월,2025,3,2025-03-01
A_2024_00085,MM,202503,,,500010,인천,100001,지수,100.440074314299,지수,,인천,지수,2025년 3월,2025,3,2025-03-01
A_2024_00085,MM,202503,,,500001,전국,100001,지수,99.295592711829,지수,,전국,지수,2025년 3월,2025,3,2025-03-01
A_2024_00085,MM,202503,,,500021,전남,100001,지수,100.766587050854,지수,,전남광주>전남,지수,2025년 3월,2025,3,2025-03-01
A_2024_00085,MM,202503,,,500020,전북,100001,지수,100.978919541637,지수,,전북,지수,2025년 3월,2025,3,2025-03-01
A_2024_00085,MM,202503,,,500024,제주,100001,지수,101.5782852782,지수,,제주,지수,2025년 3월,2025,3,2025-03-01
A_2024_00085,MM,202503,,,510021,중부산권,100001,지수,99.927566509508,지수,,부산>중부산권,지수,2025년 3월,2025,3,2025-03-01
A_2024_00085,MM,202503,,,500003,지방권,100001,지수,100.48261630911,지수,,지방권,지수,2025년 3월,2025,3,2025-03-01
A_2024_00085,MM,202503,,,500019,충남,100001,지수,100.385395821406,지수,,충남,지수,2025년 3월,2025,3,2025-03-01
A_2024_00085,MM,202503,,,500018,충북,100001,지수,100.53610494343,지수,,충북,지수,2025년 3월,2025,3,2025-03-01
A_2024_00085,MM,202504,,,500005,5대광역시,100001,지수,100.356826900396,지수,,5대광역시,지수,2025년 4월,2025,4,2025-04-01
A_2024_00085,MM,202504,,,500004,6대광역시,100001,지수,100.385627404765,지수,,6대광역시,지수,2025년 4월,2025,4,2025-04-01
A_2024_00085,MM,202504,,,500007,8개도,100001,지수,100.535041320234,지수,,8개도,지수,2025년 4월,2025,4,2025-04-01
A_2024_00085,MM,202504,,,500006,9개도,100001,지수,99.8306009282292,지수,,9개도,지수,2025년 4월,2025,4,2025-04-01
A_2024_00085,MM,202504,,,510010,강남지역,100001,지수,97.5715489827393,지수,,서울>강남지역,지수,2025년 4월,2025,4,2025-04-01
A_2024_00085,MM,202504,,,510009,강북지역,100001,지수,98.2889065115439,지수,,서울>강북지역,지수,2025년 4월,2025,4,2025-04-01
A_2024_00085,MM,202504,,,500017,강원,100001,지수,100.019798134921,지수,,강원,지수,2025년 4월,2025,4,2025-04-01
A_2024_00085,MM,202504,,,500009,경기,100001,지수,99.4896380674821,지수,,경기,지수,2025년 4월,2025,4,2025-04-01
A_2024_00085,MM,202504,,,500023,경남,100001,지수,100.657946018264,지수,,경남,지수,2025년 4월,2025,4,2025-04-01
A_2024_00085,MM,202504,,,510012,경부1권,100001,지수,98.4047032174407,지수,,경기>경부1권,지수,2025년 4월,2025,4,2025-04-01
A_2024_00085,MM,202504,,,510013,경부2권,100001,지수,99.4942293937015,지수,,경기>경부2권,지수,2025년 4월,2025,4,2025-04-01
A_2024_00085,MM,202504,,,500022,경북,100001,지수,99.7765853300974,지수,,경북,지수,2025년 4월,2025,4,2025-04-01
A_2024_00085,MM,202504,,,510018,경원권,100001,지수,99.3651995382365,지수,,경기>경원권,지수,2025년 4월,2025,4,2025-04-01
A_2024_00085,MM,202504,,,510017,경의권,100001,지수,100.651381906506,지수,,경기>경의권,지수,2025년 4월,2025,4,2025-04-01
A_2024_00085,MM,202504,,,500013,광주,100001,지수,100.293919902588,지수,,전남광주>광주,지수,2025년 4월,2025,4,2025-04-01
A_2024_00085,MM,202504,,,500012,대구,100001,지수,100.970316889402,지수,,대구,지수,2025년 4월,2025,4,2025-04-01
A_2024_00085,MM,202504,,,500014,대전,100001,지수,100.283686486744,지수,,대전,지수,2025년 4월,2025,4,2025-04-01
A_2024_00085,MM,202504,,,520010,도심권,100001,지수,97.599590184121,지수,,서울>강북지역>도심권,지수,2025년 4월,2025,4,2025-04-01
A_2024_00085,MM,202504,,,520015,동남권,100001,지수,96.4167553177883,지수,,서울>강남지역>동남권,지수,2025년 4월,2025,4,2025-04-01
A_2024_00085,MM,202504,,,510015,동부1권,100001,지수,99.4411105991889,지수,,경기>동부1권,지수,2025년 4월,2025,4,2025-04-01
A_2024_00085,MM,202504,,,510016,동부2권,100001,지수,100.216744505813,지수,,경기>동부2권,지수,2025년 4월,2025,4,2025-04-01
A_2024_00085,MM,202504,,,510022,동부산권,100001,지수,100.40109618184,지수,,부산>동부산권,지수,2025년 4월,2025,4,2025-04-01
A_2024_00085,MM,202504,,,520011,동북권,100001,지수,98.7274684225952,지수,,서울>강북지역>동북권,지수,2025년 4월,2025,4,2025-04-01
A_2024_00085,MM,202504,,,500011,부산,100001,지수,100.269641995512,지수,,부산,지수,2025년 4월,2025,4,2025-04-01
A_2024_00085,MM,202504,,,520014,서남권,100001,지수,98.3095724748588,지수,,서울>강남지역>서남권,지수,2025년 4월,2025,4,2025-04-01
A_2024_00085,MM,202504,,,510023,서부산권,100001,지수,101.034508200301,지수,,부산>서부산권,지수,2025년 4월,2025,4,2025-04-01
A_2024_00085,MM,202504,,,520012,서북권,100001,지수,97.7883307779017,지수,,서울>강북지역>서북권,지수,2025년 4월,2025,4,2025-04-01
A_2024_00085,MM,202504,,,500008,서울,100001,지수,97.9184544963024,지수,,서울,지수,2025년 4월,2025,4,2025-04-01
A_2024_00085,MM,202504,,,510014,서해안권,100001,지수,99.4835564429491,지수,,경기>서해안권,지수,2025년 4월,2025,4,2025-04-01
A_2024_00085,MM,202504,,,500016,세종,100001,지수,99.8612265875244,지수,,세종,지수,2025년 4월,2025,4,2025-04-01
A_2024_00085,MM,202504,,,500002,수도권,100001,지수,98.8880578423075,지수,,수도권,지수,2025년 4월,2025,4,2025-04-01
A_2024_00085,MM,202504,,,500015,울산,100001,지수,99.8660443521961,지수,,울산,지수,2025년 4월,2025,4,2025-04-01
A_2024_00085,MM,202504,,,500010,인천,100001,지수,100.424783698419,지수,,인천,지수,2025년 4월,2025,4,2025-04-01
A_2024_00085,MM,202504,,,500001,전국,100001,지수,99.315279487954,지수,,전국,지수,2025년 4월,2025,4,2025-04-01
A_2024_00085,MM,202504,,,500021,전남,100001,지수,100.697066996938,지수,,전남광주>전남,지수,2025년 4월,2025,4,2025-04-01
A_2024_00085,MM,202504,,,500020,전북,100001,지수,100.896191437187,지수,,전북,지수,2025년 4월,2025,4,2025-04-01
A_2024_00085,MM,202504,,,500024,제주,100001,지수,101.433036765685,지수,,제주,지수,2025년 4월,2025,4,2025-04-01
A_2024_00085,MM,202504,,,510021,중부산권,100001,지수,99.9237751903335,지수,,부산>중부산권,지수,2025년 4월,2025,4,2025-04-01
A_2024_00085,MM,202504,,,500003,지방권,100001,지수,100.448040880571,지수,,지방권,지수,2025년 4월,2025,4,2025-04-01
A_2024_00085,MM,202504,,,500019,충남,100001,지수,100.355247675313,지수,,충남,지수,2025년 4월,2025,4,2025-04-01
A_2024_00085,MM,202504,,,500018,충북,100001,지수,100.537269957826,지수,,충북,지수,2025년 4월,2025,4,2025-04-01
A_2024_00085,MM,202505,,,500005,5대광역시,100001,지수,100.293018779272,지수,,5대광역시,지수,2025년 5월,2025,5,2025-05-01
A_2024_00085,MM,202505,,,500004,6대광역시,100001,지수,100.330621445712,지수,,6대광역시,지수,2025년 5월,2025,5,2025-05-01
A_2024_00085,MM,202505,,,500007,8개도,100001,지수,100.478062508204,지수,,8개도,지수,2025년 5월,2025,5,2025-05-01
A_2024_00085,MM,202505,,,500006,9개도,100001,지수,99.8296356318629,지수,,9개도,지수,2025년 5월,2025,5,2025-05-01
A_2024_00085,MM,202505,,,510010,강남지역,100001,지수,97.6672095277414,지수,,서울>강남지역,지수,2025년 5월,2025,5,2025-05-01
A_2024_00085,MM,202505,,,510009,강북지역,100001,지수,98.4027835256823,지수,,서울>강북지역,지수,2025년 5월,2025,5,2025-05-01
A_2024_00085,MM,202505,,,500017,강원,100001,지수,100.040488850996,지수,,강원,지수,2025년 5월,2025,5,2025-05-01
A_2024_00085,MM,202505,,,500009,경기,100001,지수,99.5156543069365,지수,,경기,지수,2025년 5월,2025,5,2025-05-01
A_2024_00085,MM,202505,,,500023,경남,100001,지수,100.573401256579,지수,,경남,지수,2025년 5월,2025,5,2025-05-01
A_2024_00085,MM,202505,,,510012,경부1권,100001,지수,98.6599467239401,지수,,경기>경부1권,지수,2025년 5월,2025,5,2025-05-01
A_2024_00085,MM,202505,,,510013,경부2권,100001,지수,99.5592197642495,지수,,경기>경부2권,지수,2025년 5월,2025,5,2025-05-01
A_2024_00085,MM,202505,,,500022,경북,100001,지수,99.8648834899906,지수,,경북,지수,2025년 5월,2025,5,2025-05-01
A_2024_00085,MM,202505,,,510018,경원권,100001,지수,99.4497726594713,지수,,경기>경원권,지수,2025년 5월,2025,5,2025-05-01
A_2024_00085,MM,202505,,,510017,경의권,100001,지수,100.422388105112,지수,,경기>경의권,지수,2025년 5월,2025,5,2025-05-01
A_2024_00085,MM,202505,,,500013,광주,100001,지수,100.261426121508,지수,,전남광주>광주,지수,2025년 5월,2025,5,2025-05-01
A_2024_00085,MM,202505,,,500012,대구,100001,지수,100.778107023513,지수,,대구,지수,2025년 5월,2025,5,2025-05-01
A_2024_00085,MM,202505,,,500014,대전,100001,지수,100.201846156244,지수,,대전,지수,2025년 5월,2025,5,2025-05-01
A_2024_00085,MM,202505,,,520010,도심권,100001,지수,97.7965964519106,지수,,서울>강북지역>도심권,지수,2025년 5월,2025,5,2025-05-01
A_2024_00085,MM,202505,,,520015,동남권,100001,지수,96.5681672692456,지수,,서울>강남지역>동남권,지수,2025년 5월,2025,5,2025-05-01
A_2024_00085,MM,202505,,,510015,동부1권,100001,지수,99.5281307104701,지수,,경기>동부1권,지수,2025년 5월,2025,5,2025-05-01
A_2024_00085,MM,202505,,,510016,동부2권,100001,지수,100.214645943268,지수,,경기>동부2권,지수,2025년 5월,2025,5,2025-05-01
A_2024_00085,MM,202505,,,510022,동부산권,100001,지수,100.349350848961,지수,,부산>동부산권,지수,2025년 5월,2025,5,2025-05-01
A_2024_00085,MM,202505,,,520011,동북권,100001,지수,98.7972721498563,지수,,서울>강북지역>동북권,지수,2025년 5월,2025,5,2025-05-01
A_2024_00085,MM,202505,,,500011,부산,100001,지수,100.24364077127,지수,,부산,지수,2025년 5월,2025,5,2025-05-01
A_2024_00085,MM,202505,,,520014,서남권,100001,지수,98.3692649601758,지수,,서울>강남지역>서남권,지수,2025년 5월,2025,5,2025-05-01
A_2024_00085,MM,202505,,,510023,서부산권,100001,지수,100.962767381069,지수,,부산>서부산권,지수,2025년 5월,2025,5,2025-05-01
A_2024_00085,MM,202505,,,520012,서북권,100001,지수,97.9473726351789,지수,,서울>강북지역>서북권,지수,2025년 5월,2025,5,2025-05-01
A_2024_00085,MM,202505,,,500008,서울,100001,지수,98.0229079591327,지수,,서울,지수,2025년 5월,2025,5,2025-05-01
A_2024_00085,MM,202505,,,510014,서해안권,100001,지수,99.456887581699,지수,,경기>서해안권,지수,2025년 5월,2025,5,2025-05-01
A_2024_00085,MM,202505,,,500016,세종,100001,지수,99.7629072794046,지수,,세종,지수,2025년 5월,2025,5,2025-05-01
A_2024_00085,MM,202505,,,500002,수도권,100001,지수,98.9414213137269,지수,,수도권,지수,2025년 5월,2025,5,2025-05-01
A_2024_00085,MM,202505,,,500015,울산,100001,지수,99.8155130090685,지수,,울산,지수,2025년 5월,2025,5,2025-05-01
A_2024_00085,MM,202505,,,500010,인천,100001,지수,100.381750194473,지수,,인천,지수,2025년 5월,2025,5,2025-05-01
A_2024_00085,MM,202505,,,500001,전국,100001,지수,99.3376552763154,지수,,전국,지수,2025년 5월,2025,5,2025-05-01
A_2024_00085,MM,202505,,,500021,전남,100001,지수,100.577664493452,지수,,전남광주>전남,지수,2025년 5월,2025,5,2025-05-01
A_2024_00085,MM,202505,,,500020,전북,100001,지수,100.860477607719,지수,,전북,지수,2025년 5월,2025,5,2025-05-01
A_2024_00085,MM,202505,,,500024,제주,100001,지수,101.252820127017,지수,,제주,지수,2025년 5월,2025,5,2025-05-01
A_2024_00085,MM,202505,,,510021,중부산권,100001,지수,99.9280082713456,지수,,부산>중부산권,지수,2025년 5월,2025,5,2025-05-01
A_2024_00085,MM,202505,,,500003,지방권,100001,지수,100.387654256418,지수,,지방권,지수,2025년 5월,2025,5,2025-05-01
A_2024_00085,MM,202505,,,500019,충남,100001,지수,100.218194432593,지수,,충남,지수,2025년 5월,2025,5,2025-05-01
A_2024_00085,MM,202505,,,500018,충북,100001,지수,100.554964731183,지수,,충북,지수,2025년 5월,2025,5,2025-05-01
A_2024_00085,MM,202506,,,500005,5대광역시,100001,지수,100.253296742664,지수,,5대광역시,지수,2025년 6월,2025,6,2025-06-01
A_2024_00085,MM,202506,,,500004,6대광역시,100001,지수,100.293326969622,지수,,6대광역시,지수,2025년 6월,2025,6,2025-06-01
A_2024_00085,MM,202506,,,500007,8개도,100001,지수,100.419775546799,지수,,8개도,지수,2025년 6월,2025,6,2025-06-01
A_2024_00085,MM,202506,,,500006,9개도,100001,지수,99.8235841176089,지수,,9개도,지수,2025년 6월,2025,6,2025-06-01
A_2024_00085,MM,202506,,,510010,강남지역,100001,지수,97.7934747833578,지수,,서울>강남지역,지수,2025년 6월,2025,6,2025-06-01
A_2024_00085,MM,202506,,,510009,강북지역,100001,지수,98.529386405992,지수,,서울>강북지역,지수,2025년 6월,2025,6,2025-06-01
A_2024_00085,MM,202506,,,500017,강원,100001,지수,100.011284297568,지수,,강원,지수,2025년 6월,2025,6,2025-06-01
A_2024_00085,MM,202506,,,500009,경기,100001,지수,99.5347846621803,지수,,경기,지수,2025년 6월,2025,6,2025-06-01
A_2024_00085,MM,202506,,,500023,경남,100001,지수,100.544449299458,지수,,경남,지수,2025년 6월,2025,6,2025-06-01
A_2024_00085,MM,202506,,,510012,경부1권,100001,지수,98.9666799975359,지수,,경기>경부1권,지수,2025년 6월,2025,6,2025-06-01
A_2024_00085,MM,202506,,,510013,경부2권,100001,지수,99.6277217163649,지수,,경기>경부2권,지수,2025년 6월,2025,6,2025-06-01
A_2024_00085,MM,202506,,,500022,경북,100001,지수,99.8447179668259,지수,,경북,지수,2025년 6월,2025,6,2025-06-01
A_2024_00085,MM,202506,,,510018,경원권,100001,지수,99.576046328785,지수,,경기>경원권,지수,2025년 6월,2025,6,2025-06-01
A_2024_00085,MM,202506,,,510017,경의권,100001,지수,100.505807161574,지수,,경기>경의권,지수,2025년 6월,2025,6,2025-06-01
A_2024_00085,MM,202506,,,500013,광주,100001,지수,100.222318852068,지수,,전남광주>광주,지수,2025년 6월,2025,6,2025-06-01
A_2024_00085,MM,202506,,,500012,대구,100001,지수,100.681052538395,지수,,대구,지수,2025년 6월,2025,6,2025-06-01
A_2024_00085,MM,202506,,,500014,대전,100001,지수,100.144303001889,지수,,대전,지수,2025년 6월,2025,6,2025-06-01
A_2024_00085,MM,202506,,,520010,도심권,100001,지수,98.0421645618417,지수,,서울>강북지역>도심권,지수,2025년 6월,2025,6,2025-06-01
A_2024_00085,MM,202506,,,520015,동남권,100001,지수,96.7464610792275,지수,,서울>강남지역>동남권,지수,2025년 6월,2025,6,2025-06-01
A_2024_00085,MM,202506,,,510015,동부1권,100001,지수,99.4026999274444,지수,,경기>동부1권,지수,2025년 6월,2025,6,2025-06-01
A_2024_00085,MM,202506,,,510016,동부2권,100001,지수,100.186255128592,지수,,경기>동부2권,지수,2025년 6월,2025,6,2025-06-01
A_2024_00085,MM,202506,,,510022,동부산권,100001,지수,100.287971783549,지수,,부산>동부산권,지수,2025년 6월,2025,6,2025-06-01
A_2024_00085,MM,202506,,,520011,동북권,100001,지수,98.8736527239793,지수,,서울>강북지역>동북권,지수,2025년 6월,2025,6,2025-06-01
A_2024_00085,MM,202506,,,500011,부산,100001,지수,100.220478408787,지수,,부산,지수,2025년 6월,2025,6,2025-06-01
A_2024_00085,MM,202506,,,520014,서남권,100001,지수,98.461993484833,지수,,서울>강남지역>서남권,지수,2025년 6월,2025,6,2025-06-01
A_2024_00085,MM,202506,,,510023,서부산권,100001,지수,100.846980768394,지수,,부산>서부산권,지수,2025년 6월,2025,6,2025-06-01
A_2024_00085,MM,202506,,,520012,서북권,100001,지수,98.1171532232726,지수,,서울>강북지역>서북권,지수,2025년 6월,2025,6,2025-06-01
A_2024_00085,MM,202506,,,500008,서울,100001,지수,98.1493370505275,지수,,서울,지수,2025년 6월,2025,6,2025-06-01
A_2024_00085,MM,202506,,,510014,서해안권,100001,지수,99.3800018589792,지수,,경기>서해안권,지수,2025년 6월,2025,6,2025-06-01
A_2024_00085,MM,202506,,,500016,세종,100001,지수,99.6960993625961,지수,,세종,지수,2025년 6월,2025,6,2025-06-01
A_2024_00085,MM,202506,,,500002,수도권,100001,지수,99.0032828720249,지수,,수도권,지수,2025년 6월,2025,6,2025-06-01
A_2024_00085,MM,202506,,,500015,울산,100001,지수,99.8055801678618,지수,,울산,지수,2025년 6월,2025,6,2025-06-01
A_2024_00085,MM,202506,,,500010,인천,100001,지수,100.34775806206,지수,,인천,지수,2025년 6월,2025,6,2025-06-01
A_2024_00085,MM,202506,,,500001,전국,100001,지수,99.369132047862,지수,,전국,지수,2025년 6월,2025,6,2025-06-01
A_2024_00085,MM,202506,,,500021,전남,100001,지수,100.483041863154,지수,,전남광주>전남,지수,2025년 6월,2025,6,2025-06-01
A_2024_00085,MM,202506,,,500020,전북,100001,지수,100.771753882772,지수,,전북,지수,2025년 6월,2025,6,2025-06-01
A_2024_00085,MM,202506,,,500024,제주,100001,지수,101.066621600516,지수,,제주,지수,2025년 6월,2025,6,2025-06-01
A_2024_00085,MM,202506,,,510021,중부산권,100001,지수,99.9586178962055,지수,,부산>중부산권,지수,2025년 6월,2025,6,2025-06-01
A_2024_00085,MM,202506,,,500003,지방권,100001,지수,100.338070073335,지수,,지방권,지수,2025년 6월,2025,6,2025-06-01
A_2024_00085,MM,202506,,,500019,충남,100001,지수,100.231826954954,지수,,충남,지수,2025년 6월,2025,6,2025-06-01
A_2024_00085,MM,202506,,,500018,충북,100001,지수,100.514089938036,지수,,충북,지수,2025년 6월,2025,6,2025-06-01
A_2024_00085,MM,202507,,,500005,5대광역시,100001,지수,100.194182031348,지수,,5대광역시,지수,2025년 7월,2025,7,2025-07-01
A_2024_00085,MM,202507,,,500004,6대광역시,100001,지수,100.243390799667,지수,,6대광역시,지수,2025년 7월,2025,7,2025-07-01
A_2024_00085,MM,202507,,,500007,8개도,100001,지수,100.33787577125,지수,,8개도,지수,2025년 7월,2025,7,2025-07-01
A_2024_00085,MM,202507,,,500006,9개도,100001,지수,99.8071475782752,지수,,9개도,지수,2025년 7월,2025,7,2025-07-01
A_2024_00085,MM,202507,,,510010,강남지역,100001,지수,97.9377133489203,지수,,서울>강남지역,지수,2025년 7월,2025,7,2025-07-01
A_2024_00085,MM,202507,,,510009,강북지역,100001,지수,98.6944265417857,지수,,서울>강북지역,지수,2025년 7월,2025,7,2025-07-01
A_2024_00085,MM,202507,,,500017,강원,100001,지수,99.9671429477945,지수,,강원,지수,2025년 7월,2025,7,2025-07-01
A_2024_00085,MM,202507,,,500009,경기,100001,지수,99.5499344555932,지수,,경기,지수,2025년 7월,2025,7,2025-07-01
A_2024_00085,MM,202507,,,500023,경남,100001,지수,100.464821134366,지수,,경남,지수,2025년 7월,2025,7,2025-07-01
A_2024_00085,MM,202507,,,510012,경부1권,100001,지수,99.1545112565368,지수,,경기>경부1권,지수,2025년 7월,2025,7,2025-07-01
A_2024_00085,MM,202507,,,510013,경부2권,100001,지수,99.6508823232084,지수,,경기>경부2권,지수,2025년 7월,2025,7,2025-07-01
A_2024_00085,MM,202507,,,500022,경북,100001,지수,99.8718132821404,지수,,경북,지수,2025년 7월,2025,7,2025-07-01
A_2024_00085,MM,202507,,,510018,경원권,100001,지수,99.6308726894697,지수,,경기>경원권,지수,2025년 7월,2025,7,2025-07-01
A_2024_00085,MM,202507,,,510017,경의권,100001,지수,100.3963511698,지수,,경기>경의권,지수,2025년 7월,2025,7,2025-07-01
A_2024_00085,MM,202507,,,500013,광주,100001,지수,100.138123151438,지수,,전남광주>광주,지수,2025년 7월,2025,7,2025-07-01
A_2024_00085,MM,202507,,,500012,대구,100001,지수,100.544189387495,지수,,대구,지수,2025년 7월,2025,7,2025-07-01
A_2024_00085,MM,202507,,,500014,대전,100001,지수,100.10185605759,지수,,대전,지수,2025년 7월,2025,7,2025-07-01
A_2024_00085,MM,202507,,,520010,도심권,100001,지수,98.2629924179308,지수,,서울>강북지역>도심권,지수,2025년 7월,2025,7,2025-07-01
A_2024_00085,MM,202507,,,520015,동남권,100001,지수,96.8808507792644,지수,,서울>강남지역>동남권,지수,2025년 7월,2025,7,2025-07-01
A_2024_00085,MM,202507,,,510015,동부1권,100001,지수,99.5403694190232,지수,,경기>동부1권,지수,2025년 7월,2025,7,2025-07-01
A_2024_00085,MM,202507,,,510016,동부2권,100001,지수,100.089994619861,지수,,경기>동부2권,지수,2025년 7월,2025,7,2025-07-01
A_2024_00085,MM,202507,,,510022,동부산권,100001,지수,100.243112693639,지수,,부산>동부산권,지수,2025년 7월,2025,7,2025-07-01
A_2024_00085,MM,202507,,,520011,동북권,100001,지수,99.020068618558,지수,,서울>강북지역>동북권,지수,2025년 7월,2025,7,2025-07-01
A_2024_00085,MM,202507,,,500011,부산,100001,지수,100.177129050794,지수,,부산,지수,2025년 7월,2025,7,2025-07-01
A_2024_00085,MM,202507,,,520014,서남권,100001,지수,98.6125677510582,지수,,서울>강남지역>서남권,지수,2025년 7월,2025,7,2025-07-01
A_2024_00085,MM,202507,,,510023,서부산권,100001,지수,100.723268526842,지수,,부산>서부산권,지수,2025년 7월,2025,7,2025-07-01
A_2024_00085,MM,202507,,,520012,서북권,100001,지수,98.2941957925314,지수,,서울>강북지역>서북권,지수,2025년 7월,2025,7,2025-07-01
A_2024_00085,MM,202507,,,500008,서울,100001,지수,98.3036156820568,지수,,서울,지수,2025년 7월,2025,7,2025-07-01
A_2024_00085,MM,202507,,,510014,서해안권,100001,지수,99.3276279742828,지수,,경기>서해안권,지수,2025년 7월,2025,7,2025-07-01
A_2024_00085,MM,202507,,,500016,세종,100001,지수,99.6479246802675,지수,,세종,지수,2025년 7월,2025,7,2025-07-01
A_2024_00085,MM,202507,,,500002,수도권,100001,지수,99.0758971260963,지수,,수도권,지수,2025년 7월,2025,7,2025-07-01
A_2024_00085,MM,202507,,,500015,울산,100001,지수,99.7897984291889,지수,,울산,지수,2025년 7월,2025,7,2025-07-01
A_2024_00085,MM,202507,,,500010,인천,100001,지수,100.310309657893,지수,,인천,지수,2025년 7월,2025,7,2025-07-01
A_2024_00085,MM,202507,,,500001,전국,100001,지수,99.4025502407842,지수,,전국,지수,2025년 7월,2025,7,2025-07-01
A_2024_00085,MM,202507,,,500021,전남,100001,지수,100.374704852168,지수,,전남광주>전남,지수,2025년 7월,2025,7,2025-07-01
A_2024_00085,MM,202507,,,500020,전북,100001,지수,100.646956254645,지수,,전북,지수,2025년 7월,2025,7,2025-07-01
A_2024_00085,MM,202507,,,500024,제주,100001,지수,100.891604044223,지수,,제주,지수,2025년 7월,2025,7,2025-07-01
A_2024_00085,MM,202507,,,510021,중부산권,100001,지수,99.9448795910487,지수,,부산>중부산권,지수,2025년 7월,2025,7,2025-07-01
A_2024_00085,MM,202507,,,500003,지방권,100001,지수,100.267055172222,지수,,지방권,지수,2025년 7월,2025,7,2025-07-01
A_2024_00085,MM,202507,,,500019,충남,100001,지수,100.134354491804,지수,,충남,지수,2025년 7월,2025,7,2025-07-01
A_2024_00085,MM,202507,,,500018,충북,100001,지수,100.426742277035,지수,,충북,지수,2025년 7월,2025,7,2025-07-01
A_2024_00085,MM,202508,,,500005,5대광역시,100001,지수,100.141711683355,지수,,5대광역시,지수,2025년 8월,2025,8,2025-08-01
A_2024_00085,MM,202508,,,500004,6대광역시,100001,지수,100.155630668356,지수,,6대광역시,지수,2025년 8월,2025,8,2025-08-01
A_2024_00085,MM,202508,,,500007,8개도,100001,지수,100.272891501269,지수,,8개도,지수,2025년 8월,2025,8,2025-08-01
A_2024_00085,MM,202508,,,500006,9개도,100001,지수,99.8111307129041,지수,,9개도,지수,2025년 8월,2025,8,2025-08-01
A_2024_00085,MM,202508,,,510010,강남지역,100001,지수,98.0999181666208,지수,,서울>강남지역,지수,2025년 8월,2025,8,2025-08-01
A_2024_00085,MM,202508,,,510009,강북지역,100001,지수,98.8063442248323,지수,,서울>강북지역,지수,2025년 8월,2025,8,2025-08-01
A_2024_00085,MM,202508,,,500017,강원,100001,지수,99.9700035235532,지수,,강원,지수,2025년 8월,2025,8,2025-08-01
A_2024_00085,MM,202508,,,500009,경기,100001,지수,99.58722760473,지수,,경기,지수,2025년 8월,2025,8,2025-08-01
A_2024_00085,MM,202508,,,500023,경남,100001,지수,100.39386478106,지수,,경남,지수,2025년 8월,2025,8,2025-08-01
A_2024_00085,MM,202508,,,510012,경부1권,100001,지수,99.2637421994142,지수,,경기>경부1권,지수,2025년 8월,2025,8,2025-08-01
A_2024_00085,MM,202508,,,510013,경부2권,100001,지수,99.6610901918289,지수,,경기>경부2권,지수,2025년 8월,2025,8,2025-08-01
A_2024_00085,MM,202508,,,500022,경북,100001,지수,99.9251079292159,지수,,경북,지수,2025년 8월,2025,8,2025-08-01
A_2024_00085,MM,202508,,,510018,경원권,100001,지수,99.6537333385459,지수,,경기>경원권,지수,2025년 8월,2025,8,2025-08-01
A_2024_00085,MM,202508,,,510017,경의권,100001,지수,100.272051428001,지수,,경기>경의권,지수,2025년 8월,2025,8,2025-08-01
A_2024_00085,MM,202508,,,500013,광주,100001,지수,100.086241854473,지수,,전남광주>광주,지수,2025년 8월,2025,8,2025-08-01
A_2024_00085,MM,202508,,,500012,대구,100001,지수,100.483292639337,지수,,대구,지수,2025년 8월,2025,8,2025-08-01
A_2024_00085,MM,202508,,,500014,대전,100001,지수,100.05857484622,지수,,대전,지수,2025년 8월,2025,8,2025-08-01
A_2024_00085,MM,202508,,,520010,도심권,100001,지수,98.4213976323581,지수,,서울>강북지역>도심권,지수,2025년 8월,2025,8,2025-08-01
A_2024_00085,MM,202508,,,520015,동남권,100001,지수,97.1182763209284,지수,,서울>강남지역>동남권,지수,2025년 8월,2025,8,2025-08-01
A_2024_00085,MM,202508,,,510015,동부1권,100001,지수,99.5159150166316,지수,,경기>동부1권,지수,2025년 8월,2025,8,2025-08-01
A_2024_00085,MM,202508,,,510016,동부2권,100001,지수,100.057495845963,지수,,경기>동부2권,지수,2025년 8월,2025,8,2025-08-01
A_2024_00085,MM,202508,,,510022,동부산권,100001,지수,100.017222263829,지수,,부산>동부산권,지수,2025년 8월,2025,8,2025-08-01
A_2024_00085,MM,202508,,,520011,동북권,100001,지수,99.1026316239225,지수,,서울>강북지역>동북권,지수,2025년 8월,2025,8,2025-08-01
A_2024_00085,MM,202508,,,500011,부산,100001,지수,100.111575337843,지수,,부산,지수,2025년 8월,2025,8,2025-08-01
A_2024_00085,MM,202508,,,520014,서남권,100001,지수,98.7263353681525,지수,,서울>강남지역>서남권,지수,2025년 8월,2025,8,2025-08-01
A_2024_00085,MM,202508,,,510023,서부산권,100001,지수,100.600054805659,지수,,부산>서부산권,지수,2025년 8월,2025,8,2025-08-01
A_2024_00085,MM,202508,,,520012,서북권,100001,지수,98.4393961127898,지수,,서울>강북지역>서북권,지수,2025년 8월,2025,8,2025-08-01
A_2024_00085,MM,202508,,,500008,서울,100001,지수,98.4415505782727,지수,,서울,지수,2025년 8월,2025,8,2025-08-01
A_2024_00085,MM,202508,,,510014,서해안권,100001,지수,99.4315449691941,지수,,경기>서해안권,지수,2025년 8월,2025,8,2025-08-01
A_2024_00085,MM,202508,,,500016,세종,100001,지수,99.5943586983085,지수,,세종,지수,2025년 8월,2025,8,2025-08-01
A_2024_00085,MM,202508,,,500002,수도권,100001,지수,99.1371505150153,지수,,수도권,지수,2025년 8월,2025,8,2025-08-01
A_2024_00085,MM,202508,,,500015,울산,100001,지수,99.8224999193249,지수,,울산,지수,2025년 8월,2025,8,2025-08-01
A_2024_00085,MM,202508,,,500010,인천,100001,지수,100.174551196497,지수,,인천,지수,2025년 8월,2025,8,2025-08-01
A_2024_00085,MM,202508,,,500001,전국,100001,지수,99.4309442476734,지수,,전국,지수,2025년 8월,2025,8,2025-08-01
A_2024_00085,MM,202508,,,500021,전남,100001,지수,100.168035560107,지수,,전남광주>전남,지수,2025년 8월,2025,8,2025-08-01
A_2024_00085,MM,202508,,,500020,전북,100001,지수,100.544155742827,지수,,전북,지수,2025년 8월,2025,8,2025-08-01
A_2024_00085,MM,202508,,,500024,제주,100001,지수,100.720278933122,지수,,제주,지수,2025년 8월,2025,8,2025-08-01
A_2024_00085,MM,202508,,,510021,중부산권,100001,지수,99.9867291980378,지수,,부산>중부산권,지수,2025년 8월,2025,8,2025-08-01
A_2024_00085,MM,202508,,,500003,지방권,100001,지수,100.208015544438,지수,,지방권,지수,2025년 8월,2025,8,2025-08-01
A_2024_00085,MM,202508,,,500019,충남,100001,지수,100.113376995863,지수,,충남,지수,2025년 8월,2025,8,2025-08-01
A_2024_00085,MM,202508,,,500018,충북,100001,지수,100.33312020638,지수,,충북,지수,2025년 8월,2025,8,2025-08-01
A_2024_00085,MM,202509,,,500005,5대광역시,100001,지수,100.092259601926,지수,,5대광역시,지수,2025년 9월,2025,9,2025-09-01
A_2024_00085,MM,202509,,,500004,6대광역시,100001,지수,100.099702116184,지수,,6대광역시,지수,2025년 9월,2025,9,2025-09-01
A_2024_00085,MM,202509,,,500007,8개도,100001,지수,100.217019677681,지수,,8개도,지수,2025년 9월,2025,9,2025-09-01
A_2024_00085,MM,202509,,,500006,9개도,100001,지수,99.8513355040678,지수,,9개도,지수,2025년 9월,2025,9,2025-09-01
A_2024_00085,MM,202509,,,510010,강남지역,100001,지수,98.3530787969252,지수,,서울>강남지역,지수,2025년 9월,2025,9,2025-09-01
A_2024_00085,MM,202509,,,510009,강북지역,100001,지수,98.9646299627117,지수,,서울>강북지역,지수,2025년 9월,2025,9,2025-09-01
A_2024_00085,MM,202509,,,500017,강원,100001,지수,99.9665334921411,지수,,강원,지수,2025년 9월,2025,9,2025-09-01
A_2024_00085,MM,202509,,,500009,경기,100001,지수,99.6738923445756,지수,,경기,지수,2025년 9월,2025,9,2025-09-01
A_2024_00085,MM,202509,,,500023,경남,100001,지수,100.301062982417,지수,,경남,지수,2025년 9월,2025,9,2025-09-01
A_2024_00085,MM,202509,,,510012,경부1권,100001,지수,99.4673762559073,지수,,경기>경부1권,지수,2025년 9월,2025,9,2025-09-01
A_2024_00085,MM,202509,,,510013,경부2권,100001,지수,99.6612195454591,지수,,경기>경부2권,지수,2025년 9월,2025,9,2025-09-01
A_2024_00085,MM,202509,,,500022,경북,100001,지수,99.9513738645954,지수,,경북,지수,2025년 9월,2025,9,2025-09-01
A_2024_00085,MM,202509,,,510018,경원권,100001,지수,99.68965012311,지수,,경기>경원권,지수,2025년 9월,2025,9,2025-09-01
A_2024_00085,MM,202509,,,510017,경의권,100001,지수,100.247176782417,지수,,경기>경의권,지수,2025년 9월,2025,9,2025-09-01
A_2024_00085,MM,202509,,,500013,광주,100001,지수,100.061167754389,지수,,전남광주>광주,지수,2025년 9월,2025,9,2025-09-01
A_2024_00085,MM,202509,,,500012,대구,100001,지수,100.396413710231,지수,,대구,지수,2025년 9월,2025,9,2025-09-01
A_2024_00085,MM,202509,,,500014,대전,100001,지수,100.011736457839,지수,,대전,지수,2025년 9월,2025,9,2025-09-01
A_2024_00085,MM,202509,,,520010,도심권,100001,지수,98.7263596220987,지수,,서울>강북지역>도심권,지수,2025년 9월,2025,9,2025-09-01
A_2024_00085,MM,202509,,,520015,동남권,100001,지수,97.5836987234653,지수,,서울>강남지역>동남권,지수,2025년 9월,2025,9,2025-09-01
A_2024_00085,MM,202509,,,510015,동부1권,100001,지수,99.5688418609821,지수,,경기>동부1권,지수,2025년 9월,2025,9,2025-09-01
A_2024_00085,MM,202509,,,510016,동부2권,100001,지수,99.9682727137549,지수,,경기>동부2권,지수,2025년 9월,2025,9,2025-09-01
A_2024_00085,MM,202509,,,510022,동부산권,100001,지수,99.9518150698703,지수,,부산>동부산권,지수,2025년 9월,2025,9,2025-09-01
A_2024_00085,MM,202509,,,520011,동북권,100001,지수,99.2165166790891,지수,,서울>강북지역>동북권,지수,2025년 9월,2025,9,2025-09-01
A_2024_00085,MM,202509,,,500011,부산,100001,지수,100.057939899011,지수,,부산,지수,2025년 9월,2025,9,2025-09-01
A_2024_00085,MM,202509,,,520014,서남권,100001,지수,98.8431629140282,지수,,서울>강남지역>서남권,지수,2025년 9월,2025,9,2025-09-01
A_2024_00085,MM,202509,,,510023,서부산권,100001,지수,100.491597633932,지수,,부산>서부산권,지수,2025년 9월,2025,9,2025-09-01
A_2024_00085,MM,202509,,,520012,서북권,100001,지수,98.6217081042554,지수,,서울>강북지역>서북권,지수,2025년 9월,2025,9,2025-09-01
A_2024_00085,MM,202509,,,500008,서울,100001,지수,98.6489036494518,지수,,서울,지수,2025년 9월,2025,9,2025-09-01
A_2024_00085,MM,202509,,,510014,서해안권,100001,지수,99.5885928424504,지수,,경기>서해안권,지수,2025년 9월,2025,9,2025-09-01
A_2024_00085,MM,202509,,,500016,세종,100001,지수,99.5530298169789,지수,,세종,지수,2025년 9월,2025,9,2025-09-01
A_2024_00085,MM,202509,,,500002,수도권,100001,지수,99.2597659697678,지수,,수도권,지수,2025년 9월,2025,9,2025-09-01
A_2024_00085,MM,202509,,,500015,울산,100001,지수,99.8519968509006,지수,,울산,지수,2025년 9월,2025,9,2025-09-01
A_2024_00085,MM,202509,,,500010,인천,100001,지수,100.109818196184,지수,,인천,지수,2025년 9월,2025,9,2025-09-01
A_2024_00085,MM,202509,,,500001,전국,100001,지수,99.5055963714811,지수,,전국,지수,2025년 9월,2025,9,2025-09-01
A_2024_00085,MM,202509,,,500021,전남,100001,지수,100.095272959785,지수,,전남광주>전남,지수,2025년 9월,2025,9,2025-09-01
A_2024_00085,MM,202509,,,500020,전북,100001,지수,100.415421221025,지수,,전북,지수,2025년 9월,2025,9,2025-09-01
A_2024_00085,MM,202509,,,500024,제주,100001,지수,100.577240382221,지수,,제주,지수,2025년 9월,2025,9,2025-09-01
A_2024_00085,MM,202509,,,510021,중부산권,100001,지수,99.9591646704738,지수,,부산>중부산권,지수,2025년 9월,2025,9,2025-09-01
A_2024_00085,MM,202509,,,500003,지방권,100001,지수,100.155233494166,지수,,지방권,지수,2025년 9월,2025,9,2025-09-01
A_2024_00085,MM,202509,,,500019,충남,100001,지수,100.13075010445,지수,,충남,지수,2025년 9월,2025,9,2025-09-01
A_2024_00085,MM,202509,,,500018,충북,100001,지수,100.23829788772,지수,,충북,지수,2025년 9월,2025,9,2025-09-01
A_2024_00085,MM,202510,,,500005,5대광역시,100001,지수,100.059733593255,지수,,5대광역시,지수,2025년 10월,2025,10,2025-10-01
A_2024_00085,MM,202510,,,500004,6대광역시,100001,지수,100.115547746006,지수,,6대광역시,지수,2025년 10월,2025,10,2025-10-01
A_2024_00085,MM,202510,,,500007,8개도,100001,지수,100.136149633574,지수,,8개도,지수,2025년 10월,2025,10,2025-10-01
A_2024_00085,MM,202510,,,500006,9개도,100001,지수,99.9278703508868,지수,,9개도,지수,2025년 10월,2025,10,2025-10-01
A_2024_00085,MM,202510,,,510010,강남지역,100001,지수,98.7702999916472,지수,,서울>강남지역,지수,2025년 10월,2025,10,2025-10-01
A_2024_00085,MM,202510,,,510009,강북지역,100001,지수,99.2027458272387,지수,,서울>강북지역,지수,2025년 10월,2025,10,2025-10-01
A_2024_00085,MM,202510,,,500017,강원,100001,지수,99.9816466194706,지수,,강원,지수,2025년 10월,2025,10,2025-10-01
A_2024_00085,MM,202510,,,500009,경기,100001,지수,99.8266874297485,지수,,경기,지수,2025년 10월,2025,10,2025-10-01
A_2024_00085,MM,202510,,,500023,경남,100001,지수,100.21604441949,지수,,경남,지수,2025년 10월,2025,10,2025-10-01
A_2024_00085,MM,202510,,,510012,경부1권,100001,지수,99.6837056128701,지수,,경기>경부1권,지수,2025년 10월,2025,10,2025-10-01
A_2024_00085,MM,202510,,,510013,경부2권,100001,지수,99.6978018538652,지수,,경기>경부2권,지수,2025년 10월,2025,10,2025-10-01
A_2024_00085,MM,202510,,,500022,경북,100001,지수,99.9834301205776,지수,,경북,지수,2025년 10월,2025,10,2025-10-01
A_2024_00085,MM,202510,,,510018,경원권,100001,지수,99.7514768340225,지수,,경기>경원권,지수,2025년 10월,2025,10,2025-10-01
A_2024_00085,MM,202510,,,510017,경의권,100001,지수,100.227466123185,지수,,경기>경의권,지수,2025년 10월,2025,10,2025-10-01
A_2024_00085,MM,202510,,,500013,광주,100001,지수,99.9722247778855,지수,,전남광주>광주,지수,2025년 10월,2025,10,2025-10-01
A_2024_00085,MM,202510,,,500012,대구,100001,지수,100.311678651561,지수,,대구,지수,2025년 10월,2025,10,2025-10-01
A_2024_00085,MM,202510,,,500014,대전,100001,지수,100.017518232945,지수,,대전,지수,2025년 10월,2025,10,2025-10-01
A_2024_00085,MM,202510,,,520010,도심권,100001,지수,99.0634476090855,지수,,서울>강북지역>도심권,지수,2025년 10월,2025,10,2025-10-01
A_2024_00085,MM,202510,,,520015,동남권,100001,지수,98.3032929164919,지수,,서울>강남지역>동남권,지수,2025년 10월,2025,10,2025-10-01
A_2024_00085,MM,202510,,,510015,동부1권,100001,지수,99.6797104100397,지수,,경기>동부1권,지수,2025년 10월,2025,10,2025-10-01
A_2024_00085,MM,202510,,,510016,동부2권,100001,지수,100.065626243772,지수,,경기>동부2권,지수,2025년 10월,2025,10,2025-10-01
A_2024_00085,MM,202510,,,510022,동부산권,100001,지수,99.9387755324041,지수,,부산>동부산권,지수,2025년 10월,2025,10,2025-10-01
A_2024_00085,MM,202510,,,520011,동북권,100001,지수,99.3574116584507,지수,,서울>강북지역>동북권,지수,2025년 10월,2025,10,2025-10-01
A_2024_00085,MM,202510,,,500011,부산,100001,지수,100.028925443535,지수,,부산,지수,2025년 10월,2025,10,2025-10-01
A_2024_00085,MM,202510,,,520014,서남권,100001,지수,99.0670217681312,지수,,서울>강남지역>서남권,지수,2025년 10월,2025,10,2025-10-01
A_2024_00085,MM,202510,,,510023,서부산권,100001,지수,100.374650330796,지수,,부산>서부산권,지수,2025년 10월,2025,10,2025-10-01
A_2024_00085,MM,202510,,,520012,서북권,100001,지수,98.9894677978084,지수,,서울>강북지역>서북권,지수,2025년 10월,2025,10,2025-10-01
A_2024_00085,MM,202510,,,500008,서울,100001,지수,98.979585272239,지수,,서울,지수,2025년 10월,2025,10,2025-10-01
A_2024_00085,MM,202510,,,510014,서해안권,100001,지수,99.8568075928756,지수,,경기>서해안권,지수,2025년 10월,2025,10,2025-10-01
A_2024_00085,MM,202510,,,500016,세종,100001,지수,99.5893583373318,지수,,세종,지수,2025년 10월,2025,10,2025-10-01
A_2024_00085,MM,202510,,,500002,수도권,100001,지수,99.4852657907176,지수,,수도권,지수,2025년 10월,2025,10,2025-10-01
A_2024_00085,MM,202510,,,500015,울산,100001,지수,99.8813130144566,지수,,울산,지수,2025년 10월,2025,10,2025-10-01
A_2024_00085,MM,202510,,,500010,인천,100001,지수,100.191455213595,지수,,인천,지수,2025년 10월,2025,10,2025-10-01
A_2024_00085,MM,202510,,,500001,전국,100001,지수,99.6535593103774,지수,,전국,지수,2025년 10월,2025,10,2025-10-01
A_2024_00085,MM,202510,,,500021,전남,100001,지수,99.9874297220722,지수,,전남광주>전남,지수,2025년 10월,2025,10,2025-10-01
A_2024_00085,MM,202510,,,500020,전북,100001,지수,100.267857515607,지수,,전북,지수,2025년 10월,2025,10,2025-10-01
A_2024_00085,MM,202510,,,500024,제주,100001,지수,100.382760544579,지수,,제주,지수,2025년 10월,2025,10,2025-10-01
A_2024_00085,MM,202510,,,510021,중부산권,100001,지수,99.9531151662511,지수,,부산>중부산권,지수,2025년 10월,2025,10,2025-10-01
A_2024_00085,MM,202510,,,500003,지방권,100001,지수,100.097663299357,지수,,지방권,지수,2025년 10월,2025,10,2025-10-01
A_2024_00085,MM,202510,,,500019,충남,100001,지수,100.01507471783,지수,,충남,지수,2025년 10월,2025,10,2025-10-01
A_2024_00085,MM,202510,,,500018,충북,100001,지수,100.196960938127,지수,,충북,지수,2025년 10월,2025,10,2025-10-01
A_2024_00085,MM,202511,,,500005,5대광역시,100001,지수,100.023922233636,지수,,5대광역시,지수,2025년 11월,2025,11,2025-11-01
A_2024_00085,MM,202511,,,500004,6대광역시,100001,지수,100.102231493183,지수,,6대광역시,지수,2025년 11월,2025,11,2025-11-01
A_2024_00085,MM,202511,,,500007,8개도,100001,지수,100.06674168603,지수,,8개도,지수,2025년 11월,2025,11,2025-11-01
A_2024_00085,MM,202511,,,500006,9개도,100001,지수,99.8963178692656,지수,,9개도,지수,2025년 11월,2025,11,2025-11-01
A_2024_00085,MM,202511,,,510010,강남지역,100001,지수,99.2312483481021,지수,,서울>강남지역,지수,2025년 11월,2025,11,2025-11-01
A_2024_00085,MM,202511,,,510009,강북지역,100001,지수,99.4639367832505,지수,,서울>강북지역,지수,2025년 11월,2025,11,2025-11-01
A_2024_00085,MM,202511,,,500017,강원,100001,지수,99.9283132224395,지수,,강원,지수,2025년 11월,2025,11,2025-11-01
A_2024_00085,MM,202511,,,500009,경기,100001,지수,99.8135020450378,지수,,경기,지수,2025년 11월,2025,11,2025-11-01
A_2024_00085,MM,202511,,,500023,경남,100001,지수,100.07898378023,지수,,경남,지수,2025년 11월,2025,11,2025-11-01
A_2024_00085,MM,202511,,,510012,경부1권,100001,지수,99.7432956675273,지수,,경기>경부1권,지수,2025년 11월,2025,11,2025-11-01
A_2024_00085,MM,202511,,,510013,경부2권,100001,지수,99.7990756918056,지수,,경기>경부2권,지수,2025년 11월,2025,11,2025-11-01
A_2024_00085,MM,202511,,,500022,경북,100001,지수,99.9526168744279,지수,,경북,지수,2025년 11월,2025,11,2025-11-01
A_2024_00085,MM,202511,,,510018,경원권,100001,지수,99.7339591099239,지수,,경기>경원권,지수,2025년 11월,2025,11,2025-11-01
A_2024_00085,MM,202511,,,510017,경의권,100001,지수,100.139167040821,지수,,경기>경의권,지수,2025년 11월,2025,11,2025-11-01
A_2024_00085,MM,202511,,,500013,광주,100001,지수,99.98459852976,지수,,전남광주>광주,지수,2025년 11월,2025,11,2025-11-01
A_2024_00085,MM,202511,,,500012,대구,100001,지수,100.237110986373,지수,,대구,지수,2025년 11월,2025,11,2025-11-01
A_2024_00085,MM,202511,,,500014,대전,100001,지수,99.9428212971651,지수,,대전,지수,2025년 11월,2025,11,2025-11-01
A_2024_00085,MM,202511,,,520010,도심권,100001,지수,99.4066382687078,지수,,서울>강북지역>도심권,지수,2025년 11월,2025,11,2025-11-01
A_2024_00085,MM,202511,,,520015,동남권,100001,지수,98.9738626900402,지수,,서울>강남지역>동남권,지수,2025년 11월,2025,11,2025-11-01
A_2024_00085,MM,202511,,,510015,동부1권,100001,지수,99.8415017645998,지수,,경기>동부1권,지수,2025년 11월,2025,11,2025-11-01
A_2024_00085,MM,202511,,,510016,동부2권,100001,지수,100.09725637767,지수,,경기>동부2권,지수,2025년 11월,2025,11,2025-11-01
A_2024_00085,MM,202511,,,510022,동부산권,100001,지수,99.9185402099532,지수,,부산>동부산권,지수,2025년 11월,2025,11,2025-11-01
A_2024_00085,MM,202511,,,520011,동북권,100001,지수,99.5675786441932,지수,,서울>강북지역>동북권,지수,2025년 11월,2025,11,2025-11-01
A_2024_00085,MM,202511,,,500011,부산,100001,지수,99.9981069928548,지수,,부산,지수,2025년 11월,2025,11,2025-11-01
A_2024_00085,MM,202511,,,520014,서남권,100001,지수,99.3944974741629,지수,,서울>강남지역>서남권,지수,2025년 11월,2025,11,2025-11-01
A_2024_00085,MM,202511,,,510023,서부산권,100001,지수,100.244484279423,지수,,부산>서부산권,지수,2025년 11월,2025,11,2025-11-01
A_2024_00085,MM,202511,,,520012,서북권,100001,지수,99.3084647542665,지수,,서울>강북지역>서북권,지수,2025년 11월,2025,11,2025-11-01
A_2024_00085,MM,202511,,,500008,서울,100001,지수,99.3439184806343,지수,,서울,지수,2025년 11월,2025,11,2025-11-01
A_2024_00085,MM,202511,,,510014,서해안권,100001,지수,99.7234882105855,지수,,경기>서해안권,지수,2025년 11월,2025,11,2025-11-01
A_2024_00085,MM,202511,,,500016,세종,100001,지수,99.6916801748459,지수,,세종,지수,2025년 11월,2025,11,2025-11-01
A_2024_00085,MM,202511,,,500002,수도권,100001,지수,99.6498071552597,지수,,수도권,지수,2025년 11월,2025,11,2025-11-01
A_2024_00085,MM,202511,,,500015,울산,100001,지수,99.9109903051857,지수,,울산,지수,2025년 11월,2025,11,2025-11-01
A_2024_00085,MM,202511,,,500010,인천,100001,지수,100.208760658064,지수,,인천,지수,2025년 11월,2025,11,2025-11-01
A_2024_00085,MM,202511,,,500001,전국,100001,지수,99.7584583387857,지수,,전국,지수,2025년 11월,2025,11,2025-11-01
A_2024_00085,MM,202511,,,500021,전남,100001,지수,99.9524137756178,지수,,전남광주>전남,지수,2025년 11월,2025,11,2025-11-01
A_2024_00085,MM,202511,,,500020,전북,100001,지수,100.175816550985,지수,,전북,지수,2025년 11월,2025,11,2025-11-01
A_2024_00085,MM,202511,,,500024,제주,100001,지수,100.226369491639,지수,,제주,지수,2025년 11월,2025,11,2025-11-01
A_2024_00085,MM,202511,,,510021,중부산권,100001,지수,99.9523293900108,지수,,부산>중부산권,지수,2025년 11월,2025,11,2025-11-01
A_2024_00085,MM,202511,,,500003,지방권,100001,지수,100.044861718647,지수,,지방권,지수,2025년 11월,2025,11,2025-11-01
A_2024_00085,MM,202511,,,500019,충남,100001,지수,100.038114980491,지수,,충남,지수,2025년 11월,2025,11,2025-11-01
A_2024_00085,MM,202511,,,500018,충북,100001,지수,100.151327287808,지수,,충북,지수,2025년 11월,2025,11,2025-11-01
A_2024_00085,MM,202512,,,500005,5대광역시,100001,지수,99.9829289306368,지수,,5대광역시,지수,2025년 12월,2025,12,2025-12-01
A_2024_00085,MM,202512,,,500004,6대광역시,100001,지수,100.060485451441,지수,,6대광역시,지수,2025년 12월,2025,12,2025-12-01
A_2024_00085,MM,202512,,,500007,8개도,100001,지수,100.044833340412,지수,,8개도,지수,2025년 12월,2025,12,2025-12-01
A_2024_00085,MM,202512,,,500006,9개도,100001,지수,99.976901829639,지수,,9개도,지수,2025년 12월,2025,12,2025-12-01
A_2024_00085,MM,202512,,,510010,강남지역,100001,지수,99.6491154270354,지수,,서울>강남지역,지수,2025년 12월,2025,12,2025-12-01
A_2024_00085,MM,202512,,,510009,강북지역,100001,지수,99.7159701657646,지수,,서울>강북지역,지수,2025년 12월,2025,12,2025-12-01
A_2024_00085,MM,202512,,,500017,강원,100001,지수,100.005006565662,지수,,강원,지수,2025년 12월,2025,12,2025-12-01
A_2024_00085,MM,202512,,,500009,경기,100001,지수,99.9438659921848,지수,,경기,지수,2025년 12월,2025,12,2025-12-01
A_2024_00085,MM,202512,,,500023,경남,100001,지수,100.093439869639,지수,,경남,지수,2025년 12월,2025,12,2025-12-01
A_2024_00085,MM,202512,,,510012,경부1권,100001,지수,99.8533278962932,지수,,경기>경부1권,지수,2025년 12월,2025,12,2025-12-01
A_2024_00085,MM,202512,,,510013,경부2권,100001,지수,99.8741499055192,지수,,경기>경부2권,지수,2025년 12월,2025,12,2025-12-01
A_2024_00085,MM,202512,,,500022,경북,100001,지수,99.9916064965414,지수,,경북,지수,2025년 12월,2025,12,2025-12-01
A_2024_00085,MM,202512,,,510018,경원권,100001,지수,99.8853593720869,지수,,경기>경원권,지수,2025년 12월,2025,12,2025-12-01
A_2024_00085,MM,202512,,,510017,경의권,100001,지수,100.034538952734,지수,,경기>경의권,지수,2025년 12월,2025,12,2025-12-01
A_2024_00085,MM,202512,,,500013,광주,100001,지수,99.9964155223531,지수,,전남광주>광주,지수,2025년 12월,2025,12,2025-12-01
A_2024_00085,MM,202512,,,500012,대구,100001,지수,100.014202329932,지수,,대구,지수,2025년 12월,2025,12,2025-12-01
A_2024_00085,MM,202512,,,500014,대전,100001,지수,99.9748975785594,지수,,대전,지수,2025년 12월,2025,12,2025-12-01
A_2024_00085,MM,202512,,,520010,도심권,100001,지수,99.7076626843254,지수,,서울>강북지역>도심권,지수,2025년 12월,2025,12,2025-12-01
A_2024_00085,MM,202512,,,520015,동남권,100001,지수,99.5426361293985,지수,,서울>강남지역>동남권,지수,2025년 12월,2025,12,2025-12-01
A_2024_00085,MM,202512,,,510015,동부1권,100001,지수,99.9077393722929,지수,,경기>동부1권,지수,2025년 12월,2025,12,2025-12-01
A_2024_00085,MM,202512,,,510016,동부2권,100001,지수,100.042366016597,지수,,경기>동부2권,지수,2025년 12월,2025,12,2025-12-01
A_2024_00085,MM,202512,,,510022,동부산권,100001,지수,99.893937557775,지수,,부산>동부산권,지수,2025년 12월,2025,12,2025-12-01
A_2024_00085,MM,202512,,,520011,동북권,100001,지수,99.7677334568717,지수,,서울>강북지역>동북권,지수,2025년 12월,2025,12,2025-12-01
A_2024_00085,MM,202512,,,500011,부산,100001,지수,99.979843443156,지수,,부산,지수,2025년 12월,2025,12,2025-12-01
A_2024_00085,MM,202512,,,520014,서남권,100001,지수,99.7165666670807,지수,,서울>강남지역>서남권,지수,2025년 12월,2025,12,2025-12-01
A_2024_00085,MM,202512,,,510023,서부산권,100001,지수,100.120924913023,지수,,부산>서부산권,지수,2025년 12월,2025,12,2025-12-01
A_2024_00085,MM,202512,,,520012,서북권,100001,지수,99.6312498914958,지수,,서울>강북지역>서북권,지수,2025년 12월,2025,12,2025-12-01
A_2024_00085,MM,202512,,,500008,서울,100001,지수,99.681501133586,지수,,서울,지수,2025년 12월,2025,12,2025-12-01
A_2024_00085,MM,202512,,,510014,서해안권,100001,지수,99.9909494825856,지수,,경기>서해안권,지수,2025년 12월,2025,12,2025-12-01
A_2024_00085,MM,202512,,,500016,세종,100001,지수,99.8579897714419,지수,,세종,지수,2025년 12월,2025,12,2025-12-01
A_2024_00085,MM,202512,,,500002,수도권,100001,지수,99.8526929793638,지수,,수도권,지수,2025년 12월,2025,12,2025-12-01
A_2024_00085,MM,202512,,,500015,울산,100001,지수,99.9443937984838,지수,,울산,지수,2025년 12월,2025,12,2025-12-01
A_2024_00085,MM,202512,,,500010,인천,100001,지수,100.165989720661,지수,,인천,지수,2025년 12월,2025,12,2025-12-01
A_2024_00085,MM,202512,,,500001,전국,100001,지수,99.8973261974042,지수,,전국,지수,2025년 12월,2025,12,2025-12-01
A_2024_00085,MM,202512,,,500021,전남,100001,지수,100.02130848824,지수,,전남광주>전남,지수,2025년 12월,2025,12,2025-12-01
A_2024_00085,MM,202512,,,500020,전북,100001,지수,100.113849942112,지수,,전북,지수,2025년 12월,2025,12,2025-12-01
A_2024_00085,MM,202512,,,500024,제주,100001,지수,100.107356459659,지수,,제주,지수,2025년 12월,2025,12,2025-12-01
A_2024_00085,MM,202512,,,510021,중부산권,100001,지수,99.9754625608478,지수,,부산>중부산권,지수,2025년 12월,2025,12,2025-12-01
A_2024_00085,MM,202512,,,500003,지방권,100001,지수,100.014841640909,지수,,지방권,지수,2025년 12월,2025,12,2025-12-01
A_2024_00085,MM,202512,,,500019,충남,100001,지수,100.024335870298,지수,,충남,지수,2025년 12월,2025,12,2025-12-01
A_2024_00085,MM,202512,,,500018,충북,100001,지수,99.9799325290549,지수,,충북,지수,2025년 12월,2025,12,2025-12-01
A_2024_00085,MM,202601,,,500005,5대광역시,100001,지수,100.0,지수,,5대광역시,지수,2026년 1월,2026,1,2026-01-01
A_2024_00085,MM,202601,,,500004,6대광역시,100001,지수,100.0,지수,,6대광역시,지수,2026년 1월,2026,1,2026-01-01
A_2024_00085,MM,202601,,,500007,8개도,100001,지수,100.0,지수,,8개도,지수,2026년 1월,2026,1,2026-01-01
A_2024_00085,MM,202601,,,500006,9개도,100001,지수,100.0,지수,,9개도,지수,2026년 1월,2026,1,2026-01-01
A_2024_00085,MM,202601,,,510010,강남지역,100001,지수,100.0,지수,,서울>강남지역,지수,2026년 1월,2026,1,2026-01-01
A_2024_00085,MM,202601,,,510009,강북지역,100001,지수,100.0,지수,,서울>강북지역,지수,2026년 1월,2026,1,2026-01-01
A_2024_00085,MM,202601,,,500017,강원,100001,지수,100.0,지수,,강원,지수,2026년 1월,2026,1,2026-01-01
A_2024_00085,MM,202601,,,500009,경기,100001,지수,100.0,지수,,경기,지수,2026년 1월,2026,1,2026-01-01
A_2024_00085,MM,202601,,,500023,경남,100001,지수,100.0,지수,,경남,지수,2026년 1월,2026,1,2026-01-01
A_2024_00085,MM,202601,,,510012,경부1권,100001,지수,100.0,지수,,경기>경부1권,지수,2026년 1월,2026,1,2026-01-01
A_2024_00085,MM,202601,,,510013,경부2권,100001,지수,100.0,지수,,경기>경부2권,지수,2026년 1월,2026,1,2026-01-01
A_2024_00085,MM,202601,,,500022,경북,100001,지수,100.0,지수,,경북,지수,2026년 1월,2026,1,2026-01-01
A_2024_00085,MM,202601,,,510018,경원권,100001,지수,100.0,지수,,경기>경원권,지수,2026년 1월,2026,1,2026-01-01
A_2024_00085,MM,202601,,,510017,경의권,100001,지수,100.0,지수,,경기>경의권,지수,2026년 1월,2026,1,2026-01-01
A_2024_00085,MM,202601,,,500013,광주,100001,지수,100.0,지수,,전남광주>광주,지수,2026년 1월,2026,1,2026-01-01
A_2024_00085,MM,202601,,,500012,대구,100001,지수,100.0,지수,,대구,지수,2026년 1월,2026,1,2026-01-01
A_2024_00085,MM,202601,,,500014,대전,100001,지수,100.0,지수,,대전,지수,2026년 1월,2026,1,2026-01-01
A_2024_00085,MM,202601,,,520010,도심권,100001,지수,100.0,지수,,서울>강북지역>도심권,지수,2026년 1월,2026,1,2026-01-01
A_2024_00085,MM,202601,,,520015,동남권,100001,지수,100.0,지수,,서울>강남지역>동남권,지수,2026년 1월,2026,1,2026-01-01
A_2024_00085,MM,202601,,,510015,동부1권,100001,지수,100.0,지수,,경기>동부1권,지수,2026년 1월,2026,1,2026-01-01
A_2024_00085,MM,202601,,,510016,동부2권,100001,지수,100.0,지수,,경기>동부2권,지수,2026년 1월,2026,1,2026-01-01
A_2024_00085,MM,202601,,,510022,동부산권,100001,지수,100.0,지수,,부산>동부산권,지수,2026년 1월,2026,1,2026-01-01
A_2024_00085,MM,202601,,,520011,동북권,100001,지수,100.0,지수,,서울>강북지역>동북권,지수,2026년 1월,2026,1,2026-01-01
A_2024_00085,MM,202601,,,500011,부산,100001,지수,100.0,지수,,부산,지수,2026년 1월,2026,1,2026-01-01
A_2024_00085,MM,202601,,,520014,서남권,100001,지수,100.0,지수,,서울>강남지역>서남권,지수,2026년 1월,2026,1,2026-01-01
A_2024_00085,MM,202601,,,510023,서부산권,100001,지수,100.0,지수,,부산>서부산권,지수,2026년 1월,2026,1,2026-01-01
A_2024_00085,MM,202601,,,520012,서북권,100001,지수,100.0,지수,,서울>강북지역>서북권,지수,2026년 1월,2026,1,2026-01-01
A_2024_00085,MM,202601,,,500008,서울,100001,지수,100.0,지수,,서울,지수,2026년 1월,2026,1,2026-01-01
A_2024_00085,MM,202601,,,510014,서해안권,100001,지수,100.0,지수,,경기>서해안권,지수,2026년 1월,2026,1,2026-01-01
A_2024_00085,MM,202601,,,500016,세종,100001,지수,100.0,지수,,세종,지수,2026년 1월,2026,1,2026-01-01
A_2024_00085,MM,202601,,,500002,수도권,100001,지수,100.0,지수,,수도권,지수,2026년 1월,2026,1,2026-01-01
A_2024_00085,MM,202601,,,500015,울산,100001,지수,100.0,지수,,울산,지수,2026년 1월,2026,1,2026-01-01
A_2024_00085,MM,202601,,,500010,인천,100001,지수,100.0,지수,,인천,지수,2026년 1월,2026,1,2026-01-01
A_2024_00085,MM,202601,,,500001,전국,100001,지수,100.0,지수,,전국,지수,2026년 1월,2026,1,2026-01-01
A_2024_00085,MM,202601,,,500021,전남,100001,지수,100.0,지수,,전남광주>전남,지수,2026년 1월,2026,1,2026-01-01
A_2024_00085,MM,202601,,,500020,전북,100001,지수,100.0,지수,,전북,지수,2026년 1월,2026,1,2026-01-01
A_2024_00085,MM,202601,,,500024,제주,100001,지수,100.0,지수,,제주,지수,2026년 1월,2026,1,2026-01-01
A_2024_00085,MM,202601,,,510021,중부산권,100001,지수,100.0,지수,,부산>중부산권,지수,2026년 1월,2026,1,2026-01-01
A_2024_00085,MM,202601,,,500003,지방권,100001,지수,100.0,지수,,지방권,지수,2026년 1월,2026,1,2026-01-01
A_2024_00085,MM,202601,,,500019,충남,100001,지수,100.0,지수,,충남,지수,2026년 1월,2026,1,2026-01-01
A_2024_00085,MM,202601,,,500018,충북,100001,지수,100.0,지수,,충북,지수,2026년 1월,2026,1,2026-01-01
A_2024_00085,MM,202602,,,500005,5대광역시,100001,지수,100.016812095675,지수,,5대광역시,지수,2026년 2월,2026,2,2026-02-01
A_2024_00085,MM,202602,,,500004,6대광역시,100001,지수,99.9753489710746,지수,,6대광역시,지수,2026년 2월,2026,2,2026-02-01
A_2024_00085,MM,202602,,,500007,8개도,100001,지수,99.9610735029396,지수,,8개도,지수,2026년 2월,2026,2,2026-02-01
A_2024_00085,MM,202602,,,500006,9개도,100001,지수,100.028945185138,지수,,9개도,지수,2026년 2월,2026,2,2026-02-01
A_2024_00085,MM,202602,,,510010,강남지역,100001,지수,100.250077592566,지수,,서울>강남지역,지수,2026년 2월,2026,2,2026-02-01
A_2024_00085,MM,202602,,,510009,강북지역,100001,지수,100.272356145782,지수,,서울>강북지역,지수,2026년 2월,2026,2,2026-02-01
A_2024_00085,MM,202602,,,500017,강원,100001,지수,100.055018835271,지수,,강원,지수,2026년 2월,2026,2,2026-02-01
A_2024_00085,MM,202602,,,500009,경기,100001,지수,100.063292139744,지수,,경기,지수,2026년 2월,2026,2,2026-02-01
A_2024_00085,MM,202602,,,500023,경남,100001,지수,99.9333395707206,지수,,경남,지수,2026년 2월,2026,2,2026-02-01
A_2024_00085,MM,202602,,,510012,경부1권,100001,지수,100.127790012643,지수,,경기>경부1권,지수,2026년 2월,2026,2,2026-02-01
A_2024_00085,MM,202602,,,510013,경부2권,100001,지수,100.086912666573,지수,,경기>경부2권,지수,2026년 2월,2026,2,2026-02-01
A_2024_00085,MM,202602,,,500022,경북,100001,지수,100.040794204566,지수,,경북,지수,2026년 2월,2026,2,2026-02-01
A_2024_00085,MM,202602,,,510018,경원권,100001,지수,100.099383429149,지수,,경기>경원권,지수,2026년 2월,2026,2,2026-02-01
A_2024_00085,MM,202602,,,510017,경의권,100001,지수,99.976717518391,지수,,경기>경의권,지수,2026년 2월,2026,2,2026-02-01
A_2024_00085,MM,202602,,,500013,광주,100001,지수,99.970735889054,지수,,전남광주>광주,지수,2026년 2월,2026,2,2026-02-01
A_2024_00085,MM,202602,,,500012,대구,100001,지수,99.9812139898113,지수,,대구,지수,2026년 2월,2026,2,2026-02-01
A_2024_00085,MM,202602,,,500014,대전,100001,지수,99.9797170342579,지수,,대전,지수,2026년 2월,2026,2,2026-02-01
A_2024_00085,MM,202602,,,520010,도심권,100001,지수,100.276958124831,지수,,서울>강북지역>도심권,지수,2026년 2월,2026,2,2026-02-01
A_2024_00085,MM,202602,,,520015,동남권,100001,지수,100.274637515191,지수,,서울>강남지역>동남권,지수,2026년 2월,2026,2,2026-02-01
A_2024_00085,MM,202602,,,510015,동부1권,100001,지수,100.060330338457,지수,,경기>동부1권,지수,2026년 2월,2026,2,2026-02-01
A_2024_00085,MM,202602,,,510016,동부2권,100001,지수,99.9499964378995,지수,,경기>동부2권,지수,2026년 2월,2026,2,2026-02-01
A_2024_00085,MM,202602,,,510022,동부산권,100001,지수,100.013739383209,지수,,부산>동부산권,지수,2026년 2월,2026,2,2026-02-01
A_2024_00085,MM,202602,,,520011,동북권,100001,지수,100.201972976389,지수,,서울>강북지역>동북권,지수,2026년 2월,2026,2,2026-02-01
A_2024_00085,MM,202602,,,500011,부산,100001,지수,100.034504619905,지수,,부산,지수,2026년 2월,2026,2,2026-02-01
A_2024_00085,MM,202602,,,520014,서남권,100001,지수,100.234651892842,지수,,서울>강남지역>서남권,지수,2026년 2월,2026,2,2026-02-01
A_2024_00085,MM,202602,,,510023,서부산권,100001,지수,99.8792842404993,지수,,부산>서부산권,지수,2026년 2월,2026,2,2026-02-01
A_2024_00085,MM,202602,,,520012,서북권,100001,지수,100.391676580122,지수,,서울>강북지역>서북권,지수,2026년 2월,2026,2,2026-02-01
A_2024_00085,MM,202602,,,500008,서울,100001,지수,100.260881779292,지수,,서울,지수,2026년 2월,2026,2,2026-02-01
A_2024_00085,MM,202602,,,510014,서해안권,100001,지수,100.064307478465,지수,,경기>서해안권,지수,2026년 2월,2026,2,2026-02-01
A_2024_00085,MM,202602,,,500016,세종,100001,지수,100.086227905946,지수,,세종,지수,2026년 2월,2026,2,2026-02-01
A_2024_00085,MM,202602,,,500002,수도권,100001,지수,100.135783956208,지수,,수도권,지수,2026년 2월,2026,2,2026-02-01
A_2024_00085,MM,202602,,,500015,울산,100001,지수,100.054260811492,지수,,울산,지수,2026년 2월,2026,2,2026-02-01
A_2024_00085,MM,202602,,,500010,인천,100001,지수,99.9189055100795,지수,,인천,지수,2026년 2월,2026,2,2026-02-01
A_2024_00085,MM,202602,,,500001,전국,100001,지수,100.094498503068,지수,,전국,지수,2026년 2월,2026,2,2026-02-01
A_2024_00085,MM,202602,,,500021,전남,100001,지수,100.00558361822,지수,,전남광주>전남,지수,2026년 2월,2026,2,2026-02-01
A_2024_00085,MM,202602,,,500020,전북,100001,지수,99.9816153784875,지수,,전북,지수,2026년 2월,2026,2,2026-02-01
A_2024_00085,MM,202602,,,500024,제주,100001,지수,99.8528310262293,지수,,제주,지수,2026년 2월,2026,2,2026-02-01
A_2024_00085,MM,202602,,,510021,중부산권,100001,지수,100.102116824271,지수,,부산>중부산권,지수,2026년 2월,2026,2,2026-02-01
A_2024_00085,MM,202602,,,500003,지방권,100001,지수,99.9877544624194,지수,,지방권,지수,2026년 2월,2026,2,2026-02-01
A_2024_00085,MM,202602,,,500019,충남,100001,지수,99.9284503809531,지수,,충남,지수,2026년 2월,2026,2,2026-02-01
A_2024_00085,MM,202602,,,500018,충북,100001,지수,99.9687141589856,지수,,충북,지수,2026년 2월,2026,2,2026-02-01
A_2024_00085,MM,202603,,,500005,5대광역시,100001,지수,100.011447203966,지수,,5대광역시,지수,2026년 3월,2026,3,2026-03-01
A_2024_00085,MM,202603,,,500004,6대광역시,100001,지수,99.9288819307115,지수,,6대광역시,지수,2026년 3월,2026,3,2026-03-01
A_2024_00085,MM,202603,,,500007,8개도,100001,지수,99.9425832981066,지수,,8개도,지수,2026년 3월,2026,3,2026-03-01
A_2024_00085,MM,202603,,,500006,9개도,100001,지수,100.094682006077,지수,,9개도,지수,2026년 3월,2026,3,2026-03-01
A_2024_00085,MM,202603,,,510010,강남지역,100001,지수,100.53751460774,지수,,서울>강남지역,지수,2026년 3월,2026,3,2026-03-01
A_2024_00085,MM,202603,,,510009,강북지역,100001,지수,100.614184385591,지수,,서울>강북지역,지수,2026년 3월,2026,3,2026-03-01
A_2024_00085,MM,202603,,,500017,강원,100001,지수,100.135418212953,지수,,강원,지수,2026년 3월,2026,3,2026-03-01
A_2024_00085,MM,202603,,,500009,경기,100001,지수,100.171701458148,지수,,경기,지수,2026년 3월,2026,3,2026-03-01
A_2024_00085,MM,202603,,,500023,경남,100001,지수,99.9202369662708,지수,,경남,지수,2026년 3월,2026,3,2026-03-01
A_2024_00085,MM,202603,,,510012,경부1권,100001,지수,100.349015493055,지수,,경기>경부1권,지수,2026년 3월,2026,3,2026-03-01
A_2024_00085,MM,202603,,,510013,경부2권,100001,지수,100.123088183817,지수,,경기>경부2권,지수,2026년 3월,2026,3,2026-03-01
A_2024_00085,MM,202603,,,500022,경북,100001,지수,100.070738500499,지수,,경북,지수,2026년 3월,2026,3,2026-03-01
A_2024_00085,MM,202603,,,510018,경원권,100001,지수,100.192114670221,지수,,경기>경원권,지수,2026년 3월,2026,3,2026-03-01
A_2024_00085,MM,202603,,,510017,경의권,100001,지수,99.994213792622,지수,,경기>경의권,지수,2026년 3월,2026,3,2026-03-01
A_2024_00085,MM,202603,,,500013,광주,100001,지수,99.8394454863507,지수,,전남광주>광주,지수,2026년 3월,2026,3,2026-03-01
A_2024_00085,MM,202603,,,500012,대구,100001,지수,99.9492127187159,지수,,대구,지수,2026년 3월,2026,3,2026-03-01
A_2024_00085,MM,202603,,,500014,대전,100001,지수,99.9454029230016,지수,,대전,지수,2026년 3월,2026,3,2026-03-01
A_2024_00085,MM,202603,,,520010,도심권,100001,지수,100.659506984472,지수,,서울>강북지역>도심권,지수,2026년 3월,2026,3,2026-03-01
A_2024_00085,MM,202603,,,520015,동남권,100001,지수,100.61013153078,지수,,서울>강남지역>동남권,지수,2026년 3월,2026,3,2026-03-01
A_2024_00085,MM,202603,,,510015,동부1권,100001,지수,100.253876425125,지수,,경기>동부1권,지수,2026년 3월,2026,3,2026-03-01
A_2024_00085,MM,202603,,,510016,동부2권,100001,지수,99.8978926589419,지수,,경기>동부2권,지수,2026년 3월,2026,3,2026-03-01
A_2024_00085,MM,202603,,,510022,동부산권,100001,지수,100.090883083166,지수,,부산>동부산권,지수,2026년 3월,2026,3,2026-03-01
A_2024_00085,MM,202603,,,520011,동북권,100001,지수,100.467688821246,지수,,서울>강북지역>동북권,지수,2026년 3월,2026,3,2026-03-01
A_2024_00085,MM,202603,,,500011,부산,100001,지수,100.065546782057,지수,,부산,지수,2026년 3월,2026,3,2026-03-01
A_2024_00085,MM,202603,,,520014,서남권,100001,지수,100.491922775765,지수,,서울>강남지역>서남권,지수,2026년 3월,2026,3,2026-03-01
A_2024_00085,MM,202603,,,510023,서부산권,100001,지수,99.7579484066991,지수,,부산>서부산권,지수,2026년 3월,2026,3,2026-03-01
A_2024_00085,MM,202603,,,520012,서북권,100001,지수,100.850193535408,지수,,서울>강북지역>서북권,지수,2026년 3월,2026,3,2026-03-01
A_2024_00085,MM,202603,,,500008,서울,100001,지수,100.574691141353,지수,,서울,지수,2026년 3월,2026,3,2026-03-01
A_2024_00085,MM,202603,,,510014,서해안권,100001,지수,100.181864579666,지수,,경기>서해안권,지수,2026년 3월,2026,3,2026-03-01
A_2024_00085,MM,202603,,,500016,세종,100001,지수,100.187804462209,지수,,세종,지수,2026년 3월,2026,3,2026-03-01
A_2024_00085,MM,202603,,,500002,수도권,100001,지수,100.311282013366,지수,,수도권,지수,2026년 3월,2026,3,2026-03-01
A_2024_00085,MM,202603,,,500015,울산,100001,지수,99.9914390666283,지수,,울산,지수,2026년 3월,2026,3,2026-03-01
A_2024_00085,MM,202603,,,500010,인천,100001,지수,99.8165409757099,지수,,인천,지수,2026년 3월,2026,3,2026-03-01
A_2024_00085,MM,202603,,,500001,전국,100001,지수,100.217698308665,지수,,전국,지수,2026년 3월,2026,3,2026-03-01
A_2024_00085,MM,202603,,,500021,전남,100001,지수,100.019574727522,지수,,전남광주>전남,지수,2026년 3월,2026,3,2026-03-01
A_2024_00085,MM,202603,,,500020,전북,100001,지수,99.9494142626973,지수,,전북,지수,2026년 3월,2026,3,2026-03-01
A_2024_00085,MM,202603,,,500024,제주,100001,지수,99.7002942738884,지수,,제주,지수,2026년 3월,2026,3,2026-03-01
A_2024_00085,MM,202603,,,510021,중부산권,100001,지수,100.163507100893,지수,,부산>중부산권,지수,2026년 3월,2026,3,2026-03-01
A_2024_00085,MM,202603,,,500003,지방권,100001,지수,99.9759624717159,지수,,지방권,지수,2026년 3월,2026,3,2026-03-01
A_2024_00085,MM,202603,,,500019,충남,100001,지수,99.9151803409161,지수,,충남,지수,2026년 3월,2026,3,2026-03-01
A_2024_00085,MM,202603,,,500018,충북,100001,지수,99.987062949369,지수,,충북,지수,2026년 3월,2026,3,2026-03-01
A_2024_00085,MM,202604,,,500005,5대광역시,100001,지수,100.021543195141,지수,,5대광역시,지수,2026년 4월,2026,4,2026-04-01
A_2024_00085,MM,202604,,,500004,6대광역시,100001,지수,99.9520648588241,지수,,6대광역시,지수,2026년 4월,2026,4,2026-04-01
A_2024_00085,MM,202604,,,500007,8개도,100001,지수,99.9043533180988,지수,,8개도,지수,2026년 4월,2026,4,2026-04-01
A_2024_00085,MM,202604,,,500006,9개도,100001,지수,100.164711569042,지수,,9개도,지수,2026년 4월,2026,4,2026-04-01
A_2024_00085,MM,202604,,,510010,강남지역,100001,지수,100.952153637812,지수,,서울>강남지역,지수,2026년 4월,2026,4,2026-04-01
A_2024_00085,MM,202604,,,510009,강북지역,100001,지수,101.095221673589,지수,,서울>강북지역,지수,2026년 4월,2026,4,2026-04-01
A_2024_00085,MM,202604,,,500017,강원,100001,지수,100.089223550167,지수,,강원,지수,2026년 4월,2026,4,2026-04-01
A_2024_00085,MM,202604,,,500009,경기,100001,지수,100.296658706035,지수,,경기,지수,2026년 4월,2026,4,2026-04-01
A_2024_00085,MM,202604,,,500023,경남,100001,지수,99.8605030454987,지수,,경남,지수,2026년 4월,2026,4,2026-04-01
A_2024_00085,MM,202604,,,510012,경부1권,100001,지수,100.560930104085,지수,,경기>경부1권,지수,2026년 4월,2026,4,2026-04-01
A_2024_00085,MM,202604,,,510013,경부2권,100001,지수,100.230122496909,지수,,경기>경부2권,지수,2026년 4월,2026,4,2026-04-01
A_2024_00085,MM,202604,,,500022,경북,100001,지수,100.070858329386,지수,,경북,지수,2026년 4월,2026,4,2026-04-01
A_2024_00085,MM,202604,,,510018,경원권,100001,지수,100.326243096729,지수,,경기>경원권,지수,2026년 4월,2026,4,2026-04-01
A_2024_00085,MM,202604,,,510017,경의권,100001,지수,100.093318530559,지수,,경기>경의권,지수,2026년 4월,2026,4,2026-04-01
A_2024_00085,MM,202604,,,500013,광주,100001,지수,99.7095968503423,지수,,전남광주>광주,지수,2026년 4월,2026,4,2026-04-01
A_2024_00085,MM,202604,,,500012,대구,100001,지수,99.877129693698,지수,,대구,지수,2026년 4월,2026,4,2026-04-01
A_2024_00085,MM,202604,,,500014,대전,100001,지수,100.018318611838,지수,,대전,지수,2026년 4월,2026,4,2026-04-01
A_2024_00085,MM,202604,,,520010,도심권,100001,지수,101.107742395283,지수,,서울>강북지역>도심권,지수,2026년 4월,2026,4,2026-04-01
A_2024_00085,MM,202604,,,520015,동남권,100001,지수,101.107599521894,지수,,서울>강남지역>동남권,지수,2026년 4월,2026,4,2026-04-01
A_2024_00085,MM,202604,,,510015,동부1권,100001,지수,100.319563155297,지수,,경기>동부1권,지수,2026년 4월,2026,4,2026-04-01
A_2024_00085,MM,202604,,,510016,동부2권,100001,지수,99.824028153419,지수,,경기>동부2권,지수,2026년 4월,2026,4,2026-04-01
A_2024_00085,MM,202604,,,510022,동부산권,100001,지수,100.125892077579,지수,,부산>동부산권,지수,2026년 4월,2026,4,2026-04-01
A_2024_00085,MM,202604,,,520011,동북권,100001,지수,100.91210244611,지수,,서울>강북지역>동북권,지수,2026년 4월,2026,4,2026-04-01
A_2024_00085,MM,202604,,,500011,부산,100001,지수,100.087241188448,지수,,부산,지수,2026년 4월,2026,4,2026-04-01
A_2024_00085,MM,202604,,,520014,서남권,100001,지수,100.854623307735,지수,,서울>강남지역>서남권,지수,2026년 4월,2026,4,2026-04-01
A_2024_00085,MM,202604,,,510023,서부산권,100001,지수,99.6397702634021,지수,,부산>서부산권,지수,2026년 4월,2026,4,2026-04-01
A_2024_00085,MM,202604,,,520012,서북권,100001,지수,101.405937530849,지수,,서울>강북지역>서북권,지수,2026년 4월,2026,4,2026-04-01
A_2024_00085,MM,202604,,,500008,서울,100001,지수,101.021514448081,지수,,서울,지수,2026년 4월,2026,4,2026-04-01
A_2024_00085,MM,202604,,,510014,서해안권,100001,지수,100.339134342786,지수,,경기>서해안권,지수,2026년 4월,2026,4,2026-04-01
A_2024_00085,MM,202604,,,500016,세종,100001,지수,100.211011595779,지수,,세종,지수,2026년 4월,2026,4,2026-04-01
A_2024_00085,MM,202604,,,500002,수도권,100001,지수,100.573959079658,지수,,수도권,지수,2026년 4월,2026,4,2026-04-01
A_2024_00085,MM,202604,,,500015,울산,100001,지수,100.092453451947,지수,,울산,지수,2026년 4월,2026,4,2026-04-01
A_2024_00085,MM,202604,,,500010,인천,100001,지수,99.8575157809167,지수,,인천,지수,2026년 4월,2026,4,2026-04-01
A_2024_00085,MM,202604,,,500001,전국,100001,지수,100.402618291572,지수,,전국,지수,2026년 4월,2026,4,2026-04-01
A_2024_00085,MM,202604,,,500021,전남,100001,지수,100.072482928101,지수,,전남광주>전남,지수,2026년 4월,2026,4,2026-04-01
A_2024_00085,MM,202604,,,500020,전북,100001,지수,99.9701941304225,지수,,전북,지수,2026년 4월,2026,4,2026-04-01
A_2024_00085,MM,202604,,,500024,제주,100001,지수,99.5294705670891,지수,,제주,지수,2026년 4월,2026,4,2026-04-01
A_2024_00085,MM,202604,,,510021,중부산권,100001,지수,100.228918128902,지수,,부산>중부산권,지수,2026년 4월,2026,4,2026-04-01
A_2024_00085,MM,202604,,,500003,지방권,100001,지수,99.9606403346206,지수,,지방권,지수,2026년 4월,2026,4,2026-04-01
A_2024_00085,MM,202604,,,500019,충남,100001,지수,99.9161117925343,지수,,충남,지수,2026년 4월,2026,4,2026-04-01
A_2024_00085,MM,202604,,,500018,충북,100001,지수,99.9821015401986,지수,,충북,지수,2026년 4월,2026,4,2026-04-01
A_2024_00085,MM,202605,,,500005,5대광역시,100001,지수,100.017108479369,지수,,5대광역시,지수,2026년 5월,2026,5,2026-05-01
A_2024_00085,MM,202605,,,500004,6대광역시,100001,지수,99.8901195057606,지수,,6대광역시,지수,2026년 5월,2026,5,2026-05-01
A_2024_00085,MM,202605,,,500007,8개도,100001,지수,99.8872218930127,지수,,8개도,지수,2026년 5월,2026,5,2026-05-01
A_2024_00085,MM,202605,,,500006,9개도,100001,지수,100.23019652796,지수,,9개도,지수,2026년 5월,2026,5,2026-05-01
A_2024_00085,MM,202605,,,510010,강남지역,100001,지수,101.488414088156,지수,,서울>강남지역,지수,2026년 5월,2026,5,2026-05-01
A_2024_00085,MM,202605,,,510009,강북지역,100001,지수,101.749876789767,지수,,서울>강북지역,지수,2026년 5월,2026,5,2026-05-01
A_2024_00085,MM,202605,,,500017,강원,100001,지수,100.198103498572,지수,,강원,지수,2026년 5월,2026,5,2026-05-01
A_2024_00085,MM,202605,,,500009,경기,100001,지수,100.404120857157,지수,,경기,지수,2026년 5월,2026,5,2026-05-01
A_2024_00085,MM,202605,,,500023,경남,100001,지수,99.8956214985148,지수,,경남,지수,2026년 5월,2026,5,2026-05-01
A_2024_00085,MM,202605,,,510012,경부1권,100001,지수,100.850284475323,지수,,경기>경부1권,지수,2026년 5월,2026,5,2026-05-01
A_2024_00085,MM,202605,,,510013,경부2권,100001,지수,100.256354686895,지수,,경기>경부2권,지수,2026년 5월,2026,5,2026-05-01
A_2024_00085,MM,202605,,,500022,경북,100001,지수,100.107794223254,지수,,경북,지수,2026년 5월,2026,5,2026-05-01
A_2024_00085,MM,202605,,,510018,경원권,100001,지수,100.445932225463,지수,,경기>경원권,지수,2026년 5월,2026,5,2026-05-01
A_2024_00085,MM,202605,,,510017,경의권,100001,지수,100.191520190007,지수,,경기>경의권,지수,2026년 5월,2026,5,2026-05-01
A_2024_00085,MM,202605,,,500013,광주,100001,지수,99.5353745751773,지수,,전남광주>광주,지수,2026년 5월,2026,5,2026-05-01
A_2024_00085,MM,202605,,,500012,대구,100001,지수,99.8622547815802,지수,,대구,지수,2026년 5월,2026,5,2026-05-01
A_2024_00085,MM,202605,,,500014,대전,100001,지수,100.068968980359,지수,,대전,지수,2026년 5월,2026,5,2026-05-01
A_2024_00085,MM,202605,,,520010,도심권,100001,지수,101.730655936275,지수,,서울>강북지역>도심권,지수,2026년 5월,2026,5,2026-05-01
A_2024_00085,MM,202605,,,520015,동남권,100001,지수,101.727793197424,지수,,서울>강남지역>동남권,지수,2026년 5월,2026,5,2026-05-01
A_2024_00085,MM,202605,,,510015,동부1권,100001,지수,100.44062584251,지수,,경기>동부1권,지수,2026년 5월,2026,5,2026-05-01
A_2024_00085,MM,202605,,,510016,동부2권,100001,지수,99.8788338980656,지수,,경기>동부2권,지수,2026년 5월,2026,5,2026-05-01
A_2024_00085,MM,202605,,,510022,동부산권,100001,지수,100.168462334805,지수,,부산>동부산권,지수,2026년 5월,2026,5,2026-05-01
A_2024_00085,MM,202605,,,520011,동북권,100001,지수,101.572901246766,지수,,서울>강북지역>동북권,지수,2026년 5월,2026,5,2026-05-01
A_2024_00085,MM,202605,,,500011,부산,100001,지수,100.099875914138,지수,,부산,지수,2026년 5월,2026,5,2026-05-01
A_2024_00085,MM,202605,,,520014,서남권,100001,지수,101.338322029186,지수,,서울>강남지역>서남권,지수,2026년 5월,2026,5,2026-05-01
A_2024_00085,MM,202605,,,510023,서부산권,100001,지수,99.5500526579374,지수,,부산>서부산권,지수,2026년 5월,2026,5,2026-05-01
A_2024_00085,MM,202605,,,520012,서북권,100001,지수,102.061188410823,지수,,서울>강북지역>서북권,지수,2026년 5월,2026,5,2026-05-01
A_2024_00085,MM,202605,,,500008,서울,100001,지수,101.615136040761,지수,,서울,지수,2026년 5월,2026,5,2026-05-01
A_2024_00085,MM,202605,,,510014,서해안권,100001,지수,100.419219841299,지수,,경기>서해안권,지수,2026년 5월,2026,5,2026-05-01
A_2024_00085,MM,202605,,,500016,세종,100001,지수,100.246017719844,지수,,세종,지수,2026년 5월,2026,5,2026-05-01
A_2024_00085,MM,202605,,,500002,수도권,100001,지수,100.872659662852,지수,,수도권,지수,2026년 5월,2026,5,2026-05-01
A_2024_00085,MM,202605,,,500015,울산,100001,지수,100.035376773142,지수,,울산,지수,2026년 5월,2026,5,2026-05-01
A_2024_00085,MM,202605,,,500010,인천,100001,지수,99.717424931001,지수,,인천,지수,2026년 5월,2026,5,2026-05-01
A_2024_00085,MM,202605,,,500001,전국,100001,지수,100.614527630621,지수,,전국,지수,2026년 5월,2026,5,2026-05-01
A_2024_00085,MM,202605,,,500021,전남,100001,지수,100.109075215837,지수,,전남광주>전남,지수,2026년 5월,2026,5,2026-05-01
A_2024_00085,MM,202605,,,500020,전북,100001,지수,100.044310832248,지수,,전북,지수,2026년 5월,2026,5,2026-05-01
A_2024_00085,MM,202605,,,500024,제주,100001,지수,99.3294974491356,지수,,제주,지수,2026년 5월,2026,5,2026-05-01
A_2024_00085,MM,202605,,,510021,중부산권,100001,지수,100.262620783888,지수,,부산>중부산권,지수,2026년 5월,2026,5,2026-05-01
A_2024_00085,MM,202605,,,500003,지방권,100001,지수,99.9496918574262,지수,,지방권,지수,2026년 5월,2026,5,2026-05-01
A_2024_00085,MM,202605,,,500019,충남,100001,지수,99.8671598634455,지수,,충남,지수,2026년 5월,2026,5,2026-05-01
A_2024_00085,MM,202605,,,500018,충북,100001,지수,99.9319399161763,지수,,충북,지수,2026년 5월,2026,5,2026-05-01
A_2024_00085,MM,202606,,,500005,5대광역시,100001,지수,100.024886396216,지수,,5대광역시,지수,2026년 6월,2026,6,2026-06-01
A_2024_00085,MM,202606,,,500004,6대광역시,100001,지수,99.8862438210572,지수,,6대광역시,지수,2026년 6월,2026,6,2026-06-01
A_2024_00085,MM,202606,,,500007,8개도,100001,지수,99.8590451445231,지수,,8개도,지수,2026년 6월,2026,6,2026-06-01
A_2024_00085,MM,202606,,,500006,9개도,100001,지수,100.337618601087,지수,,9개도,지수,2026년 6월,2026,6,2026-06-01
A_2024_00085,MM,202606,,,510010,강남지역,100001,지수,102.129334939906,지수,,서울>강남지역,지수,2026년 6월,2026,6,2026-06-01
A_2024_00085,MM,202606,,,510009,강북지역,100001,지수,102.534028132291,지수,,서울>강북지역,지수,2026년 6월,2026,6,2026-06-01
A_2024_00085,MM,202606,,,500017,강원,100001,지수,100.210311076244,지수,,강원,지수,2026년 6월,2026,6,2026-06-01
A_2024_00085,MM,202606,,,500009,경기,100001,지수,100.58055315765,지수,,경기,지수,2026년 6월,2026,6,2026-06-01
A_2024_00085,MM,202606,,,500023,경남,100001,지수,99.9175569327309,지수,,경남,지수,2026년 6월,2026,6,2026-06-01
A_2024_00085,MM,202606,,,510012,경부1권,100001,지수,101.172127611246,지수,,경기>경부1권,지수,2026년 6월,2026,6,2026-06-01
A_2024_00085,MM,202606,,,510013,경부2권,100001,지수,100.263069609551,지수,,경기>경부2권,지수,2026년 6월,2026,6,2026-06-01
A_2024_00085,MM,202606,,,500022,경북,100001,지수,100.152676845699,지수,,경북,지수,2026년 6월,2026,6,2026-06-01
A_2024_00085,MM,202606,,,510018,경원권,100001,지수,100.623183150281,지수,,경기>경원권,지수,2026년 6월,2026,6,2026-06-01
A_2024_00085,MM,202606,,,510017,경의권,100001,지수,100.365146315665,지수,,경기>경의권,지수,2026년 6월,2026,6,2026-06-01
A_2024_00085,MM,202606,,,500013,광주,100001,지수,99.3482730779722,지수,,전남광주>광주,지수,2026년 6월,2026,6,2026-06-01
A_2024_00085,MM,202606,,,500012,대구,100001,지수,99.8296838825154,지수,,대구,지수,2026년 6월,2026,6,2026-06-01
A_2024_00085,MM,202606,,,500014,대전,100001,지수,100.096421454654,지수,,대전,지수,2026년 6월,2026,6,2026-06-01
A_2024_00085,MM,202606,,,520010,도심권,100001,지수,102.369821843049,지수,,서울>강북지역>도심권,지수,2026년 6월,2026,6,2026-06-01
A_2024_00085,MM,202606,,,520015,동남권,100001,지수,102.514558193291,지수,,서울>강남지역>동남권,지수,2026년 6월,2026,6,2026-06-01
A_2024_00085,MM,202606,,,510015,동부1권,100001,지수,100.765466631033,지수,,경기>동부1권,지수,2026년 6월,2026,6,2026-06-01
A_2024_00085,MM,202606,,,510016,동부2권,100001,지수,99.85323036938,지수,,경기>동부2권,지수,2026년 6월,2026,6,2026-06-01
A_2024_00085,MM,202606,,,510022,동부산권,100001,지수,100.215192447034,지수,,부산>동부산권,지수,2026년 6월,2026,6,2026-06-01
A_2024_00085,MM,202606,,,520011,동북권,100001,지수,102.420279010889,지수,,서울>강북지역>동북권,지수,2026년 6월,2026,6,2026-06-01
A_2024_00085,MM,202606,,,500011,부산,100001,지수,100.121461576688,지수,,부산,지수,2026년 6월,2026,6,2026-06-01
A_2024_00085,MM,202606,,,520014,서남권,100001,지수,101.888074713013,지수,,서울>강남지역>서남권,지수,2026년 6월,2026,6,2026-06-01
A_2024_00085,MM,202606,,,510023,서부산권,100001,지수,99.4775421346894,지수,,부산>서부산권,지수,2026년 6월,2026,6,2026-06-01
A_2024_00085,MM,202606,,,520012,서북권,100001,지수,102.787520414892,지수,,서울>강북지역>서북권,지수,2026년 6월,2026,6,2026-06-01
A_2024_00085,MM,202606,,,500008,서울,100001,지수,102.325405937692,지수,,서울,지수,2026년 6월,2026,6,2026-06-01
A_2024_00085,MM,202606,,,510014,서해안권,100001,지수,100.58503191551,지수,,경기>서해안권,지수,2026년 6월,2026,6,2026-06-01
A_2024_00085,MM,202606,,,500016,세종,100001,지수,100.236408670338,지수,,세종,지수,2026년 6월,2026,6,2026-06-01
A_2024_00085,MM,202606,,,500002,수도권,100001,지수,101.268403282403,지수,,수도권,지수,2026년 6월,2026,6,2026-06-01
A_2024_00085,MM,202606,,,500015,울산,100001,지수,100.133645879456,지수,,울산,지수,2026년 6월,2026,6,2026-06-01
A_2024_00085,MM,202606,,,500010,인천,100001,지수,99.6977272559166,지수,,인천,지수,2026년 6월,2026,6,2026-06-01
A_2024_00085,MM,202606,,,500001,전국,100001,지수,100.895901825453,지수,,전국,지수,2026년 6월,2026,6,2026-06-01
A_2024_00085,MM,202606,,,500021,전남,100001,지수,100.090266861781,지수,,전남광주>전남,지수,2026년 6월,2026,6,2026-06-01
A_2024_00085,MM,202606,,,500020,전북,100001,지수,100.10873743447,지수,,전북,지수,2026년 6월,2026,6,2026-06-01
A_2024_00085,MM,202606,,,500024,제주,100001,지수,99.1099254820173,지수,,제주,지수,2026년 6월,2026,6,2026-06-01
A_2024_00085,MM,202606,,,510021,중부산권,100001,지수,100.304908792011,지수,,부산>중부산권,지수,2026년 6월,2026,6,2026-06-01
A_2024_00085,MM,202606,,,500003,지방권,100001,지수,99.9384289891095,지수,,지방권,지수,2026년 6월,2026,6,2026-06-01
A_2024_00085,MM,202606,,,500019,충남,100001,지수,99.8294656031511,지수,,충남,지수,2026년 6월,2026,6,2026-06-01
A_2024_00085,MM,202606,,,500018,충북,100001,지수,99.9294258145923,지수,,충북,지수,2026년 6월,2026,6,2026-06-01
