YEAR_MONTH,DATE,REGION_NAME,REGION_FULLNAME,APT_SALES_INDEX,APT_JEONSE_INDEX,BOK_BASE_RATE,MORTGAGE_LOAN_RATE,KOSPI_CLOSE,KOSPI_MOM_PCT
201801,2018-01-01,강남구,서울>강남지역>동남권>강남구,70.5078218709688,101.395782979489,1.5,2.85,2427.36,
201801,2018-01-01,강남지역,서울>강남지역,75.1816411519557,97.2420940366647,1.5,2.85,2427.36,
201801,2018-01-01,강북지역,서울>강북지역,86.1704788178225,98.4070968739653,1.5,2.85,2427.36,
201801,2018-01-01,노원구,서울>강북지역>동북권>노원구,93.156722484917,96.2545729702494,1.5,2.85,2427.36,
201801,2018-01-01,대구,대구,113.896147364416,122.861976395293,1.5,2.85,2427.36,
201801,2018-01-01,마포구,서울>강북지역>서북권>마포구,70.8568702292289,93.1394782749269,1.5,2.85,2427.36,
201801,2018-01-01,부산,부산,104.654384827436,105.986021357464,1.5,2.85,2427.36,
201801,2018-01-01,서울,서울,80.0951863668993,97.7767727921062,1.5,2.85,2427.36,
201801,2018-01-01,서초구,서울>강남지역>동남권>서초구,67.0483027002268,93.0478762826275,1.5,2.85,2427.36,
201801,2018-01-01,성남시,경기>경부1권>성남시,68.225371961509,98.2168497298923,1.5,2.85,2427.36,
201801,2018-01-01,성동구,서울>강북지역>동북권>성동구,68.4288840980239,90.06687939891,1.5,2.85,2427.36,
201801,2018-01-01,세종,세종,92.8564528773482,72.4363983585513,1.5,2.85,2427.36,
201801,2018-01-01,송파구,서울>강남지역>동남권>송파구,63.712677809934,92.0616477513676,1.5,2.85,2427.36,
201801,2018-01-01,수도권,수도권,82.5712250294497,98.5606855432007,1.5,2.85,2427.36,
201801,2018-01-01,수원시,경기>경부2권>수원시,73.4361728814999,94.1365391735114,1.5,2.85,2427.36,
201801,2018-01-01,용산구,서울>강북지역>도심권>용산구,70.8121318353993,95.2739615009813,1.5,2.85,2427.36,
201801,2018-01-01,전국,전국,92.6426008169824,101.101757167508,1.5,2.85,2427.36,
201801,2018-01-01,종로구,서울>강북지역>도심권>종로구,87.0324533173738,100.146435429321,1.5,2.85,2427.36,
201802,2018-02-01,강남구,서울>강남지역>동남권>강남구,72.2353093077847,101.362737304434,1.5,2.85,2445.85,0.76
201802,2018-02-01,강남지역,서울>강남지역,76.5143633457394,97.434547926258,1.5,2.85,2445.85,0.76
201802,2018-02-01,강북지역,서울>강북지역,86.9700394272721,98.6040376273627,1.5,2.85,2445.85,0.76
201802,2018-02-01,노원구,서울>강북지역>동북권>노원구,93.4634710484598,96.2118942580962,1.5,2.85,2445.85,0.76
201802,2018-02-01,대구,대구,114.075692977744,122.870675642052,1.5,2.85,2445.85,0.76
201802,2018-02-01,마포구,서울>강북지역>서북권>마포구,72.1172043720025,93.443849538346,1.5,2.85,2445.85,0.76
201802,2018-02-01,부산,부산,104.428375865401,105.820383872594,1.5,2.85,2445.85,0.76
201802,2018-02-01,서울,서울,81.2046309746765,97.9712767480231,1.5,2.85,2445.85,0.76
201802,2018-02-01,서초구,서울>강남지역>동남권>서초구,68.708096823899,93.0702201282406,1.5,2.85,2445.85,0.76
201802,2018-02-01,성남시,경기>경부1권>성남시,70.1122788590516,98.4943665061164,1.5,2.85,2445.85,0.76
201802,2018-02-01,성동구,서울>강북지역>동북권>성동구,69.8807133493414,90.2374495978423,1.5,2.85,2445.85,0.76
201802,2018-02-01,세종,세종,92.9226984360191,71.7876387315492,1.5,2.85,2445.85,0.76
201802,2018-02-01,송파구,서울>강남지역>동남권>송파구,65.3233465228452,91.8038994524263,1.5,2.85,2445.85,0.76
201802,2018-02-01,수도권,수도권,83.0642471533407,98.3762048295569,1.5,2.85,2445.85,0.76
201802,2018-02-01,수원시,경기>경부2권>수원시,73.611334596673,93.7223288895391,1.5,2.85,2445.85,0.76
201802,2018-02-01,용산구,서울>강북지역>도심권>용산구,72.8408409402557,95.3907964551264,1.5,2.85,2445.85,0.76
201802,2018-02-01,전국,전국,92.8315141235266,100.925722070541,1.5,2.85,2445.85,0.76
201802,2018-02-01,종로구,서울>강북지역>도심권>종로구,87.868965357223,100.618029883718,1.5,2.85,2445.85,0.76
201803,2018-03-01,강남구,서울>강남지역>동남권>강남구,72.9406371956354,101.018767795503,1.5,2.85,2515.38,2.84
201803,2018-03-01,강남지역,서울>강남지역,77.1119968379396,97.0476384344834,1.5,2.85,2515.38,2.84
201803,2018-03-01,강북지역,서울>강북지역,87.621037761861,98.7173654971186,1.5,2.85,2515.38,2.84
201803,2018-03-01,노원구,서울>강북지역>동북권>노원구,93.7431619883734,96.1264952940126,1.5,2.85,2515.38,2.84
201803,2018-03-01,대구,대구,114.261587493167,122.901020203246,1.5,2.85,2515.38,2.84
201803,2018-03-01,마포구,서울>강북지역>서북권>마포구,73.2361625885872,93.5160638788694,1.5,2.85,2515.38,2.84
201803,2018-03-01,부산,부산,104.203395200947,105.628682912124,1.5,2.85,2515.38,2.84
201803,2018-03-01,서울,서울,81.8268035547865,97.811505465838,1.5,2.85,2515.38,2.84
201803,2018-03-01,서초구,서울>강남지역>동남권>서초구,69.0634390170823,92.2328075394401,1.5,2.85,2515.38,2.84
201803,2018-03-01,성남시,경기>경부1권>성남시,71.3439011390285,97.9699645244881,1.5,2.85,2515.38,2.84
201803,2018-03-01,성동구,서울>강북지역>동북권>성동구,70.6417664404957,90.3780253905993,1.5,2.85,2515.38,2.84
201803,2018-03-01,세종,세종,93.0920903782026,71.7073410330705,1.5,2.85,2515.38,2.84
201803,2018-03-01,송파구,서울>강남지역>동남권>송파구,66.1217756510913,91.1529984707593,1.5,2.85,2515.38,2.84
201803,2018-03-01,수도권,수도권,83.3703926592978,98.1332680410266,1.5,2.85,2515.38,2.84
201803,2018-03-01,수원시,경기>경부2권>수원시,73.7657089918987,93.5725201545446,1.5,2.85,2515.38,2.84
201803,2018-03-01,용산구,서울>강북지역>도심권>용산구,73.854858299836,95.4252609035958,1.5,2.85,2515.38,2.84
201803,2018-03-01,전국,전국,92.9230348664083,100.705892634269,1.5,2.85,2515.38,2.84
201803,2018-03-01,종로구,서울>강북지역>도심권>종로구,88.426057808824,101.201252377943,1.5,2.85,2515.38,2.84
201804,2018-04-01,강남구,서울>강남지역>동남권>강남구,73.0886789351191,100.400809504157,1.5,2.85,2423.01,-3.67
201804,2018-04-01,강남지역,서울>강남지역,77.4206317025489,96.459041850458,1.5,2.85,2423.01,-3.67
201804,2018-04-01,강북지역,서울>강북지역,87.9202076109494,98.6681034139162,1.5,2.85,2423.01,-3.67
201804,2018-04-01,노원구,서울>강북지역>동북권>노원구,93.7397736963031,95.9995379506525,1.5,2.85,2423.01,-3.67
201804,2018-04-01,대구,대구,114.645828626336,122.912212777669,1.5,2.85,2423.01,-3.67
201804,2018-04-01,마포구,서울>강북지역>서북권>마포구,73.8355268465636,93.5634041075966,1.5,2.85,2423.01,-3.67
201804,2018-04-01,부산,부산,103.905292877611,105.375805770319,1.5,2.85,2423.01,-3.67
201804,2018-04-01,서울,서울,82.1322825851947,97.4670658774076,1.5,2.85,2423.01,-3.67
201804,2018-04-01,서초구,서울>강남지역>동남권>서초구,69.122836763751,91.4613372597258,1.5,2.85,2423.01,-3.67
201804,2018-04-01,성남시,경기>경부1권>성남시,72.0604395579341,97.4713534980029,1.5,2.85,2423.01,-3.67
201804,2018-04-01,성동구,서울>강북지역>동북권>성동구,70.7600741570445,89.8977333450462,1.5,2.85,2423.01,-3.67
201804,2018-04-01,세종,세종,93.3840869863224,71.5297452891782,1.5,2.85,2423.01,-3.67
201804,2018-04-01,송파구,서울>강남지역>동남권>송파구,66.2597221654218,90.2938506924112,1.5,2.85,2423.01,-3.67
201804,2018-04-01,수도권,수도권,83.5308274895712,97.7975376485042,1.5,2.85,2423.01,-3.67
201804,2018-04-01,수원시,경기>경부2권>수원시,73.8761384107765,93.5032257260534,1.5,2.85,2423.01,-3.67
201804,2018-04-01,용산구,서울>강북지역>도심권>용산구,74.2057380264508,95.4360887171788,1.5,2.85,2423.01,-3.67
201804,2018-04-01,전국,전국,92.8997096961874,100.391930926583,1.5,2.85,2423.01,-3.67
201804,2018-04-01,종로구,서울>강북지역>도심권>종로구,89.1152720378091,101.364946573368,1.5,2.85,2423.01,-3.67
201805,2018-05-01,강남구,서울>강남지역>동남권>강남구,72.9532474768791,99.0440049752945,1.5,2.85,2326.13,-4.0
201805,2018-05-01,강남지역,서울>강남지역,77.5321999460632,95.77836698815,1.5,2.85,2326.13,-4.0
201805,2018-05-01,강북지역,서울>강북지역,88.1993359923622,98.612136737554,1.5,2.85,2326.13,-4.0
201805,2018-05-01,노원구,서울>강북지역>동북권>노원구,93.7078706715739,95.8139607723009,1.5,2.85,2326.13,-4.0
201805,2018-05-01,대구,대구,114.930610552711,122.82517113229,1.5,2.85,2326.13,-4.0
201805,2018-05-01,마포구,서울>강북지역>서북권>마포구,74.2719816250681,93.4644468266677,1.5,2.85,2326.13,-4.0
201805,2018-05-01,부산,부산,103.609336157925,104.993580691035,1.5,2.85,2326.13,-4.0
201805,2018-05-01,서울,서울,82.3157806351266,97.06824712616,1.5,2.85,2326.13,-4.0
201805,2018-05-01,서초구,서울>강남지역>동남권>서초구,69.0389611064706,90.4330222155629,1.5,2.85,2326.13,-4.0
201805,2018-05-01,성남시,경기>경부1권>성남시,72.4565526457249,96.7260945404616,1.5,2.85,2326.13,-4.0
201805,2018-05-01,성동구,서울>강북지역>동북권>성동구,70.6454659079816,89.5726956744838,1.5,2.85,2326.13,-4.0
201805,2018-05-01,세종,세종,93.5372444447723,70.4520485249344,1.5,2.85,2326.13,-4.0
201805,2018-05-01,송파구,서울>강남지역>동남권>송파구,66.0967942707053,89.0753309940543,1.5,2.85,2326.13,-4.0
201805,2018-05-01,수도권,수도권,83.5860144778879,97.3443637350908,1.5,2.85,2326.13,-4.0
201805,2018-05-01,수원시,경기>경부2권>수원시,73.9191375665094,93.3541057960923,1.5,2.85,2326.13,-4.0
201805,2018-05-01,용산구,서울>강북지역>도심권>용산구,74.4920858007558,95.4225351226598,1.5,2.85,2326.13,-4.0
201805,2018-05-01,전국,전국,92.7616359325904,99.9532066433844,1.5,2.85,2326.13,-4.0
201805,2018-05-01,종로구,서울>강북지역>도심권>종로구,89.608650300011,101.687588411117,1.5,2.85,2326.13,-4.0
201806,2018-06-01,강남구,서울>강남지역>동남권>강남구,72.6158924933232,98.2177767754293,1.5,2.85,2295.26,-1.33
201806,2018-06-01,강남지역,서울>강남지역,77.5914069887848,95.3766563790294,1.5,2.85,2295.26,-1.33
201806,2018-06-01,강북지역,서울>강북지역,88.5328811256748,98.5849320407174,1.5,2.85,2295.26,-1.33
201806,2018-06-01,노원구,서울>강북지역>동북권>노원구,93.7871145663079,95.6338693322477,1.5,2.85,2295.26,-1.33
201806,2018-06-01,대구,대구,115.048624253243,122.725539174426,1.5,2.85,2295.26,-1.33
201806,2018-06-01,마포구,서울>강북지역>서북권>마포구,74.689207693391,93.4218060119993,1.5,2.85,2295.26,-1.33
201806,2018-06-01,부산,부산,103.259227559631,104.635378201581,1.5,2.85,2295.26,-1.33
201806,2018-06-01,서울,서울,82.4922503607887,96.835014115524,1.5,2.85,2295.26,-1.33
201806,2018-06-01,서초구,서울>강남지역>동남권>서초구,68.944846846518,89.7672980071943,1.5,2.85,2295.26,-1.33
201806,2018-06-01,성남시,경기>경부1권>성남시,72.6151123853044,96.2043192650413,1.5,2.85,2295.26,-1.33
201806,2018-06-01,성동구,서울>강북지역>동북권>성동구,70.7220813229409,89.303466796679,1.5,2.85,2295.26,-1.33
201806,2018-06-01,세종,세종,93.6993339216224,69.4207836093973,1.5,2.85,2295.26,-1.33
201806,2018-06-01,송파구,서울>강남지역>동남권>송파구,65.8281399708754,88.0927422761787,1.5,2.85,2295.26,-1.33
201806,2018-06-01,수도권,수도권,83.6196013186312,96.9713916064712,1.5,2.85,2295.26,-1.33
201806,2018-06-01,수원시,경기>경부2권>수원시,73.9377029556116,93.1858942376101,1.5,2.85,2295.26,-1.33
201806,2018-06-01,용산구,서울>강북지역>도심권>용산구,74.7125097114069,95.4517798930468,1.5,2.85,2295.26,-1.33
201806,2018-06-01,전국,전국,92.6191159648742,99.5587584424959,1.5,2.85,2295.26,-1.33
201806,2018-06-01,종로구,서울>강북지역>도심권>종로구,90.1306488527573,102.425626208282,1.5,2.85,2295.26,-1.33
201807,2018-07-01,강남구,서울>강남지역>동남권>강남구,72.3852912291041,97.8332222060017,1.5,2.85,2322.88,1.2
201807,2018-07-01,강남지역,서울>강남지역,77.7921356073543,95.4315067542623,1.5,2.85,2322.88,1.2
201807,2018-07-01,강북지역,서울>강북지역,88.919784177706,98.6245339967259,1.5,2.85,2322.88,1.2
201807,2018-07-01,노원구,서울>강북지역>동북권>노원구,93.9099275652942,95.5696232019767,1.5,2.85,2322.88,1.2
201807,2018-07-01,대구,대구,115.184787187797,122.656055386423,1.5,2.85,2322.88,1.2
201807,2018-07-01,마포구,서울>강북지역>서북권>마포구,75.1588469945116,93.6899645301531,1.5,2.85,2322.88,1.2
201807,2018-07-01,부산,부산,102.930401922815,104.310719329466,1.5,2.85,2322.88,1.2
201807,2018-07-01,서울,서울,82.7729478165944,96.8830184302686,1.5,2.85,2322.88,1.2
201807,2018-07-01,서초구,서울>강남지역>동남권>서초구,68.9437472253757,89.8648327010805,1.5,2.85,2322.88,1.2
201807,2018-07-01,성남시,경기>경부1권>성남시,72.7002696943476,95.7157413925188,1.5,2.85,2322.88,1.2
201807,2018-07-01,성동구,서울>강북지역>동북권>성동구,71.0746022428419,89.1246122226177,1.5,2.85,2322.88,1.2
201807,2018-07-01,세종,세종,93.9168089586702,68.1361948888882,1.5,2.85,2322.88,1.2
201807,2018-07-01,송파구,서울>강남지역>동남권>송파구,65.6757162461004,87.7073385688663,1.5,2.85,2322.88,1.2
201807,2018-07-01,수도권,수도권,83.6625628754715,96.690407316451,1.5,2.85,2322.88,1.2
201807,2018-07-01,수원시,경기>경부2권>수원시,74.0363964922295,93.1004858228361,1.5,2.85,2322.88,1.2
201807,2018-07-01,용산구,서울>강북지역>도심권>용산구,75.1632979087665,95.4113377645447,1.5,2.85,2322.88,1.2
201807,2018-07-01,전국,전국,92.4867270626482,99.2276104907151,1.5,2.85,2322.88,1.2
201807,2018-07-01,종로구,서울>강북지역>도심권>종로구,90.7181360622543,102.770564255445,1.5,2.85,2322.88,1.2
201808,2018-08-01,강남구,서울>강남지역>동남권>강남구,72.961219278695,97.8809062884117,1.5,2.85,2343.07,0.87
201808,2018-08-01,강남지역,서울>강남지역,78.4426103611501,95.8141423288277,1.5,2.85,2343.07,0.87
201808,2018-08-01,강북지역,서울>강북지역,89.6348374814394,98.7594814305484,1.5,2.85,2343.07,0.87
201808,2018-08-01,노원구,서울>강북지역>동북권>노원구,94.4100881605498,95.7002236856634,1.5,2.85,2343.07,0.87
201808,2018-08-01,대구,대구,115.391300321448,122.639052537749,1.5,2.85,2343.07,0.87
201808,2018-08-01,마포구,서울>강북지역>서북권>마포구,76.1846393710594,94.0851290224279,1.5,2.85,2343.07,0.87
201808,2018-08-01,부산,부산,102.439603956252,103.841525258419,1.5,2.85,2343.07,0.87
201808,2018-08-01,서울,서울,83.4529413756594,97.1542753544615,1.5,2.85,2343.07,0.87
201808,2018-08-01,서초구,서울>강남지역>동남권>서초구,69.3648821152315,91.0554639364026,1.5,2.85,2343.07,0.87
201808,2018-08-01,성남시,경기>경부1권>성남시,72.892047059291,95.4917239642756,1.5,2.85,2343.07,0.87
201808,2018-08-01,성동구,서울>강북지역>동북권>성동구,71.6823238070547,88.9869843556609,1.5,2.85,2343.07,0.87
201808,2018-08-01,세종,세종,93.8669005615211,67.3294093363506,1.5,2.85,2343.07,0.87
201808,2018-08-01,송파구,서울>강남지역>동남권>송파구,66.202379840319,87.8784686423356,1.5,2.85,2343.07,0.87
201808,2018-08-01,수도권,수도권,83.8532474440522,96.5058327954431,1.5,2.85,2343.07,0.87
201808,2018-08-01,수원시,경기>경부2권>수원시,74.065005054387,92.8547692253907,1.5,2.85,2343.07,0.87
201808,2018-08-01,용산구,서울>강북지역>도심권>용산구,76.4882061604154,95.5999379755128,1.5,2.85,2343.07,0.87
201808,2018-08-01,전국,전국,92.3909502053472,98.9234997143066,1.5,2.85,2343.07,0.87
201808,2018-08-01,종로구,서울>강북지역>도심권>종로구,91.4173427695922,102.874887303854,1.5,2.85,2343.07,0.87
201809,2018-09-01,강남구,서울>강남지역>동남권>강남구,74.6123799391337,98.5782443087357,1.5,2.85,2029.69,-13.37
201809,2018-09-01,강남지역,서울>강남지역,80.1335364740977,96.3344369511913,1.5,2.85,2029.69,-13.37
201809,2018-09-01,강북지역,서울>강북지역,90.9574046987294,98.91923176174,1.5,2.85,2029.69,-13.37
201809,2018-09-01,노원구,서울>강북지역>동북권>노원구,95.8882222444577,95.7047619338076,1.5,2.85,2029.69,-13.37
201809,2018-09-01,대구,대구,115.736769915213,122.693151912098,1.5,2.85,2029.69,-13.37
201809,2018-09-01,마포구,서울>강북지역>서북권>마포구,77.3628827085679,94.6039890203539,1.5,2.85,2029.69,-13.37
201809,2018-09-01,부산,부산,102.098492982595,103.630677256532,1.5,2.85,2029.69,-13.37
201809,2018-09-01,서울,서울,84.9916349581498,97.5121414815452,1.5,2.85,2029.69,-13.37
201809,2018-09-01,서초구,서울>강남지역>동남권>서초구,71.0576075086492,91.8327005716417,1.5,2.85,2029.69,-13.37
201809,2018-09-01,성남시,경기>경부1권>성남시,74.3402223662936,95.7578851844675,1.5,2.85,2029.69,-13.37
201809,2018-09-01,성동구,서울>강북지역>동북권>성동구,72.9819470321283,89.0451666599758,1.5,2.85,2029.69,-13.37
201809,2018-09-01,세종,세종,93.7086781354261,67.0310493073972,1.5,2.85,2029.69,-13.37
201809,2018-09-01,송파구,서울>강남지역>동남권>송파구,67.7810235311284,88.1637151583509,1.5,2.85,2029.69,-13.37
201809,2018-09-01,수도권,수도권,84.6073725337904,96.5341227907947,1.5,2.85,2029.69,-13.37
201809,2018-09-01,수원시,경기>경부2권>수원시,74.246737278464,92.6985383858475,1.5,2.85,2029.69,-13.37
201809,2018-09-01,용산구,서울>강북지역>도심권>용산구,77.5869377511695,95.723279090329,1.5,2.85,2029.69,-13.37
201809,2018-09-01,전국,전국,92.6722152535205,98.79545837446,1.5,2.85,2029.69,-13.37
201809,2018-09-01,종로구,서울>강북지역>도심권>종로구,92.3399935671644,103.528245039165,1.5,2.85,2029.69,-13.37
201810,2018-10-01,강남구,서울>강남지역>동남권>강남구,74.9603279737506,98.8472660816429,1.5,2.85,2096.86,3.31
201810,2018-10-01,강남지역,서울>강남지역,80.5495192786776,96.5805459362425,1.5,2.85,2096.86,3.31
201810,2018-10-01,강북지역,서울>강북지역,91.5495702624682,99.1199363164874,1.5,2.85,2096.86,3.31
201810,2018-10-01,노원구,서울>강북지역>동북권>노원구,96.6214512697093,95.814974433188,1.5,2.85,2096.86,3.31
201810,2018-10-01,대구,대구,116.361419699087,122.870000830319,1.5,2.85,2096.86,3.31
201810,2018-10-01,마포구,서울>강북지역>서북권>마포구,77.8271785009869,95.2147071348042,1.5,2.85,2096.86,3.31
201810,2018-10-01,부산,부산,101.837663974981,103.499659728429,1.5,2.85,2096.86,3.31
201810,2018-10-01,서울,서울,85.4841350493162,97.7377917243014,1.5,2.85,2096.86,3.31
201810,2018-10-01,서초구,서울>강남지역>동남권>서초구,71.4278794413708,91.8996870984221,1.5,2.85,2096.86,3.31
201810,2018-10-01,성남시,경기>경부1권>성남시,74.7957688108074,95.8591486452716,1.5,2.85,2096.86,3.31
201810,2018-10-01,성동구,서울>강북지역>동북권>성동구,73.2331303256345,89.4640860580046,1.5,2.85,2096.86,3.31
201810,2018-10-01,세종,세종,93.6274075890466,68.1762199691002,1.5,2.85,2096.86,3.31
201810,2018-10-01,송파구,서울>강남지역>동남권>송파구,68.1383076242965,88.331494585056,1.5,2.85,2096.86,3.31
201810,2018-10-01,수도권,수도권,85.0083873684554,96.5998070756933,1.5,2.85,2096.86,3.31
201810,2018-10-01,수원시,경기>경부2권>수원시,74.5717556298453,92.6328755414646,1.5,2.85,2096.86,3.31
201810,2018-10-01,용산구,서울>강북지역>도심권>용산구,77.7834330650844,95.8392842489189,1.5,2.85,2096.86,3.31
201810,2018-10-01,전국,전국,92.7919665682796,98.7083265968488,1.5,2.85,2096.86,3.31
201810,2018-10-01,종로구,서울>강북지역>도심권>종로구,93.1597746482375,103.645432086796,1.5,2.85,2096.86,3.31
201811,2018-11-01,강남구,서울>강남지역>동남권>강남구,74.8134633047754,98.7896925223757,1.5,2.85,2041.04,-2.66
201811,2018-11-01,강남지역,서울>강남지역,80.5066743281291,96.5019998494331,1.5,2.85,2041.04,-2.66
201811,2018-11-01,강북지역,서울>강북지역,91.711878280134,99.1564872458442,1.5,2.85,2041.04,-2.66
201811,2018-11-01,노원구,서울>강북지역>동북권>노원구,96.8597423920616,95.8941164287652,1.5,2.85,2041.04,-2.66
201811,2018-11-01,대구,대구,116.871687551388,122.996929247221,1.5,2.85,2041.04,-2.66
201811,2018-11-01,마포구,서울>강북지역>서북권>마포구,77.8687493570222,95.1666690017098,1.5,2.85,2041.04,-2.66
201811,2018-11-01,부산,부산,101.500488318983,103.333669159014,1.5,2.85,2041.04,-2.66
201811,2018-11-01,서울,서울,85.5287821249231,97.71116203561,1.5,2.85,2041.04,-2.66
201811,2018-11-01,서초구,서울>강남지역>동남권>서초구,71.3038209074386,91.5547350800305,1.5,2.85,2041.04,-2.66
201811,2018-11-01,성남시,경기>경부1권>성남시,74.7959980541659,95.789060539393,1.5,2.85,2041.04,-2.66
201811,2018-11-01,성동구,서울>강북지역>동북권>성동구,73.2908562203536,89.7611153699378,1.5,2.85,2041.04,-2.66
201811,2018-11-01,세종,세종,93.697729099236,71.4630647337432,1.5,2.85,2041.04,-2.66
201811,2018-11-01,송파구,서울>강남지역>동남권>송파구,67.9542979782056,88.2621719339045,1.5,2.85,2041.04,-2.66
201811,2018-11-01,수도권,수도권,85.1444303743167,96.5035608032595,1.5,2.85,2041.04,-2.66
201811,2018-11-01,수원시,경기>경부2권>수원시,74.886498013932,92.3961697376302,1.5,2.85,2041.04,-2.66
201811,2018-11-01,용산구,서울>강북지역>도심권>용산구,77.7493388149722,95.4714116007943,1.5,2.85,2041.04,-2.66
201811,2018-11-01,전국,전국,92.7647092821996,98.5734589307115,1.5,2.85,2041.04,-2.66
201811,2018-11-01,종로구,서울>강북지역>도심권>종로구,93.4651612495002,104.067389226519,1.5,2.85,2041.04,-2.66
201812,2018-12-01,강남구,서울>강남지역>동남권>강남구,74.4101540621465,98.4784192905778,1.75,3.1,2204.85,8.03
201812,2018-12-01,강남지역,서울>강남지역,80.3083379449451,96.2101760886461,1.75,3.1,2204.85,8.03
201812,2018-12-01,강북지역,서울>강북지역,91.64122549997,99.0440518325231,1.75,3.1,2204.85,8.03
201812,2018-12-01,노원구,서울>강북지역>동북권>노원구,96.7365070817234,95.9054629544057,1.75,3.1,2204.85,8.03
201812,2018-12-01,대구,대구,117.20089223414,123.070765000461,1.75,3.1,2204.85,8.03
201812,2018-12-01,마포구,서울>강북지역>서북권>마포구,77.7655113680237,94.5882427167482,1.75,3.1,2204.85,8.03
201812,2018-12-01,부산,부산,101.098262903496,103.10885953942,1.75,3.1,2204.85,8.03
201812,2018-12-01,서울,서울,85.3843230014628,97.5001634709868,1.75,3.1,2204.85,8.03
201812,2018-12-01,서초구,서울>강남지역>동남권>서초구,71.0866698023396,90.7642875125691,1.75,3.1,2204.85,8.03
201812,2018-12-01,성남시,경기>경부1권>성남시,74.5783450601638,95.468093500089,1.75,3.1,2204.85,8.03
201812,2018-12-01,성동구,서울>강북지역>동북권>성동구,73.2019391236809,89.8904587622285,1.75,3.1,2204.85,8.03
201812,2018-12-01,세종,세종,93.6814555764823,73.8768366163473,1.75,3.1,2204.85,8.03
201812,2018-12-01,송파구,서울>강남지역>동남권>송파구,67.6099093032345,87.8436259270395,1.75,3.1,2204.85,8.03
201812,2018-12-01,수도권,수도권,85.0974070535758,96.2163219940839,1.75,3.1,2204.85,8.03
201812,2018-12-01,수원시,경기>경부2권>수원시,75.2293653400748,91.9841370425336,1.75,3.1,2204.85,8.03
201812,2018-12-01,용산구,서울>강북지역>도심권>용산구,77.5372251574385,95.0686648009904,1.75,3.1,2204.85,8.03
201812,2018-12-01,전국,전국,92.5931285572767,98.2949723167583,1.75,3.1,2204.85,8.03
201812,2018-12-01,종로구,서울>강북지역>도심권>종로구,93.5101637229252,103.883513856472,1.75,3.1,2204.85,8.03
201901,2019-01-01,강남구,서울>강남지역>동남권>강남구,73.5664335541087,97.4520578675727,1.75,3.1,2195.44,-0.43
201901,2019-01-01,강남지역,서울>강남지역,79.8912989640536,95.4634307378523,1.75,3.1,2195.44,-0.43
201901,2019-01-01,강북지역,서울>강북지역,91.3863381158245,98.8424924799085,1.75,3.1,2195.44,-0.43
201901,2019-01-01,노원구,서울>강북지역>동북권>노원구,96.3006073142111,95.9392671730105,1.75,3.1,2195.44,-0.43
201901,2019-01-01,대구,대구,117.241443503382,123.032099587248,1.75,3.1,2195.44,-0.43
201901,2019-01-01,마포구,서울>강북지역>서북권>마포구,77.4158216593867,94.1686372464663,1.75,3.1,2195.44,-0.43
201901,2019-01-01,부산,부산,100.757755058188,102.912935207121,1.75,3.1,2195.44,-0.43
201901,2019-01-01,서울,서울,85.0348838007839,96.9979476597381,1.75,3.1,2195.44,-0.43
201901,2019-01-01,서초구,서울>강남지역>동남권>서초구,70.7633757840254,89.7324977074721,1.75,3.1,2195.44,-0.43
201901,2019-01-01,성남시,경기>경부1권>성남시,74.1933964169921,94.9270316448701,1.75,3.1,2195.44,-0.43
201901,2019-01-01,성동구,서울>강북지역>동북권>성동구,73.0352168841394,89.6410684346408,1.75,3.1,2195.44,-0.43
201901,2019-01-01,세종,세종,93.670894228402,74.6923351460065,1.75,3.1,2195.44,-0.43
201901,2019-01-01,송파구,서울>강남지역>동남권>송파구,67.0659696368327,86.8710884533986,1.75,3.1,2195.44,-0.43
201901,2019-01-01,수도권,수도권,84.8821399470915,95.8260321442631,1.75,3.1,2195.44,-0.43
201901,2019-01-01,수원시,경기>경부2권>수원시,75.2503543319404,91.8310078904313,1.75,3.1,2195.44,-0.43
201901,2019-01-01,용산구,서울>강북지역>도심권>용산구,77.1758864467848,94.7501559335295,1.75,3.1,2195.44,-0.43
201901,2019-01-01,전국,전국,92.3249379102541,97.9760909772979,1.75,3.1,2195.44,-0.43
201901,2019-01-01,종로구,서울>강북지역>도심권>종로구,93.4533200858316,103.709890805144,1.75,3.1,2195.44,-0.43
201902,2019-02-01,강남구,서울>강남지역>동남권>강남구,72.7751026359479,95.4623156551844,1.75,3.1,2140.67,-2.49
201902,2019-02-01,강남지역,서울>강남지역,79.5100418798948,94.5557635688715,1.75,3.1,2140.67,-2.49
201902,2019-02-01,강북지역,서울>강북지역,91.169360487063,98.4582484616952,1.75,3.1,2140.67,-2.49
201902,2019-02-01,노원구,서울>강북지역>동북권>노원구,96.0414689777118,95.8886918767636,1.75,3.1,2140.67,-2.49
201902,2019-02-01,대구,대구,117.229579756926,123.039574258048,1.75,3.1,2140.67,-2.49
201902,2019-02-01,마포구,서울>강북지역>서북권>마포구,77.0132243649707,93.7612905283732,1.75,3.1,2140.67,-2.49
201902,2019-02-01,부산,부산,100.488175933885,102.723046768578,1.75,3.1,2140.67,-2.49
201902,2019-02-01,서울,서울,84.7221239017979,96.3242408586585,1.75,3.1,2140.67,-2.49
201902,2019-02-01,서초구,서울>강남지역>동남권>서초구,70.2664833989697,88.6399433761216,1.75,3.1,2140.67,-2.49
201902,2019-02-01,성남시,경기>경부1권>성남시,73.6807125784164,94.3711517933909,1.75,3.1,2140.67,-2.49
201902,2019-02-01,성동구,서울>강북지역>동북권>성동구,72.8697498293431,89.2474155174161,1.75,3.1,2140.67,-2.49
201902,2019-02-01,세종,세종,93.486335954357,75.0768340727832,1.75,3.1,2140.67,-2.49
201902,2019-02-01,송파구,서울>강남지역>동남권>송파구,66.7303043616622,85.8848903118345,1.75,3.1,2140.67,-2.49
201902,2019-02-01,수도권,수도권,84.674432379417,95.3988852237666,1.75,3.1,2140.67,-2.49
201902,2019-02-01,수원시,경기>경부2권>수원시,75.2361085240355,91.5478270152019,1.75,3.1,2140.67,-2.49
201902,2019-02-01,용산구,서울>강북지역>도심권>용산구,76.9464755805598,94.1479223270862,1.75,3.1,2140.67,-2.49
201902,2019-02-01,전국,전국,92.0902224846332,97.6474114940299,1.75,3.1,2140.67,-2.49
201902,2019-02-01,종로구,서울>강북지역>도심권>종로구,93.3872239229566,103.44667059163,1.75,3.1,2140.67,-2.49
201903,2019-03-01,강남구,서울>강남지역>동남권>강남구,72.1313563385967,93.7781432149764,1.75,3.1,2203.59,2.94
201903,2019-03-01,강남지역,서울>강남지역,79.1205789936197,93.8792906767624,1.75,3.1,2203.59,2.94
201903,2019-03-01,강북지역,서울>강북지역,90.9088643990105,97.9410312364188,1.75,3.1,2203.59,2.94
201903,2019-03-01,노원구,서울>강북지역>동북권>노원구,95.7564648921267,95.696984455494,1.75,3.1,2203.59,2.94
201903,2019-03-01,대구,대구,117.182867835321,123.128947733688,1.75,3.1,2203.59,2.94
201903,2019-03-01,마포구,서울>강북지역>서북권>마포구,76.8738670264936,93.2659334094624,1.75,3.1,2203.59,2.94
201903,2019-03-01,부산,부산,100.163956395423,102.50671767517,1.75,3.1,2203.59,2.94
201903,2019-03-01,서울,서울,84.3860421527522,95.7186848919523,1.75,3.1,2203.59,2.94
201903,2019-03-01,서초구,서울>강남지역>동남권>서초구,69.9081562078801,87.7449635207,1.75,3.1,2203.59,2.94
201903,2019-03-01,성남시,경기>경부1권>성남시,73.1714676079895,93.8873721800223,1.75,3.1,2203.59,2.94
201903,2019-03-01,성동구,서울>강북지역>동북권>성동구,72.599970554819,88.8406241351678,1.75,3.1,2203.59,2.94
201903,2019-03-01,세종,세종,93.1689413546987,74.6450157470944,1.75,3.1,2203.59,2.94
201903,2019-03-01,송파구,서울>강남지역>동남권>송파구,66.3609969974044,85.5441401213223,1.75,3.1,2203.59,2.94
201903,2019-03-01,수도권,수도권,84.4190940244537,94.9408246073135,1.75,3.1,2203.59,2.94
201903,2019-03-01,수원시,경기>경부2권>수원시,75.1438460647272,91.1965506946174,1.75,3.1,2203.59,2.94
201903,2019-03-01,용산구,서울>강북지역>도심권>용산구,76.6853815547604,93.8742752507306,1.75,3.1,2203.59,2.94
201903,2019-03-01,전국,전국,91.8031408457587,97.2821686067199,1.75,3.1,2203.59,2.94
201903,2019-03-01,종로구,서울>강북지역>도심권>종로구,93.383028202577,102.465055003341,1.75,3.1,2203.59,2.94
201904,2019-04-01,강남구,서울>강남지역>동남권>강남구,71.9067584395154,93.3962110693778,1.75,3.1,2041.74,-7.34
201904,2019-04-01,강남지역,서울>강남지역,78.7949034525583,93.5653474224868,1.75,3.1,2041.74,-7.34
201904,2019-04-01,강북지역,서울>강북지역,90.6714103603707,97.646435030808,1.75,3.1,2041.74,-7.34
201904,2019-04-01,노원구,서울>강북지역>동북권>노원구,95.3888249165058,95.561868196911,1.75,3.1,2041.74,-7.34
201904,2019-04-01,대구,대구,117.054113225614,123.227247056914,1.75,3.1,2041.74,-7.34
201904,2019-04-01,마포구,서울>강북지역>서북권>마포구,76.7631110656398,92.6006873668321,1.75,3.1,2041.74,-7.34
201904,2019-04-01,부산,부산,99.7290904561326,102.155129433346,1.75,3.1,2041.74,-7.34
201904,2019-04-01,서울,서울,84.0966272227614,95.4132839338992,1.75,3.1,2041.74,-7.34
201904,2019-04-01,서초구,서울>강남지역>동남권>서초구,69.5153774531112,87.3820476174318,1.75,3.1,2041.74,-7.34
201904,2019-04-01,성남시,경기>경부1권>성남시,72.7335626929336,93.3995264516329,1.75,3.1,2041.74,-7.34
201904,2019-04-01,성동구,서울>강북지역>동북권>성동구,72.2293764319329,88.6004567193656,1.75,3.1,2041.74,-7.34
201904,2019-04-01,세종,세종,92.4306896093485,73.1234828041405,1.75,3.1,2041.74,-7.34
201904,2019-04-01,송파구,서울>강남지역>동남권>송파구,66.1681269003984,85.7802030571427,1.75,3.1,2041.74,-7.34
201904,2019-04-01,수도권,수도권,84.0801454725917,94.4458897817537,1.75,3.1,2041.74,-7.34
201904,2019-04-01,수원시,경기>경부2권>수원시,74.9803906450442,90.0673864461161,1.75,3.1,2041.74,-7.34
201904,2019-04-01,용산구,서울>강북지역>도심권>용산구,76.4401272585938,93.5821494085029,1.75,3.1,2041.74,-7.34
201904,2019-04-01,전국,전국,91.4286849402703,96.8483847411495,1.75,3.1,2041.74,-7.34
201904,2019-04-01,종로구,서울>강북지역>도심권>종로구,93.3537946181617,102.047858178507,1.75,3.1,2041.74,-7.34
201905,2019-05-01,강남구,서울>강남지역>동남권>강남구,71.8682668618675,93.3260139778898,1.75,3.1,2130.62,4.35
201905,2019-05-01,강남지역,서울>강남지역,78.6121603960011,93.3940268099344,1.75,3.1,2130.62,4.35
201905,2019-05-01,강북지역,서울>강북지역,90.5258975925392,97.5512264093545,1.75,3.1,2130.62,4.35
201905,2019-05-01,노원구,서울>강북지역>동북권>노원구,95.3203247370088,95.5309533150057,1.75,3.1,2130.62,4.35
201905,2019-05-01,대구,대구,116.975839844656,123.263453073859,1.75,3.1,2130.62,4.35
201905,2019-05-01,마포구,서울>강북지역>서북권>마포구,76.6802669257766,92.437398546549,1.75,3.1,2130.62,4.35
201905,2019-05-01,부산,부산,99.3388185553857,101.863837499113,1.75,3.1,2130.62,4.35
201905,2019-05-01,서울,서울,83.9290146394359,95.2758632532934,1.75,3.1,2130.62,4.35
201905,2019-05-01,서초구,서울>강남지역>동남권>서초구,69.3342078585774,87.1975385602165,1.75,3.1,2130.62,4.35
201905,2019-05-01,성남시,경기>경부1권>성남시,72.479183141051,93.0060205730417,1.75,3.1,2130.62,4.35
201905,2019-05-01,성동구,서울>강북지역>동북권>성동구,71.6741851870673,88.4053932502282,1.75,3.1,2130.62,4.35
201905,2019-05-01,세종,세종,92.0787992096882,72.3945089538682,1.75,3.1,2130.62,4.35
201905,2019-05-01,송파구,서울>강남지역>동남권>송파구,66.0906489212617,85.9788581210183,1.75,3.1,2130.62,4.35
201905,2019-05-01,수도권,수도권,83.83347878395,94.1672972679406,1.75,3.1,2130.62,4.35
201905,2019-05-01,수원시,경기>경부2권>수원시,74.8053158797874,89.4574815804566,1.75,3.1,2130.62,4.35
201905,2019-05-01,용산구,서울>강북지역>도심권>용산구,76.319764595374,93.3794453205075,1.75,3.1,2130.62,4.35
201905,2019-05-01,전국,전국,91.1315669872593,96.5379198609508,1.75,3.1,2130.62,4.35
201905,2019-05-01,종로구,서울>강북지역>도심권>종로구,93.2961504489501,101.819962904686,1.75,3.1,2130.62,4.35
201906,2019-06-01,강남구,서울>강남지역>동남권>강남구,71.8827553434556,93.3850243671963,1.75,3.1,2024.55,-4.98
201906,2019-06-01,강남지역,서울>강남지역,78.5454838464639,93.3303456345522,1.75,3.1,2024.55,-4.98
201906,2019-06-01,강북지역,서울>강북지역,90.4359132930795,97.4995355687866,1.75,3.1,2024.55,-4.98
201906,2019-06-01,노원구,서울>강북지역>동북권>노원구,95.2829045483833,95.4592061332541,1.75,3.1,2024.55,-4.98
201906,2019-06-01,대구,대구,116.8195477821,123.25195361554,1.75,3.1,2024.55,-4.98
201906,2019-06-01,마포구,서울>강북지역>서북권>마포구,76.6806742098592,92.5107339579176,1.75,3.1,2024.55,-4.98
201906,2019-06-01,부산,부산,98.9555851199969,101.561304019587,1.75,3.1,2024.55,-4.98
201906,2019-06-01,서울,서울,83.8522390969411,95.2175099070218,1.75,3.1,2024.55,-4.98
201906,2019-06-01,서초구,서울>강남지역>동남권>서초구,69.3070844013472,87.1586580088251,1.75,3.1,2024.55,-4.98
201906,2019-06-01,성남시,경기>경부1권>성남시,72.3739161273933,92.8018396389698,1.75,3.1,2024.55,-4.98
201906,2019-06-01,성동구,서울>강북지역>동북권>성동구,71.4069275742675,88.2968254453576,1.75,3.1,2024.55,-4.98
201906,2019-06-01,세종,세종,91.5531051335457,71.4225425628497,1.75,3.1,2024.55,-4.98
201906,2019-06-01,송파구,서울>강남지역>동남권>송파구,66.0694029095242,86.1338390257411,1.75,3.1,2024.55,-4.98
201906,2019-06-01,수도권,수도권,83.6744624435553,93.9483510369097,1.75,3.1,2024.55,-4.98
201906,2019-06-01,수원시,경기>경부2권>수원시,74.6765009201852,89.0276568929716,1.75,3.1,2024.55,-4.98
201906,2019-06-01,용산구,서울>강북지역>도심권>용산구,76.2168388294289,93.2320476569525,1.75,3.1,2024.55,-4.98
201906,2019-06-01,전국,전국,90.8838396598701,96.246431507717,1.75,3.1,2024.55,-4.98
201906,2019-06-01,종로구,서울>강북지역>도심권>종로구,93.2783357925948,101.774297589589,1.75,3.1,2024.55,-4.98
201907,2019-07-01,강남구,서울>강남지역>동남권>강남구,72.0184928531191,93.4904646445936,1.75,3.1,1967.79,-2.8
201907,2019-07-01,강남지역,서울>강남지역,78.6267914411216,93.3597689372806,1.75,3.1,1967.79,-2.8
201907,2019-07-01,강북지역,서울>강북지역,90.466306268007,97.5037060978055,1.75,3.1,1967.79,-2.8
201907,2019-07-01,노원구,서울>강북지역>동북권>노원구,95.3436759807008,95.4877394673813,1.75,3.1,1967.79,-2.8
201907,2019-07-01,대구,대구,116.643738067014,123.297623618121,1.75,3.1,1967.79,-2.8
201907,2019-07-01,마포구,서울>강북지역>서북권>마포구,76.750236362901,92.4280841884904,1.75,3.1,1967.79,-2.8
201907,2019-07-01,부산,부산,98.6042022964837,101.148686060249,1.75,3.1,1967.79,-2.8
201907,2019-07-01,서울,서울,83.9122685809849,95.2356805319864,1.75,3.1,1967.79,-2.8
201907,2019-07-01,서초구,서울>강남지역>동남권>서초구,69.4361149411129,87.3991716208753,1.75,3.1,1967.79,-2.8
201907,2019-07-01,성남시,경기>경부1권>성남시,72.5762809880518,93.1627496418836,1.75,3.1,1967.79,-2.8
201907,2019-07-01,성동구,서울>강북지역>동북권>성동구,71.4338664720156,88.3473934515691,1.75,3.1,1967.79,-2.8
201907,2019-07-01,세종,세종,91.0756097425626,70.8367328545176,1.75,3.1,1967.79,-2.8
201907,2019-07-01,송파구,서울>강남지역>동남권>송파구,66.1766078667543,86.216854227177,1.75,3.1,1967.79,-2.8
201907,2019-07-01,수도권,수도권,83.6152224029343,93.786673582972,1.75,3.1,1967.79,-2.8
201907,2019-07-01,수원시,경기>경부2권>수원시,74.6929440684569,88.6759839099433,1.75,3.1,1967.79,-2.8
201907,2019-07-01,용산구,서울>강북지역>도심권>용산구,76.2678210705882,93.1726575586969,1.75,3.1,1967.79,-2.8
201907,2019-07-01,전국,전국,90.6858412061463,95.99738864808,1.75,3.1,1967.79,-2.8
201907,2019-07-01,종로구,서울>강북지역>도심권>종로구,93.22981884443,101.689792192666,1.75,3.1,1967.79,-2.8
201908,2019-08-01,강남구,서울>강남지역>동남권>강남구,72.1966029953486,93.7204947473149,1.5,2.85,2063.05,4.84
201908,2019-08-01,강남지역,서울>강남지역,78.7421461954073,93.5395224411719,1.5,2.85,2063.05,4.84
201908,2019-08-01,강북지역,서울>강북지역,90.5882611344603,97.5901628063477,1.5,2.85,2063.05,4.84
201908,2019-08-01,노원구,서울>강북지역>동북권>노원구,95.4353979728481,95.608713688885,1.5,2.85,2063.05,4.84
201908,2019-08-01,대구,대구,116.481369006425,123.431935636531,1.5,2.85,2063.05,4.84
201908,2019-08-01,마포구,서울>강북지역>서북권>마포구,76.9497660747456,92.530224280698,1.5,2.85,2063.05,4.84
201908,2019-08-01,부산,부산,98.3181386195528,100.852386936225,1.5,2.85,2063.05,4.84
201908,2019-08-01,서울,서울,84.0308163104234,95.3738660067372,1.5,2.85,2063.05,4.84
201908,2019-08-01,서초구,서울>강남지역>동남권>서초구,69.6193936562858,88.0603090653021,1.5,2.85,2063.05,4.84
201908,2019-08-01,성남시,경기>경부1권>성남시,72.8072115098444,93.4011467236767,1.5,2.85,2063.05,4.84
201908,2019-08-01,성동구,서울>강북지역>동북권>성동구,71.5855986874678,88.4950759420789,1.5,2.85,2063.05,4.84
201908,2019-08-01,세종,세종,90.8911590597524,70.5069712810217,1.5,2.85,2063.05,4.84
201908,2019-08-01,송파구,서울>강남지역>동남권>송파구,66.2926038777315,86.2950713995157,1.5,2.85,2063.05,4.84
201908,2019-08-01,수도권,수도권,83.6204019536254,93.7984736018847,1.5,2.85,2063.05,4.84
201908,2019-08-01,수원시,경기>경부2권>수원시,74.8436391291424,88.6311168866873,1.5,2.85,2063.05,4.84
201908,2019-08-01,용산구,서울>강북지역>도심권>용산구,76.3864086216377,93.2217802138195,1.5,2.85,2063.05,4.84
201908,2019-08-01,전국,전국,90.555401951339,95.8665135050633,1.5,2.85,2063.05,4.84
201908,2019-08-01,종로구,서울>강북지역>도심권>종로구,93.3333308516515,101.667713497417,1.5,2.85,2063.05,4.84
201909,2019-09-01,강남구,서울>강남지역>동남권>강남구,72.3386250986675,93.9922681776979,1.5,2.85,2083.48,0.99
201909,2019-09-01,강남지역,서울>강남지역,78.8741496803773,93.7437033245279,1.5,2.85,2083.48,0.99
201909,2019-09-01,강북지역,서울>강북지역,90.7719303625541,97.6939255521878,1.5,2.85,2083.48,0.99
201909,2019-09-01,노원구,서울>강북지역>동북권>노원구,95.6207472626264,95.7190167581196,1.5,2.85,2083.48,0.99
201909,2019-09-01,대구,대구,116.439291226645,123.585170855689,1.5,2.85,2083.48,0.99
201909,2019-09-01,마포구,서울>강북지역>서북권>마포구,77.1899472558983,92.6027301070825,1.5,2.85,2083.48,0.99
201909,2019-09-01,부산,부산,98.0339210949966,100.560756776646,1.5,2.85,2083.48,0.99
201909,2019-09-01,서울,서울,84.1851563164088,95.5332805543261,1.5,2.85,2083.48,0.99
201909,2019-09-01,서초구,서울>강남지역>동남권>서초구,69.808434669209,88.4554379849376,1.5,2.85,2083.48,0.99
201909,2019-09-01,성남시,경기>경부1권>성남시,73.1485217879844,93.6711428976968,1.5,2.85,2083.48,0.99
201909,2019-09-01,성동구,서울>강북지역>동북권>성동구,71.8176209357559,88.6552654592423,1.5,2.85,2083.48,0.99
201909,2019-09-01,세종,세종,90.7748463107878,70.4077921752118,1.5,2.85,2083.48,0.99
201909,2019-09-01,송파구,서울>강남지역>동남권>송파구,66.4009472839407,86.3575597382684,1.5,2.85,2083.48,0.99
201909,2019-09-01,수도권,수도권,83.7351598951122,93.9456837402578,1.5,2.85,2083.48,0.99
201909,2019-09-01,수원시,경기>경부2권>수원시,74.968007177726,88.6640694428601,1.5,2.85,2083.48,0.99
201909,2019-09-01,용산구,서울>강북지역>도심권>용산구,76.5515725860504,93.2683455467898,1.5,2.85,2083.48,0.99
201909,2019-09-01,전국,전국,90.5088970777652,95.8455287561871,1.5,2.85,2083.48,0.99
201909,2019-09-01,종로구,서울>강북지역>도심권>종로구,93.5325006642427,101.741266707677,1.5,2.85,2083.48,0.99
201910,2019-10-01,강남구,서울>강남지역>동남권>강남구,73.1124430737529,94.4202098357712,1.5,2.85,2087.96,0.22
201910,2019-10-01,강남지역,서울>강남지역,79.4145689463933,94.1701801426023,1.5,2.85,2087.96,0.22
201910,2019-10-01,강북지역,서울>강북지역,91.2228263509836,97.9295182463909,1.5,2.85,2087.96,0.22
201910,2019-10-01,노원구,서울>강북지역>동북권>노원구,96.1013724088704,96.0550769798061,1.5,2.85,2087.96,0.22
201910,2019-10-01,대구,대구,116.571339958933,124.121510089312,1.5,2.85,2087.96,0.22
201910,2019-10-01,마포구,서울>강북지역>서북권>마포구,77.842229092976,92.82339762963,1.5,2.85,2087.96,0.22
201910,2019-10-01,부산,부산,97.7885765025678,100.42006270414,1.5,2.85,2087.96,0.22
201910,2019-10-01,서울,서울,84.6894962277196,95.8745898273102,1.5,2.85,2087.96,0.22
201910,2019-10-01,서초구,서울>강남지역>동남권>서초구,70.2136930096967,88.8791365135112,1.5,2.85,2087.96,0.22
201910,2019-10-01,성남시,경기>경부1권>성남시,73.7740587797503,94.2202714518456,1.5,2.85,2087.96,0.22
201910,2019-10-01,성동구,서울>강북지역>동북권>성동구,72.3174851564664,89.0655837992126,1.5,2.85,2087.96,0.22
201910,2019-10-01,세종,세종,90.7880456064949,70.567916297548,1.5,2.85,2087.96,0.22
201910,2019-10-01,송파구,서울>강남지역>동남권>송파구,67.0863081945989,86.884573797814,1.5,2.85,2087.96,0.22
201910,2019-10-01,수도권,수도권,84.0005810439825,94.2986143954559,1.5,2.85,2087.96,0.22
201910,2019-10-01,수원시,경기>경부2권>수원시,75.1299908822471,89.1194535342368,1.5,2.85,2087.96,0.22
201910,2019-10-01,용산구,서울>강북지역>도심권>용산구,76.9262129545315,93.4809346044088,1.5,2.85,2087.96,0.22
201910,2019-10-01,전국,전국,90.6078138958874,95.9918067137246,1.5,2.85,2087.96,0.22
201910,2019-10-01,종로구,서울>강북지역>도심권>종로구,93.7698565819769,101.887092911021,1.5,2.85,2087.96,0.22
201911,2019-11-01,강남구,서울>강남지역>동남권>강남구,73.8889787806189,95.0327688594813,1.25,2.6,2197.67,5.25
201911,2019-11-01,강남지역,서울>강남지역,80.0884406487547,94.6898325045946,1.25,2.6,2197.67,5.25
201911,2019-11-01,강북지역,서울>강북지역,91.6841674223544,98.1618072705788,1.25,2.6,2197.67,5.25
201911,2019-11-01,노원구,서울>강북지역>동북권>노원구,96.5227071589951,96.2788865421829,1.25,2.6,2197.67,5.25
201911,2019-11-01,대구,대구,116.777790206432,124.637934201734,1.25,2.6,2197.67,5.25
201911,2019-11-01,마포구,서울>강북지역>서북권>마포구,78.3701184340184,93.0233005077866,1.25,2.6,2197.67,5.25
201911,2019-11-01,부산,부산,97.789032864008,100.362060906638,1.25,2.6,2197.67,5.25
201911,2019-11-01,서울,서울,85.2754388343915,96.2657987983517,1.25,2.6,2197.67,5.25
201911,2019-11-01,서초구,서울>강남지역>동남권>서초구,70.8185451564061,89.2531456624615,1.25,2.6,2197.67,5.25
201911,2019-11-01,성남시,경기>경부1권>성남시,74.4822366234753,94.8907012196954,1.25,2.6,2197.67,5.25
201911,2019-11-01,성동구,서울>강북지역>동북권>성동구,72.8823496103507,89.4931204276835,1.25,2.6,2197.67,5.25
201911,2019-11-01,세종,세종,90.7714717613771,70.9875285488849,1.25,2.6,2197.67,5.25
201911,2019-11-01,송파구,서울>강남지역>동남권>송파구,67.8452113471182,87.4153672715327,1.25,2.6,2197.67,5.25
201911,2019-11-01,수도권,수도권,84.3749720481139,94.7061906209061,1.25,2.6,2197.67,5.25
201911,2019-11-01,수원시,경기>경부2권>수원시,75.4554277051455,89.715668037458,1.25,2.6,2197.67,5.25
201911,2019-11-01,용산구,서울>강북지역>도심권>용산구,77.3886455821283,93.7796069335568,1.25,2.6,2197.67,5.25
201911,2019-11-01,전국,전국,90.8123857220434,96.2160987727076,1.25,2.6,2197.67,5.25
201911,2019-11-01,종로구,서울>강북지역>도심권>종로구,94.0034812522126,102.171772648479,1.25,2.6,2197.67,5.25
201912,2019-12-01,강남구,서울>강남지역>동남권>강남구,76.0797468257854,96.338318035169,1.25,2.6,2119.01,-3.58
201912,2019-12-01,강남지역,서울>강남지역,81.5330604135054,95.4814338312162,1.25,2.6,2119.01,-3.58
201912,2019-12-01,강북지역,서울>강북지역,92.205502955394,98.4408454173353,1.25,2.6,2119.01,-3.58
201912,2019-12-01,노원구,서울>강북지역>동북권>노원구,97.0016888030854,96.5098512548264,1.25,2.6,2119.01,-3.58
201912,2019-12-01,대구,대구,117.090443749657,124.996153837637,1.25,2.6,2119.01,-3.58
201912,2019-12-01,마포구,서울>강북지역>서북권>마포구,78.9366143369655,93.3960951461336,1.25,2.6,2119.01,-3.58
201912,2019-12-01,부산,부산,98.3304725343097,100.624907913851,1.25,2.6,2119.01,-3.58
201912,2019-12-01,서울,서울,86.3310897644222,96.827698382977,1.25,2.6,2119.01,-3.58
201912,2019-12-01,서초구,서울>강남지역>동남권>서초구,72.2325829638979,89.8887112921673,1.25,2.6,2119.01,-3.58
201912,2019-12-01,성남시,경기>경부1권>성남시,75.3129777767098,95.6066898478408,1.25,2.6,2119.01,-3.58
201912,2019-12-01,성동구,서울>강북지역>동북권>성동구,73.5192585205394,89.99730900858,1.25,2.6,2119.01,-3.58
201912,2019-12-01,세종,세종,91.6991489241051,72.0224961572541,1.25,2.6,2119.01,-3.58
201912,2019-12-01,송파구,서울>강남지역>동남권>송파구,69.7033031797154,88.3066748525312,1.25,2.6,2119.01,-3.58
201912,2019-12-01,수도권,수도권,85.0814541997328,95.2319542454338,1.25,2.6,2119.01,-3.58
201912,2019-12-01,수원시,경기>경부2권>수원시,76.3776124678996,90.4529607864287,1.25,2.6,2119.01,-3.58
201912,2019-12-01,용산구,서울>강북지역>도심권>용산구,77.9625728320568,94.2880036936501,1.25,2.6,2119.01,-3.58
201912,2019-12-01,전국,전국,91.2740094786173,96.5501924562228,1.25,2.6,2119.01,-3.58
201912,2019-12-01,종로구,서울>강북지역>도심권>종로구,94.6379027079476,102.57195388751,1.25,2.6,2119.01,-3.58
202001,2020-01-01,강남구,서울>강남지역>동남권>강남구,76.5312413508461,98.4099059392813,1.25,2.45,1987.01,-6.23
202001,2020-01-01,강남지역,서울>강남지역,81.9670047587024,96.5157301751729,1.25,2.45,1987.01,-6.23
202001,2020-01-01,강북지역,서울>강북지역,92.5246209983975,98.7214700200069,1.25,2.45,1987.01,-6.23
202001,2020-01-01,노원구,서울>강북지역>동북권>노원구,97.4123963027045,96.8447087088816,1.25,2.45,1987.01,-6.23
202001,2020-01-01,대구,대구,117.615491508041,125.648733423663,1.25,2.45,1987.01,-6.23
202001,2020-01-01,마포구,서울>강북지역>서북권>마포구,79.2709083805103,93.8650003497569,1.25,2.45,1987.01,-6.23
202001,2020-01-01,부산,부산,98.525823962571,100.820425869216,1.25,2.45,1987.01,-6.23
202001,2020-01-01,서울,서울,86.7167600403258,97.5210043632725,1.25,2.45,1987.01,-6.23
202001,2020-01-01,서초구,서울>강남지역>동남권>서초구,72.5466518290265,91.0114541650258,1.25,2.45,1987.01,-6.23
202001,2020-01-01,성남시,경기>경부1권>성남시,75.8025030643543,95.9971120137904,1.25,2.45,1987.01,-6.23
202001,2020-01-01,성동구,서울>강북지역>동북권>성동구,73.7377402283986,90.3053935753567,1.25,2.45,1987.01,-6.23
202001,2020-01-01,세종,세종,93.7312609429784,74.5808629266867,1.25,2.45,1987.01,-6.23
202001,2020-01-01,송파구,서울>강남지역>동남권>송파구,70.10296145813,89.3865410526315,1.25,2.45,1987.01,-6.23
202001,2020-01-01,수도권,수도권,85.5417111916516,95.8060516466993,1.25,2.45,1987.01,-6.23
202001,2020-01-01,수원시,경기>경부2권>수원시,77.8884232633382,91.3461537714847,1.25,2.45,1987.01,-6.23
202001,2020-01-01,용산구,서울>강북지역>도심권>용산구,78.2056295220163,94.6392186114172,1.25,2.45,1987.01,-6.23
202001,2020-01-01,전국,전국,91.6142025843197,96.9807129758021,1.25,2.45,1987.01,-6.23
202001,2020-01-01,종로구,서울>강북지역>도심권>종로구,95.2268186302143,103.039394440783,1.25,2.45,1987.01,-6.23
202002,2020-02-01,강남구,서울>강남지역>동남권>강남구,76.3886121990515,98.7532002433223,1.25,2.45,1754.64,-11.69
202002,2020-02-01,강남지역,서울>강남지역,81.9792900477335,96.7857419197854,1.25,2.45,1754.64,-11.69
202002,2020-02-01,강북지역,서울>강북지역,92.7458497619567,98.9212768283188,1.25,2.45,1754.64,-11.69
202002,2020-02-01,노원구,서울>강북지역>동북권>노원구,97.7743506236831,96.9395463714908,1.25,2.45,1754.64,-11.69
202002,2020-02-01,대구,대구,117.944147587457,126.092909955574,1.25,2.45,1754.64,-11.69
202002,2020-02-01,마포구,서울>강북지역>서북권>마포구,79.4703957410156,94.3922864840496,1.25,2.45,1754.64,-11.69
202002,2020-02-01,부산,부산,98.5888492018087,100.921482570518,1.25,2.45,1754.64,-11.69
202002,2020-02-01,서울,서울,86.8189258643895,97.7591839397672,1.25,2.45,1754.64,-11.69
202002,2020-02-01,서초구,서울>강남지역>동남권>서초구,72.4158294458194,91.48967394582,1.25,2.45,1754.64,-11.69
202002,2020-02-01,성남시,경기>경부1권>성남시,75.9339002559105,96.1591019842345,1.25,2.45,1754.64,-11.69
202002,2020-02-01,성동구,서울>강북지역>동북권>성동구,73.8509842355037,90.5112246978403,1.25,2.45,1754.64,-11.69
202002,2020-02-01,세종,세종,95.9887239844046,75.3727120093568,1.25,2.45,1754.64,-11.69
202002,2020-02-01,송파구,서울>강남지역>동남권>송파구,69.9672614965193,89.7374093516686,1.25,2.45,1754.64,-11.69
202002,2020-02-01,수도권,수도권,86.1467463954382,96.2676809040026,1.25,2.45,1754.64,-11.69
202002,2020-02-01,수원시,경기>경부2권>수원시,81.7046111398342,93.0114246409896,1.25,2.45,1754.64,-11.69
202002,2020-02-01,용산구,서울>강북지역>도심권>용산구,78.3214825512966,94.8656077361148,1.25,2.45,1754.64,-11.69
202002,2020-02-01,전국,전국,92.0284540164769,97.3101028867843,1.25,2.45,1754.64,-11.69
202002,2020-02-01,종로구,서울>강북지역>도심권>종로구,95.323016738252,103.187338849475,1.25,2.45,1754.64,-11.69
202003,2020-03-01,강남구,서울>강남지역>동남권>강남구,76.133359407457,99.0453387551444,1.25,2.45,1947.56,10.99
202003,2020-03-01,강남지역,서울>강남지역,81.9573183533839,96.9408915287389,1.25,2.45,1947.56,10.99
202003,2020-03-01,강북지역,서울>강북지역,92.9844108059921,99.0858966823474,1.25,2.45,1947.56,10.99
202003,2020-03-01,노원구,서울>강북지역>동북권>노원구,98.1916005756159,96.9557046002805,1.25,2.45,1947.56,10.99
202003,2020-03-01,대구,대구,117.974696493717,126.207082151303,1.25,2.45,1947.56,10.99
202003,2020-03-01,마포구,서울>강북지역>서북권>마포구,79.6434955636531,94.7512702558381,1.25,2.45,1947.56,10.99
202003,2020-03-01,부산,부산,98.5846568282994,100.909242104122,1.25,2.45,1947.56,10.99
202003,2020-03-01,서울,서울,86.9087758534213,97.9186374545899,1.25,2.45,1947.56,10.99
202003,2020-03-01,서초구,서울>강남지역>동남권>서초구,72.2222663933693,91.7978858487231,1.25,2.45,1947.56,10.99
202003,2020-03-01,성남시,경기>경부1권>성남시,76.0686103228406,96.2469021736682,1.25,2.45,1947.56,10.99
202003,2020-03-01,성동구,서울>강북지역>동북권>성동구,73.9532031017172,90.7343697888932,1.25,2.45,1947.56,10.99
202003,2020-03-01,세종,세종,100.929260873776,77.8124416801282,1.25,2.45,1947.56,10.99
202003,2020-03-01,송파구,서울>강남지역>동남권>송파구,69.7367138265637,89.787576606518,1.25,2.45,1947.56,10.99
202003,2020-03-01,수도권,수도권,87.3289544670113,96.67124747129,1.25,2.45,1947.56,10.99
202003,2020-03-01,수원시,경기>경부2권>수원시,86.2801276780835,94.1751518557918,1.25,2.45,1947.56,10.99
202003,2020-03-01,용산구,서울>강북지역>도심권>용산구,78.3930923032066,95.0204775445671,1.25,2.45,1947.56,10.99
202003,2020-03-01,전국,전국,92.7590210697856,97.6111506761592,1.25,2.45,1947.56,10.99
202003,2020-03-01,종로구,서울>강북지역>도심권>종로구,95.4091675125233,103.378445127681,1.25,2.45,1947.56,10.99
202004,2020-04-01,강남구,서울>강남지역>동남권>강남구,75.425012110111,99.381075270814,0.75,1.95,2029.6,4.21
202004,2020-04-01,강남지역,서울>강남지역,81.7447372832966,97.055712259923,0.75,1.95,2029.6,4.21
202004,2020-04-01,강북지역,서울>강북지역,93.0718877132775,99.1840886048754,0.75,1.95,2029.6,4.21
202004,2020-04-01,노원구,서울>강북지역>동북권>노원구,98.513310904974,96.8519704898848,0.75,1.95,2029.6,4.21
202004,2020-04-01,대구,대구,117.762925012361,126.213663928686,0.75,1.95,2029.6,4.21
202004,2020-04-01,마포구,서울>강북지역>서북권>마포구,79.5934465640675,95.046760669966,0.75,1.95,2029.6,4.21
202004,2020-04-01,부산,부산,98.4832413286348,100.850403852135,0.75,1.95,2029.6,4.21
202004,2020-04-01,서울,서울,86.8242438552246,98.0259189017082,0.75,1.95,2029.6,4.21
202004,2020-04-01,서초구,서울>강남지역>동남권>서초구,71.5453959293988,91.9977825670727,0.75,1.95,2029.6,4.21
202004,2020-04-01,성남시,경기>경부1권>성남시,76.1136462226377,96.2711092116864,0.75,1.95,2029.6,4.21
202004,2020-04-01,성동구,서울>강북지역>동북권>성동구,73.9374633583506,90.933174584189,0.75,1.95,2029.6,4.21
202004,2020-04-01,세종,세종,102.746411445743,78.9009696113502,0.75,1.95,2029.6,4.21
202004,2020-04-01,송파구,서울>강남지역>동남권>송파구,69.2820265369169,89.7495420778588,0.75,1.95,2029.6,4.21
202004,2020-04-01,수도권,수도권,87.9675789675814,96.9409330801552,0.75,1.95,2029.6,4.21
202004,2020-04-01,수원시,경기>경부2권>수원시,87.28184242429,94.879645438228,0.75,1.95,2029.6,4.21
202004,2020-04-01,용산구,서울>강북지역>도심권>용산구,78.3479584336099,95.2123647216646,0.75,1.95,2029.6,4.21
202004,2020-04-01,전국,전국,93.1129888519257,97.7918630191412,0.75,1.95,2029.6,4.21
202004,2020-04-01,종로구,서울>강북지역>도심권>종로구,95.3827497528153,103.474700696434,0.75,1.95,2029.6,4.21
202005,2020-05-01,강남구,서울>강남지역>동남권>강남구,74.7344395640256,99.5067540400146,0.75,1.95,2108.33,3.88
202005,2020-05-01,강남지역,서울>강남지역,81.4867248637873,97.1336829543927,0.75,1.95,2108.33,3.88
202005,2020-05-01,강북지역,서울>강북지역,93.0047314845007,99.2252813534264,0.75,1.95,2108.33,3.88
202005,2020-05-01,노원구,서울>강북지역>동북권>노원구,98.5014231265113,96.7606668885987,0.75,1.95,2108.33,3.88
202005,2020-05-01,대구,대구,117.701661403747,126.285581628168,0.75,1.95,2108.33,3.88
202005,2020-05-01,마포구,서울>강북지역>서북권>마포구,79.3719489831342,95.2884784479336,0.75,1.95,2108.33,3.88
202005,2020-05-01,부산,부산,98.4161607217942,100.813092758007,0.75,1.95,2108.33,3.88
202005,2020-05-01,서울,서울,86.6471859480077,98.0872039790958,0.75,1.95,2108.33,3.88
202005,2020-05-01,서초구,서울>강남지역>동남권>서초구,70.9091822353877,92.0852606212429,0.75,1.95,2108.33,3.88
202005,2020-05-01,성남시,경기>경부1권>성남시,76.2179502175516,96.2993523763798,0.75,1.95,2108.33,3.88
202005,2020-05-01,성동구,서울>강북지역>동북권>성동구,73.8870803930139,90.9846827842614,0.75,1.95,2108.33,3.88
202005,2020-05-01,세종,세종,103.089246180415,79.3308222051537,0.75,1.95,2108.33,3.88
202005,2020-05-01,송파구,서울>강남지역>동남권>송파구,68.9095061761441,89.8736803934484,0.75,1.95,2108.33,3.88
202005,2020-05-01,수도권,수도권,88.2527033507795,97.1537855989789,0.75,1.95,2108.33,3.88
202005,2020-05-01,수원시,경기>경부2권>수원시,87.7157749301905,95.4013302555141,0.75,1.95,2108.33,3.88
202005,2020-05-01,용산구,서울>강북지역>도심권>용산구,78.2193387723274,95.2973448009468,0.75,1.95,2108.33,3.88
202005,2020-05-01,전국,전국,93.2623131928158,97.9347299092719,0.75,1.95,2108.33,3.88
202005,2020-05-01,종로구,서울>강북지역>도심권>종로구,95.2837420697131,103.567615371444,0.75,1.95,2108.33,3.88
202006,2020-06-01,강남구,서울>강남지역>동남권>강남구,74.7850988665726,99.8005457223622,0.5,1.7,2249.37,6.69
202006,2020-06-01,강남지역,서울>강남지역,81.612586605012,97.4072608756914,0.5,1.7,2249.37,6.69
202006,2020-06-01,강북지역,서울>강북지역,93.1052211353018,99.4068788887014,0.5,1.7,2249.37,6.69
202006,2020-06-01,노원구,서울>강북지역>동북권>노원구,98.6761422594043,96.9143168520758,0.5,1.7,2249.37,6.69
202006,2020-06-01,대구,대구,117.965794351895,126.518513760792,0.5,1.7,2249.37,6.69
202006,2020-06-01,마포구,서울>강북지역>서북권>마포구,79.3750610638589,95.6908159171866,0.5,1.7,2249.37,6.69
202006,2020-06-01,부산,부산,98.4557173764781,100.832643087585,0.5,1.7,2249.37,6.69
202006,2020-06-01,서울,서울,86.7625549627059,98.3190388157635,0.5,1.7,2249.37,6.69
202006,2020-06-01,서초구,서울>강남지역>동남권>서초구,70.9399721415932,92.433794097716,0.5,1.7,2249.37,6.69
202006,2020-06-01,성남시,경기>경부1권>성남시,76.3646116191964,96.3731200477223,0.5,1.7,2249.37,6.69
202006,2020-06-01,성동구,서울>강북지역>동북권>성동구,74.0107231387516,91.2084330046897,0.5,1.7,2249.37,6.69
202006,2020-06-01,세종,세종,105.720431456008,80.1709010508484,0.5,1.7,2249.37,6.69
202006,2020-06-01,송파구,서울>강남지역>동남권>송파구,69.1485919641336,90.5034168927436,0.5,1.7,2249.37,6.69
202006,2020-06-01,수도권,수도권,88.8573746710105,97.6714591788331,0.5,1.7,2249.37,6.69
202006,2020-06-01,수원시,경기>경부2권>수원시,88.7463863596826,96.5711882183366,0.5,1.7,2249.37,6.69
202006,2020-06-01,용산구,서울>강북지역>도심권>용산구,78.2634809149749,95.5420418974778,0.5,1.7,2249.37,6.69
202006,2020-06-01,전국,전국,93.7986836696167,98.3410259390282,0.5,1.7,2249.37,6.69
202006,2020-06-01,종로구,서울>강북지역>도심권>종로구,95.3420927258038,103.775187089945,0.5,1.7,2249.37,6.69
202007,2020-07-01,강남구,서울>강남지역>동남권>강남구,75.4938828839427,100.491014167954,0.5,1.7,2326.17,3.41
202007,2020-07-01,강남지역,서울>강남지역,82.5237998275386,97.9148847693828,0.5,1.7,2326.17,3.41
202007,2020-07-01,강북지역,서울>강북지역,94.1561630492946,99.7624224144218,0.5,1.7,2326.17,3.41
202007,2020-07-01,노원구,서울>강북지역>동북권>노원구,100.090314956919,97.3145869542719,0.5,1.7,2326.17,3.41
202007,2020-07-01,대구,대구,118.276350630405,126.662813059975,0.5,1.7,2326.17,3.41
202007,2020-07-01,마포구,서울>강북지역>서북권>마포구,80.4111114475787,96.3589008139779,0.5,1.7,2326.17,3.41
202007,2020-07-01,부산,부산,99.2067256649432,100.981302790098,0.5,1.7,2326.17,3.41
202007,2020-07-01,서울,서울,87.7361503314313,98.7575948766285,0.5,1.7,2326.17,3.41
202007,2020-07-01,서초구,서울>강남지역>동남권>서초구,71.6070492213871,93.1468427740321,0.5,1.7,2326.17,3.41
202007,2020-07-01,성남시,경기>경부1권>성남시,77.3253868454471,96.9196074958307,0.5,1.7,2326.17,3.41
202007,2020-07-01,성동구,서울>강북지역>동북권>성동구,74.6933700046932,91.6000306640146,0.5,1.7,2326.17,3.41
202007,2020-07-01,세종,세종,112.622228195436,83.5770850368139,0.5,1.7,2326.17,3.41
202007,2020-07-01,송파구,서울>강남지역>동남권>송파구,70.1486412052901,91.2346378497049,0.5,1.7,2326.17,3.41
202007,2020-07-01,수도권,수도권,89.8906206860215,98.2841752794337,0.5,1.7,2326.17,3.41
202007,2020-07-01,수원시,경기>경부2권>수원시,89.8565058434155,97.6245473454474,0.5,1.7,2326.17,3.41
202007,2020-07-01,용산구,서울>강북지역>도심권>용산구,78.8497825385676,95.8423039636904,0.5,1.7,2326.17,3.41
202007,2020-07-01,전국,전국,94.6301713325663,98.8440834376077,0.5,1.7,2326.17,3.41
202007,2020-07-01,종로구,서울>강북지역>도심권>종로구,96.110488668442,104.052979244239,0.5,1.7,2326.17,3.41
202008,2020-08-01,강남구,서울>강남지역>동남권>강남구,75.7666860805266,101.4462226641,0.5,1.7,2327.89,0.07
202008,2020-08-01,강남지역,서울>강남지역,82.9132101056212,98.6670939831573,0.5,1.7,2327.89,0.07
202008,2020-08-01,강북지역,서울>강북지역,94.7534137152254,100.271802592221,0.5,1.7,2327.89,0.07
202008,2020-08-01,노원구,서울>강북지역>동북권>노원구,100.826183291782,97.7662251374942,0.5,1.7,2327.89,0.07
202008,2020-08-01,대구,대구,118.93240237386,126.961954354687,0.5,1.7,2327.89,0.07
202008,2020-08-01,마포구,서울>강북지역>서북권>마포구,80.894150563999,97.181224329628,0.5,1.7,2327.89,0.07
202008,2020-08-01,부산,부산,99.7978234650573,101.236689222202,0.5,1.7,2327.89,0.07
202008,2020-08-01,서울,서울,88.2155585559142,99.3993880980365,0.5,1.7,2327.89,0.07
202008,2020-08-01,서초구,서울>강남지역>동남권>서초구,71.8427227932797,93.9326912567821,0.5,1.7,2327.89,0.07
202008,2020-08-01,성남시,경기>경부1권>성남시,78.3569858388209,97.8019508132629,0.5,1.7,2327.89,0.07
202008,2020-08-01,성동구,서울>강북지역>동북권>성동구,75.1484421002003,92.2607221271932,0.5,1.7,2327.89,0.07
202008,2020-08-01,세종,세종,122.979899803882,89.5206583808852,0.5,1.7,2327.89,0.07
202008,2020-08-01,송파구,서울>강남지역>동남권>송파구,70.3856047307039,92.2920031785236,0.5,1.7,2327.89,0.07
202008,2020-08-01,수도권,수도권,90.5239452081761,99.0826423640215,0.5,1.7,2327.89,0.07
202008,2020-08-01,수원시,경기>경부2권>수원시,90.4301287912912,98.9245798989824,0.5,1.7,2327.89,0.07
202008,2020-08-01,용산구,서울>강북지역>도심권>용산구,79.2779920942201,96.3678290478102,0.5,1.7,2327.89,0.07
202008,2020-08-01,전국,전국,95.2412300707298,99.5185135558302,0.5,1.7,2327.89,0.07
202008,2020-08-01,종로구,서울>강북지역>도심권>종로구,96.5032913450564,104.175814457441,0.5,1.7,2327.89,0.07
202009,2020-09-01,강남구,서울>강남지역>동남권>강남구,75.8803065537168,102.214068281285,0.5,1.7,2267.15,-2.61
202009,2020-09-01,강남지역,서울>강남지역,83.1220211696714,99.3065478241022,0.5,1.7,2267.15,-2.61
202009,2020-09-01,강북지역,서울>강북지역,95.0807274682631,100.81545700241,0.5,1.7,2267.15,-2.61
202009,2020-09-01,노원구,서울>강북지역>동북권>노원구,101.146261919602,98.3243541083765,0.5,1.7,2267.15,-2.61
202009,2020-09-01,대구,대구,119.996359678198,127.607258301932,0.5,1.7,2267.15,-2.61
202009,2020-09-01,마포구,서울>강북지역>서북권>마포구,81.1421451907337,97.9499465439941,0.5,1.7,2267.15,-2.61
202009,2020-09-01,부산,부산,100.557142530059,101.627418740792,0.5,1.7,2267.15,-2.61
202009,2020-09-01,서울,서울,88.4756187372587,99.9952427425399,0.5,1.7,2267.15,-2.61
202009,2020-09-01,서초구,서울>강남지역>동남권>서초구,71.8900708364571,94.6056799861624,0.5,1.7,2267.15,-2.61
202009,2020-09-01,성남시,경기>경부1권>성남시,79.0666722246439,98.7408953601719,0.5,1.7,2267.15,-2.61
202009,2020-09-01,성동구,서울>강북지역>동북권>성동구,75.3382367703025,92.770768755447,0.5,1.7,2267.15,-2.61
202009,2020-09-01,세종,세종,128.50866539967,95.7545556362167,0.5,1.7,2267.15,-2.61
202009,2020-09-01,송파구,서울>강남지역>동남권>송파구,70.4517851201695,93.0912369968613,0.5,1.7,2267.15,-2.61
202009,2020-09-01,수도권,수도권,91.026597216863,100.025623482912,0.5,1.7,2267.15,-2.61
202009,2020-09-01,수원시,경기>경부2권>수원시,90.9078622041398,100.382969669225,0.5,1.7,2267.15,-2.61
202009,2020-09-01,용산구,서울>강북지역>도심권>용산구,79.540658143555,96.8050460567102,0.5,1.7,2267.15,-2.61
202009,2020-09-01,전국,전국,95.7829721095466,100.325673654104,0.5,1.7,2267.15,-2.61
202009,2020-09-01,종로구,서울>강북지역>도심권>종로구,96.7404612074813,104.368465699741,0.5,1.7,2267.15,-2.61
202010,2020-10-01,강남구,서울>강남지역>동남권>강남구,75.9008549405839,102.740677686566,0.5,1.7,2591.34,14.3
202010,2020-10-01,강남지역,서울>강남지역,83.1904987349535,99.7959557244392,0.5,1.7,2591.34,14.3
202010,2020-10-01,강북지역,서울>강북지역,95.2242320295198,101.277255874977,0.5,1.7,2591.34,14.3
202010,2020-10-01,노원구,서울>강북지역>동북권>노원구,101.350605902322,98.8722363170124,0.5,1.7,2591.34,14.3
202010,2020-10-01,대구,대구,121.118775678929,128.218745055844,0.5,1.7,2591.34,14.3
202010,2020-10-01,마포구,서울>강북지역>서북권>마포구,81.2553810897537,98.3902979959389,0.5,1.7,2591.34,14.3
202010,2020-10-01,부산,부산,101.18245420204,102.202996068791,0.5,1.7,2591.34,14.3
202010,2020-10-01,서울,서울,88.5763445089576,100.472084998614,0.5,1.7,2591.34,14.3
202010,2020-10-01,서초구,서울>강남지역>동남권>서초구,71.9126658427165,94.9967951517514,0.5,1.7,2591.34,14.3
202010,2020-10-01,성남시,경기>경부1권>성남시,79.5390197575503,99.7763663221893,0.5,1.7,2591.34,14.3
202010,2020-10-01,성동구,서울>강북지역>동북권>성동구,75.4301063604374,93.3008607903728,0.5,1.7,2591.34,14.3
202010,2020-10-01,세종,세종,130.46814015836,102.191809963014,0.5,1.7,2591.34,14.3
202010,2020-10-01,송파구,서울>강남지역>동남권>송파구,70.4770245547311,93.6324707465745,0.5,1.7,2591.34,14.3
202010,2020-10-01,수도권,수도권,91.3381710920327,100.827067036512,0.5,1.7,2591.34,14.3
202010,2020-10-01,수원시,경기>경부2권>수원시,91.2881755621406,101.833366930543,0.5,1.7,2591.34,14.3
202010,2020-10-01,용산구,서울>강북지역>도심권>용산구,79.6167383094772,97.2268448745116,0.5,1.7,2591.34,14.3
202010,2020-10-01,전국,전국,96.1624242925998,101.042234555675,0.5,1.7,2591.34,14.3
202010,2020-10-01,종로구,서울>강북지역>도심권>종로구,96.7703253428304,104.535474031557,0.5,1.7,2591.34,14.3
202011,2020-11-01,강남구,서울>강남지역>동남권>강남구,75.9314193824445,104.272885451119,0.5,1.7,2873.47,10.89
202011,2020-11-01,강남지역,서울>강남지역,83.2708464038557,100.822785733062,0.5,1.7,2873.47,10.89
202011,2020-11-01,강북지역,서울>강북지역,95.3594124455001,101.780418243644,0.5,1.7,2873.47,10.89
202011,2020-11-01,노원구,서울>강북지역>동북권>노원구,101.55520923063,99.4734427506132,0.5,1.7,2873.47,10.89
202011,2020-11-01,대구,대구,122.776132623503,129.465480884038,0.5,1.7,2873.47,10.89
202011,2020-11-01,마포구,서울>강북지역>서북권>마포구,81.3466801858814,99.1356269686727,0.5,1.7,2873.47,10.89
202011,2020-11-01,부산,부산,102.99772875949,103.399051690705,0.5,1.7,2873.47,10.89
202011,2020-11-01,서울,서울,88.6803443759823,101.260078031452,0.5,1.7,2873.47,10.89
202011,2020-11-01,서초구,서울>강남지역>동남권>서초구,71.9615696876933,96.3979205598291,0.5,1.7,2873.47,10.89
202011,2020-11-01,성남시,경기>경부1권>성남시,80.4802364692845,100.67279142376,0.5,1.7,2873.47,10.89
202011,2020-11-01,성동구,서울>강북지역>동북권>성동구,75.5062919992268,93.7139426163495,0.5,1.7,2873.47,10.89
202011,2020-11-01,세종,세종,131.71410757802,107.5589066072,0.5,1.7,2873.47,10.89
202011,2020-11-01,송파구,서울>강남지역>동남권>송파구,70.5232480283567,95.0758324122055,0.5,1.7,2873.47,10.89
202011,2020-11-01,수도권,수도권,91.9434868705869,101.922102056753,0.5,1.7,2873.47,10.89
202011,2020-11-01,수원시,경기>경부2권>수원시,91.6992397538773,102.968920197842,0.5,1.7,2873.47,10.89
202011,2020-11-01,용산구,서울>강북지역>도심권>용산구,79.6907104529421,97.7220231358092,0.5,1.7,2873.47,10.89
202011,2020-11-01,전국,전국,96.8860983529135,102.069566518323,0.5,1.7,2873.47,10.89
202011,2020-11-01,종로구,서울>강북지역>도심권>종로구,96.8619068223735,104.757374704444,0.5,1.7,2873.47,10.89
202012,2020-12-01,강남구,서울>강남지역>동남권>강남구,76.1530856196642,105.603758514008,0.5,1.7,2976.21,3.58
202012,2020-12-01,강남지역,서울>강남지역,83.499971521029,101.929773505165,0.5,1.7,2976.21,3.58
202012,2020-12-01,강북지역,서울>강북지역,95.6364108544676,102.586505767404,0.5,1.7,2976.21,3.58
202012,2020-12-01,노원구,서울>강북지역>동북권>노원구,101.995075346614,100.246845572175,0.5,1.7,2976.21,3.58
202012,2020-12-01,대구,대구,125.376580673352,131.662406399968,0.5,1.7,2976.21,3.58
202012,2020-12-01,마포구,서울>강북지역>서북권>마포구,81.646995858217,100.417369405933,0.5,1.7,2976.21,3.58
202012,2020-12-01,부산,부산,106.111425262332,105.969465823481,0.5,1.7,2976.21,3.58
202012,2020-12-01,서울,서울,88.9305917492447,102.229512635557,0.5,1.7,2976.21,3.58
202012,2020-12-01,서초구,서울>강남지역>동남권>서초구,72.2629939544554,97.7318623476546,0.5,1.7,2976.21,3.58
202012,2020-12-01,성남시,경기>경부1권>성남시,81.7436877588403,102.483891101472,0.5,1.7,2976.21,3.58
202012,2020-12-01,성동구,서울>강북지역>동북권>성동구,75.7043218245225,94.4875759725491,0.5,1.7,2976.21,3.58
202012,2020-12-01,세종,세종,132.896209001404,115.666283979965,0.5,1.7,2976.21,3.58
202012,2020-12-01,송파구,서울>강남지역>동남권>송파구,70.7141331414094,96.4451425089304,0.5,1.7,2976.21,3.58
202012,2020-12-01,수도권,수도권,92.8059852010648,103.280800724704,0.5,1.7,2976.21,3.58
202012,2020-12-01,수원시,경기>경부2권>수원시,92.3603919489381,104.366049614058,0.5,1.7,2976.21,3.58
202012,2020-12-01,용산구,서울>강북지역>도심권>용산구,79.8717869164289,98.8231120205671,0.5,1.7,2976.21,3.58
202012,2020-12-01,전국,전국,98.183261383615,103.620433276672,0.5,1.7,2976.21,3.58
202012,2020-12-01,종로구,서울>강북지역>도심권>종로구,97.0385355763018,105.436826785551,0.5,1.7,2976.21,3.58
202101,2021-01-01,강남구,서울>강남지역>동남권>강남구,76.5136861281871,106.773318412183,0.5,1.7,3012.95,1.23
202101,2021-01-01,강남지역,서울>강남지역,83.8622684389126,102.778622953641,0.5,1.7,3012.95,1.23
202101,2021-01-01,강북지역,서울>강북지역,95.9753979864166,103.231831363572,0.5,1.7,3012.95,1.23
202101,2021-01-01,노원구,서울>강북지역>동북권>노원구,102.467132035972,101.035334160195,0.5,1.7,3012.95,1.23
202101,2021-01-01,대구,대구,127.267877628324,133.151028152392,0.5,1.7,3012.95,1.23
202101,2021-01-01,마포구,서울>강북지역>서북권>마포구,81.9718218912436,101.406447723961,0.5,1.7,3012.95,1.23
202101,2021-01-01,부산,부산,108.153139256297,107.672343952672,0.5,1.7,3012.95,1.23
202101,2021-01-01,서울,서울,89.284013365161,102.985192306179,0.5,1.7,3012.95,1.23
202101,2021-01-01,서초구,서울>강남지역>동남권>서초구,72.6397767409757,98.7949930647369,0.5,1.7,3012.95,1.23
202101,2021-01-01,성남시,경기>경부1권>성남시,83.1310531792913,104.151658167751,0.5,1.7,3012.95,1.23
202101,2021-01-01,성동구,서울>강북지역>동북권>성동구,75.985832064299,95.1003250006104,0.5,1.7,3012.95,1.23
202101,2021-01-01,세종,세종,134.158491015681,123.429943522916,0.5,1.7,3012.95,1.23
202101,2021-01-01,송파구,서울>강남지역>동남권>송파구,71.1621764769561,97.5006088610681,0.5,1.7,3012.95,1.23
202101,2021-01-01,수도권,수도권,93.8448522184987,104.305307377006,0.5,1.7,3012.95,1.23
202101,2021-01-01,수원시,경기>경부2권>수원시,93.4142968459462,105.559830242386,0.5,1.7,3012.95,1.23
202101,2021-01-01,용산구,서울>강북지역>도심권>용산구,80.1300180243438,99.6351198322196,0.5,1.7,3012.95,1.23
202101,2021-01-01,전국,전국,99.3065957617493,104.75975128666,0.5,1.7,3012.95,1.23
202101,2021-01-01,종로구,서울>강북지역>도심권>종로구,97.2237812023596,105.904489955127,0.5,1.7,3012.95,1.23
202102,2021-02-01,강남구,서울>강남지역>동남권>강남구,76.9718744204989,107.712333156959,0.5,1.7,3061.42,1.61
202102,2021-02-01,강남지역,서울>강남지역,84.3884222475327,103.443599480976,0.5,1.7,3061.42,1.61
202102,2021-02-01,강북지역,서울>강북지역,96.6623051606694,103.786414805486,0.5,1.7,3061.42,1.61
202102,2021-02-01,노원구,서울>강북지역>동북권>노원구,103.439248017352,101.83519956179,0.5,1.7,3061.42,1.61
202102,2021-02-01,대구,대구,129.480606141676,134.911347624204,0.5,1.7,3061.42,1.61
202102,2021-02-01,마포구,서울>강북지역>서북권>마포구,82.777762609022,101.917784244428,0.5,1.7,3061.42,1.61
202102,2021-02-01,부산,부산,109.608591664203,108.889328110951,0.5,1.7,3061.42,1.61
202102,2021-02-01,서울,서울,89.8803725922984,103.599587275318,0.5,1.7,3061.42,1.61
202102,2021-02-01,서초구,서울>강남지역>동남권>서초구,73.1379034144755,99.5529730268406,0.5,1.7,3061.42,1.61
202102,2021-02-01,성남시,경기>경부1권>성남시,84.445870342677,105.080198844881,0.5,1.7,3061.42,1.61
202102,2021-02-01,성동구,서울>강북지역>동북권>성동구,76.5080096644221,95.5620964201652,0.5,1.7,3061.42,1.61
202102,2021-02-01,세종,세종,135.439227865519,127.86619789207,0.5,1.7,3061.42,1.61
202102,2021-02-01,송파구,서울>강남지역>동남권>송파구,71.804206681505,98.2089279957732,0.5,1.7,3061.42,1.61
202102,2021-02-01,수도권,수도권,95.4510823577122,105.39324228644,0.5,1.7,3061.42,1.61
202102,2021-02-01,수원시,경기>경부2권>수원시,95.0517941991572,106.724262252302,0.5,1.7,3061.42,1.61
202102,2021-02-01,용산구,서울>강북지역>도심권>용산구,80.5711715154222,100.306155279261,0.5,1.7,3061.42,1.61
202102,2021-02-01,전국,전국,100.611821455381,105.798714189502,0.5,1.7,3061.42,1.61
202102,2021-02-01,종로구,서울>강북지역>도심권>종로구,97.5653604163356,106.174428580057,0.5,1.7,3061.42,1.61
202103,2021-03-01,강남구,서울>강남지역>동남권>강남구,77.4001462251442,108.169858609307,0.5,1.7,3147.86,2.82
202103,2021-03-01,강남지역,서울>강남지역,84.8160269483791,103.841447817256,0.5,1.7,3147.86,2.82
202103,2021-03-01,강북지역,서울>강북지역,97.1142569239116,104.181898105147,0.5,1.7,3147.86,2.82
202103,2021-03-01,노원구,서울>강북지역>동북권>노원구,104.212885768213,102.429287330586,0.5,1.7,3147.86,2.82
202103,2021-03-01,대구,대구,131.365285974847,136.410670304598,0.5,1.7,3147.86,2.82
202103,2021-03-01,마포구,서울>강북지역>서북권>마포구,83.2212332435495,102.194526920496,0.5,1.7,3147.86,2.82
202103,2021-03-01,부산,부산,110.542673390862,109.670648282913,0.5,1.7,3147.86,2.82
202103,2021-03-01,서울,서울,90.3196480327098,103.996347491931,0.5,1.7,3147.86,2.82
202103,2021-03-01,서초구,서울>강남지역>동남권>서초구,73.5472373843358,99.9550572765475,0.5,1.7,3147.86,2.82
202103,2021-03-01,성남시,경기>경부1권>성남시,85.1682593561692,105.223570533858,0.5,1.7,3147.86,2.82
202103,2021-03-01,성동구,서울>강북지역>동북권>성동구,76.7947972010397,95.8976032473598,0.5,1.7,3147.86,2.82
202103,2021-03-01,세종,세종,136.352237923943,128.852544407043,0.5,1.7,3147.86,2.82
202103,2021-03-01,송파구,서울>강남지역>동남권>송파구,72.2647723782825,98.6296595723546,0.5,1.7,3147.86,2.82
202103,2021-03-01,수도권,수도권,96.7862853921741,106.160921634377,0.5,1.7,3147.86,2.82
202103,2021-03-01,수원시,경기>경부2권>수원시,96.4417862319213,107.299688301741,0.5,1.7,3147.86,2.82
202103,2021-03-01,용산구,서울>강북지역>도심권>용산구,80.8051094772591,100.735968829207,0.5,1.7,3147.86,2.82
202103,2021-03-01,전국,전국,101.683898146498,106.534960078541,0.5,1.7,3147.86,2.82
202103,2021-03-01,종로구,서울>강북지역>도심권>종로구,97.6792326782025,106.241294220511,0.5,1.7,3147.86,2.82
202104,2021-04-01,강남구,서울>강남지역>동남권>강남구,77.8708427457043,108.135065000761,0.5,1.7,3203.92,1.78
202104,2021-04-01,강남지역,서울>강남지역,85.2004027604094,104.000396115606,0.5,1.7,3203.92,1.78
202104,2021-04-01,강북지역,서울>강북지역,97.5059931656949,104.542851184105,0.5,1.7,3203.92,1.78
202104,2021-04-01,노원구,서울>강북지역>동북권>노원구,105.037168532274,103.194231197708,0.5,1.7,3203.92,1.78
202104,2021-04-01,대구,대구,132.742466898619,137.483566866302,0.5,1.7,3203.92,1.78
202104,2021-04-01,마포구,서울>강북지역>서북권>마포구,83.4874489706394,102.239589614428,0.5,1.7,3203.92,1.78
202104,2021-04-01,부산,부산,111.350539475896,110.260952027263,0.5,1.7,3203.92,1.78
202104,2021-04-01,서울,서울,90.7083085267754,104.247820017719,0.5,1.7,3203.92,1.78
202104,2021-04-01,서초구,서울>강남지역>동남권>서초구,73.9264151659643,100.213206735072,0.5,1.7,3203.92,1.78
202104,2021-04-01,성남시,경기>경부1권>성남시,85.6866071953032,105.078524164223,0.5,1.7,3203.92,1.78
202104,2021-04-01,성동구,서울>강북지역>동북권>성동구,76.9537023991223,96.1852975569172,0.5,1.7,3203.92,1.78
202104,2021-04-01,세종,세종,136.945223999482,129.154044802821,0.5,1.7,3203.92,1.78
202104,2021-04-01,송파구,서울>강남지역>동남권>송파구,72.6946566251364,98.726688224121,0.5,1.7,3203.92,1.78
202104,2021-04-01,수도권,수도권,98.0689370842085,106.70892345647,0.5,1.7,3203.92,1.78
202104,2021-04-01,수원시,경기>경부2권>수원시,98.0030780914112,107.636066541933,0.5,1.7,3203.92,1.78
202104,2021-04-01,용산구,서울>강북지역>도심권>용산구,81.0035789331756,100.995308116827,0.5,1.7,3203.92,1.78
202104,2021-04-01,전국,전국,102.715132664469,107.107845070587,0.5,1.7,3203.92,1.78
202104,2021-04-01,종로구,서울>강북지역>도심권>종로구,97.7996260168453,106.30694042524,0.5,1.7,3203.92,1.78
202105,2021-05-01,강남구,서울>강남지역>동남권>강남구,78.4330138395565,108.128004029134,0.5,1.7,3296.68,2.9
202105,2021-05-01,강남지역,서울>강남지역,85.6508727738001,104.094189780297,0.5,1.7,3296.68,2.9
202105,2021-05-01,강북지역,서울>강북지역,97.9182657106854,104.870925945221,0.5,1.7,3296.68,2.9
202105,2021-05-01,노원구,서울>강북지역>동북권>노원구,105.93376332863,103.97776546397,0.5,1.7,3296.68,2.9
202105,2021-05-01,대구,대구,134.038777067951,138.579254720716,0.5,1.7,3296.68,2.9
202105,2021-05-01,마포구,서울>강북지역>서북권>마포구,83.8688813729101,102.342720728601,0.5,1.7,3296.68,2.9
202105,2021-05-01,부산,부산,112.494383851265,111.083610384659,0.5,1.7,3296.68,2.9
202105,2021-05-01,서울,서울,91.1437863828446,104.448801889006,0.5,1.7,3296.68,2.9
202105,2021-05-01,서초구,서울>강남지역>동남권>서초구,74.4409069963552,100.273387411741,0.5,1.7,3296.68,2.9
202105,2021-05-01,성남시,경기>경부1권>성남시,86.2226007667569,105.025421090329,0.5,1.7,3296.68,2.9
202105,2021-05-01,성동구,서울>강북지역>동북권>성동구,77.1284026299834,96.4108495975036,0.5,1.7,3296.68,2.9
202105,2021-05-01,세종,세종,137.110985609309,128.912032051755,0.5,1.7,3296.68,2.9
202105,2021-05-01,송파구,서울>강남지역>동남권>송파구,73.211759425751,98.8422167484281,0.5,1.7,3296.68,2.9
202105,2021-05-01,수도권,수도권,99.2551208083305,107.252614533136,0.5,1.7,3296.68,2.9
202105,2021-05-01,수원시,경기>경부2권>수원시,99.0568599902907,107.917851387981,0.5,1.7,3296.68,2.9
202105,2021-05-01,용산구,서울>강북지역>도심권>용산구,81.2386866956765,101.162219603804,0.5,1.7,3296.68,2.9
202105,2021-05-01,전국,전국,103.718354307429,107.682366836163,0.5,1.7,3296.68,2.9
202105,2021-05-01,종로구,서울>강북지역>도심권>종로구,97.8642848546419,106.297207431405,0.5,1.7,3296.68,2.9
202106,2021-06-01,강남구,서울>강남지역>동남권>강남구,79.4882649399019,108.702462217541,0.5,1.7,3202.32,-2.86
202106,2021-06-01,강남지역,서울>강남지역,86.5642918248523,105.021675676057,0.5,1.7,3202.32,-2.86
202106,2021-06-01,강북지역,서울>강북지역,98.7764485916709,105.399405461089,0.5,1.7,3202.32,-2.86
202106,2021-06-01,노원구,서울>강북지역>동북권>노원구,107.742049693836,104.802525807371,0.5,1.7,3202.32,-2.86
202106,2021-06-01,대구,대구,135.458640752867,139.757454729944,0.5,1.7,3202.32,-2.86
202106,2021-06-01,마포구,서울>강북지역>서북권>마포구,84.7320015802645,102.657728538124,0.5,1.7,3202.32,-2.86
202106,2021-06-01,부산,부산,114.829525611828,112.464643944186,0.5,1.7,3202.32,-2.86
202106,2021-06-01,서울,서울,92.036233966633,105.193645630074,0.5,1.7,3202.32,-2.86
202106,2021-06-01,서초구,서울>강남지역>동남권>서초구,75.6856522643035,103.477189359515,0.5,1.7,3202.32,-2.86
202106,2021-06-01,성남시,경기>경부1권>성남시,86.9792340747377,104.862047547299,0.5,1.7,3202.32,-2.86
202106,2021-06-01,성동구,서울>강북지역>동북권>성동구,77.4867907778735,96.8544641018998,0.5,1.7,3202.32,-2.86
202106,2021-06-01,세종,세종,136.906254106818,128.384727680617,0.5,1.7,3202.32,-2.86
202106,2021-06-01,송파구,서울>강남지역>동남권>송파구,74.2307921907165,100.137473476975,0.5,1.7,3202.32,-2.86
202106,2021-06-01,수도권,수도권,101.461784207656,108.511466059137,0.5,1.7,3202.32,-2.86
202106,2021-06-01,수원시,경기>경부2권>수원시,101.82074233121,108.776068975664,0.5,1.7,3202.32,-2.86
202106,2021-06-01,용산구,서울>강북지역>도심권>용산구,81.6292132390491,101.55735568567,0.5,1.7,3202.32,-2.86
202106,2021-06-01,전국,전국,105.482427873995,108.770334567363,0.5,1.7,3202.32,-2.86
202106,2021-06-01,종로구,서울>강북지역>도심권>종로구,98.0266412741948,106.430988595024,0.5,1.7,3202.32,-2.86
202107,2021-07-01,강남구,서울>강남지역>동남권>강남구,80.2421270039812,109.385905585689,0.5,1.7,3199.27,-0.1
202107,2021-07-01,강남지역,서울>강남지역,87.2566070156896,105.834308342033,0.5,1.7,3199.27,-0.1
202107,2021-07-01,강북지역,서울>강북지역,99.5918075227221,105.984406765769,0.5,1.7,3199.27,-0.1
202107,2021-07-01,노원구,서울>강북지역>동북권>노원구,109.348455047872,105.670721869154,0.5,1.7,3199.27,-0.1
202107,2021-07-01,대구,대구,135.986234888536,140.283160494633,0.5,1.7,3199.27,-0.1
202107,2021-07-01,마포구,서울>강북지역>서북권>마포구,85.3358422584653,103.186902414614,0.5,1.7,3199.27,-0.1
202107,2021-07-01,부산,부산,116.076132684644,113.182266539103,0.5,1.7,3199.27,-0.1
202107,2021-07-01,서울,서울,92.7832611748526,105.900978783801,0.5,1.7,3199.27,-0.1
202107,2021-07-01,서초구,서울>강남지역>동남권>서초구,76.3632729451447,104.673296681613,0.5,1.7,3199.27,-0.1
202107,2021-07-01,성남시,경기>경부1권>성남시,88.0751637259662,104.624664532212,0.5,1.7,3199.27,-0.1
202107,2021-07-01,성동구,서울>강북지역>동북권>성동구,77.8464816421668,97.2164329866074,0.5,1.7,3199.27,-0.1
202107,2021-07-01,세종,세종,136.625148193929,127.980594275044,0.5,1.7,3199.27,-0.1
202107,2021-07-01,송파구,서울>강남지역>동남권>송파구,74.9259752532506,101.027609150984,0.5,1.7,3199.27,-0.1
202107,2021-07-01,수도권,수도권,103.128304528866,109.744852461887,0.5,1.7,3199.27,-0.1
202107,2021-07-01,수원시,경기>경부2권>수원시,104.289431483666,110.185092122348,0.5,1.7,3199.27,-0.1
202107,2021-07-01,용산구,서울>강북지역>도심권>용산구,82.1487226910736,102.276133271209,0.5,1.7,3199.27,-0.1
202107,2021-07-01,전국,전국,106.755496790908,109.713325567204,0.5,1.7,3199.27,-0.1
202107,2021-07-01,종로구,서울>강북지역>도심권>종로구,98.4087757827311,106.797148562723,0.5,1.7,3199.27,-0.1
202108,2021-08-01,강남구,서울>강남지역>동남권>강남구,81.063314168831,110.131774541392,0.5,1.7,3068.82,-4.08
202108,2021-08-01,강남지역,서울>강남지역,88.0487635241247,106.622786272969,0.5,1.7,3068.82,-4.08
202108,2021-08-01,강북지역,서울>강북지역,100.523870365878,106.721882434131,0.5,1.7,3068.82,-4.08
202108,2021-08-01,노원구,서울>강북지역>동북권>노원구,110.977081405024,106.810977143197,0.5,1.7,3068.82,-4.08
202108,2021-08-01,대구,대구,136.351925312611,140.660860292238,0.5,1.7,3068.82,-4.08
202108,2021-08-01,마포구,서울>강북지역>서북권>마포구,86.063684765568,103.837075287151,0.5,1.7,3068.82,-4.08
202108,2021-08-01,부산,부산,117.448948517704,113.823310866942,0.5,1.7,3068.82,-4.08
202108,2021-08-01,서울,서울,93.6376376204718,106.66583070237,0.5,1.7,3068.82,-4.08
202108,2021-08-01,서초구,서울>강남지역>동남권>서초구,77.1205313849421,105.54974780855,0.5,1.7,3068.82,-4.08
202108,2021-08-01,성남시,경기>경부1권>성남시,89.2296690091496,104.829419992009,0.5,1.7,3068.82,-4.08
202108,2021-08-01,성동구,서울>강북지역>동북권>성동구,78.2698888239577,97.6396900171875,0.5,1.7,3068.82,-4.08
202108,2021-08-01,세종,세종,136.228851498992,127.804950481342,0.5,1.7,3068.82,-4.08
202108,2021-08-01,송파구,서울>강남지역>동남권>송파구,75.7859532862051,101.887925693595,0.5,1.7,3068.82,-4.08
202108,2021-08-01,수도권,수도권,104.970670996867,111.037145850971,0.5,1.7,3068.82,-4.08
202108,2021-08-01,수원시,경기>경부2권>수원시,106.561394029117,111.241622971326,0.5,1.7,3068.82,-4.08
202108,2021-08-01,용산구,서울>강북지역>도심권>용산구,82.9336439272398,103.036156789788,0.5,1.7,3068.82,-4.08
202108,2021-08-01,전국,전국,108.190356601018,110.704773280617,0.5,1.7,3068.82,-4.08
202108,2021-08-01,종로구,서울>강북지역>도심권>종로구,99.1849678505764,107.597324362297,0.5,1.7,3068.82,-4.08
202109,2021-09-01,강남구,서울>강남지역>동남권>강남구,82.1303925083236,111.081448577323,0.75,1.95,2970.68,-3.2
202109,2021-09-01,강남지역,서울>강남지역,88.9372966462053,107.351955084877,0.75,1.95,2970.68,-3.2
202109,2021-09-01,강북지역,서울>강북지역,101.304740350218,107.44352235295,0.75,1.95,2970.68,-3.2
202109,2021-09-01,노원구,서울>강북지역>동북권>노원구,112.235845640072,107.764887267065,0.75,1.95,2970.68,-3.2
202109,2021-09-01,대구,대구,136.495404264041,140.896805652968,0.75,1.95,2970.68,-3.2
202109,2021-09-01,마포구,서울>강북지역>서북권>마포구,86.780483676902,104.658128169889,0.75,1.95,2970.68,-3.2
202109,2021-09-01,부산,부산,118.647185709416,114.390738497372,0.75,1.95,2970.68,-3.2
202109,2021-09-01,서울,서울,94.4817517798157,107.391495088901,0.75,1.95,2970.68,-3.2
202109,2021-09-01,서초구,서울>강남지역>동남권>서초구,77.9874090601301,106.318695404251,0.75,1.95,2970.68,-3.2
202109,2021-09-01,성남시,경기>경부1권>성남시,90.075081858902,105.134985015952,0.75,1.95,2970.68,-3.2
202109,2021-09-01,성동구,서울>강북지역>동북권>성동구,78.6312447527498,98.0497515859186,0.75,1.95,2970.68,-3.2
202109,2021-09-01,세종,세종,136.001099193474,127.929649607584,0.75,1.95,2970.68,-3.2
202109,2021-09-01,송파구,서울>강남지역>동남권>송파구,76.6388203477496,102.368846546643,0.75,1.95,2970.68,-3.2
202109,2021-09-01,수도권,수도권,106.621168889153,112.14586138946,0.75,1.95,2970.68,-3.2
202109,2021-09-01,수원시,경기>경부2권>수원시,108.479844088764,112.1260178817,0.75,1.95,2970.68,-3.2
202109,2021-09-01,용산구,서울>강북지역>도심권>용산구,83.7264020604023,103.777968984962,0.75,1.95,2970.68,-3.2
202109,2021-09-01,전국,전국,109.477515710269,111.563177349317,0.75,1.95,2970.68,-3.2
202109,2021-09-01,종로구,서울>강북지역>도심권>종로구,99.8372937344217,108.314944738147,0.75,1.95,2970.68,-3.2
202110,2021-10-01,강남구,서울>강남지역>동남권>강남구,83.082130144266,111.946597900629,0.75,1.95,2839.01,-4.43
202110,2021-10-01,강남지역,서울>강남지역,89.7268492187296,108.047166624493,0.75,1.95,2839.01,-4.43
202110,2021-10-01,강북지역,서울>강북지역,102.068698367527,108.100565810337,0.75,1.95,2839.01,-4.43
202110,2021-10-01,노원구,서울>강북지역>동북권>노원구,113.239643060797,108.327894188007,0.75,1.95,2839.01,-4.43
202110,2021-10-01,대구,대구,136.554062098203,141.068904004624,0.75,1.95,2839.01,-4.43
202110,2021-10-01,마포구,서울>강북지역>서북권>마포구,87.8197169223851,105.589682413765,0.75,1.95,2839.01,-4.43
202110,2021-10-01,부산,부산,120.017297487662,115.288217210103,0.75,1.95,2839.01,-4.43
202110,2021-10-01,서울,서울,95.2620259698951,108.069018253981,0.75,1.95,2839.01,-4.43
202110,2021-10-01,서초구,서울>강남지역>동남권>서초구,78.8572547744428,106.922999625824,0.75,1.95,2839.01,-4.43
202110,2021-10-01,성남시,경기>경부1권>성남시,90.6973806082566,105.705794507053,0.75,1.95,2839.01,-4.43
202110,2021-10-01,성동구,서울>강북지역>동북권>성동구,78.9441098087499,98.6267092385721,0.75,1.95,2839.01,-4.43
202110,2021-10-01,세종,세종,135.80208585431,128.412178674913,0.75,1.95,2839.01,-4.43
202110,2021-10-01,송파구,서울>강남지역>동남권>송파구,77.5023334974714,103.069216240034,0.75,1.95,2839.01,-4.43
202110,2021-10-01,수도권,수도권,108.149140251325,113.256583590518,0.75,1.95,2839.01,-4.43
202110,2021-10-01,수원시,경기>경부2권>수원시,110.400639256669,113.308370609006,0.75,1.95,2839.01,-4.43
202110,2021-10-01,용산구,서울>강북지역>도심권>용산구,84.7732311254478,104.54765921038,0.75,1.95,2839.01,-4.43
202110,2021-10-01,전국,전국,110.774089699791,112.53305941037,0.75,1.95,2839.01,-4.43
202110,2021-10-01,종로구,서울>강북지역>도심권>종로구,100.728630150175,109.176710458985,0.75,1.95,2839.01,-4.43
202111,2021-11-01,강남구,서울>강남지역>동남권>강남구,83.7469942297,112.473875535582,0.75,1.95,2977.65,4.88
202111,2021-11-01,강남지역,서울>강남지역,90.3081867817709,108.539546567997,0.75,1.95,2977.65,4.88
202111,2021-11-01,강북지역,서울>강북지역,102.615878884853,108.629029502999,0.75,1.95,2977.65,4.88
202111,2021-11-01,노원구,서울>강북지역>동북권>노원구,113.867347221742,108.782511133479,0.75,1.95,2977.65,4.88
202111,2021-11-01,대구,대구,136.45766714007,141.124642347143,0.75,1.95,2977.65,4.88
202111,2021-11-01,마포구,서울>강북지역>서북권>마포구,88.5973221294504,106.295824346196,0.75,1.95,2977.65,4.88
202111,2021-11-01,부산,부산,120.993542026741,115.850776005173,0.75,1.95,2977.65,4.88
202111,2021-11-01,서울,서울,95.8298834872518,108.578090217079,0.75,1.95,2977.65,4.88
202111,2021-11-01,서초구,서울>강남지역>동남권>서초구,79.6002402576983,107.384622083275,0.75,1.95,2977.65,4.88
202111,2021-11-01,성남시,경기>경부1권>성남시,91.1926123003245,106.170065860288,0.75,1.95,2977.65,4.88
202111,2021-11-01,성동구,서울>강북지역>동북권>성동구,79.1547966371412,99.0858627719026,0.75,1.95,2977.65,4.88
202111,2021-11-01,세종,세종,134.685600570846,128.301875467598,0.75,1.95,2977.65,4.88
202111,2021-11-01,송파구,서울>강남지역>동남권>송파구,78.1391189293807,103.485657192991,0.75,1.95,2977.65,4.88
202111,2021-11-01,수도권,수도권,109.106922320109,113.979637009499,0.75,1.95,2977.65,4.88
202111,2021-11-01,수원시,경기>경부2권>수원시,111.520661584038,113.823451014545,0.75,1.95,2977.65,4.88
202111,2021-11-01,용산구,서울>강북지역>도심권>용산구,85.7270501005476,105.22237123572,0.75,1.95,2977.65,4.88
202111,2021-11-01,전국,전국,111.660155401626,113.222546909595,0.75,1.95,2977.65,4.88
202111,2021-11-01,종로구,서울>강북지역>도심권>종로구,101.444406221845,109.814860349414,0.75,1.95,2977.65,4.88
202112,2021-12-01,강남구,서울>강남지역>동남권>강남구,84.1247276726185,112.867603758324,1.0,2.2,2663.34,-10.56
202112,2021-12-01,강남지역,서울>강남지역,90.5905968428944,108.869716084287,1.0,2.2,2663.34,-10.56
202112,2021-12-01,강북지역,서울>강북지역,102.787143313635,108.839654437146,1.0,2.2,2663.34,-10.56
202112,2021-12-01,노원구,서울>강북지역>동북권>노원구,114.141427186048,108.98559640412,1.0,2.2,2663.34,-10.56
202112,2021-12-01,대구,대구,136.227170467919,141.041424008517,1.0,2.2,2663.34,-10.56
202112,2021-12-01,마포구,서울>강북지역>서북권>마포구,88.76238835851,106.507097828385,1.0,2.2,2663.34,-10.56
202112,2021-12-01,부산,부산,121.293849176969,116.189159114079,1.0,2.2,2663.34,-10.56
202112,2021-12-01,서울,서울,96.0648184842421,108.852895915923,1.0,2.2,2663.34,-10.56
202112,2021-12-01,서초구,서울>강남지역>동남권>서초구,80.0290129007789,107.659718790838,1.0,2.2,2663.34,-10.56
202112,2021-12-01,성남시,경기>경부1권>성남시,91.4190511961815,106.337322872383,1.0,2.2,2663.34,-10.56
202112,2021-12-01,성동구,서울>강북지역>동북권>성동구,79.229867156177,99.3591071263137,1.0,2.2,2663.34,-10.56
202112,2021-12-01,세종,세종,131.855307748993,126.253956434634,1.0,2.2,2663.34,-10.56
202112,2021-12-01,송파구,서울>강남지역>동남권>송파구,78.3789742824336,103.732284207125,1.0,2.2,2663.34,-10.56
202112,2021-12-01,수도권,수도권,109.484878307406,114.283992168628,1.0,2.2,2663.34,-10.56
202112,2021-12-01,수원시,경기>경부2권>수원시,111.840892110572,113.873950982145,1.0,2.2,2663.34,-10.56
202112,2021-12-01,용산구,서울>강북지역>도심권>용산구,86.1291474942087,105.508039894029,1.0,2.2,2663.34,-10.56
202112,2021-12-01,전국,전국,112.026269939226,113.579701566709,1.0,2.2,2663.34,-10.56
202112,2021-12-01,종로구,서울>강북지역>도심권>종로구,101.607385079533,110.027214912651,1.0,2.2,2663.34,-10.56
202201,2022-01-01,강남구,서울>강남지역>동남권>강남구,84.1737878046283,112.955766311221,1.0,2.65,2699.18,1.35
202201,2022-01-01,강남지역,서울>강남지역,90.631133029217,108.896483569592,1.0,2.65,2699.18,1.35
202201,2022-01-01,강북지역,서울>강북지역,102.744563470438,108.830444712003,1.0,2.65,2699.18,1.35
202201,2022-01-01,노원구,서울>강북지역>동북권>노원구,114.011289106564,108.812417147893,1.0,2.65,2699.18,1.35
202201,2022-01-01,대구,대구,135.7688345133,140.662432797859,1.0,2.65,2699.18,1.35
202201,2022-01-01,마포구,서울>강북지역>서북권>마포구,88.7203387265031,106.5026483833,1.0,2.65,2699.18,1.35
202201,2022-01-01,부산,부산,121.374485431788,116.345619483592,1.0,2.65,2699.18,1.35
202201,2022-01-01,서울,서울,96.0694570792079,108.862997071422,1.0,2.65,2699.18,1.35
202201,2022-01-01,서초구,서울>강남지역>동남권>서초구,80.1001171169551,107.713332495643,1.0,2.65,2699.18,1.35
202201,2022-01-01,성남시,경기>경부1권>성남시,91.4288316511501,106.315138132008,1.0,2.65,2699.18,1.35
202201,2022-01-01,성동구,서울>강북지역>동북권>성동구,79.2309179298974,99.4245264139869,1.0,2.65,2699.18,1.35
202201,2022-01-01,세종,세종,130.549575116917,124.371908210302,1.0,2.65,2699.18,1.35
202201,2022-01-01,송파구,서울>강남지역>동남권>송파구,78.4252860062575,103.716053497375,1.0,2.65,2699.18,1.35
202201,2022-01-01,수도권,수도권,109.504276634385,114.233645977604,1.0,2.65,2699.18,1.35
202201,2022-01-01,수원시,경기>경부2권>수원시,111.750026234932,113.608653110529,1.0,2.65,2699.18,1.35
202201,2022-01-01,용산구,서울>강북지역>도심권>용산구,86.2075159972299,105.562353960675,1.0,2.65,2699.18,1.35
202201,2022-01-01,전국,전국,112.11098240806,113.651417501235,1.0,2.65,2699.18,1.35
202201,2022-01-01,종로구,서울>강북지역>도심권>종로구,101.578037693853,110.01307788451,1.0,2.65,2699.18,1.35
202202,2022-02-01,강남구,서울>강남지역>동남권>강남구,84.1382883846303,112.758837892556,1.25,2.9,2757.65,2.17
202202,2022-02-01,강남지역,서울>강남지역,90.5826210773025,108.776622762138,1.25,2.9,2757.65,2.17
202202,2022-02-01,강북지역,서울>강북지역,102.626570602108,108.714741082434,1.25,2.9,2757.65,2.17
202202,2022-02-01,노원구,서울>강북지역>동북권>노원구,113.873788962248,108.685400997833,1.25,2.9,2757.65,2.17
202202,2022-02-01,대구,대구,135.207249710719,140.088452554379,1.25,2.9,2757.65,2.17
202202,2022-02-01,마포구,서울>강북지역>서북권>마포구,88.6263904971506,106.370514329306,1.25,2.9,2757.65,2.17
202202,2022-02-01,부산,부산,121.380788889452,116.429528377481,1.25,2.9,2757.65,2.17
202202,2022-02-01,서울,서울,95.9907493922019,108.745065317147,1.25,2.9,2757.65,2.17
202202,2022-02-01,서초구,서울>강남지역>동남권>서초구,80.0964518976499,107.649984992634,1.25,2.9,2757.65,2.17
202202,2022-02-01,성남시,경기>경부1권>성남시,91.3685007511228,106.232874566459,1.25,2.9,2757.65,2.17
202202,2022-02-01,성동구,서울>강북지역>동북권>성동구,79.1972506282087,99.4448921201024,1.25,2.9,2757.65,2.17
202202,2022-02-01,세종,세종,129.683055904336,123.047579003412,1.25,2.9,2757.65,2.17
202202,2022-02-01,송파구,서울>강남지역>동남권>송파구,78.3589114005792,103.576617199511,1.25,2.9,2757.65,2.17
202202,2022-02-01,수도권,수도권,109.41589144843,114.065233340857,1.25,2.9,2757.65,2.17
202202,2022-02-01,수원시,경기>경부2권>수원시,111.627698561503,113.417303754367,1.25,2.9,2757.65,2.17
202202,2022-02-01,용산구,서울>강북지역>도심권>용산구,86.1715926772054,105.491508389542,1.25,2.9,2757.65,2.17
202202,2022-02-01,전국,전국,112.087780027042,113.607090698921,1.25,2.9,2757.65,2.17
202202,2022-02-01,종로구,서울>강북지역>도심권>종로구,101.337731019186,109.739406885772,1.25,2.9,2757.65,2.17
202203,2022-03-01,강남구,서울>강남지역>동남권>강남구,84.149114064046,112.653182476081,1.25,2.9,2695.05,-2.27
202203,2022-03-01,강남지역,서울>강남지역,90.5465664207745,108.646369454879,1.25,2.9,2695.05,-2.27
202203,2022-03-01,강북지역,서울>강북지역,102.517738905689,108.591090601886,1.25,2.9,2695.05,-2.27
202203,2022-03-01,노원구,서울>강북지역>동북권>노원구,113.75695386819,108.52119921862,1.25,2.9,2695.05,-2.27
202203,2022-03-01,대구,대구,134.283555090169,139.1307728283,1.25,2.9,2695.05,-2.27
202203,2022-03-01,마포구,서울>강북지역>서북권>마포구,88.5307498060416,106.2382509547,1.25,2.9,2695.05,-2.27
202203,2022-03-01,부산,부산,121.406256016172,116.515872996716,1.25,2.9,2695.05,-2.27
202203,2022-03-01,서울,서울,95.9230876866111,108.61787423969,1.25,2.9,2695.05,-2.27
202203,2022-03-01,서초구,서울>강남지역>동남권>서초구,80.1210490892938,107.570223771204,1.25,2.9,2695.05,-2.27
202203,2022-03-01,성남시,경기>경부1권>성남시,91.3310252181646,106.193242197485,1.25,2.9,2695.05,-2.27
202203,2022-03-01,성동구,서울>강북지역>동북권>성동구,79.148919998458,99.3894558768944,1.25,2.9,2695.05,-2.27
202203,2022-03-01,세종,세종,128.630846470857,120.972000878485,1.25,2.9,2695.05,-2.27
202203,2022-03-01,송파구,서울>강남지역>동남권>송파구,78.3481351673784,103.479696785376,1.25,2.9,2695.05,-2.27
202203,2022-03-01,수도권,수도권,109.283207644959,113.864413845515,1.25,2.9,2695.05,-2.27
202203,2022-03-01,수원시,경기>경부2권>수원시,111.370019036818,113.180484613434,1.25,2.9,2695.05,-2.27
202203,2022-03-01,용산구,서울>강북지역>도심권>용산구,86.1433524133734,105.342665887341,1.25,2.9,2695.05,-2.27
202203,2022-03-01,전국,전국,112.02575481148,113.519023514403,1.25,2.9,2695.05,-2.27
202203,2022-03-01,종로구,서울>강북지역>도심권>종로구,101.189679568363,109.626459233816,1.25,2.9,2695.05,-2.27
202204,2022-04-01,강남구,서울>강남지역>동남권>강남구,84.2634471898222,112.583368388999,1.25,2.9,2685.9,-0.34
202204,2022-04-01,강남지역,서울>강남지역,90.5666700788797,108.580600137094,1.25,2.9,2685.9,-0.34
202204,2022-04-01,강북지역,서울>강북지역,102.469622755783,108.540605377981,1.25,2.9,2685.9,-0.34
202204,2022-04-01,노원구,서울>강북지역>동북권>노원구,113.712205227368,108.528875396753,1.25,2.9,2685.9,-0.34
202204,2022-04-01,대구,대구,133.435172729249,138.001763633234,1.25,2.9,2685.9,-0.34
202204,2022-04-01,마포구,서울>강북지역>서북권>마포구,88.4865678516718,106.155325858164,1.25,2.9,2685.9,-0.34
202204,2022-04-01,부산,부산,121.498636804331,116.53814885203,1.25,2.9,2685.9,-0.34
202204,2022-04-01,서울,서울,95.9136653663915,108.559186666332,1.25,2.9,2685.9,-0.34
202204,2022-04-01,서초구,서울>강남지역>동남권>서초구,80.2309119635523,107.511233388911,1.25,2.9,2685.9,-0.34
202204,2022-04-01,성남시,경기>경부1권>성남시,91.3910686352592,106.120082104365,1.25,2.9,2685.9,-0.34
202204,2022-04-01,성동구,서울>강북지역>동북권>성동구,79.1232659386783,99.4129418615789,1.25,2.9,2685.9,-0.34
202204,2022-04-01,세종,세종,127.798858516938,119.715436040498,1.25,2.9,2685.9,-0.34
202204,2022-04-01,송파구,서울>강남지역>동남권>송파구,78.3483550309999,103.461101604384,1.25,2.9,2685.9,-0.34
202204,2022-04-01,수도권,수도권,109.235760754675,113.768306733188,1.25,2.9,2685.9,-0.34
202204,2022-04-01,수원시,경기>경부2권>수원시,111.121268186144,112.860822855988,1.25,2.9,2685.9,-0.34
202204,2022-04-01,용산구,서울>강북지역>도심권>용산구,86.2463189126515,105.255595805083,1.25,2.9,2685.9,-0.34
202204,2022-04-01,전국,전국,112.020716019914,113.480810026503,1.25,2.9,2685.9,-0.34
202204,2022-04-01,종로구,서울>강북지역>도심권>종로구,101.139567947123,109.526432849194,1.25,2.9,2685.9,-0.34
202205,2022-05-01,강남구,서울>강남지역>동남권>강남구,84.3389299365766,112.664875209928,1.5,3.15,2332.64,-13.15
202205,2022-05-01,강남지역,서울>강남지역,90.5913169240057,108.57161122191,1.5,3.15,2332.64,-13.15
202205,2022-05-01,강북지역,서울>강북지역,102.411453741649,108.479100396851,1.5,3.15,2332.64,-13.15
202205,2022-05-01,노원구,서울>강북지역>동북권>노원구,113.567572659117,108.406503846305,1.5,3.15,2332.64,-13.15
202205,2022-05-01,대구,대구,132.397288048417,136.684701166867,1.5,3.15,2332.64,-13.15
202205,2022-05-01,마포구,서울>강북지역>서북권>마포구,88.4318990475724,106.088775677116,1.5,3.15,2332.64,-13.15
202205,2022-05-01,부산,부산,121.503508050306,116.535840648727,1.5,3.15,2332.64,-13.15
202205,2022-05-01,서울,서울,95.902454133863,108.525868918621,1.5,3.15,2332.64,-13.15
202205,2022-05-01,서초구,서울>강남지역>동남권>서초구,80.3759990234874,107.552000905877,1.5,3.15,2332.64,-13.15
202205,2022-05-01,성남시,경기>경부1권>성남시,91.4725999530606,106.034909038961,1.5,3.15,2332.64,-13.15
202205,2022-05-01,성동구,서울>강북지역>동북권>성동구,79.0915572329468,99.4500637351538,1.5,3.15,2332.64,-13.15
202205,2022-05-01,세종,세종,127.036958294721,118.257855606086,1.5,3.15,2332.64,-13.15
202205,2022-05-01,송파구,서울>강남지역>동남권>송파구,78.3329531388108,103.462203031285,1.5,3.15,2332.64,-13.15
202205,2022-05-01,수도권,수도권,109.131348668465,113.680540285259,1.5,3.15,2332.64,-13.15
202205,2022-05-01,수원시,경기>경부2권>수원시,110.723839694379,112.357749934585,1.5,3.15,2332.64,-13.15
202205,2022-05-01,용산구,서울>강북지역>도심권>용산구,86.3951590819834,105.221782416593,1.5,3.15,2332.64,-13.15
202205,2022-05-01,전국,전국,111.964088873305,113.426643632268,1.5,3.15,2332.64,-13.15
202205,2022-05-01,종로구,서울>강북지역>도심권>종로구,101.110660154117,109.450692906089,1.5,3.15,2332.64,-13.15
202206,2022-06-01,강남구,서울>강남지역>동남권>강남구,84.346623305827,112.776766767081,1.75,3.4,2451.5,5.1
202206,2022-06-01,강남지역,서울>강남지역,90.5538765705265,108.548084347032,1.75,3.4,2451.5,5.1
202206,2022-06-01,강북지역,서울>강북지역,102.285678674232,108.401518428515,1.75,3.4,2451.5,5.1
202206,2022-06-01,노원구,서울>강북지역>동북권>노원구,113.333087182119,108.284241726074,1.75,3.4,2451.5,5.1
202206,2022-06-01,대구,대구,131.420369631144,135.265731135519,1.75,3.4,2451.5,5.1
202206,2022-06-01,마포구,서울>강북지역>서북권>마포구,88.3513865603173,105.980677392437,1.75,3.4,2451.5,5.1
202206,2022-06-01,부산,부산,121.458829650737,116.508956664974,1.75,3.4,2451.5,5.1
202206,2022-06-01,서울,서울,95.8266192104181,108.477294004128,1.75,3.4,2451.5,5.1
202206,2022-06-01,서초구,서울>강남지역>동남권>서초구,80.451395403725,107.638607405007,1.75,3.4,2451.5,5.1
202206,2022-06-01,성남시,경기>경부1권>성남시,91.5235743916388,106.028919534158,1.75,3.4,2451.5,5.1
202206,2022-06-01,성동구,서울>강북지역>동북권>성동구,79.0628034115936,99.4947580295571,1.75,3.4,2451.5,5.1
202206,2022-06-01,세종,세종,126.00268165085,116.922441438157,1.75,3.4,2451.5,5.1
202206,2022-06-01,송파구,서울>강남지역>동남권>송파구,78.270072343837,103.463121660768,1.75,3.4,2451.5,5.1
202206,2022-06-01,수도권,수도권,108.970694945292,113.549887277003,1.75,3.4,2451.5,5.1
202206,2022-06-01,수원시,경기>경부2권>수원시,110.28414654538,111.829294961406,1.75,3.4,2451.5,5.1
202206,2022-06-01,용산구,서울>강북지역>도심권>용산구,86.4096245830514,105.103263880232,1.75,3.4,2451.5,5.1
202206,2022-06-01,전국,전국,111.847457321269,113.337331110429,1.75,3.4,2451.5,5.1
202206,2022-06-01,종로구,서울>강북지역>도심권>종로구,100.977393189274,109.308805414462,1.75,3.4,2451.5,5.1
202207,2022-07-01,강남구,서울>강남지역>동남권>강남구,84.3114341173263,112.740595075254,1.75,3.4,2472.05,0.84
202207,2022-07-01,강남지역,서울>강남지역,90.4615400068931,108.447056544039,1.75,3.4,2472.05,0.84
202207,2022-07-01,강북지역,서울>강북지역,101.912324602389,108.252378354855,1.75,3.4,2472.05,0.84
202207,2022-07-01,노원구,서울>강북지역>동북권>노원구,112.717156121687,108.121562698429,1.75,3.4,2472.05,0.84
202207,2022-07-01,대구,대구,130.692452883224,134.130456027008,1.75,3.4,2472.05,0.84
202207,2022-07-01,마포구,서울>강북지역>서북권>마포구,88.0318247590324,105.771520978581,1.75,3.4,2472.05,0.84
202207,2022-07-01,부산,부산,121.280671602056,116.384730479095,1.75,3.4,2472.05,0.84
202207,2022-07-01,서울,서울,95.6120848517038,108.353968397103,1.75,3.4,2472.05,0.84
202207,2022-07-01,서초구,서울>강남지역>동남권>서초구,80.5128666961149,107.599568653868,1.75,3.4,2472.05,0.84
202207,2022-07-01,성남시,경기>경부1권>성남시,91.4640004424545,105.955153845813,1.75,3.4,2472.05,0.84
202207,2022-07-01,성동구,서울>강북지역>동북권>성동구,79.0040521647727,99.4590486433382,1.75,3.4,2472.05,0.84
202207,2022-07-01,세종,세종,125.049876648167,115.709657641404,1.75,3.4,2472.05,0.84
202207,2022-07-01,송파구,서울>강남지역>동남권>송파구,78.151858499839,103.416770780268,1.75,3.4,2472.05,0.84
202207,2022-07-01,수도권,수도권,108.668762670003,113.285961333237,1.75,3.4,2472.05,0.84
202207,2022-07-01,수원시,경기>경부2권>수원시,109.679973848795,110.934054389061,1.75,3.4,2472.05,0.84
202207,2022-07-01,용산구,서울>강북지역>도심권>용산구,86.3507030556918,104.978292677802,1.75,3.4,2472.05,0.84
202207,2022-07-01,전국,전국,111.62659382076,113.152982203952,1.75,3.4,2472.05,0.84
202207,2022-07-01,종로구,서울>강북지역>도심권>종로구,100.593388773933,109.058420299469,1.75,3.4,2472.05,0.84
202208,2022-08-01,강남구,서울>강남지역>동남권>강남구,84.1680180279309,112.531746260172,2.25,3.9,2155.49,-12.81
202208,2022-08-01,강남지역,서울>강남지역,90.2201364034122,108.175793410429,2.25,3.9,2155.49,-12.81
202208,2022-08-01,강북지역,서울>강북지역,101.231885255706,107.974029883194,2.25,3.9,2155.49,-12.81
202208,2022-08-01,노원구,서울>강북지역>동북권>노원구,111.601515170848,107.968981042501,2.25,3.9,2155.49,-12.81
202208,2022-08-01,대구,대구,129.507399074877,132.873127606357,2.25,3.9,2155.49,-12.81
202208,2022-08-01,마포구,서울>강북지역>서북권>마포구,87.3979936919098,105.373861699391,2.25,3.9,2155.49,-12.81
202208,2022-08-01,부산,부산,120.745005483486,115.959329214725,2.25,3.9,2155.49,-12.81
202208,2022-08-01,서울,서울,95.17926133151,108.079427797385,2.25,3.9,2155.49,-12.81
202208,2022-08-01,서초구,서울>강남지역>동남권>서초구,80.4539606256135,107.40331567723,2.25,3.9,2155.49,-12.81
202208,2022-08-01,성남시,경기>경부1권>성남시,91.0569493810854,105.481882300575,2.25,3.9,2155.49,-12.81
202208,2022-08-01,성동구,서울>강북지역>동북권>성동구,78.9079847678119,99.3433849971742,2.25,3.9,2155.49,-12.81
202208,2022-08-01,세종,세종,123.475712742977,114.131547427834,2.25,3.9,2155.49,-12.81
202208,2022-08-01,송파구,서울>강남지역>동남권>송파구,77.8102277588002,103.025652350511,2.25,3.9,2155.49,-12.81
202208,2022-08-01,수도권,수도권,107.953010151711,112.583696142129,2.25,3.9,2155.49,-12.81
202208,2022-08-01,수원시,경기>경부2권>수원시,108.710376984102,109.264881574349,2.25,3.9,2155.49,-12.81
202208,2022-08-01,용산구,서울>강북지역>도심권>용산구,86.2736002821913,104.671532591548,2.25,3.9,2155.49,-12.81
202208,2022-08-01,전국,전국,111.057782347418,112.643429501449,2.25,3.9,2155.49,-12.81
202208,2022-08-01,종로구,서울>강북지역>도심권>종로구,99.835325598975,108.475756182058,2.25,3.9,2155.49,-12.81
202209,2022-09-01,강남구,서울>강남지역>동남권>강남구,83.8089102870532,111.852305754788,2.5,4.15,2293.61,6.41
202209,2022-09-01,강남지역,서울>강남지역,89.6704579492014,107.443734455139,2.5,4.15,2293.61,6.41
202209,2022-09-01,강북지역,서울>강북지역,100.300862017815,107.255674642115,2.5,4.15,2293.61,6.41
202209,2022-09-01,노원구,서울>강북지역>동북권>노원구,110.075159487251,107.437628389951,2.5,4.15,2293.61,6.41
202209,2022-09-01,대구,대구,128.151549375436,131.204760541296,2.5,4.15,2293.61,6.41
202209,2022-09-01,마포구,서울>강북지역>서북권>마포구,86.6470613311327,104.36645202704,2.5,4.15,2293.61,6.41
202209,2022-09-01,부산,부산,119.814259795515,115.146978262437,2.5,4.15,2293.61,6.41
202209,2022-09-01,서울,서울,94.4624152030626,107.353740620121,2.5,4.15,2293.61,6.41
202209,2022-09-01,서초구,서울>강남지역>동남권>서초구,80.2825536828562,106.944717465825,2.5,4.15,2293.61,6.41
202209,2022-09-01,성남시,경기>경부1권>성남시,90.4032270388191,104.524177591467,2.5,4.15,2293.61,6.41
202209,2022-09-01,성동구,서울>강북지역>동북권>성동구,78.6956211328945,99.0400382958917,2.5,4.15,2293.61,6.41
202209,2022-09-01,세종,세종,121.421999785261,112.041628977959,2.5,4.15,2293.61,6.41
202209,2022-09-01,송파구,서울>강남지역>동남권>송파구,77.0434750316844,101.702972640115,2.5,4.15,2293.61,6.41
202209,2022-09-01,수도권,수도권,106.894606635398,111.429653375087,2.5,4.15,2293.61,6.41
202209,2022-09-01,수원시,경기>경부2권>수원시,107.408155801222,107.420753121467,2.5,4.15,2293.61,6.41
202209,2022-09-01,용산구,서울>강북지역>도심권>용산구,85.8974468932065,104.209673364956,2.5,4.15,2293.61,6.41
202209,2022-09-01,전국,전국,110.187588647792,111.766720019218,2.5,4.15,2293.61,6.41
202209,2022-09-01,종로구,서울>강북지역>도심권>종로구,98.7710684197044,107.388247770008,2.5,4.15,2293.61,6.41
202210,2022-10-01,강남구,서울>강남지역>동남권>강남구,83.0083869254906,110.609859042988,2.5,4.15,2472.53,7.8
202210,2022-10-01,강남지역,서울>강남지역,88.6177505502553,105.869415684137,2.5,4.15,2472.53,7.8
202210,2022-10-01,강북지역,서울>강북지역,98.9826339035892,105.78808509767,2.5,4.15,2472.53,7.8
202210,2022-10-01,노원구,서울>강북지역>동북권>노원구,108.057527758304,105.941651930289,2.5,4.15,2472.53,7.8
202210,2022-10-01,대구,대구,126.334392325615,129.012483334692,2.5,4.15,2472.53,7.8
202210,2022-10-01,마포구,서울>강북지역>서북권>마포구,85.8117557096444,103.09539118268,2.5,4.15,2472.53,7.8
202210,2022-10-01,부산,부산,118.455905645455,113.812882667284,2.5,4.15,2472.53,7.8
202210,2022-10-01,서울,서울,93.2920489510025,105.828925082865,2.5,4.15,2472.53,7.8
202210,2022-10-01,서초구,서울>강남지역>동남권>서초구,79.7920575421566,105.704599327294,2.5,4.15,2472.53,7.8
202210,2022-10-01,성남시,경기>경부1권>성남시,89.1910081472397,102.52791544118,2.5,4.15,2472.53,7.8
202210,2022-10-01,성동구,서울>강북지역>동북권>성동구,78.2036078530168,98.1807009246775,2.5,4.15,2472.53,7.8
202210,2022-10-01,세종,세종,119.279780950376,109.910284332538,2.5,4.15,2472.53,7.8
202210,2022-10-01,송파구,서울>강남지역>동남권>송파구,75.5007449724697,98.5623333863216,2.5,4.15,2472.53,7.8
202210,2022-10-01,수도권,수도권,105.264895627256,109.372465149993,2.5,4.15,2472.53,7.8
202210,2022-10-01,수원시,경기>경부2권>수원시,105.587082571837,105.054119001559,2.5,4.15,2472.53,7.8
202210,2022-10-01,용산구,서울>강북지역>도심권>용산구,85.2796080594518,103.029256284377,2.5,4.15,2472.53,7.8
202210,2022-10-01,전국,전국,108.86097319808,110.241556501136,2.5,4.15,2472.53,7.8
202210,2022-10-01,종로구,서울>강북지역>도심권>종로구,97.6166962230117,105.899269312735,2.5,4.15,2472.53,7.8
202211,2022-11-01,강남구,서울>강남지역>동남권>강남구,81.7360707353825,107.697914832266,3.0,4.65,2236.4,-9.55
202211,2022-11-01,강남지역,서울>강남지역,86.9975054028745,102.779990139122,3.0,4.65,2236.4,-9.55
202211,2022-11-01,강북지역,서울>강북지역,96.6721210420177,102.776254888509,3.0,4.65,2236.4,-9.55
202211,2022-11-01,노원구,서울>강북지역>동북권>노원구,104.50862922751,102.587708566594,3.0,4.65,2236.4,-9.55
202211,2022-11-01,대구,대구,123.695926485175,125.624538197613,3.0,4.65,2236.4,-9.55
202211,2022-11-01,마포구,서울>강북지역>서북권>마포구,84.4813042712488,100.417598577653,3.0,4.65,2236.4,-9.55
202211,2022-11-01,부산,부산,116.215844406466,111.491397696446,3.0,4.65,2236.4,-9.55
202211,2022-11-01,서울,서울,91.3674537598498,102.77552524625,3.0,4.65,2236.4,-9.55
202211,2022-11-01,서초구,서울>강남지역>동남권>서초구,78.942704873321,102.307367671307,3.0,4.65,2236.4,-9.55
202211,2022-11-01,성남시,경기>경부1권>성남시,87.1704703409166,98.985045850777,3.0,4.65,2236.4,-9.55
202211,2022-11-01,성동구,서울>강북지역>동북권>성동구,77.1357749080448,96.1042929530209,3.0,4.65,2236.4,-9.55
202211,2022-11-01,세종,세종,116.043923134141,106.716547436862,3.0,4.65,2236.4,-9.55
202211,2022-11-01,송파구,서울>강남지역>동남권>송파구,73.6144093434424,94.9436892540928,3.0,4.65,2236.4,-9.55
202211,2022-11-01,수도권,수도권,102.639596395395,105.86097025872,3.0,4.65,2236.4,-9.55
202211,2022-11-01,수원시,경기>경부2권>수원시,102.980107053965,101.487097684121,3.0,4.65,2236.4,-9.55
202211,2022-11-01,용산구,서울>강북지역>도심권>용산구,84.0013419423382,100.082729970285,3.0,4.65,2236.4,-9.55
202211,2022-11-01,전국,전국,106.66509982817,107.636737056723,3.0,4.65,2236.4,-9.55
202211,2022-11-01,종로구,서울>강북지역>도심권>종로구,96.2180859778226,103.87625393409,3.0,4.65,2236.4,-9.55
202212,2022-12-01,강남구,서울>강남지역>동남권>강남구,80.2082297285872,102.693077764641,3.25,4.9,2425.08,8.44
202212,2022-12-01,강남지역,서울>강남지역,84.9652685396298,97.9765870891978,3.25,4.9,2425.08,8.44
202212,2022-12-01,강북지역,서울>강북지역,93.1176143596875,97.6968921264432,3.25,4.9,2425.08,8.44
202212,2022-12-01,노원구,서울>강북지역>동북권>노원구,99.3059061928042,96.8276129820315,3.25,4.9,2425.08,8.44
202212,2022-12-01,대구,대구,119.357474095457,119.91575421128,3.25,4.9,2425.08,8.44
202212,2022-12-01,마포구,서울>강북지역>서북권>마포구,81.6772625894313,95.5563955136669,3.25,4.9,2425.08,8.44
202212,2022-12-01,부산,부산,113.285349080374,108.257736827667,3.25,4.9,2425.08,8.44
202212,2022-12-01,서울,서울,88.6636298956284,97.8443489047852,3.25,4.9,2425.08,8.44
202212,2022-12-01,서초구,서울>강남지역>동남권>서초구,77.7906061433147,97.428440849242,3.25,4.9,2425.08,8.44
202212,2022-12-01,성남시,경기>경부1권>성남시,84.3943535088175,94.8102943540319,3.25,4.9,2425.08,8.44
202212,2022-12-01,성동구,서울>강북지역>동북권>성동구,75.6572504451757,91.9427437252842,3.25,4.9,2425.08,8.44
202212,2022-12-01,세종,세종,109.277090101206,100.655881881713,3.25,4.9,2425.08,8.44
202212,2022-12-01,송파구,서울>강남지역>동남권>송파구,71.3368438850958,90.0317980765932,3.25,4.9,2425.08,8.44
202212,2022-12-01,수도권,수도권,98.8874666302194,100.602626066478,3.25,4.9,2425.08,8.44
202212,2022-12-01,수원시,경기>경부2권>수원시,99.4686197071416,96.5992501424061,3.25,4.9,2425.08,8.44
202212,2022-12-01,용산구,서울>강북지역>도심권>용산구,81.8646782968136,95.4854707510639,3.25,4.9,2425.08,8.44
202212,2022-12-01,전국,전국,103.556007779418,103.710677442987,3.25,4.9,2425.08,8.44
202212,2022-12-01,종로구,서울>강북지역>도심권>종로구,94.0607721123337,100.676492812239,3.25,4.9,2425.08,8.44
202301,2023-01-01,강남구,서울>강남지역>동남권>강남구,79.3932151313472,97.4923291278909,3.25,4.9,2412.85,-0.5
202301,2023-01-01,강남지역,서울>강남지역,83.6264554287361,93.2088072066176,3.25,4.9,2412.85,-0.5
202301,2023-01-01,강북지역,서울>강북지역,91.2458364625586,93.5940745592255,3.25,4.9,2412.85,-0.5
202301,2023-01-01,노원구,서울>강북지역>동북권>노원구,96.9677402850035,92.3463594467232,3.25,4.9,2412.85,-0.5
202301,2023-01-01,대구,대구,116.357539647477,115.904837458185,3.25,4.9,2412.85,-0.5
202301,2023-01-01,마포구,서울>강북지역>서북권>마포구,80.2538786007369,92.2385571650584,3.25,4.9,2412.85,-0.5
202301,2023-01-01,부산,부산,110.67533177816,104.958339657414,3.25,4.9,2412.85,-0.5
202301,2023-01-01,서울,서울,87.0867820309543,93.38653220279,3.25,4.9,2412.85,-0.5
202301,2023-01-01,서초구,서울>강남지역>동남권>서초구,77.1839719074681,92.6420127546983,3.25,4.9,2412.85,-0.5
202301,2023-01-01,성남시,경기>경부1권>성남시,82.158835437405,90.7316677841861,3.25,4.9,2412.85,-0.5
202301,2023-01-01,성동구,서울>강북지역>동북권>성동구,74.7708986655803,87.9128946554129,3.25,4.9,2412.85,-0.5
202301,2023-01-01,세종,세종,104.176444854986,95.863366905689,3.25,4.9,2412.85,-0.5
202301,2023-01-01,송파구,서울>강남지역>동남권>송파구,70.3520436345508,86.4479420946426,3.25,4.9,2412.85,-0.5
202301,2023-01-01,수도권,수도권,96.3266378777908,95.9235139434315,3.25,4.9,2412.85,-0.5
202301,2023-01-01,수원시,경기>경부2권>수원시,95.8077729765104,91.7539777291238,3.25,4.9,2412.85,-0.5
202301,2023-01-01,용산구,서울>강북지역>도심권>용산구,80.4143784831116,90.7998264714435,3.25,4.9,2412.85,-0.5
202301,2023-01-01,전국,전국,101.361489874429,100.268019009861,3.25,4.9,2412.85,-0.5
202301,2023-01-01,종로구,서울>강북지역>도심권>종로구,92.3006080762622,97.8390297039562,3.25,4.9,2412.85,-0.5
202302,2023-02-01,강남구,서울>강남지역>동남권>강남구,78.8081825250115,92.6217989599074,3.5,5.15,2476.86,2.65
202302,2023-02-01,강남지역,서울>강남지역,82.6657088222432,89.5625604287368,3.5,5.15,2476.86,2.65
202302,2023-02-01,강북지역,서울>강북지역,90.3292498277957,91.0930056158414,3.5,5.15,2476.86,2.65
202302,2023-02-01,노원구,서울>강북지역>동북권>노원구,96.2731079176772,89.7893320914022,3.5,5.15,2476.86,2.65
202302,2023-02-01,대구,대구,113.724640911211,112.451672598717,3.5,5.15,2476.86,2.65
202302,2023-02-01,마포구,서울>강북지역>서북권>마포구,79.4092246663373,90.0850052555848,3.5,5.15,2476.86,2.65
202302,2023-02-01,부산,부산,108.500267219755,102.051601593013,3.5,5.15,2476.86,2.65
202302,2023-02-01,서울,서울,86.1448519348825,90.2711537143705,3.5,5.15,2476.86,2.65
202302,2023-02-01,서초구,서울>강남지역>동남권>서초구,76.8067076019703,89.8354529045986,3.5,5.15,2476.86,2.65
202302,2023-02-01,성남시,경기>경부1권>성남시,80.1232853447692,86.7255684712834,3.5,5.15,2476.86,2.65
202302,2023-02-01,성동구,서울>강북지역>동북권>성동구,74.1083076845896,84.5993285149992,3.5,5.15,2476.86,2.65
202302,2023-02-01,세종,세종,100.716736236022,92.698584219859,3.5,5.15,2476.86,2.65
202302,2023-02-01,송파구,서울>강남지역>동남권>송파구,69.988877700674,83.7224110270524,3.5,5.15,2476.86,2.65
202302,2023-02-01,수도권,수도권,94.4973508390303,92.5117686050249,3.5,5.15,2476.86,2.65
202302,2023-02-01,수원시,경기>경부2권>수원시,92.9030371899084,88.9398011383359,3.5,5.15,2476.86,2.65
202302,2023-02-01,용산구,서울>강북지역>도심권>용산구,79.7338922897316,87.9724301647112,3.5,5.15,2476.86,2.65
202302,2023-02-01,전국,전국,99.7241321670233,97.6398962042849,3.5,5.15,2476.86,2.65
202302,2023-02-01,종로구,서울>강북지역>도심권>종로구,91.4450854636704,95.5847110934913,3.5,5.15,2476.86,2.65
202303,2023-03-01,강남구,서울>강남지역>동남권>강남구,78.469154068031,89.8468698049895,3.5,5.15,2501.53,1.0
202303,2023-03-01,강남지역,서울>강남지역,82.1500176531899,87.5584239489853,3.5,5.15,2501.53,1.0
202303,2023-03-01,강북지역,서울>강북지역,89.5817593319068,89.551062042,3.5,5.15,2501.53,1.0
202303,2023-03-01,노원구,서울>강북지역>동북권>노원구,95.8232100417263,88.5704736004761,3.5,5.15,2501.53,1.0
202303,2023-03-01,대구,대구,111.881534005202,109.878314966664,3.5,5.15,2501.53,1.0
202303,2023-03-01,마포구,서울>강북지역>서북권>마포구,78.7446099635949,88.8819837620023,3.5,5.15,2501.53,1.0
202303,2023-03-01,부산,부산,106.882108931874,100.111172932769,3.5,5.15,2501.53,1.0
202303,2023-03-01,서울,서울,85.5256148733573,88.4801551339924,3.5,5.15,2501.53,1.0
202303,2023-03-01,서초구,서울>강남지역>동남권>서초구,76.7410704425113,88.595807113172,3.5,5.15,2501.53,1.0
202303,2023-03-01,성남시,경기>경부1권>성남시,79.1951748653442,85.2985235546264,3.5,5.15,2501.53,1.0
202303,2023-03-01,성동구,서울>강북지역>동북권>성동구,73.5086030946406,82.509405450346,3.5,5.15,2501.53,1.0
202303,2023-03-01,세종,세종,100.486148210192,92.1529492226718,3.5,5.15,2501.53,1.0
202303,2023-03-01,송파구,서울>강남지역>동남권>송파구,69.9284120834004,81.9428024068494,3.5,5.15,2501.53,1.0
202303,2023-03-01,수도권,수도권,93.3637854376788,90.6439986667883,3.5,5.15,2501.53,1.0
202303,2023-03-01,수원시,경기>경부2권>수원시,91.6496172589535,87.5902966351028,3.5,5.15,2501.53,1.0
202303,2023-03-01,용산구,서울>강북지역>도심권>용산구,79.1616042652087,86.490621242644,3.5,5.15,2501.53,1.0
202303,2023-03-01,전국,전국,98.6353274810389,96.0443297442368,3.5,5.15,2501.53,1.0
202303,2023-03-01,종로구,서울>강북지역>도심권>종로구,90.7721512314598,93.4938953555974,3.5,5.15,2501.53,1.0
202304,2023-04-01,강남구,서울>강남지역>동남권>강남구,78.4160626430838,89.1659083561885,3.5,5.15,2577.12,3.02
202304,2023-04-01,강남지역,서울>강남지역,81.913084319872,87.0386281255136,3.5,5.15,2577.12,3.02
202304,2023-04-01,강북지역,서울>강북지역,89.1344432921389,88.7633236414077,3.5,5.15,2577.12,3.02
202304,2023-04-01,노원구,서울>강북지역>동북권>노원구,95.6703285968052,87.5189408298537,3.5,5.15,2577.12,3.02
202304,2023-04-01,대구,대구,110.492074934864,108.211636349538,3.5,5.15,2577.12,3.02
202304,2023-04-01,마포구,서울>강북지역>서북권>마포구,78.4652593998023,88.5871917371759,3.5,5.15,2577.12,3.02
202304,2023-04-01,부산,부산,105.865699610902,99.0406946295531,3.5,5.15,2577.12,3.02
202304,2023-04-01,서울,서울,85.1948055148194,87.836833702652,3.5,5.15,2577.12,3.02
202304,2023-04-01,서초구,서울>강남지역>동남권>서초구,76.759994231994,87.7175276345519,3.5,5.15,2577.12,3.02
202304,2023-04-01,성남시,경기>경부1권>성남시,78.8072074518299,84.9060033304688,3.5,5.15,2577.12,3.02
202304,2023-04-01,성동구,서울>강북지역>동북권>성동구,73.1626154633474,81.7251371156868,3.5,5.15,2577.12,3.02
202304,2023-04-01,세종,세종,101.213305681922,92.4068681343752,3.5,5.15,2577.12,3.02
202304,2023-04-01,송파구,서울>강남지역>동남권>송파구,69.9615532388649,81.8848091312919,3.5,5.15,2577.12,3.02
202304,2023-04-01,수도권,수도권,92.7996924859095,89.7896682400261,3.5,5.15,2577.12,3.02
202304,2023-04-01,수원시,경기>경부2권>수원시,91.0566906451962,86.9216376135313,3.5,5.15,2577.12,3.02
202304,2023-04-01,용산구,서울>강북지역>도심권>용산구,79.0023474917092,85.8480476087704,3.5,5.15,2577.12,3.02
202304,2023-04-01,전국,전국,98.0199003508459,95.2244549086058,3.5,5.15,2577.12,3.02
202304,2023-04-01,종로구,서울>강북지역>도심권>종로구,90.3962552190298,92.6394102713822,3.5,5.15,2577.12,3.02
202305,2023-05-01,강남구,서울>강남지역>동남권>강남구,78.7682046608883,89.86993692505,3.5,5.15,2564.28,-0.5
202305,2023-05-01,강남지역,서울>강남지역,82.0304637101089,87.1633038958407,3.5,5.15,2564.28,-0.5
202305,2023-05-01,강북지역,서울>강북지역,89.0105769261876,88.4672402011447,3.5,5.15,2564.28,-0.5
202305,2023-05-01,노원구,서울>강북지역>동북권>노원구,95.8069611095909,87.322964026222,3.5,5.15,2564.28,-0.5
202305,2023-05-01,대구,대구,109.802004475907,106.958036492964,3.5,5.15,2564.28,-0.5
202305,2023-05-01,마포구,서울>강북지역>서북권>마포구,78.3906266209691,88.6244139307728,3.5,5.15,2564.28,-0.5
202305,2023-05-01,부산,부산,105.305680373647,98.4050446136607,3.5,5.15,2564.28,-0.5
202305,2023-05-01,서울,서울,85.2047029334179,87.7671690004541,3.5,5.15,2564.28,-0.5
202305,2023-05-01,서초구,서울>강남지역>동남권>서초구,77.1874084741851,87.1982166217482,3.5,5.15,2564.28,-0.5
202305,2023-05-01,성남시,경기>경부1권>성남시,78.984344306899,85.8081225344667,3.5,5.15,2564.28,-0.5
202305,2023-05-01,성동구,서울>강북지역>동북권>성동구,73.1485154658263,81.5988830694979,3.5,5.15,2564.28,-0.5
202305,2023-05-01,세종,세종,102.271957961657,92.6280142173876,3.5,5.15,2564.28,-0.5
202305,2023-05-01,송파구,서울>강남지역>동남권>송파구,70.5159863246609,82.7858097209394,3.5,5.15,2564.28,-0.5
202305,2023-05-01,수도권,수도권,92.7090716558899,89.5861080360452,3.5,5.15,2564.28,-0.5
202305,2023-05-01,수원시,경기>경부2권>수원시,91.1787019178428,86.6240647039358,3.5,5.15,2564.28,-0.5
202305,2023-05-01,용산구,서울>강북지역>도심권>용산구,79.1190656389984,85.6700610802015,3.5,5.15,2564.28,-0.5
202305,2023-05-01,전국,전국,97.7969760987439,94.8576449600029,3.5,5.15,2564.28,-0.5
202305,2023-05-01,종로구,서울>강북지역>도심권>종로구,90.1878288938307,92.4123255830734,3.5,5.15,2564.28,-0.5
202306,2023-06-01,강남구,서울>강남지역>동남권>강남구,79.247608935647,90.2567335646376,3.5,5.15,2632.58,2.66
202306,2023-06-01,강남지역,서울>강남지역,82.2875674123682,87.4288850674429,3.5,5.15,2632.58,2.66
202306,2023-06-01,강북지역,서울>강북지역,89.0078562471227,88.3867286126102,3.5,5.15,2632.58,2.66
202306,2023-06-01,노원구,서울>강북지역>동북권>노원구,95.8350451681115,87.105711015645,3.5,5.15,2632.58,2.66
202306,2023-06-01,대구,대구,109.510724418773,106.280514782181,3.5,5.15,2632.58,2.66
202306,2023-06-01,마포구,서울>강북지역>서북권>마포구,78.628797327062,88.8128271161212,3.5,5.15,2632.58,2.66
202306,2023-06-01,부산,부산,104.960322636671,98.0255534718856,3.5,5.15,2632.58,2.66
202306,2023-06-01,서울,서울,85.3459451321408,87.8725226116099,3.5,5.15,2632.58,2.66
202306,2023-06-01,서초구,서울>강남지역>동남권>서초구,77.5869910746962,87.2004648893139,3.5,5.15,2632.58,2.66
202306,2023-06-01,성남시,경기>경부1권>성남시,79.5978634280151,87.0895936835088,3.5,5.15,2632.58,2.66
202306,2023-06-01,성동구,서울>강북지역>동북권>성동구,73.1930122562723,81.6455449002173,3.5,5.15,2632.58,2.66
202306,2023-06-01,세종,세종,103.178814282952,93.0120825484836,3.5,5.15,2632.58,2.66
202306,2023-06-01,송파구,서울>강남지역>동남권>송파구,71.3496326944262,83.5337337444969,3.5,5.15,2632.58,2.66
202306,2023-06-01,수도권,수도권,92.8023912623162,89.5894378276325,3.5,5.15,2632.58,2.66
202306,2023-06-01,수원시,경기>경부2권>수원시,91.2718886133209,86.2125862110806,3.5,5.15,2632.58,2.66
202306,2023-06-01,용산구,서울>강북지역>도심권>용산구,79.2025841775998,85.587867226608,3.5,5.15,2632.58,2.66
202306,2023-06-01,전국,전국,97.7564096962821,94.7023817466814,3.5,5.15,2632.58,2.66
202306,2023-06-01,종로구,서울>강북지역>도심권>종로구,90.1586839011091,92.497599122026,3.5,5.15,2632.58,2.66
202307,2023-07-01,강남구,서울>강남지역>동남권>강남구,79.6176847691365,90.5602139470446,3.5,5.15,2556.27,-2.9
202307,2023-07-01,강남지역,서울>강남지역,82.5635445186246,87.7477678749393,3.5,5.15,2556.27,-2.9
202307,2023-07-01,강북지역,서울>강북지역,89.1772116058596,88.5874473427439,3.5,5.15,2556.27,-2.9
202307,2023-07-01,노원구,서울>강북지역>동북권>노원구,95.8389179664615,87.1185367420877,3.5,5.15,2556.27,-2.9
202307,2023-07-01,대구,대구,109.206993323594,105.620837758982,3.5,5.15,2556.27,-2.9
202307,2023-07-01,마포구,서울>강북지역>서북권>마포구,79.1043966635577,89.2863381510651,3.5,5.15,2556.27,-2.9
202307,2023-07-01,부산,부산,104.682389946655,97.6963989769127,3.5,5.15,2556.27,-2.9
202307,2023-07-01,서울,서울,85.5744243901273,88.1366203831661,3.5,5.15,2556.27,-2.9
202307,2023-07-01,서초구,서울>강남지역>동남권>서초구,77.8039103481902,87.3606070315,3.5,5.15,2556.27,-2.9
202307,2023-07-01,성남시,경기>경부1권>성남시,80.5363843150519,88.4011030949564,3.5,5.15,2556.27,-2.9
202307,2023-07-01,성동구,서울>강북지역>동북권>성동구,73.5146683341428,82.1075286728907,3.5,5.15,2556.27,-2.9
202307,2023-07-01,세종,세종,104.136640664492,93.5730849370399,3.5,5.15,2556.27,-2.9
202307,2023-07-01,송파구,서울>강남지역>동남권>송파구,71.9673598984796,84.2985963425271,3.5,5.15,2556.27,-2.9
202307,2023-07-01,수도권,수도권,93.0455620512357,89.7845430950618,3.5,5.15,2556.27,-2.9
202307,2023-07-01,수원시,경기>경부2권>수원시,91.5032318838187,86.1142396707037,3.5,5.15,2556.27,-2.9
202307,2023-07-01,용산구,서울>강북지역>도심권>용산구,79.4473647436017,85.8307465188856,3.5,5.15,2556.27,-2.9
202307,2023-07-01,전국,전국,97.8190914012128,94.6929932371348,3.5,5.15,2556.27,-2.9
202307,2023-07-01,종로구,서울>강북지역>도심권>종로구,90.2360795422531,92.5216748272886,3.5,5.15,2556.27,-2.9
202308,2023-08-01,강남구,서울>강남지역>동남권>강남구,80.1411762376193,91.0115337582376,3.5,5.15,2465.07,-3.57
202308,2023-08-01,강남지역,서울>강남지역,83.0202134149049,88.2643917329605,3.5,5.15,2465.07,-3.57
202308,2023-08-01,강북지역,서울>강북지역,89.5339787400079,89.0630137847726,3.5,5.15,2465.07,-3.57
202308,2023-08-01,노원구,서울>강북지역>동북권>노원구,95.8886003434258,87.2954489299,3.5,5.15,2465.07,-3.57
202308,2023-08-01,대구,대구,109.416984943912,105.527737637218,3.5,5.15,2465.07,-3.57
202308,2023-08-01,마포구,서울>강북지역>서북권>마포구,79.7162070194183,89.9824857620255,3.5,5.15,2465.07,-3.57
202308,2023-08-01,부산,부산,104.490198783449,97.4859832350899,3.5,5.15,2465.07,-3.57
202308,2023-08-01,서울,서울,85.9866690676565,88.6341957785361,3.5,5.15,2465.07,-3.57
202308,2023-08-01,서초구,서울>강남지역>동남권>서초구,78.0903112605915,87.5308824215348,3.5,5.15,2465.07,-3.57
202308,2023-08-01,성남시,경기>경부1권>성남시,81.5781235250708,89.5629545045031,3.5,5.15,2465.07,-3.57
202308,2023-08-01,성동구,서울>강북지역>동북권>성동구,74.2783883151542,83.1700231244813,3.5,5.15,2465.07,-3.57
202308,2023-08-01,세종,세종,104.502854962053,94.1689366078718,3.5,5.15,2465.07,-3.57
202308,2023-08-01,송파구,서울>강남지역>동남권>송파구,72.9279420996578,85.3995377062652,3.5,5.15,2465.07,-3.57
202308,2023-08-01,수도권,수도권,93.4609758832639,90.262628682706,3.5,5.15,2465.07,-3.57
202308,2023-08-01,수원시,경기>경부2권>수원시,91.9654809724484,86.4106677553719,3.5,5.15,2465.07,-3.57
202308,2023-08-01,용산구,서울>강북지역>도심권>용산구,79.9931236609127,86.3871925035025,3.5,5.15,2465.07,-3.57
202308,2023-08-01,전국,전국,98.0474849231658,94.9204740831565,3.5,5.15,2465.07,-3.57
202308,2023-08-01,종로구,서울>강북지역>도심권>종로구,90.4185890933455,92.7332800312621,3.5,5.15,2465.07,-3.57
202309,2023-09-01,강남구,서울>강남지역>동남권>강남구,80.6405059743,91.5329917552924,3.5,5.15,2277.99,-7.59
202309,2023-09-01,강남지역,서울>강남지역,83.4708089744634,88.8886843308914,3.5,5.15,2277.99,-7.59
202309,2023-09-01,강북지역,서울>강북지역,89.9334496188131,89.7704800082249,3.5,5.15,2277.99,-7.59
202309,2023-09-01,노원구,서울>강북지역>동북권>노원구,96.0097851914193,87.8300063202166,3.5,5.15,2277.99,-7.59
202309,2023-09-01,대구,대구,109.678561928073,105.485340776794,3.5,5.15,2277.99,-7.59
202309,2023-09-01,마포구,서울>강북지역>서북권>마포구,80.2714644634193,90.9085552067192,3.5,5.15,2277.99,-7.59
202309,2023-09-01,부산,부산,104.422470862962,97.3305607917975,3.5,5.15,2277.99,-7.59
202309,2023-09-01,서울,서울,86.4146393318735,89.2970610507234,3.5,5.15,2277.99,-7.59
202309,2023-09-01,서초구,서울>강남지역>동남권>서초구,78.3927405583776,87.8537636199465,3.5,5.15,2277.99,-7.59
202309,2023-09-01,성남시,경기>경부1권>성남시,82.6409309930728,90.8528153191441,3.5,5.15,2277.99,-7.59
202309,2023-09-01,성동구,서울>강북지역>동북권>성동구,74.8363948574099,84.413881991962,3.5,5.15,2277.99,-7.59
202309,2023-09-01,세종,세종,104.943042985982,95.3321936636336,3.5,5.15,2277.99,-7.59
202309,2023-09-01,송파구,서울>강남지역>동남권>송파구,73.6139349702437,86.4260965223848,3.5,5.15,2277.99,-7.59
202309,2023-09-01,수도권,수도권,94.0069121693601,91.0873158618955,3.5,5.15,2277.99,-7.59
202309,2023-09-01,수원시,경기>경부2권>수원시,92.9158404415355,87.1798493529781,3.5,5.15,2277.99,-7.59
202309,2023-09-01,용산구,서울>강북지역>도심권>용산구,80.5542527640634,87.297126561543,3.5,5.15,2277.99,-7.59
202309,2023-09-01,전국,전국,98.3943051415516,95.3734874403222,3.5,5.15,2277.99,-7.59
202309,2023-09-01,종로구,서울>강북지역>도심권>종로구,90.8447274735444,93.2459615735691,3.5,5.15,2277.99,-7.59
202310,2023-10-01,강남구,서울>강남지역>동남권>강남구,80.8892717021639,91.8376150546322,3.5,5.15,2535.29,11.3
202310,2023-10-01,강남지역,서울>강남지역,83.8118376293068,89.4984720162807,3.5,5.15,2535.29,11.3
202310,2023-10-01,강북지역,서울>강북지역,90.2134833833674,90.4162201406965,3.5,5.15,2535.29,11.3
202310,2023-10-01,노원구,서울>강북지역>동북권>노원구,96.0725301013968,88.3303393514086,3.5,5.15,2535.29,11.3
202310,2023-10-01,대구,대구,109.880161376122,105.418006457673,3.5,5.15,2535.29,11.3
202310,2023-10-01,마포구,서울>강북지역>서북권>마포구,80.6414138325239,91.5196979389871,3.5,5.15,2535.29,11.3
202310,2023-10-01,부산,부산,104.291988515847,97.3202648815806,3.5,5.15,2535.29,11.3
202310,2023-10-01,서울,서울,86.7285371889851,89.9235153157316,3.5,5.15,2535.29,11.3
202310,2023-10-01,서초구,서울>강남지역>동남권>서초구,78.5599614778156,88.3206083931374,3.5,5.15,2535.29,11.3
202310,2023-10-01,성남시,경기>경부1권>성남시,83.2748055174604,91.9272144374878,3.5,5.15,2535.29,11.3
202310,2023-10-01,성동구,서울>강북지역>동북권>성동구,75.2691687858692,85.5814853789577,3.5,5.15,2535.29,11.3
202310,2023-10-01,세종,세종,105.045812654965,96.365957409805,3.5,5.15,2535.29,11.3
202310,2023-10-01,송파구,서울>강남지역>동남권>송파구,73.9996200450959,87.1432578765683,3.5,5.15,2535.29,11.3
202310,2023-10-01,수도권,수도권,94.4210886167067,91.9813162652278,3.5,5.15,2535.29,11.3
202310,2023-10-01,수원시,경기>경부2권>수원시,93.56851414045,87.8659712106235,3.5,5.15,2535.29,11.3
202310,2023-10-01,용산구,서울>강북지역>도심권>용산구,81.0042812891351,87.9545176272822,3.5,5.15,2535.29,11.3
202310,2023-10-01,전국,전국,98.661216794484,95.8947493930667,3.5,5.15,2535.29,11.3
202310,2023-10-01,종로구,서울>강북지역>도심권>종로구,91.1895689049863,93.5937540199159,3.5,5.15,2535.29,11.3
202311,2023-11-01,강남구,서울>강남지역>동남권>강남구,80.8527208266845,92.250523166291,3.5,5.15,2655.28,4.73
202311,2023-11-01,강남지역,서울>강남지역,83.934748633723,90.1924729627585,3.5,5.15,2655.28,4.73
202311,2023-11-01,강북지역,서울>강북지역,90.3192017413907,91.1209673225284,3.5,5.15,2655.28,4.73
202311,2023-11-01,노원구,서울>강북지역>동북권>노원구,95.9815839898279,89.1582246382678,3.5,5.15,2655.28,4.73
202311,2023-11-01,대구,대구,109.841470025429,105.250179002093,3.5,5.15,2655.28,4.73
202311,2023-11-01,마포구,서울>강북지역>서북권>마포구,80.7543596584197,92.2390753281154,3.5,5.15,2655.28,4.73
202311,2023-11-01,부산,부산,104.03767705755,97.2237858558298,3.5,5.15,2655.28,4.73
202311,2023-11-01,서울,서울,86.8438123150611,90.6224949914719,3.5,5.15,2655.28,4.73
202311,2023-11-01,서초구,서울>강남지역>동남권>서초구,78.5671510737744,88.7777788696249,3.5,5.15,2655.28,4.73
202311,2023-11-01,성남시,경기>경부1권>성남시,83.4923714946701,92.6897567766584,3.5,5.15,2655.28,4.73
202311,2023-11-01,성동구,서울>강북지역>동북권>성동구,75.5298715392928,87.1800911694491,3.5,5.15,2655.28,4.73
202311,2023-11-01,세종,세종,105.075525437818,97.2773942181718,3.5,5.15,2655.28,4.73
202311,2023-11-01,송파구,서울>강남지역>동남권>송파구,74.1725577185942,88.1445910724605,3.5,5.15,2655.28,4.73
202311,2023-11-01,수도권,수도권,94.4953248585533,92.651006025172,3.5,5.15,2655.28,4.73
202311,2023-11-01,수원시,경기>경부2권>수원시,93.9054512218518,88.6430798578873,3.5,5.15,2655.28,4.73
202311,2023-11-01,용산구,서울>강북지역>도심권>용산구,81.2844589105303,88.7960795647527,3.5,5.15,2655.28,4.73
202311,2023-11-01,전국,전국,98.7038987956797,96.3041781546909,3.5,5.15,2655.28,4.73
202311,2023-11-01,종로구,서울>강북지역>도심권>종로구,91.2938994259182,93.8596201114822,3.5,5.15,2655.28,4.73
202312,2023-12-01,강남구,서울>강남지역>동남권>강남구,80.7238406587959,92.4950983140154,3.5,5.15,2497.09,-5.96
202312,2023-12-01,강남지역,서울>강남지역,83.8216848876193,90.6514457924958,3.5,5.15,2497.09,-5.96
202312,2023-12-01,강북지역,서울>강북지역,90.2152670295022,91.5190804408059,3.5,5.15,2497.09,-5.96
202312,2023-12-01,노원구,서울>강북지역>동북권>노원구,95.7377509750442,89.6054313392556,3.5,5.15,2497.09,-5.96
202312,2023-12-01,대구,대구,109.509325466262,105.031800563823,3.5,5.15,2497.09,-5.96
202312,2023-12-01,마포구,서울>강북지역>서북권>마포구,80.610095064032,92.6939788517376,3.5,5.15,2497.09,-5.96
202312,2023-12-01,부산,부산,103.696228849192,97.0076924696039,3.5,5.15,2497.09,-5.96
202312,2023-12-01,서울,서울,86.7347761996216,91.0532443607509,3.5,5.15,2497.09,-5.96
202312,2023-12-01,서초구,서울>강남지역>동남권>서초구,78.4397613211644,89.2582203847099,3.5,5.15,2497.09,-5.96
202312,2023-12-01,성남시,경기>경부1권>성남시,83.3204169527027,92.7450831162159,3.5,5.15,2497.09,-5.96
202312,2023-12-01,성동구,서울>강북지역>동북권>성동구,75.6549747804669,87.8422206510444,3.5,5.15,2497.09,-5.96
202312,2023-12-01,세종,세종,104.741772800658,97.5721057915607,3.5,5.15,2497.09,-5.96
202312,2023-12-01,송파구,서울>강남지역>동남권>송파구,74.0794867811683,88.7596953045757,3.5,5.15,2497.09,-5.96
202312,2023-12-01,수도권,수도권,94.3235713804758,93.0151909393678,3.5,5.15,2497.09,-5.96
202312,2023-12-01,수원시,경기>경부2권>수원시,93.8430952609829,89.408185693329,3.5,5.15,2497.09,-5.96
202312,2023-12-01,용산구,서울>강북지역>도심권>용산구,81.2724712510709,89.2540829827985,3.5,5.15,2497.09,-5.96
202312,2023-12-01,전국,전국,98.5578888087322,96.5065305284778,3.5,5.15,2497.09,-5.96
202312,2023-12-01,종로구,서울>강북지역>도심권>종로구,91.2146897487866,93.951929724716,3.5,5.15,2497.09,-5.96
202401,2024-01-01,강남구,서울>강남지역>동남권>강남구,80.655611983887,92.7025728398056,3.5,4.95,2642.36,5.82
202401,2024-01-01,강남지역,서울>강남지역,83.6656303478306,90.8954375242981,3.5,4.95,2642.36,5.82
202401,2024-01-01,강북지역,서울>강북지역,90.073260901045,91.8283619918523,3.5,4.95,2642.36,5.82
202401,2024-01-01,노원구,서울>강북지역>동북권>노원구,95.5096621593147,90.0821352957754,3.5,4.95,2642.36,5.82
202401,2024-01-01,대구,대구,109.06958766378,104.715485725991,3.5,4.95,2642.36,5.82
202401,2024-01-01,마포구,서울>강북지역>서북권>마포구,80.519799258296,92.8417551559604,3.5,4.95,2642.36,5.82
202401,2024-01-01,부산,부산,103.399775026707,96.839829458439,3.5,4.95,2642.36,5.82
202401,2024-01-01,서울,서울,86.5848982635462,91.3274345180372,3.5,4.95,2642.36,5.82
202401,2024-01-01,서초구,서울>강남지역>동남권>서초구,78.2511919249432,89.3478991687858,3.5,4.95,2642.36,5.82
202401,2024-01-01,성남시,경기>경부1권>성남시,82.8448024900713,92.2809712871556,3.5,4.95,2642.36,5.82
202401,2024-01-01,성동구,서울>강북지역>동북권>성동구,75.5573847475884,88.1948969989717,3.5,4.95,2642.36,5.82
202401,2024-01-01,세종,세종,104.336413936553,97.4820442893381,3.5,4.95,2642.36,5.82
202401,2024-01-01,송파구,서울>강남지역>동남권>송파구,73.7983437047289,89.003121890868,3.5,4.95,2642.36,5.82
202401,2024-01-01,수도권,수도권,94.0943503328254,93.2190923568912,3.5,4.95,2642.36,5.82
202401,2024-01-01,수원시,경기>경부2권>수원시,93.6178969798205,90.099996904805,3.5,4.95,2642.36,5.82
202401,2024-01-01,용산구,서울>강북지역>도심권>용산구,81.2232828477696,89.4746357322195,3.5,4.95,2642.36,5.82
202401,2024-01-01,전국,전국,98.3599195508383,96.5936661245734,3.5,4.95,2642.36,5.82
202401,2024-01-01,종로구,서울>강북지역>도심권>종로구,91.1241545846707,94.0569014375096,3.5,4.95,2642.36,5.82
202402,2024-02-01,강남구,서울>강남지역>동남권>강남구,80.5565743647455,92.7017664340095,3.5,4.95,2746.63,3.95
202402,2024-02-01,강남지역,서울>강남지역,83.5711017977837,90.9901476531325,3.5,4.95,2746.63,3.95
202402,2024-02-01,강북지역,서울>강북지역,89.9194550639838,92.1612871602502,3.5,4.95,2746.63,3.95
202402,2024-02-01,노원구,서울>강북지역>동북권>노원구,95.33454904,90.4865766626257,3.5,4.95,2746.63,3.95
202402,2024-02-01,대구,대구,108.479616382175,104.221081935576,3.5,4.95,2746.63,3.95
202402,2024-02-01,마포구,서울>강북지역>서북권>마포구,80.4018861465645,92.9690061158342,3.5,4.95,2746.63,3.95
202402,2024-02-01,부산,부산,103.030906748049,96.6600597215946,3.5,4.95,2746.63,3.95
202402,2024-02-01,서울,서울,86.4638094399406,91.5322257218777,3.5,4.95,2746.63,3.95
202402,2024-02-01,서초구,서울>강남지역>동남권>서초구,78.1132055738161,89.4618036348698,3.5,4.95,2746.63,3.95
202402,2024-02-01,성남시,경기>경부1권>성남시,82.4714814847113,92.1782402460704,3.5,4.95,2746.63,3.95
202402,2024-02-01,성동구,서울>강북지역>동북권>성동구,75.3742369673583,89.0230216464388,3.5,4.95,2746.63,3.95
202402,2024-02-01,세종,세종,103.216426379725,96.31016518564,3.5,4.95,2746.63,3.95
202402,2024-02-01,송파구,서울>강남지역>동남권>송파구,73.8121899094799,88.9678850555454,3.5,4.95,2746.63,3.95
202402,2024-02-01,수도권,수도권,93.8969299361166,93.4221455668986,3.5,4.95,2746.63,3.95
202402,2024-02-01,수원시,경기>경부2권>수원시,93.4548545381415,90.7100618334277,3.5,4.95,2746.63,3.95
202402,2024-02-01,용산구,서울>강북지역>도심권>용산구,81.1380702601923,89.7720016640344,3.5,4.95,2746.63,3.95
202402,2024-02-01,전국,전국,98.1512624440442,96.6407238517562,3.5,4.95,2746.63,3.95
202402,2024-02-01,종로구,서울>강북지역>도심권>종로구,91.0669353185122,94.069980572397,3.5,4.95,2746.63,3.95
202403,2024-03-01,강남구,서울>강남지역>동남권>강남구,80.5341539038908,92.8642806807397,3.5,4.95,2692.06,-1.99
202403,2024-03-01,강남지역,서울>강남지역,83.5716486896782,91.1934592560821,3.5,4.95,2692.06,-1.99
202403,2024-03-01,강북지역,서울>강북지역,89.8848501203553,92.5555789714595,3.5,4.95,2692.06,-1.99
202403,2024-03-01,노원구,서울>강북지역>동북권>노원구,95.2119924233889,91.0972739341857,3.5,4.95,2692.06,-1.99
202403,2024-03-01,대구,대구,107.933042254592,103.647220970017,3.5,4.95,2692.06,-1.99
202403,2024-03-01,마포구,서울>강북지역>서북권>마포구,80.5078946119477,93.1777003143476,3.5,4.95,2692.06,-1.99
202403,2024-03-01,부산,부산,102.709586854594,96.6261214921118,3.5,4.95,2692.06,-1.99
202403,2024-03-01,서울,서울,86.4486389801871,91.8236846668871,3.5,4.95,2692.06,-1.99
202403,2024-03-01,서초구,서울>강남지역>동남권>서초구,78.1185776234183,89.7590493127811,3.5,4.95,2692.06,-1.99
202403,2024-03-01,성남시,경기>경부1권>성남시,82.1365725373841,92.4836080159373,3.5,4.95,2692.06,-1.99
202403,2024-03-01,성동구,서울>강북지역>동북권>성동구,75.3702672573631,89.7098895860701,3.5,4.95,2692.06,-1.99
202403,2024-03-01,세종,세종,101.985534559161,95.2435723322353,3.5,4.95,2692.06,-1.99
202403,2024-03-01,송파구,서울>강남지역>동남권>송파구,73.9631258859409,89.0568258150163,3.5,4.95,2692.06,-1.99
202403,2024-03-01,수도권,수도권,93.7535402717654,93.7047474620617,3.5,4.95,2692.06,-1.99
202403,2024-03-01,수원시,경기>경부2권>수원시,93.3960984418262,91.1119717027402,3.5,4.95,2692.06,-1.99
202403,2024-03-01,용산구,서울>강북지역>도심권>용산구,81.1815845455254,90.1954090057787,3.5,4.95,2692.06,-1.99
202403,2024-03-01,전국,전국,97.9767121041568,96.7248074965398,3.5,4.95,2692.06,-1.99
202403,2024-03-01,종로구,서울>강북지역>도심권>종로구,91.08255039034,94.2882915589268,3.5,4.95,2692.06,-1.99
202404,2024-04-01,강남구,서울>강남지역>동남권>강남구,80.6555129730134,92.9699941400482,3.5,4.95,2636.52,-2.06
202404,2024-04-01,강남지역,서울>강남지역,83.7064006270528,91.3847612974814,3.5,4.95,2636.52,-2.06
202404,2024-04-01,강북지역,서울>강북지역,89.9621528877592,92.9369845522369,3.5,4.95,2636.52,-2.06
202404,2024-04-01,노원구,서울>강북지역>동북권>노원구,95.1708344828676,91.4706704461186,3.5,4.95,2636.52,-2.06
202404,2024-04-01,대구,대구,107.671378752473,103.349370412554,3.5,4.95,2636.52,-2.06
202404,2024-04-01,마포구,서울>강북지역>서북권>마포구,80.8062251170076,93.4778701718431,3.5,4.95,2636.52,-2.06
202404,2024-04-01,부산,부산,102.467369077122,96.7017926712349,3.5,4.95,2636.52,-2.06
202404,2024-04-01,서울,서울,86.5577812543636,92.1026355577666,3.5,4.95,2636.52,-2.06
202404,2024-04-01,서초구,서울>강남지역>동남권>서초구,78.3371459559219,89.9002715306576,3.5,4.95,2636.52,-2.06
202404,2024-04-01,성남시,경기>경부1권>성남시,81.969534303743,93.0765470310313,3.5,4.95,2636.52,-2.06
202404,2024-04-01,성동구,서울>강북지역>동북권>성동구,75.5931526207163,90.1755581046602,3.5,4.95,2636.52,-2.06
202404,2024-04-01,세종,세종,101.008079641955,94.2988548962811,3.5,4.95,2636.52,-2.06
202404,2024-04-01,송파구,서울>강남지역>동남권>송파구,74.1986923965502,89.0619335532908,3.5,4.95,2636.52,-2.06
202404,2024-04-01,수도권,수도권,93.7496476965492,94.0178781706193,3.5,4.95,2636.52,-2.06
202404,2024-04-01,수원시,경기>경부2권>수원시,93.4997808842777,91.629451298584,3.5,4.95,2636.52,-2.06
202404,2024-04-01,용산구,서울>강북지역>도심권>용산구,81.419039710976,90.7023788796164,3.5,4.95,2636.52,-2.06
202404,2024-04-01,전국,전국,97.9021922902369,96.8376980503206,3.5,4.95,2636.52,-2.06
202404,2024-04-01,종로구,서울>강북지역>도심권>종로구,91.1005540954919,94.4137607499782,3.5,4.95,2636.52,-2.06
202405,2024-05-01,강남구,서울>강남지역>동남권>강남구,80.8891670862245,93.1908187888945,3.5,4.95,2797.82,6.12
202405,2024-05-01,강남지역,서울>강남지역,83.9005069511085,91.7098555047371,3.5,4.95,2797.82,6.12
202405,2024-05-01,강북지역,서울>강북지역,90.1072113368316,93.4055054000383,3.5,4.95,2797.82,6.12
202405,2024-05-01,노원구,서울>강북지역>동북권>노원구,95.1470141346107,92.0238725287139,3.5,4.95,2797.82,6.12
202405,2024-05-01,대구,대구,107.332454014521,103.064952108374,3.5,4.95,2797.82,6.12
202405,2024-05-01,마포구,서울>강북지역>서북권>마포구,81.0955083768356,93.824504812113,3.5,4.95,2797.82,6.12
202405,2024-05-01,부산,부산,102.289322983903,96.7899540044267,3.5,4.95,2797.82,6.12
202405,2024-05-01,서울,서울,86.7300623445947,92.493802877513,3.5,4.95,2797.82,6.12
202405,2024-05-01,서초구,서울>강남지역>동남권>서초구,78.5862750728366,90.269183104814,3.5,4.95,2797.82,6.12
202405,2024-05-01,성남시,경기>경부1권>성남시,81.9985400951603,93.5634716189931,3.5,4.95,2797.82,6.12
202405,2024-05-01,성동구,서울>강북지역>동북권>성동구,76.0861500850779,90.5885835657289,3.5,4.95,2797.82,6.12
202405,2024-05-01,세종,세종,100.039395201944,93.6625316152256,3.5,4.95,2797.82,6.12
202405,2024-05-01,송파구,서울>강남지역>동남권>송파구,74.5075544126133,89.4527714726915,3.5,4.95,2797.82,6.12
202405,2024-05-01,수도권,수도권,93.7951447868702,94.4228351028694,3.5,4.95,2797.82,6.12
202405,2024-05-01,수원시,경기>경부2권>수원시,93.6707176933662,92.2342361674943,3.5,4.95,2797.82,6.12
202405,2024-05-01,용산구,서울>강북지역>도심권>용산구,81.7546832701679,90.9991625545771,3.5,4.95,2797.82,6.12
202405,2024-05-01,전국,전국,97.8770590937844,97.0264601807521,3.5,4.95,2797.82,6.12
202405,2024-05-01,종로구,서울>강북지역>도심권>종로구,91.2782255002361,94.7053984785715,3.5,4.95,2797.82,6.12
202406,2024-06-01,강남구,서울>강남지역>동남권>강남구,81.3688947233916,93.6473961162336,3.5,4.95,2770.69,-0.97
202406,2024-06-01,강남지역,서울>강남지역,84.3891039158448,92.1906868917592,3.5,4.95,2770.69,-0.97
202406,2024-06-01,강북지역,서울>강북지역,90.5819708148475,94.0924418901632,3.5,4.95,2770.69,-0.97
202406,2024-06-01,노원구,서울>강북지역>동북권>노원구,95.3092591307098,92.7230162404377,3.5,4.95,2770.69,-0.97
202406,2024-06-01,대구,대구,106.704928636667,102.637130087667,3.5,4.95,2770.69,-0.97
202406,2024-06-01,마포구,서울>강북지역>서북권>마포구,81.7646903595113,94.5278797157387,3.5,4.95,2770.69,-0.97
202406,2024-06-01,부산,부산,102.011194260288,96.7877736349719,3.5,4.95,2770.69,-0.97
202406,2024-06-01,서울,서울,87.212765227572,93.069495376282,3.5,4.95,2770.69,-0.97
202406,2024-06-01,서초구,서울>강남지역>동남권>서초구,79.4174326028856,90.7303665227589,3.5,4.95,2770.69,-0.97
202406,2024-06-01,성남시,경기>경부1권>성남시,82.6932701622055,93.8531202398371,3.5,4.95,2770.69,-0.97
202406,2024-06-01,성동구,서울>강북지역>동북권>성동구,77.0302500838805,91.5460017810465,3.5,4.95,2770.69,-0.97
202406,2024-06-01,세종,세종,99.6653022918232,92.9778184773806,3.5,4.95,2770.69,-0.97
202406,2024-06-01,송파구,서울>강남지역>동남권>송파구,75.1706075685222,89.9221843454462,3.5,4.95,2770.69,-0.97
202406,2024-06-01,수도권,수도권,94.0356584922398,94.8429807425801,3.5,4.95,2770.69,-0.97
202406,2024-06-01,수원시,경기>경부2권>수원시,93.8932762759196,92.6631976830894,3.5,4.95,2770.69,-0.97
202406,2024-06-01,용산구,서울>강북지역>도심권>용산구,82.5073836894884,91.7421729671491,3.5,4.95,2770.69,-0.97
202406,2024-06-01,전국,전국,97.9149062951534,97.1902080113072,3.5,4.95,2770.69,-0.97
202406,2024-06-01,종로구,서울>강북지역>도심권>종로구,91.7678246232609,95.2642599525027,3.5,4.95,2770.69,-0.97
202407,2024-07-01,강남구,서울>강남지역>동남권>강남구,82.5375979029492,94.2575291742079,3.5,4.95,2674.31,-3.48
202407,2024-07-01,강남지역,서울>강남지역,85.5458691352514,92.9424807204723,3.5,4.95,2674.31,-3.48
202407,2024-07-01,강북지역,서울>강북지역,91.4776198364545,94.9554145196364,3.5,4.95,2674.31,-3.48
202407,2024-07-01,노원구,서울>강북지역>동북권>노원구,95.6865906129769,93.8573966902278,3.5,4.95,2674.31,-3.48
202407,2024-07-01,대구,대구,106.171446950319,102.291073728148,3.5,4.95,2674.31,-3.48
202407,2024-07-01,마포구,서울>강북지역>서북권>마포구,83.1126056348134,95.3833342052108,3.5,4.95,2674.31,-3.48
202407,2024-07-01,부산,부산,101.785898806337,96.7936206916269,3.5,4.95,2674.31,-3.48
202407,2024-07-01,서울,서울,88.2531850056102,93.8724430733663,3.5,4.95,2674.31,-3.48
202407,2024-07-01,서초구,서울>강남지역>동남권>서초구,81.1154818314091,91.5588694356204,3.5,4.95,2674.31,-3.48
202407,2024-07-01,성남시,경기>경부1권>성남시,83.665723609596,94.1856009247624,3.5,4.95,2674.31,-3.48
202407,2024-07-01,성동구,서울>강북지역>동북권>성동구,78.9383073469007,92.9685674804965,3.5,4.95,2674.31,-3.48
202407,2024-07-01,세종,세종,99.139891120106,92.835700381,3.5,4.95,2674.31,-3.48
202407,2024-07-01,송파구,서울>강남지역>동남권>송파구,76.9743191609107,90.433745368698,3.5,4.95,2674.31,-3.48
202407,2024-07-01,수도권,수도권,94.5836883075341,95.4020087474893,3.5,4.95,2674.31,-3.48
202407,2024-07-01,수원시,경기>경부2권>수원시,94.4137170815912,93.2392550653958,3.5,4.95,2674.31,-3.48
202407,2024-07-01,용산구,서울>강북지역>도심권>용산구,83.7776880071409,92.7955421617858,3.5,4.95,2674.31,-3.48
202407,2024-07-01,전국,전국,98.1181029602333,97.4261770208632,3.5,4.95,2674.31,-3.48
202407,2024-07-01,종로구,서울>강북지역>도심권>종로구,92.7388633886372,96.0289378710511,3.5,4.95,2674.31,-3.48
202408,2024-08-01,강남구,서울>강남지역>동남권>강남구,83.923813345728,95.1856249348674,3.5,4.95,2593.27,-3.03
202408,2024-08-01,강남지역,서울>강남지역,86.7940815105171,93.6902751092884,3.5,4.95,2593.27,-3.03
202408,2024-08-01,강북지역,서울>강북지역,92.4477736048535,95.7313605537951,3.5,4.95,2593.27,-3.03
202408,2024-08-01,노원구,서울>강북지역>동북권>노원구,96.3110007968707,94.84690996962,3.5,4.95,2593.27,-3.03
202408,2024-08-01,대구,대구,105.720841020683,101.958958855654,3.5,4.95,2593.27,-3.03
202408,2024-08-01,마포구,서울>강북지역>서북권>마포구,84.4977375505967,96.2172257709639,3.5,4.95,2593.27,-3.03
202408,2024-08-01,부산,부산,101.667787641766,96.8946616906938,3.5,4.95,2593.27,-3.03
202408,2024-08-01,서울,서울,89.377174937103,94.633215214027,3.5,4.95,2593.27,-3.03
202408,2024-08-01,서초구,서울>강남지역>동남권>서초구,83.1764009217974,92.503227876996,3.5,4.95,2593.27,-3.03
202408,2024-08-01,성남시,경기>경부1권>성남시,84.7861261997071,94.761460166513,3.5,4.95,2593.27,-3.03
202408,2024-08-01,성동구,서울>강북지역>동북권>성동구,80.9829984917905,94.3904054258903,3.5,4.95,2593.27,-3.03
202408,2024-08-01,세종,세종,98.9292155722044,92.5471466760949,3.5,4.95,2593.27,-3.03
202408,2024-08-01,송파구,서울>강남지역>동남권>송파구,78.883921803467,91.0042820787332,3.5,4.95,2593.27,-3.03
202408,2024-08-01,수도권,수도권,95.295261197409,96.0425256612376,3.5,4.95,2593.27,-3.03
202408,2024-08-01,수원시,경기>경부2권>수원시,95.1152668284584,93.8508236346681,3.5,4.95,2593.27,-3.03
202408,2024-08-01,용산구,서울>강북지역>도심권>용산구,85.0496335924106,93.6846903423897,3.5,4.95,2593.27,-3.03
202408,2024-08-01,전국,전국,98.4384323606263,97.7313787483574,3.5,4.95,2593.27,-3.03
202408,2024-08-01,종로구,서울>강북지역>도심권>종로구,93.5077634501183,96.8095521957157,3.5,4.95,2593.27,-3.03
202409,2024-09-01,강남구,서울>강남지역>동남권>강남구,85.0134421138731,95.8037473789152,3.5,4.95,2556.15,-1.43
202409,2024-09-01,강남지역,서울>강남지역,87.5406466185701,94.2028697230063,3.5,4.95,2556.15,-1.43
202409,2024-09-01,강북지역,서울>강북지역,93.1133194263356,96.3207511592336,3.5,4.95,2556.15,-1.43
202409,2024-09-01,노원구,서울>강북지역>동북권>노원구,96.8780221089946,95.5742930139138,3.5,4.95,2556.15,-1.43
202409,2024-09-01,대구,대구,105.411923693294,101.690934403662,3.5,4.95,2556.15,-1.43
202409,2024-09-01,마포구,서울>강북지역>서북권>마포구,85.3811729896738,96.7568244935206,3.5,4.95,2556.15,-1.43
202409,2024-09-01,부산,부산,101.581105967189,96.994052757127,3.5,4.95,2556.15,-1.43
202409,2024-09-01,서울,서울,90.0876573012511,95.181128028842,3.5,4.95,2556.15,-1.43
202409,2024-09-01,서초구,서울>강남지역>동남권>서초구,84.4936504229815,93.3082659604742,3.5,4.95,2556.15,-1.43
202409,2024-09-01,성남시,경기>경부1권>성남시,85.7135971090745,95.110119532628,3.5,4.95,2556.15,-1.43
202409,2024-09-01,성동구,서울>강북지역>동북권>성동구,81.928468836507,95.4200998397287,3.5,4.95,2556.15,-1.43
202409,2024-09-01,세종,세종,98.7493857696718,92.6165744432631,3.5,4.95,2556.15,-1.43
202409,2024-09-01,송파구,서울>강남지역>동남권>송파구,79.86340833256,91.3696182942943,3.5,4.95,2556.15,-1.43
202409,2024-09-01,수도권,수도권,95.8042177203264,96.5806458158194,3.5,4.95,2556.15,-1.43
202409,2024-09-01,수원시,경기>경부2권>수원시,95.710968901798,94.4241516741397,3.5,4.95,2556.15,-1.43
202409,2024-09-01,용산구,서울>강북지역>도심권>용산구,85.9319486530917,94.2951859111978,3.5,4.95,2556.15,-1.43
202409,2024-09-01,전국,전국,98.6640232635691,97.9890159432823,3.5,4.95,2556.15,-1.43
202409,2024-09-01,종로구,서울>강북지역>도심권>종로구,93.9856384351615,97.3298581002763,3.5,4.95,2556.15,-1.43
202410,2024-10-01,강남구,서울>강남지역>동남권>강남구,85.8388362859071,96.391527956453,3.5,4.95,2455.91,-3.92
202410,2024-10-01,강남지역,서울>강남지역,87.9303741567876,94.5776947100604,3.5,4.95,2455.91,-3.92
202410,2024-10-01,강북지역,서울>강북지역,93.5001208182216,96.7759776637756,3.5,4.95,2455.91,-3.92
202410,2024-10-01,노원구,서울>강북지역>동북권>노원구,97.1201092157162,96.0056619259312,3.5,4.95,2455.91,-3.92
202410,2024-10-01,대구,대구,105.037647411773,101.496707321919,3.5,4.95,2455.91,-3.92
202410,2024-10-01,마포구,서울>강북지역>서북권>마포구,85.9839879735791,97.1515957249569,3.5,4.95,2455.91,-3.92
202410,2024-10-01,부산,부산,101.376461895882,97.1404984165876,3.5,4.95,2455.91,-3.92
202410,2024-10-01,서울,서울,90.4762462203405,95.5929081786787,3.5,4.95,2455.91,-3.92
202410,2024-10-01,서초구,서울>강남지역>동남권>서초구,85.1396512618767,93.8073385309732,3.5,4.95,2455.91,-3.92
202410,2024-10-01,성남시,경기>경부1권>성남시,86.1491990524789,95.1994782124924,3.5,4.95,2455.91,-3.92
202410,2024-10-01,성동구,서울>강북지역>동북권>성동구,82.4675088776061,96.2729417870579,3.5,4.95,2455.91,-3.92
202410,2024-10-01,세종,세종,98.5288856194827,92.5438184090856,3.5,4.95,2455.91,-3.92
202410,2024-10-01,송파구,서울>강남지역>동남권>송파구,80.1428610793902,91.5777303669869,3.5,4.95,2455.91,-3.92
202410,2024-10-01,수도권,수도권,96.0633248178958,97.026115945021,3.5,4.95,2455.91,-3.92
202410,2024-10-01,수원시,경기>경부2권>수원시,96.0131388168819,94.836802719563,3.5,4.95,2455.91,-3.92
202410,2024-10-01,용산구,서울>강북지역>도심권>용산구,86.5510004726222,94.7015831649977,3.5,4.95,2455.91,-3.92
202410,2024-10-01,전국,전국,98.7451440381646,98.22106811487,3.5,4.95,2455.91,-3.92
202410,2024-10-01,종로구,서울>강북지역>도심권>종로구,94.3313026682559,97.7132250686415,3.5,4.95,2455.91,-3.92
202411,2024-11-01,강남구,서울>강남지역>동남권>강남구,86.4337095558438,96.8911578967287,3.25,4.7,2399.49,-2.3
202411,2024-11-01,강남지역,서울>강남지역,88.1765132347872,94.7297092605414,3.25,4.7,2399.49,-2.3
202411,2024-11-01,강북지역,서울>강북지역,93.7129553275803,97.0249442562479,3.25,4.7,2399.49,-2.3
202411,2024-11-01,노원구,서울>강북지역>동북권>노원구,97.2501221377387,96.3796793403318,3.25,4.7,2399.49,-2.3
202411,2024-11-01,대구,대구,104.642040923397,101.310449876445,3.25,4.7,2399.49,-2.3
202411,2024-11-01,마포구,서울>강북지역>서북권>마포구,86.3050643696353,97.373192131759,3.25,4.7,2399.49,-2.3
202411,2024-11-01,부산,부산,101.167316174549,97.2190573185836,3.25,4.7,2399.49,-2.3
202411,2024-11-01,서울,서울,90.7075095105698,95.7894483446259,3.25,4.7,2399.49,-2.3
202411,2024-11-01,서초구,서울>강남지역>동남권>서초구,85.5317233628668,94.1268015786181,3.25,4.7,2399.49,-2.3
202411,2024-11-01,성남시,경기>경부1권>성남시,86.2171098786849,95.0278790338985,3.25,4.7,2399.49,-2.3
202411,2024-11-01,성동구,서울>강북지역>동북권>성동구,82.8275419518998,96.6136962897678,3.25,4.7,2399.49,-2.3
202411,2024-11-01,세종,세종,98.2126492458286,92.7452998481055,3.25,4.7,2399.49,-2.3
202411,2024-11-01,송파구,서울>강남지역>동남권>송파구,80.3046694225562,91.342772058042,3.25,4.7,2399.49,-2.3
202411,2024-11-01,수도권,수도권,96.1842113131405,97.2735403375909,3.25,4.7,2399.49,-2.3
202411,2024-11-01,수원시,경기>경부2권>수원시,96.1957372312543,95.1635687221098,3.25,4.7,2399.49,-2.3
202411,2024-11-01,용산구,서울>강북지역>도심권>용산구,86.9298837344105,95.003184137312,3.25,4.7,2399.49,-2.3
202411,2024-11-01,전국,전국,98.74275647916,98.3553864298067,3.25,4.7,2399.49,-2.3
202411,2024-11-01,종로구,서울>강북지역>도심권>종로구,94.6780843713976,97.9136911316031,3.25,4.7,2399.49,-2.3
202412,2024-12-01,강남구,서울>강남지역>동남권>강남구,86.6863809936513,97.055760779091,3.0,4.45,2517.37,4.91
202412,2024-12-01,강남지역,서울>강남지역,88.2835143491042,94.7552605178819,3.0,4.45,2517.37,4.91
202412,2024-12-01,강북지역,서울>강북지역,93.762597163462,97.0481680148073,3.0,4.45,2517.37,4.91
202412,2024-12-01,노원구,서울>강북지역>동북권>노원구,97.2551171986757,96.5619567623592,3.0,4.45,2517.37,4.91
202412,2024-12-01,대구,대구,104.113538274172,100.96967643012,3.0,4.45,2517.37,4.91
202412,2024-12-01,마포구,서울>강북지역>서북권>마포구,86.4289379558546,97.3897620063289,3.0,4.45,2517.37,4.91
202412,2024-12-01,부산,부산,100.924588483046,97.320064182169,3.0,4.45,2517.37,4.91
202412,2024-12-01,서울,서울,90.7887386712794,95.8139328345824,3.0,4.45,2517.37,4.91
202412,2024-12-01,서초구,서울>강남지역>동남권>서초구,85.7687645654669,94.409050749595,3.0,4.45,2517.37,4.91
202412,2024-12-01,성남시,경기>경부1권>성남시,86.2806993953231,95.0723984814446,3.0,4.45,2517.37,4.91
202412,2024-12-01,성동구,서울>강북지역>동북권>성동구,82.9187301946579,96.3652892978659,3.0,4.45,2517.37,4.91
202412,2024-12-01,세종,세종,97.9713057051385,93.1112423249226,3.0,4.45,2517.37,4.91
202412,2024-12-01,송파구,서울>강남지역>동남권>송파구,80.4653675349751,91.2041985352475,3.0,4.45,2517.37,4.91
202412,2024-12-01,수도권,수도권,96.1683455049543,97.3180816750347,3.0,4.45,2517.37,4.91
202412,2024-12-01,수원시,경기>경부2권>수원시,96.3159201157044,95.3797734215912,3.0,4.45,2517.37,4.91
202412,2024-12-01,용산구,서울>강북지역>도심권>용산구,87.1053681208417,95.1092849153418,3.0,4.45,2517.37,4.91
202412,2024-12-01,전국,전국,98.6305165148818,98.3779419254932,3.0,4.45,2517.37,4.91
202412,2024-12-01,종로구,서울>강북지역>도심권>종로구,94.8210640461992,97.8921055945469,3.0,4.45,2517.37,4.91
202501,2025-01-01,강남구,서울>강남지역>동남권>강남구,86.7252910049102,97.0994041400656,3.0,4.45,2532.78,0.61
202501,2025-01-01,강남지역,서울>강남지역,88.3306524028824,94.7793237917573,3.0,4.45,2532.78,0.61
202501,2025-01-01,강북지역,서울>강북지역,93.7348475374258,97.0206846274773,3.0,4.45,2532.78,0.61
202501,2025-01-01,노원구,서울>강북지역>동북권>노원구,97.1481280148455,96.6409898416259,3.0,4.45,2532.78,0.61
202501,2025-01-01,대구,대구,103.516375680739,100.675881248667,3.0,4.45,2532.78,0.61
202501,2025-01-01,마포구,서울>강북지역>서북권>마포구,86.468579060511,97.2748776728152,3.0,4.45,2532.78,0.61
202501,2025-01-01,부산,부산,100.69271877021,97.4311149483811,3.0,4.45,2532.78,0.61
202501,2025-01-01,서울,서울,90.8021741389329,95.8143319310642,3.0,4.45,2532.78,0.61
202501,2025-01-01,서초구,서울>강남지역>동남권>서초구,85.9247031562301,94.5125121295937,3.0,4.45,2532.78,0.61
202501,2025-01-01,성남시,경기>경부1권>성남시,86.1936950706637,94.9284916184814,3.0,4.45,2532.78,0.61
202501,2025-01-01,성동구,서울>강북지역>동북권>성동구,82.9959574810414,96.1679197790981,3.0,4.45,2532.78,0.61
202501,2025-01-01,세종,세종,97.6386242600923,93.0803057359011,3.0,4.45,2532.78,0.61
202501,2025-01-01,송파구,서울>강남지역>동남권>송파구,80.6712424845676,91.3435422647138,3.0,4.45,2532.78,0.61
202501,2025-01-01,수도권,수도권,96.0754602856701,97.2917712935356,3.0,4.45,2532.78,0.61
202501,2025-01-01,수원시,경기>경부2권>수원시,96.3985968203546,95.5570534921817,3.0,4.45,2532.78,0.61
202501,2025-01-01,용산구,서울>강북지역>도심권>용산구,87.2400393675737,95.1477457078822,3.0,4.45,2532.78,0.61
202501,2025-01-01,전국,전국,98.4783824442997,98.3537499522017,3.0,4.45,2532.78,0.61
202501,2025-01-01,종로구,서울>강북지역>도심권>종로구,94.7817073145371,97.9417900181692,3.0,4.45,2532.78,0.61
202502,2025-02-01,강남구,서울>강남지역>동남권>강남구,87.4479730897825,97.1621646820963,3.0,4.45,2481.12,-2.04
202502,2025-02-01,강남지역,서울>강남지역,88.7328232948286,94.9003792683066,3.0,4.45,2481.12,-2.04
202502,2025-02-01,강북지역,서울>강북지역,93.7351292668681,97.0140626655938,3.0,4.45,2481.12,-2.04
202502,2025-02-01,노원구,서울>강북지역>동북권>노원구,97.0578984810006,96.7303079487566,3.0,4.45,2481.12,-2.04
202502,2025-02-01,대구,대구,103.087967519832,100.494644128658,3.0,4.45,2481.12,-2.04
202502,2025-02-01,마포구,서울>강북지역>서북권>마포구,86.5888659633159,97.2922877087618,3.0,4.45,2481.12,-2.04
202502,2025-02-01,부산,부산,100.504263187628,97.5310745878046,3.0,4.45,2481.12,-2.04
202502,2025-02-01,서울,서울,91.0232662558237,95.8767466079012,3.0,4.45,2481.12,-2.04
202502,2025-02-01,서초구,서울>강남지역>동남권>서초구,86.7817826888525,94.6566915682464,3.0,4.45,2481.12,-2.04
202502,2025-02-01,성남시,경기>경부1권>성남시,86.0818466515518,94.9698523545544,3.0,4.45,2481.12,-2.04
202502,2025-02-01,성동구,서울>강북지역>동북권>성동구,83.0860884131866,95.9546420468508,3.0,4.45,2481.12,-2.04
202502,2025-02-01,세종,세종,97.321862269127,92.9661328758555,3.0,4.45,2481.12,-2.04
202502,2025-02-01,송파구,서울>강남지역>동남권>송파구,81.7604161545507,91.7362394920268,3.0,4.45,2481.12,-2.04
202502,2025-02-01,수도권,수도권,96.0503155000373,97.3044082321798,3.0,4.45,2481.12,-2.04
202502,2025-02-01,수원시,경기>경부2권>수원시,96.4234538317607,95.7375706009169,3.0,4.45,2481.12,-2.04
202502,2025-02-01,용산구,서울>강북지역>도심권>용산구,87.3916981793104,95.1988445149152,3.0,4.45,2481.12,-2.04
202502,2025-02-01,전국,전국,98.3883390744178,98.3496062611051,3.0,4.45,2481.12,-2.04
202502,2025-02-01,종로구,서울>강북지역>도심권>종로구,94.8321260485623,97.8813025373473,3.0,4.45,2481.12,-2.04
202503,2025-03-01,강남구,서울>강남지역>동남권>강남구,89.7407298602829,97.3096918953673,3.0,4.45,2556.61,3.04
202503,2025-03-01,강남지역,서울>강남지역,89.8362131961651,95.2057910825077,3.0,4.45,2556.61,3.04
202503,2025-03-01,강북지역,서울>강북지역,94.0026297712831,97.1403601189377,3.0,4.45,2556.61,3.04
202503,2025-03-01,노원구,서울>강북지역>동북권>노원구,97.0330313962709,96.9577074960335,3.0,4.45,2556.61,3.04
202503,2025-03-01,대구,대구,102.62377345057,100.237914964364,3.0,4.45,2556.61,3.04
202503,2025-03-01,마포구,서울>강북지역>서북권>마포구,87.3674978538396,97.5141838306508,3.0,4.45,2556.61,3.04
202503,2025-03-01,부산,부산,100.266869960826,97.6512601188438,3.0,4.45,2556.61,3.04
202503,2025-03-01,서울,서울,91.7486104391949,96.0998265985261,3.0,4.45,2556.61,3.04
202503,2025-03-01,서초구,서울>강남지역>동남권>서초구,88.785580759981,94.7967734526425,3.0,4.45,2556.61,3.04
202503,2025-03-01,성남시,경기>경부1권>성남시,86.3613853798739,95.0516299908615,3.0,4.45,2556.61,3.04
202503,2025-03-01,성동구,서울>강북지역>동북권>성동구,84.0322331175171,96.2202157126434,3.0,4.45,2556.61,3.04
202503,2025-03-01,세종,세종,96.9693021681956,92.8552994973301,3.0,4.45,2556.61,3.04
202503,2025-03-01,송파구,서울>강남지역>동남권>송파구,83.9085348657247,92.5545526181234,3.0,4.45,2556.61,3.04
202503,2025-03-01,수도권,수도권,96.2416008792707,97.4356850607709,3.0,4.45,2556.61,3.04
202503,2025-03-01,수원시,경기>경부2권>수원시,96.5290104090294,95.9336825653969,3.0,4.45,2556.61,3.04
202503,2025-03-01,용산구,서울>강북지역>도심권>용산구,88.2147877270826,95.4402913959144,3.0,4.45,2556.61,3.04
202503,2025-03-01,전국,전국,98.3914811541526,98.397490025159,3.0,4.45,2556.61,3.04
202503,2025-03-01,종로구,서울>강북지역>도심권>종로구,95.0538747042415,97.975789020449,3.0,4.45,2556.61,3.04
202504,2025-04-01,강남구,서울>강남지역>동남권>강남구,90.3663146352478,97.4310920446525,3.0,4.45,2697.67,5.52
202504,2025-04-01,강남지역,서울>강남지역,90.2351607139299,95.3463537026662,3.0,4.45,2697.67,5.52
202504,2025-04-01,강북지역,서울>강북지역,94.1953625229359,97.2086072348396,3.0,4.45,2697.67,5.52
202504,2025-04-01,노원구,서울>강북지역>동북권>노원구,97.0298279356189,97.0598177903833,3.0,4.45,2697.67,5.52
202504,2025-04-01,대구,대구,102.213552209752,100.05486497725,3.0,4.45,2697.67,5.52
202504,2025-04-01,마포구,서울>강북지역>서북권>마포구,87.9188614473866,97.6138211468388,3.0,4.45,2697.67,5.52
202504,2025-04-01,부산,부산,100.085190383966,97.6988041697744,3.0,4.45,2697.67,5.52
202504,2025-04-01,서울,서울,92.0540770704914,96.2071485175905,3.0,4.45,2697.67,5.52
202504,2025-04-01,서초구,서울>강남지역>동남권>서초구,89.4191123212511,94.6503737085618,3.0,4.45,2697.67,5.52
202504,2025-04-01,성남시,경기>경부1권>성남시,86.5948112465561,95.1257705618381,3.0,4.45,2697.67,5.52
202504,2025-04-01,성동구,서울>강북지역>동북권>성동구,84.6213762153449,96.3046094210939,3.0,4.45,2697.67,5.52
202504,2025-04-01,세종,세종,97.2380141394921,92.8614137455103,3.0,4.45,2697.67,5.52
202504,2025-04-01,송파구,서울>강남지역>동남권>송파구,84.4771998666393,92.6984421665194,3.0,4.45,2697.67,5.52
202504,2025-04-01,수도권,수도권,96.301404280737,97.4944442872759,3.0,4.45,2697.67,5.52
202504,2025-04-01,수원시,경기>경부2권>수원시,96.557571609533,95.9661635148636,3.0,4.45,2697.67,5.52
202504,2025-04-01,용산구,서울>강북지역>도심권>용산구,88.69802841175,95.5957168530506,3.0,4.45,2697.67,5.52
202504,2025-04-01,전국,전국,98.3371288169396,98.3932151832162,3.0,4.45,2697.67,5.52
202504,2025-04-01,종로구,서울>강북지역>도심권>종로구,95.3629042194938,98.0727383660687,3.0,4.45,2697.67,5.52
202505,2025-05-01,강남구,서울>강남지역>동남권>강남구,91.3467705450292,97.5956105736196,3.0,4.45,3071.7,13.86
202505,2025-05-01,강남지역,서울>강남지역,90.9425716231039,95.5691859730221,3.0,4.45,3071.7,13.86
202505,2025-05-01,강북지역,서울>강북지역,94.4487291489467,97.3390789620199,3.0,4.45,3071.7,13.86
202505,2025-05-01,노원구,서울>강북지역>동북권>노원구,97.0726662691857,97.2377540753262,3.0,4.45,3071.7,13.86
202505,2025-05-01,대구,대구,101.670780301596,99.9163602370006,3.0,4.45,3071.7,13.86
202505,2025-05-01,마포구,서울>강북지역>서북권>마포구,88.6738744996898,97.7649610056542,3.0,4.45,3071.7,13.86
202505,2025-05-01,부산,부산,99.8759068920118,97.8290118803177,3.0,4.45,3071.7,13.86
202505,2025-05-01,서울,서울,92.5551775556444,96.3875072111449,3.0,4.45,3071.7,13.86
202505,2025-05-01,서초구,서울>강남지역>동남권>서초구,90.5736467975535,94.4811276391949,3.0,4.45,3071.7,13.86
202505,2025-05-01,성남시,경기>경부1권>성남시,87.0642183864096,95.3121248263311,3.0,4.45,3071.7,13.86
202505,2025-05-01,성동구,서울>강북지역>동북권>성동구,85.3070740415608,96.4352852654438,3.0,4.45,3071.7,13.86
202505,2025-05-01,세종,세종,98.8226330023413,93.2321471537108,3.0,4.45,3071.7,13.86
202505,2025-05-01,송파구,서울>강남지역>동남권>송파구,85.6040353256922,93.1074424656885,3.0,4.45,3071.7,13.86
202505,2025-05-01,수도권,수도권,96.4217453899705,97.5710469683259,3.0,4.45,3071.7,13.86
202505,2025-05-01,수원시,경기>경부2권>수원시,96.613326977172,96.0828792890587,3.0,4.45,3071.7,13.86
202505,2025-05-01,용산구,서울>강북지역>도심권>용산구,89.3206963975373,95.8278227365392,3.0,4.45,3071.7,13.86
202505,2025-05-01,전국,전국,98.3053349096171,98.3989914764601,3.0,4.45,3071.7,13.86
202505,2025-05-01,종로구,서울>강북지역>도심권>종로구,95.6580017393641,98.1782363382758,3.0,4.45,3071.7,13.86
202506,2025-06-01,강남구,서울>강남지역>동남권>강남구,93.9827245214431,97.8965530532588,2.75,4.2,3245.44,5.66
202506,2025-06-01,강남지역,서울>강남지역,92.693990473675,95.9613819760516,2.75,4.2,3245.44,5.66
202506,2025-06-01,강북지역,서울>강북지역,95.2775561786979,97.5677862795142,2.75,4.2,3245.44,5.66
202506,2025-06-01,노원구,서울>강북지역>동북권>노원구,97.4463698033186,97.5042832084684,2.75,4.2,3245.44,5.66
202506,2025-06-01,대구,대구,101.411928223086,99.8131755537898,2.75,4.2,3245.44,5.66
202506,2025-06-01,마포구,서울>강북지역>서북권>마포구,90.9759924879817,97.9642272203816,2.75,4.2,3245.44,5.66
202506,2025-06-01,부산,부산,99.6572274384816,97.93551682528,2.75,4.2,3245.44,5.66
202506,2025-06-01,서울,서울,93.8855829998746,96.7044623886647,2.75,4.2,3245.44,5.66
202506,2025-06-01,서초구,서울>강남지역>동남권>서초구,93.2146607438649,94.0695519604824,2.75,4.2,3245.44,5.66
202506,2025-06-01,성남시,경기>경부1권>성남시,88.4297293161708,95.7281781233434,2.75,4.2,3245.44,5.66
202506,2025-06-01,성동구,서울>강북지역>동북권>성동구,87.6545105752307,96.5319352784069,2.75,4.2,3245.44,5.66
202506,2025-06-01,세종,세종,99.257902047841,93.5880417431833,2.75,4.2,3245.44,5.66
202506,2025-06-01,송파구,서울>강남지역>동남권>송파구,88.6962170256892,93.8486580047674,2.75,4.2,3245.44,5.66
202506,2025-06-01,수도권,수도권,96.902561251795,97.7021175806903,2.75,4.2,3245.44,5.66
202506,2025-06-01,수원시,경기>경부2권>수원시,96.8245275774694,96.2173693517288,2.75,4.2,3245.44,5.66
202506,2025-06-01,용산구,서울>강북지역>도심권>용산구,91.3063781668751,96.2536382978753,2.75,4.2,3245.44,5.66
202506,2025-06-01,전국,전국,98.475890990321,98.4394022899996,2.75,4.2,3245.44,5.66
202506,2025-06-01,종로구,서울>강북지역>도심권>종로구,96.3530437406481,98.3594095231895,2.75,4.2,3245.44,5.66
202507,2025-07-01,강남구,서울>강남지역>동남권>강남구,95.5089694284208,98.0563244994527,2.75,4.2,3186.01,-1.83
202507,2025-07-01,강남지역,서울>강남지역,93.924553351914,96.3160589806323,2.75,4.2,3186.01,-1.83
202507,2025-07-01,강북지역,서울>강북지역,96.0595976561009,97.8026678604893,2.75,4.2,3186.01,-1.83
202507,2025-07-01,노원구,서울>강북지역>동북권>노원구,97.9262558008895,97.7909180172538,2.75,4.2,3186.01,-1.83
202507,2025-07-01,대구,대구,101.043949554373,99.6643997830135,2.75,4.2,3186.01,-1.83
202507,2025-07-01,마포구,서울>강북지역>서북권>마포구,92.8107654458281,98.0710519299051,2.75,4.2,3186.01,-1.83
202507,2025-07-01,부산,부산,99.5533106141545,98.0959583226729,2.75,4.2,3186.01,-1.83
202507,2025-07-01,서울,서울,94.9106092965242,97.0039626315196,2.75,4.2,3186.01,-1.83
202507,2025-07-01,서초구,서울>강남지역>동남권>서초구,94.5973380193784,93.570355576629,2.75,4.2,3186.01,-1.83
202507,2025-07-01,성남시,경기>경부1권>성남시,90.1643785573018,96.091270837531,2.75,4.2,3186.01,-1.83
202507,2025-07-01,성동구,서울>강북지역>동북권>성동구,89.9385887067383,96.8226515294111,2.75,4.2,3186.01,-1.83
202507,2025-07-01,세종,세종,99.2989257751692,93.7782597886309,2.75,4.2,3186.01,-1.83
202507,2025-07-01,송파구,서울>강남지역>동남권>송파구,90.3286264257899,94.7791129483835,2.75,4.2,3186.01,-1.83
202507,2025-07-01,수도권,수도권,97.3205703496363,97.8407785490984,2.75,4.2,3186.01,-1.83
202507,2025-07-01,수원시,경기>경부2권>수원시,97.1063273149542,96.5135898773468,2.75,4.2,3186.01,-1.83
202507,2025-07-01,용산구,서울>강북지역>도심권>용산구,92.7796674547215,96.8591069453737,2.75,4.2,3186.01,-1.83
202507,2025-07-01,전국,전국,98.6229761871386,98.4945061157116,2.75,4.2,3186.01,-1.83
202507,2025-07-01,종로구,서울>강북지역>도심권>종로구,97.0102892115387,98.5258589557004,2.75,4.2,3186.01,-1.83
202508,2025-08-01,강남구,서울>강남지역>동남권>강남구,96.0641255070645,98.218860550865,2.75,4.2,3424.6,7.49
202508,2025-08-01,강남지역,서울>강남지역,94.5129884829285,96.6450936437926,2.75,4.2,3424.6,7.49
202508,2025-08-01,강북지역,서울>강북지역,96.3660984707389,97.9650656563068,2.75,4.2,3424.6,7.49
202508,2025-08-01,노원구,서울>강북지역>동북권>노원구,98.096673482845,97.9513102030241,2.75,4.2,3424.6,7.49
202508,2025-08-01,대구,대구,100.787288966584,99.5967338297061,2.75,4.2,3424.6,7.49
202508,2025-08-01,마포구,서울>강북지역>서북권>마포구,93.2288926744989,98.1570416005035,2.75,4.2,3424.6,7.49
202508,2025-08-01,부산,부산,99.4851703606358,98.3031582930019,2.75,4.2,3424.6,7.49
202508,2025-08-01,서울,서울,95.3695397977629,97.2561762522599,2.75,4.2,3424.6,7.49
202508,2025-08-01,서초구,서울>강남지역>동남권>서초구,95.225849504653,93.361818999423,2.75,4.2,3424.6,7.49
202508,2025-08-01,성남시,경기>경부1권>성남시,90.9576858753812,96.1728805394807,2.75,4.2,3424.6,7.49
202508,2025-08-01,성동구,서울>강북지역>동북권>성동구,90.8175138320123,96.9149786511323,2.75,4.2,3424.6,7.49
202508,2025-08-01,세종,세종,99.4606295664557,94.113303707076,2.75,4.2,3424.6,7.49
202508,2025-08-01,송파구,서울>강남지역>동남권>송파구,91.5817019235998,95.6649154490832,2.75,4.2,3424.6,7.49
202508,2025-08-01,수도권,수도권,97.4804921530312,97.9425381219274,2.75,4.2,3424.6,7.49
202508,2025-08-01,수원시,경기>경부2권>수원시,97.31898087087,96.8252404700864,2.75,4.2,3424.6,7.49
202508,2025-08-01,용산구,서울>강북지역>도심권>용산구,93.3636028385411,97.126386162174,2.75,4.2,3424.6,7.49
202508,2025-08-01,전국,전국,98.6606866561568,98.5508407761181,2.75,4.2,3424.6,7.49
202508,2025-08-01,종로구,서울>강북지역>도심권>종로구,97.2528747571168,98.5510661594112,2.75,4.2,3424.6,7.49
202509,2025-09-01,강남구,서울>강남지역>동남권>강남구,96.6990349668627,98.3490946928523,2.75,4.2,4107.5,19.94
202509,2025-09-01,강남지역,서울>강남지역,95.1472165733338,97.1053605771158,2.75,4.2,4107.5,19.94
202509,2025-09-01,강북지역,서울>강북지역,96.8337455439652,98.2029527395061,2.75,4.2,4107.5,19.94
202509,2025-09-01,노원구,서울>강북지역>동북권>노원구,98.3360411294572,98.1618092849214,2.75,4.2,4107.5,19.94
202509,2025-09-01,대구,대구,100.522727916917,99.589992881438,2.75,4.2,4107.5,19.94
202509,2025-09-01,마포구,서울>강북지역>서북권>마포구,94.2474274901363,98.5263903010756,2.75,4.2,4107.5,19.94
202509,2025-09-01,부산,부산,99.4751563857383,98.489805207918,2.75,4.2,4107.5,19.94
202509,2025-09-01,서울,서울,95.9271574483128,97.6138095756532,2.75,4.2,4107.5,19.94
202509,2025-09-01,서초구,서울>강남지역>동남권>서초구,95.9415667739599,94.0901126487823,2.75,4.2,4107.5,19.94
202509,2025-09-01,성남시,경기>경부1권>성남시,92.2789805252228,96.5254506797468,2.75,4.2,4107.5,19.94
202509,2025-09-01,성동구,서울>강북지역>동북권>성동구,92.3026176084861,97.3338060402762,2.75,4.2,4107.5,19.94
202509,2025-09-01,세종,세종,99.5551252585874,94.9407980729641,2.75,4.2,4107.5,19.94
202509,2025-09-01,송파구,서울>강남지역>동남권>송파구,92.7113249893549,96.7246143479435,2.75,4.2,4107.5,19.94
202509,2025-09-01,수도권,수도권,97.6879851795672,98.1438758345469,2.75,4.2,4107.5,19.94
202509,2025-09-01,수원시,경기>경부2권>수원시,97.5066133179536,97.1689451623839,2.75,4.2,4107.5,19.94
202509,2025-09-01,용산구,서울>강북지역>도심권>용산구,94.0668713040368,97.5777781913642,2.75,4.2,4107.5,19.94
202509,2025-09-01,전국,전국,98.743226761869,98.6875653902193,2.75,4.2,4107.5,19.94
202509,2025-09-01,종로구,서울>강북지역>도심권>종로구,97.5233279522156,98.6246246904272,2.75,4.2,4107.5,19.94
202510,2025-10-01,강남구,서울>강남지역>동남권>강남구,97.5939355694957,98.634061088211,2.75,4.2,3926.59,-4.4
202510,2025-10-01,강남지역,서울>강남지역,96.7049974981738,97.7712975762788,2.75,4.2,3926.59,-4.4
202510,2025-10-01,강북지역,서울>강북지역,97.9891050151752,98.5442389262659,2.75,4.2,3926.59,-4.4
202510,2025-10-01,노원구,서울>강북지역>동북권>노원구,98.6987630858985,98.4450161001545,2.75,4.2,3926.59,-4.4
202510,2025-10-01,대구,대구,100.361143678621,99.6925947435251,2.75,4.2,3926.59,-4.4
202510,2025-10-01,마포구,서울>강북지역>서북권>마포구,96.9703186996019,98.9646879693376,2.75,4.2,3926.59,-4.4
202510,2025-10-01,부산,부산,99.5123979243757,98.7647637305436,2.75,4.2,3926.59,-4.4
202510,2025-10-01,서울,서울,97.2995363535734,98.1296786476922,2.75,4.2,3926.59,-4.4
202510,2025-10-01,서초구,서울>강남지역>동남권>서초구,96.8803962911006,95.1320082031879,2.75,4.2,3926.59,-4.4
202510,2025-10-01,성남시,경기>경부1권>성남시,95.366752558151,97.2528187526851,2.75,4.2,3926.59,-4.4
202510,2025-10-01,성동구,서울>강북지역>동북권>성동구,95.7172196404891,97.9862152452888,2.75,4.2,3926.59,-4.4
202510,2025-10-01,세종,세종,99.568119614067,95.9133725658937,2.75,4.2,3926.59,-4.4
202510,2025-10-01,송파구,서울>강남지역>동남권>송파구,95.4077664890002,98.0272601604749,2.75,4.2,3926.59,-4.4
202510,2025-10-01,수도권,수도권,98.3704152178664,98.4935907789556,2.75,4.2,3926.59,-4.4
202510,2025-10-01,수원시,경기>경부2권>수원시,98.017431045837,97.6507366831588,2.75,4.2,3926.59,-4.4
202510,2025-10-01,용산구,서울>강북지역>도심권>용산구,96.0092434539646,98.18777305146,2.75,4.2,3926.59,-4.4
202510,2025-10-01,전국,전국,99.0778805772913,98.9230152253326,2.75,4.2,3926.59,-4.4
202510,2025-10-01,종로구,서울>강북지역>도심권>종로구,98.3008624858918,98.7376672147575,2.75,4.2,3926.59,-4.4
202511,2025-11-01,강남구,서울>강남지역>동남권>강남구,98.4362913320043,99.023489257525,2.75,4.2,4214.17,7.32
202511,2025-11-01,강남지역,서울>강남지역,97.7359593609958,98.583630870791,2.75,4.2,4214.17,7.32
202511,2025-11-01,강북지역,서울>강북지역,98.4984088154701,98.9432773464117,2.75,4.2,4214.17,7.32
202511,2025-11-01,노원구,서울>강북지역>동북권>노원구,98.8689664458838,98.8523385647898,2.75,4.2,4214.17,7.32
202511,2025-11-01,대구,대구,100.208495717443,99.8071466671861,2.75,4.2,4214.17,7.32
202511,2025-11-01,마포구,서울>강북지역>서북권>마포구,97.8465252606786,99.2599053392987,2.75,4.2,4214.17,7.32
202511,2025-11-01,부산,부산,99.6512316214621,99.1613783649905,2.75,4.2,4214.17,7.32
202511,2025-11-01,서울,서울,98.0894856023171,98.7505734509787,2.75,4.2,4214.17,7.32
202511,2025-11-01,서초구,서울>강남지역>동남권>서초구,97.7443839507177,96.5432110407163,2.75,4.2,4214.17,7.32
202511,2025-11-01,성남시,경기>경부1권>성남시,96.9697881263525,98.1996650720859,2.75,4.2,4214.17,7.32
202511,2025-11-01,성동구,서울>강북지역>동북권>성동구,97.1577608841286,98.4681464348922,2.75,4.2,4214.17,7.32
202511,2025-11-01,세종,세종,99.6685715412221,97.4873788600471,2.75,4.2,4214.17,7.32
202511,2025-11-01,송파구,서울>강남지역>동남권>송파구,97.1339998139599,99.2427074992061,2.75,4.2,4214.17,7.32
202511,2025-11-01,수도권,수도권,98.8672863619996,98.9704091981963,2.75,4.2,4214.17,7.32
202511,2025-11-01,수원시,경기>경부2권>수원시,98.6461799534985,98.4392457030049,2.75,4.2,4214.17,7.32
202511,2025-11-01,용산구,서울>강북지역>도심권>용산구,97.3163651872576,98.9018385325833,2.75,4.2,4214.17,7.32
202511,2025-11-01,전국,전국,99.3498933471846,99.2509956169652,2.75,4.2,4214.17,7.32
202511,2025-11-01,종로구,서울>강북지역>도심권>종로구,98.7186129084404,98.9594561531681,2.75,4.2,4214.17,7.32
202512,2025-12-01,강남구,서울>강남지역>동남권>강남구,99.4054752497595,99.6238791793024,2.75,4.2,5224.36,23.97
202512,2025-12-01,강남지역,서울>강남지역,98.81647485819,99.4365551368429,2.75,4.2,5224.36,23.97
202512,2025-12-01,강북지역,서울>강북지역,99.0843653879419,99.410699312295,2.75,4.2,5224.36,23.97
202512,2025-12-01,노원구,서울>강북지역>동북권>노원구,99.1658349902837,99.2970104279687,2.75,4.2,5224.36,23.97
202512,2025-12-01,대구,대구,100.135578057068,99.9310141255057,2.75,4.2,5224.36,23.97
202512,2025-12-01,마포구,서울>강북지역>서북권>마포구,98.7168455173753,99.6590498726525,2.75,4.2,5224.36,23.97
202512,2025-12-01,부산,부산,99.8009197599502,99.5638541669737,2.75,4.2,5224.36,23.97
202512,2025-12-01,서울,서울,98.9408568072693,99.4245406989455,2.75,4.2,5224.36,23.97
202512,2025-12-01,서초구,서울>강남지역>동남권>서초구,98.8573792215149,98.6078054601854,2.75,4.2,5224.36,23.97
202512,2025-12-01,성남시,경기>경부1권>성남시,98.3905147596374,99.3853853822297,2.75,4.2,5224.36,23.97
202512,2025-12-01,성동구,서울>강북지역>동북권>성동구,98.4654536518616,99.0435740801707,2.75,4.2,5224.36,23.97
202512,2025-12-01,세종,세종,99.8202535392877,98.933060572974,2.75,4.2,5224.36,23.97
202512,2025-12-01,송파구,서울>강남지역>동남권>송파구,98.585415818824,99.9317240011055,2.75,4.2,5224.36,23.97
202512,2025-12-01,수도권,수도권,99.3874134082583,99.511571113273,2.75,4.2,5224.36,23.97
202512,2025-12-01,수원시,경기>경부2권>수원시,99.3516196487838,99.286664806967,2.75,4.2,5224.36,23.97
202512,2025-12-01,용산구,서울>강북지역>도심권>용산구,98.6522357960679,99.4624313398684,2.75,4.2,5224.36,23.97
202512,2025-12-01,전국,전국,99.6561891527607,99.6325285317043,2.75,4.2,5224.36,23.97
202512,2025-12-01,종로구,서울>강북지역>도심권>종로구,99.2032198565832,99.3960420281424,2.75,4.2,5224.36,23.97
202601,2026-01-01,강남구,서울>강남지역>동남권>강남구,100.0,100.0,2.75,4.2,6244.13,19.52
202601,2026-01-01,강남지역,서울>강남지역,100.0,100.0,2.75,4.2,6244.13,19.52
202601,2026-01-01,강북지역,서울>강북지역,100.0,100.0,2.75,4.2,6244.13,19.52
202601,2026-01-01,노원구,서울>강북지역>동북권>노원구,100.0,100.0,2.75,4.2,6244.13,19.52
202601,2026-01-01,대구,대구,100.0,100.0,2.75,4.2,6244.13,19.52
202601,2026-01-01,마포구,서울>강북지역>서북권>마포구,100.0,100.0,2.75,4.2,6244.13,19.52
202601,2026-01-01,부산,부산,100.0,100.0,2.75,4.2,6244.13,19.52
202601,2026-01-01,서울,서울,100.0,100.0,2.75,4.2,6244.13,19.52
202601,2026-01-01,서초구,서울>강남지역>동남권>서초구,100.0,100.0,2.75,4.2,6244.13,19.52
202601,2026-01-01,성남시,경기>경부1권>성남시,100.0,100.0,2.75,4.2,6244.13,19.52
202601,2026-01-01,성동구,서울>강북지역>동북권>성동구,100.0,100.0,2.75,4.2,6244.13,19.52
202601,2026-01-01,세종,세종,100.0,100.0,2.75,4.2,6244.13,19.52
202601,2026-01-01,송파구,서울>강남지역>동남권>송파구,100.0,100.0,2.75,4.2,6244.13,19.52
202601,2026-01-01,수도권,수도권,100.0,100.0,2.75,4.2,6244.13,19.52
202601,2026-01-01,수원시,경기>경부2권>수원시,100.0,100.0,2.75,4.2,6244.13,19.52
202601,2026-01-01,용산구,서울>강북지역>도심권>용산구,100.0,100.0,2.75,4.2,6244.13,19.52
202601,2026-01-01,전국,전국,100.0,100.0,2.75,4.2,6244.13,19.52
202601,2026-01-01,종로구,서울>강북지역>도심권>종로구,100.0,100.0,2.75,4.2,6244.13,19.52
202602,2026-02-01,강남구,서울>강남지역>동남권>강남구,100.014057616371,100.173771783062,2.75,4.2,5052.46,-19.08
202602,2026-02-01,강남지역,서울>강남지역,100.634716222127,100.274366702113,2.75,4.2,5052.46,-19.08
202602,2026-02-01,강북지역,서울>강북지역,100.861119919372,100.571614652201,2.75,4.2,5052.46,-19.08
202602,2026-02-01,노원구,서울>강북지역>동북권>노원구,100.941754470522,100.903147768894,2.75,4.2,5052.46,-19.08
202602,2026-02-01,대구,대구,99.9129952504529,100.114370230664,2.75,4.2,5052.46,-19.08
202602,2026-02-01,마포구,서울>강북지역>서북권>마포구,100.960113787919,100.33467238612,2.75,4.2,5052.46,-19.08
202602,2026-02-01,부산,부산,100.142044261357,100.443198076651,2.75,4.2,5052.46,-19.08
202602,2026-02-01,서울,서울,100.739543095184,100.411968740163,2.75,4.2,5052.46,-19.08
202602,2026-02-01,서초구,서울>강남지역>동남권>서초구,100.296323107674,100.750797824528,2.75,4.2,5052.46,-19.08
202602,2026-02-01,성남시,경기>경부1권>성남시,101.269375526574,100.594607043103,2.75,4.2,5052.46,-19.08
202602,2026-02-01,성동구,서울>강북지역>동북권>성동구,101.252097045776,100.872262083527,2.75,4.2,5052.46,-19.08
202602,2026-02-01,세종,세종,99.9842268173375,100.413687124804,2.75,4.2,5052.46,-19.08
202602,2026-02-01,송파구,서울>강남지역>동남권>송파구,100.059070820966,99.5309484976249,2.75,4.2,5052.46,-19.08
202602,2026-02-01,수도권,수도권,100.487886090928,100.404926783992,2.75,4.2,5052.46,-19.08
202602,2026-02-01,수원시,경기>경부2권>수원시,100.638540414624,100.631821936493,2.75,4.2,5052.46,-19.08
202602,2026-02-01,용산구,서울>강북지역>도심권>용산구,100.417664956931,100.307680669713,2.75,4.2,5052.46,-19.08
202602,2026-02-01,전국,전국,100.278612318969,100.299640103222,2.75,4.2,5052.46,-19.08
202602,2026-02-01,종로구,서울>강북지역>도심권>종로구,100.976456642089,100.402618572797,2.75,4.2,5052.46,-19.08
202603,2026-03-01,강남구,서울>강남지역>동남권>강남구,99.462463183021,100.339565512814,2.5,3.95,6598.87,30.61
202603,2026-03-01,강남지역,서울>강남지역,100.775711622543,100.722803218179,2.5,3.95,6598.87,30.61
202603,2026-03-01,강북지역,서울>강북지역,101.443248498689,101.262654803613,2.5,3.95,6598.87,30.61
202603,2026-03-01,노원구,서울>강북지역>동북권>노원구,101.634202460341,101.691613474778,2.5,3.95,6598.87,30.61
202603,2026-03-01,대구,대구,99.7681886069501,100.260515465854,2.5,3.95,6598.87,30.61
202603,2026-03-01,마포구,서울>강북지역>서북권>마포구,101.319851659895,101.002629539765,2.5,3.95,6598.87,30.61
202603,2026-03-01,부산,부산,100.175566292782,100.957152968148,2.5,3.95,6598.87,30.61
202603,2026-03-01,서울,서울,101.084425594276,100.972551252172,2.5,3.95,6598.87,30.61
202603,2026-03-01,서초구,서울>강남지역>동남권>서초구,99.9765398155593,101.252147380576,2.5,3.95,6598.87,30.61
202603,2026-03-01,성남시,경기>경부1권>성남시,102.026127541621,101.407623653402,2.5,3.95,6598.87,30.61
202603,2026-03-01,성동구,서울>강북지역>동북권>성동구,101.545845660005,101.347691174429,2.5,3.95,6598.87,30.61
202603,2026-03-01,세종,세종,99.8553221352954,101.077604136869,2.5,3.95,6598.87,30.61
202603,2026-03-01,송파구,서울>강남지역>동남권>송파구,99.5068817554284,100.025882051222,2.5,3.95,6598.87,30.61
202603,2026-03-01,수도권,수도권,100.782957797082,100.925526156815,2.5,3.95,6598.87,30.61
202603,2026-03-01,수원시,경기>경부2권>수원시,101.310109279075,101.314004287438,2.5,3.95,6598.87,30.61
202603,2026-03-01,용산구,서울>강북지역>도심권>용산구,100.208135227774,100.838212563847,2.5,3.95,6598.87,30.61
202603,2026-03-01,전국,전국,100.439616671216,100.681267076379,2.5,3.95,6598.87,30.61
202603,2026-03-01,종로구,서울>강북지역>도심권>종로구,101.688163683033,100.896728722616,2.5,3.95,6598.87,30.61
202604,2026-04-01,강남구,서울>강남지역>동남권>강남구,99.074648132332,100.438428104625,2.5,3.95,8476.15,28.45
202604,2026-04-01,강남지역,서울>강남지역,101.194719173278,101.490853866585,2.5,3.95,8476.15,28.45
202604,2026-04-01,강북지역,서울>강북지역,102.149028233847,102.170853730529,2.5,3.95,8476.15,28.45
202604,2026-04-01,노원구,서울>강북지역>동북권>노원구,102.501134942726,102.998692058185,2.5,3.95,8476.15,28.45
202604,2026-04-01,대구,대구,99.668527467896,100.336634191322,2.5,3.95,8476.15,28.45
202604,2026-04-01,마포구,서울>강북지역>서북권>마포구,101.911587458816,101.909759467133,2.5,3.95,8476.15,28.45
202604,2026-04-01,부산,부산,100.182672627155,101.31135934027,2.5,3.95,8476.15,28.45
202604,2026-04-01,서울,서울,101.635725646656,101.805325170528,2.5,3.95,8476.15,28.45
202604,2026-04-01,서초구,서울>강남지역>동남권>서초구,99.8511540493425,101.911536469893,2.5,3.95,8476.15,28.45
202604,2026-04-01,성남시,경기>경부1권>성남시,102.888016971568,102.186917535667,2.5,3.95,8476.15,28.45
202604,2026-04-01,성동구,서울>강북지역>동북권>성동구,101.756335910691,101.908434702905,2.5,3.95,8476.15,28.45
202604,2026-04-01,세종,세종,99.728494101888,101.535405696365,2.5,3.95,8476.15,28.45
202604,2026-04-01,송파구,서울>강남지역>동남권>송파구,99.7613021375602,101.858257476512,2.5,3.95,8476.15,28.45
202604,2026-04-01,수도권,수도권,101.128990076301,101.558632248415,2.5,3.95,8476.15,28.45
202604,2026-04-01,수원시,경기>경부2권>수원시,101.899961173434,101.943932230969,2.5,3.95,8476.15,28.45
202604,2026-04-01,용산구,서울>강북지역>도심권>용산구,100.112642142312,101.53750726808,2.5,3.95,8476.15,28.45
202604,2026-04-01,전국,전국,100.621950460592,101.092553500945,2.5,3.95,8476.15,28.45
202604,2026-04-01,종로구,서울>강북지역>도심권>종로구,102.576048397067,101.605230354033,2.5,3.95,8476.15,28.45
202605,2026-05-01,강남구,서울>강남지역>동남권>강남구,99.6644444068273,100.981931790797,2.5,3.95,8476.48,0.0
202605,2026-05-01,강남지역,서울>강남지역,102.209058836087,102.568277288221,2.5,3.95,8476.48,0.0
202605,2026-05-01,강북지역,서울>강북지역,103.29957842605,103.459406312114,2.5,3.95,8476.48,0.0
202605,2026-05-01,노원구,서울>강북지역>동북권>노원구,103.65645592541,104.544894799091,2.5,3.95,8476.48,0.0
202605,2026-05-01,대구,대구,99.4940114277146,100.30231974376,2.5,3.95,8476.48,0.0
202605,2026-05-01,마포구,서울>강북지역>서북권>마포구,102.791626359511,102.927258299573,2.5,3.95,8476.48,0.0
202605,2026-05-01,부산,부산,100.182394789654,101.647878350135,2.5,3.95,8476.48,0.0
202605,2026-05-01,서울,서울,102.712844805486,102.980168405313,2.5,3.95,8476.48,0.0
202605,2026-05-01,서초구,서울>강남지역>동남권>서초구,100.704544678175,102.894829477165,2.5,3.95,8476.48,0.0
202605,2026-05-01,성남시,경기>경부1권>성남시,104.18705543815,102.913281815918,2.5,3.95,8476.48,0.0
202605,2026-05-01,성동구,서울>강북지역>동북권>성동구,102.942174036296,103.545075535368,2.5,3.95,8476.48,0.0
202605,2026-05-01,세종,세종,99.5464832471536,102.019672798003,2.5,3.95,8476.48,0.0
202605,2026-05-01,송파구,서울>강남지역>동남권>송파구,101.127708382482,104.025399888874,2.5,3.95,8476.48,0.0
202605,2026-05-01,수도권,수도권,101.689221218651,102.350678710068,2.5,3.95,8476.48,0.0
202605,2026-05-01,수원시,경기>경부2권>수원시,102.715775812577,102.897963912822,2.5,3.95,8476.48,0.0
202605,2026-05-01,용산구,서울>강북지역>도심권>용산구,100.662272974868,102.346193401529,2.5,3.95,8476.48,0.0
202605,2026-05-01,전국,전국,100.87261585176,101.551172741781,2.5,3.95,8476.48,0.0
202605,2026-05-01,종로구,서울>강북지역>도심권>종로구,103.843146909195,102.919488597923,2.5,3.95,8476.48,0.0
202606,2026-06-01,강남구,서울>강남지역>동남권>강남구,100.918523261718,101.841257661099,2.5,3.95,6595.45,-22.19
202606,2026-06-01,강남지역,서울>강남지역,103.405466543275,103.77726005937,2.5,3.95,6595.45,-22.19
202606,2026-06-01,강북지역,서울>강북지역,104.598767121704,105.103939673532,2.5,3.95,6595.45,-22.19
202606,2026-06-01,노원구,서울>강북지역>동북권>노원구,104.846906243029,106.556174832312,2.5,3.95,6595.45,-22.19
202606,2026-06-01,대구,대구,99.3971726424817,100.355233902905,2.5,3.95,6595.45,-22.19
202606,2026-06-01,마포구,서울>강북지역>서북권>마포구,103.525279224687,104.068434099621,2.5,3.95,6595.45,-22.19
202606,2026-06-01,부산,부산,100.139938112273,101.924509207425,2.5,3.95,6595.45,-22.19
202606,2026-06-01,서울,서울,103.956606423001,104.389799969484,2.5,3.95,6595.45,-22.19
202606,2026-06-01,서초구,서울>강남지역>동남권>서초구,101.504004764629,103.374363719467,2.5,3.95,6595.45,-22.19
202606,2026-06-01,성남시,경기>경부1권>성남시,106.217019855517,104.089089574407,2.5,3.95,6595.45,-22.19
202606,2026-06-01,성동구,서울>강북지역>동북권>성동구,104.292012516256,105.98778428873,2.5,3.95,6595.45,-22.19
202606,2026-06-01,세종,세종,99.3209432955782,102.376592846201,2.5,3.95,6595.45,-22.19
202606,2026-06-01,송파구,서울>강남지역>동남권>송파구,102.473990404707,106.0079520585,2.5,3.95,6595.45,-22.19
202606,2026-06-01,수도권,수도권,102.517586345581,103.257111661973,2.5,3.95,6595.45,-22.19
202606,2026-06-01,수원시,경기>경부2권>수원시,103.731032013912,103.720588945857,2.5,3.95,6595.45,-22.19
202606,2026-06-01,용산구,서울>강북지역>도심권>용산구,101.407813572918,103.502609381924,2.5,3.95,6595.45,-22.19
202606,2026-06-01,전국,전국,101.274210802592,102.047426778803,2.5,3.95,6595.45,-22.19
202606,2026-06-01,종로구,서울>강북지역>도심권>종로구,104.767240371595,103.866796711602,2.5,3.95,6595.45,-22.19
